id;ime_gore;drzava;gorovje;visina;vrsta;ogledi;stevilo_slik;stevilo_poti;stevilo_gps_sledi;vpisna_knjiga;sirina;dolzina;priljubljenost_pct;mesto
1;Triglav;Slovenija;Julijske Alpe;2864;vrh,bivak;1965519;44;29;20;29;46.37832;13.83648;100;1
2;Škrlatica;Slovenija;Julijske Alpe;2740;vrh;905743;24;5;5;3;46.43277;13.82114;99;43
3;Mali Triglav;Slovenija;Julijske Alpe;2725;vrh;540768;4;10;2;18;46.37683;13.84315;93;271
4;Mangart;Italija, Slovenija;Julijske Alpe;2679;vrh;1080776;26;8;5;11;46.43948;13.65457;100;18
5;Visoki Rokav;Slovenija;Julijske Alpe;2646;vrh;534269;2;2;0;;46.43547;13.8283;93;283
6;Jalovec;Slovenija;Julijske Alpe;2645;vrh;1008253;29;10;7;5;46.42154;13.68002;99;26
7;Veliki Oltar;Slovenija;Julijske Alpe;2621;vrh;592432;5;2;1;;46.43919;13.82995;95;191
8;Velika Martuljška Ponca;Slovenija;Julijske Alpe;2602;vrh;525938;5;1;1;;46.44179;13.82419;92;300
9;Razor;Slovenija;Julijske Alpe;2601;vrh;821295;18;5;4;7;46.41194;13.79138;99;57
10;Dolkova špica;Slovenija;Julijske Alpe;2591;vrh;595712;17;6;2;1;46.42574;13.81467;95;187
12;Visoki Kanin;Italija, Slovenija;Julijske Alpe;2587;vrh;671828;11;8;1;;46.36018;13.439;97;120
13;Mali Kanin;Italija, Slovenija;Julijske Alpe;2571;vrh;454587;9;3;0;;46.35727;13.43765;87;483
14;Kanjavec;Slovenija;Julijske Alpe;2569;vrh;705020;15;8;5;4;46.36013;13.80974;97;102
16;Grintovec;Slovenija;Kamniško Savinjske Alpe;2558;vrh;1371010;14;14;4;21;46.35718;14.53548;100;4
17;Glava v Zaplanji;Slovenija;Julijske Alpe;2556;vrh;450281;3;4;0;1;46.37731;13.82801;87;501
18;Prisank / Prisojnik;Slovenija;Julijske Alpe;2547;vrh;1013729;17;12;0;7;46.42464;13.76974;99;22
19;Rogljica;Slovenija;Julijske Alpe;2547;vrh;406115;5;1;0;;46.42769;13.81231;83;641
22;Dovški križ;Slovenija;Julijske Alpe;2542;vrh;553312;4;2;3;1;46.44081;13.8422;93;254
23;Triglavski dom na Kredarici;Slovenija;Julijske Alpe;2515;vrh,koča,cerkev;763581;19;11;3;21;46.37891;13.84928;98;75
25;Jezerska Kočna;Slovenija;Kamniško Savinjske Alpe;2540;vrh;784410;12;14;2;5;46.3587;14.52206;98;64
26;Rž;Slovenija;Julijske Alpe;2538;vrh;505814;14;4;0;3;46.38155;13.8591;91;348
27;Rjavina;Slovenija;Julijske Alpe;2532;vrh;690539;25;9;6;2;46.39185;13.88088;97;111
28;Skuta;Slovenija;Kamniško Savinjske Alpe;2532;vrh;1002359;10;9;4;6;46.36328;14.55768;99;28
31;Kokrska Kočna;Slovenija;Kamniško Savinjske Alpe;2520;vrh;588982;10;8;2;2;46.35713;14.51984;95;196
33;Stenar;Slovenija;Julijske Alpe;2501;vrh;740734;17;6;2;3;46.40795;13.81896;98;84
35;Prestreljenik;Italija, Slovenija;Julijske Alpe;2499;vrh;555160;8;7;2;1;46.36214;13.47237;93;250
40;Veliki Ozebnik;Slovenija;Julijske Alpe;2480;vrh;455059;4;4;0;2;46.41572;13.67936;87;481
42;Dolgi hrbet;Slovenija;Kamniško Savinjske Alpe;2473;vrh;573439;7;6;0;2;46.36285;14.54596;94;222
43;Špik;Slovenija;Julijske Alpe;2472;vrh;884462;18;5;6;2;46.44872;13.81432;99;47
46;Mišeljski Konec;Slovenija;Julijske Alpe;2464;vrh;442961;11;1;1;;46.35458;13.81831;86;526
48;Begunjski vrh;Slovenija;Julijske Alpe;2461;vrh;549484;16;6;2;3;46.39032;13.85436;93;260
49;Štruca;Slovenija;Kamniško Savinjske Alpe;2457;vrh;543084;4;7;0;3;46.36269;14.55315;93;269
50;Kranjska Rinka;Slovenija;Kamniško Savinjske Alpe;2453;vrh;586254;5;7;0;1;46.36565;14.56361;95;198
52;Begunjščica;Slovenija;Karavanke;2060;vrh;1233810;29;14;5;25;46.42166;14.22982;100;7
53;Stol;Avstrija, Slovenija;Karavanke;2236;vrh;1380629;23;20;10;43;46.43402;14.17362;100;3
70;Čelo;Slovenija;Julijske Alpe;2228;vrh;459298;7;7;1;;46.32912;13.74117;88;471
71;Planina Korošica;Slovenija;Karavanke;1554;koča,planina;698197;15;6;0;7;46.43416;14.29156;97;106
72;Košutica;Avstrija, Slovenija;Karavanke;1968;vrh;647288;14;8;3;6;46.43892;14.29909;96;136
73;Veliki Zvoh;Slovenija;Kamniško Savinjske Alpe;1971;vrh,jezero;626677;7;5;4;18;46.3087;14.54165;96;150
74;Veliki vrh (Košuta);Avstrija, Slovenija;Karavanke;2088;vrh;1036506;15;9;2;18;46.43068;14.30956;99;21
75;Polhograjska Grmada;Slovenija;Polhograjsko hribovje in Ljubljana;898;vrh;872714;18;17;6;23;46.08381;14.33304;99;48
76;Blejska koča na Lipanci;Slovenija;Julijske Alpe;1630;koča,planina;811035;18;5;1;20;46.3753;13.92753;98;59
77;Viševnik;Slovenija;Julijske Alpe;2050;vrh;1190122;15;21;6;47;46.35901;13.89829;100;9
78;Vrtača;Avstrija, Slovenija;Karavanke;2181;vrh;924756;17;12;4;18;46.43992;14.21226;99;38
80;Planjava;Slovenija;Kamniško Savinjske Alpe;2392;vrh;855692;10;13;4;11;46.35652;14.61372;99;50
81;Mrežce;Slovenija;Julijske Alpe;1965;vrh;633748;7;8;1;13;46.37759;13.91953;96;142
82;Lipanski vrh;Slovenija;Julijske Alpe;1974;vrh;524268;8;5;2;7;46.37901;13.92016;92;304
83;Tosc;Slovenija;Julijske Alpe;2275;vrh;772882;16;6;8;7;46.35672;13.8684;98;70
84;Debela peč;Slovenija;Julijske Alpe;2014;vrh;1145232;10;13;5;34;46.39071;13.93316;100;14
85;Storžič;Slovenija;Kamniško Savinjske Alpe;2132;vrh;1389688;29;30;9;46;46.35028;14.40472;100;2
87;Črna prst;Slovenija;Julijske Alpe;1844;vrh,koča,bivak;922799;17;18;6;17;46.23062;13.93184;99;39
88;Žleb (Suho ruševje);Avstrija, Slovenija;Karavanke;1916;sedlo;407659;2;1;0;4;46.44258;14.21709;83;633
90;Visoka Ponca;Italija, Slovenija;Julijske Alpe;2274;vrh;578573;12;3;1;;46.46014;13.6974;94;212
91;Dom na Zelenici;Slovenija;Karavanke;1536;koča;818549;19;6;2;62;46.42899;14.23357;98;58
92;Vrh Ljubeljščice (Triangel);Slovenija;Karavanke;1704;vrh;533958;9;3;1;20;46.43219;14.23721;93;284
93;Mangartska koča na Mangartskem sedlu;Slovenija;Julijske Alpe;1906;koča;516143;8;3;0;4;46.43932;13.64065;92;315
94;Dom Planika pod Triglavom;Slovenija;Julijske Alpe;2401;koča;659540;9;9;0;11;46.37154;13.84605;97;129
95;Kamniška koča na Kamniškem sedlu;Slovenija;Kamniško Savinjske Alpe;1864;koča,bivak,sedlo;1267668;13;4;4;20;46.35919;14.59748;100;6
96;Brana;Slovenija;Kamniško Savinjske Alpe;2253;vrh;960210;7;4;2;7;46.35487;14.5874;99;34
97;Kepa;Avstrija, Slovenija;Karavanke;2143;vrh;756860;35;9;3;5;46.50679;13.95249;98;79
98;Cojzova koča na Kokrskem sedlu;Slovenija;Kamniško Savinjske Alpe;1793;koča,bivak,sedlo;826710;8;4;0;19;46.34433;14.54697;99;56
99;Velo polje;Slovenija;Julijske Alpe;1680;planina;475112;8;7;0;;46.35695;13.85513;89;426
100;Koča na Doliču;Slovenija;Julijske Alpe;2151;koča,sedlo;662207;10;10;1;1;46.36487;13.81953;97;126
101;Planina Krstenica;Slovenija;Julijske Alpe;1670;planina;546815;11;3;2;4;46.32596;13.85037;93;262
102;Dom na Komni;Slovenija;Julijske Alpe;1520;koča;891696;10;12;2;17;46.28446;13.77338;99;46
103;Kalška gora;Slovenija;Kamniško Savinjske Alpe;2047;vrh;634640;3;11;2;7;46.34087;14.5476;96;141
105;Triglavska vojašnica Viktorja Emanuela III.;Slovenija;Julijske Alpe;2520;Vremenska napoved:;515747;6;4;0;;46.37661;13.82681;92;317
106;Mišelj vrh;Slovenija;Julijske Alpe;2350;vrh;529582;15;1;2;;46.3565;13.83745;92;294
117;Šmarna gora;Slovenija;Polhograjsko hribovje in Ljubljana;669;vrh,koča,cerkev;925269;9;23;4;37;46.12985;14.46391;99;37
118;Dom na Govejku;Slovenija;Polhograjsko hribovje in Ljubljana;730;koča;565651;7;2;2;4;46.11558;14.34606;94;236
119;Sveti Jakob;Slovenija;Polhograjsko hribovje in Ljubljana;806;vrh,cerkev;718527;20;14;3;43;46.10501;14.36909;98;93
120;Zavetišče v Gozdu;Slovenija;Kamniško Savinjske Alpe;891;koča,cerkev;418612;11;7;1;6;46.34079;14.32825;84;602
121;Koča na Kriški gori;Slovenija;Kamniško Savinjske Alpe;1471;koča;1166841;9;9;3;672;46.35164;14.33335;100;11
122;Tošč;Slovenija;Polhograjsko hribovje in Ljubljana;1021;vrh;744261;15;13;8;16;46.09737;14.32132;98;82
123;Rašica (Vrh Staneta Kosca);Slovenija;Polhograjsko hribovje in Ljubljana;641;vrh,koča;770876;16;14;2;10;46.13972;14.51215;98;71
124;Vrata;Slovenija;Kamniško Savinjske Alpe;1591;vrh;386768;2;1;1;4;46.3531;14.34496;81;709
125;Tolsti vrh;Slovenija;Kamniško Savinjske Alpe;1715;vrh;782816;13;16;10;25;46.34865;14.36322;98;66
126;Šmarjetna gora;Slovenija;Škofjeloško, Cerkljansko hribovje in Jelovica;646;vrh,koča,cerkev;566805;15;7;0;131;46.24369;14.33616;94;235
127;Veliki Snežnik;Slovenija;Goriško, Notranjsko in Snežniško hribovje;1796;vrh,koča;1062027;32;12;1;19;45.5885;14.4476;99;20
128;Toško Čelo;Slovenija;Polhograjsko hribovje in Ljubljana;590;vrh,koča;629081;11;6;3;8;46.08405;14.42213;96;147
129;Dobrča;Slovenija;Kamniško Savinjske Alpe;1634;vrh;902793;14;18;5;29;46.38064;14.25266;99;44
130;Koča na Dobrči;Slovenija;Kamniško Savinjske Alpe;1478;koča;714268;9;14;5;49;46.3762;14.24629;97;97
131;Lešanska planina;Slovenija;Kamniško Savinjske Alpe;1450;koča,planina;432072;9;6;0;10;46.37843;14.25576;86;554
132;Črno jezero;Slovenija;Julijske Alpe;1294;jezero;585861;4;3;1;2;46.29834;13.79533;95;199
133;Koča pri Triglavskih jezerih;Slovenija;Julijske Alpe;1685;koča,jezero,bivak;1164989;22;8;0;3;46.3186;13.77898;100;12
134;Dom na Kališču;Slovenija;Kamniško Savinjske Alpe;1534;koča;729054;11;21;2;55;46.33712;14.41698;98;90
135;Lubnik;Slovenija;Škofjeloško, Cerkljansko hribovje in Jelovica;1025;vrh,koča;839810;15;10;7;142;46.17117;14.26106;99;52
136;Kurešček;Slovenija;Goriško, Notranjsko in Snežniško hribovje;826;vrh,cerkev;538382;14;5;3;128;45.8853;14.55949;93;275
137;Planina Konjščica;Slovenija;Julijske Alpe;1427;koča,planina;573586;17;5;1;;46.3488;13.89645;94;220
138;Studorski preval;Slovenija;Julijske Alpe;1892;sedlo;456544;4;6;0;7;46.35436;13.88201;88;476
139;Vodnikov dom na Velem polju;Slovenija;Julijske Alpe;1817;koča,bivak;712713;6;8;2;9;46.35588;13.86133;97;99
140;Koča na Planini pri Jezeru;Slovenija;Julijske Alpe;1453;koča,jezero,bivak,planina;671376;21;6;0;;46.30968;13.82758;97;121
146;Ojstrica;Slovenija;Kamniško Savinjske Alpe;2350;vrh;1116934;9;17;4;13;46.36395;14.63724;100;16
147;Krekova koča na Ratitovcu;Slovenija;Škofjeloško, Cerkljansko hribovje in Jelovica;1642;vrh,koča,bivak,planina;928393;18;21;2;17;46.23666;14.09056;99;36
148;Velika Raduha;Slovenija;Kamniško Savinjske Alpe;2062;vrh;1145786;16;12;7;15;46.40991;14.73775;100;13
149;Veliki Javornik (Ženiklovec);Slovenija;Karavanke;1716;vrh;453725;9;5;0;5;46.37502;14.40256;87;486
150;Krn;Slovenija;Julijske Alpe;2244;vrh;1127250;23;15;12;11;46.26607;13.65862;100;15
151;Mala Tičarica;Slovenija;Julijske Alpe;2071;vrh;596526;14;4;0;5;46.3202;13.78512;95;184
152;Potoška planina;Slovenija;Karavanke;1270;koča,planina;434292;6;4;0;2;46.43262;14.13469;86;549
153;Tolminski Kuk;Slovenija;Julijske Alpe;2085;vrh;573524;11;11;3;1;46.2605;13.7568;94;221
154;Rzenik;Slovenija;Kamniško Savinjske Alpe;1833;vrh;492552;8;3;1;2;46.32776;14.63334;90;373
155;Cmir;Slovenija;Julijske Alpe;2393;vrh;554745;11;4;1;;46.40065;13.86007;93;251
156;Planina Dedno polje;Slovenija;Julijske Alpe;1560;planina;477030;12;3;0;;46.31511;13.81189;89;419
157;Planina Ovčarija;Slovenija;Julijske Alpe;1660;planina;447048;7;4;1;;46.30959;13.79581;87;515
158;Orožnova koča na planini za Liscem;Slovenija;Julijske Alpe;1346;koča,planina;585815;9;4;0;4;46.24172;13.93748;95;200
162;Dom pri Krnskih jezerih;Slovenija;Julijske Alpe;1385;koča,bivak;589211;6;2;0;;46.28869;13.69618;95;195
163;Krnsko jezero;Slovenija;Julijske Alpe;1391;jezero,planina;910439;11;2;1;;46.2857;13.68434;99;42
164;Pogačnikov dom na Kriških podih;Slovenija;Julijske Alpe;2050;vrh,koča,bivak;987217;8;4;0;15;46.40193;13.8007;99;32
165;Spodnje Kriško jezero;Slovenija;Julijske Alpe;1880;jezero;450085;6;1;0;1;46.39903;13.80185;87;503
166;Orlovo gnezdo (Slap Rinka);Slovenija;Kamniško Savinjske Alpe;1120;slap,koča;525956;7;1;0;3;46.37084;14.59344;92;299
167;Dom na Okrešlju;Slovenija;Kamniško Savinjske Alpe;1396;koča,bivak,planina;703700;1;2;0;3;46.36951;14.58767;97;103
168;Kapela Marije Snežne (Velika planina);Slovenija;Kamniško Savinjske Alpe;1560;vrh,planina,cerkev;549489;9;8;0;6;46.29515;14.6536;93;259
169;Gradišče (Velika planina);Slovenija;Kamniško Savinjske Alpe;1666;vrh,planina;1190361;8;12;0;20;46.29806;14.64394;100;8
170;Domžalski dom na Mali planini;Slovenija;Kamniško Savinjske Alpe;1534;koča,planina;648196;11;7;2;8;46.28916;14.6566;97;134
171;Jezero v Ledvicah;Slovenija;Julijske Alpe;1831;jezero;487126;11;3;0;;46.3402;13.78252;90;393
172;Rjavo jezero;Slovenija;Julijske Alpe;2006;jezero;455701;8;5;0;;46.35541;13.79558;88;477
173;Zeleno jezero;Slovenija;Julijske Alpe;1988;jezero;465353;8;4;0;;46.35125;13.79484;88;454
174;Zajčeva koča;Slovenija;Posavsko hribovje in Dolenjska;742;koča;366440;3;2;1;;46.19715;15.00092;80;775
175;Zasavska koča na Prehodavcih;Slovenija;Julijske Alpe;2071;vrh,koča,bivak;837892;9;7;0;5;46.35856;13.79209;99;53
176;Blegoš;Slovenija;Škofjeloško, Cerkljansko hribovje in Jelovica;1562;vrh;1069446;21;13;5;24;46.16482;14.11352;100;19
177;Koča na Blegošu;Slovenija;Škofjeloško, Cerkljansko hribovje in Jelovica;1391;koča,planina;557555;12;8;4;15;46.16655;14.10554;94;246
178;Krim;Slovenija;Goriško, Notranjsko in Snežniško hribovje;1107;vrh,koča;967766;20;16;12;232;45.92856;14.47138;99;33
179;Dom na Krvavcu;Slovenija;Kamniško Savinjske Alpe;1684;koča,planina;508021;6;4;1;4;46.29635;14.52909;91;335
183;Češka koča na Spodnjih Ravneh;Slovenija;Kamniško Savinjske Alpe;1542;koča,bivak;1011401;7;5;2;19;46.36982;14.53594;99;24
184;Kosijev dom na Vogarju;Slovenija;Julijske Alpe;1054;koča,planina;554227;3;1;0;6;46.29671;13.867;93;252
185;Zavetišče na Biba planini;Slovenija;Kamniško Savinjske Alpe;1300;koča,planina;410364;16;3;0;3;46.24369;14.84021;84;624
186;Sveti Jošt nad Kranjem;Slovenija;Škofjeloško, Cerkljansko hribovje in Jelovica;845;vrh,koča,cerkev;842089;17;12;1;295;46.24281;14.30319;99;51
187;Koča na Starem vrhu;Slovenija;Škofjeloško, Cerkljansko hribovje in Jelovica;1032;koča;428085;5;2;0;;46.17134;14.18371;85;567
188;Osolnik;Slovenija;Polhograjsko hribovje in Ljubljana;858;vrh,cerkev;643993;8;12;2;14;46.13204;14.33437;96;140
189;Dom na Kisovcu;Slovenija;Kamniško Savinjske Alpe;1275;koča,planina;518492;4;4;0;7;46.27358;14.65779;92;310
190;Dom pod Storžičem;Slovenija;Kamniško Savinjske Alpe;1123;koča;605464;5;3;1;8;46.35928;14.38986;96;170
191;Dom na Slivnici;Slovenija;Goriško, Notranjsko in Snežniško hribovje;1078;koča;503862;8;5;0;17;45.78973;14.40584;91;354
192;Kum;Slovenija;Posavsko hribovje in Dolenjska;1220;vrh,koča,cerkev;858965;22;10;5;18;46.08831;15.07395;99;49
193;Dom na Menini planini;Slovenija;Kamniško Savinjske Alpe;1453;koča,planina,cerkev;896036;19;16;1;3;46.26189;14.8194;99;45
194;Tomčeva koča na Poljški planini;Slovenija;Karavanke;1180;koča,planina;456775;14;8;0;4;46.4095;14.20863;88;475
195;Roblekov dom na Begunjščici;Slovenija;Karavanke;1657;koča,bivak,planina;989332;8;9;1;37;46.41783;14.21201;99;31
196;Koča na Golici;Slovenija;Karavanke;1582;koča,planina;596209;8;5;2;17;46.48592;14.06198;95;185
197;Luknja;Slovenija;Julijske Alpe;1766;sedlo;483763;6;2;2;1;46.38798;13.81486;90;400
198;Koča pod Bogatinom;Slovenija;Julijske Alpe;1513;koča,planina;621869;12;3;1;8;46.28775;13.76333;96;154
199;Kocbekov dom na Korošici;Slovenija;Kamniško Savinjske Alpe;1808;koča,bivak,planina;721226;9;13;1;2;46.3557;14.64002;98;92
200;Struška;Avstrija, Slovenija;Karavanke;1944;vrh;567185;11;8;1;6;46.47275;14.12286;94;234
201;Belska planina (Svečica);Slovenija;Karavanke;1700;koča,planina;508262;9;5;0;6;46.47403;14.10882;91;334
202;Pusti Rovt;Slovenija;Karavanke;1296;planina;318554;7;2;0;1;46.47718;14.08992;75;944
203;Dom Valentina Staniča pod Triglavom;Slovenija;Julijske Alpe;2332;koča,bivak;612263;12;12;1;10;46.38703;13.85984;96;162
204;Koča na Soriški planini;Slovenija;Julijske Alpe;1306;koča,planina;572318;7;4;2;3;46.24;14.00737;94;226
205;Možic;Slovenija;Julijske Alpe;1602;vrh;613995;11;8;4;5;46.24182;13.99482;96;160
206;Koča v Krnici;Slovenija;Julijske Alpe;1113;koča;702334;7;3;0;16;46.43236;13.78762;97;105
207;Velika Poljana;Slovenija;Kamniško Savinjske Alpe;1385;koča,planina,sedlo;503450;13;11;3;40;46.34632;14.37922;91;355
208;Mala Poljana;Slovenija;Kamniško Savinjske Alpe;1325;koča,planina;460554;13;6;3;13;46.34862;14.3729;88;465
209;Porezen;Slovenija;Škofjeloško, Cerkljansko hribovje in Jelovica;1630;vrh;912206;32;21;12;10;46.17733;13.97467;99;41
210;Zavetišče pod Špičkom;Slovenija;Julijske Alpe;2064;koča,bivak;567964;3;4;3;4;46.41015;13.67785;94;233
211;Bivak na Jezerih;Slovenija;Julijske Alpe;2118;bivak;435682;1;1;0;1;46.43367;13.83861;86;545
214;Zasavska Sveta gora;Slovenija;Posavsko hribovje in Dolenjska;852;vrh,cerkev;603727;16;9;3;3;46.1285;14.89429;95;175
215;Dom na Mirni gori;Slovenija;Posavsko hribovje in Dolenjska;1000;koča;472794;12;4;0;2;45.62952;15.10311;89;430
216;Bivak na Rušju;Slovenija;Julijske Alpe;1980;bivak;459600;4;1;0;4;46.41748;13.8199;88;470
217;Dom na Poreznu;Slovenija;Škofjeloško, Cerkljansko hribovje in Jelovica;1590;koča,bivak,planina;552150;16;20;0;6;46.17927;13.97624;93;257
218;Spodnji Martuljkov slap;Slovenija;Julijske Alpe;850;slap;326753;1;1;0;1;46.47233;13.82839;76;914
219;Ingotova koča na planini Jesenje;Slovenija;Julijske Alpe;930;koča,planina,cerkev;435497;3;2;0;3;46.4698;13.83131;86;546
220;Zgornji Martuljkov slap;Slovenija;Julijske Alpe;1150;slap;423683;2;2;1;;46.46112;13.83886;85;586
221;Kovačičeva glava;Slovenija;Julijske Alpe;1827;vrh;225967;6;1;0;;46.31981;13.8023;66;1288
222;Slap Suha;Slovenija;Julijske Alpe;950;slap;295381;3;1;0;;46.30581;13.85786;73;1039
223;Dom na Kofcah;Slovenija;Karavanke;1488;koča,planina,cerkev;1363329;18;13;6;42;46.41772;14.3232;100;5
224;Mala Mojstrovka;Slovenija;Julijske Alpe;2332;vrh;947626;9;5;4;21;46.43725;13.73111;99;35
225;Kranjska koča na Ledinah;Slovenija;Kamniško Savinjske Alpe;1700;koča,bivak;681044;5;4;0;4;46.37059;14.54963;97;113
226;Jeterbenk;Slovenija;Polhograjsko hribovje in Ljubljana;774;vrh;506048;13;10;4;24;46.1024;14.38719;91;346
227;Slivnica;Slovenija;Goriško, Notranjsko in Snežniško hribovje;1114;vrh;778697;10;6;7;15;45.79005;14.4081;98;69
228;Zelenci;Slovenija;Julijske Alpe;845;jezero;516622;12;3;0;3;46.49235;13.73771;92;314
229;Počitniški dom v Možnici;Slovenija;Julijske Alpe;793;koča,bivak;327008;3;1;0;;46.38443;13.56775;76;911
230;Mladinski izobraževalni center v Bavšici;Slovenija;Julijske Alpe;725;planina;220286;4;1;0;;46.36914;13.63367;66;1310
231;Logje;Slovenija;Julijske Alpe;840;planina;330226;4;1;0;;46.37498;13.63454;77;899
232;Slap Virje;Slovenija;Julijske Alpe;400;slap,jezero;418382;4;1;0;2;46.33494;13.51418;84;603
233;Slap Parabola;Slovenija;Julijske Alpe;700;slap,jezero;406949;4;1;0;;46.40195;13.60737;83;636
234;Izvir Glijuna;Slovenija;Julijske Alpe;450;Vremenska napoved:;294857;4;1;0;1;46.3352;13.51064;73;1041
235;Korita Soče pri Kršovcu;Slovenija;Julijske Alpe;390;Vremenska napoved:;323878;2;1;0;;46.33341;13.59312;76;924
236;Koča Vrtača;Slovenija;Karavanke;1288;koča;411617;4;1;0;4;46.42974;14.24458;84;620
237;Jarški dom na Mali planini;Slovenija;Kamniško Savinjske Alpe;1520;koča,planina;506398;6;5;0;10;46.2874;14.6607;91;342
238;Planinska koča Iskra na Jakobu;Slovenija;Kamniško Savinjske Alpe;961;koča,cerkev;602779;9;8;0;76;46.31517;14.44093;95;177
239;Toplar;Avstrija, Slovenija;Karavanke;2000;vrh;502117;4;3;2;7;46.43156;14.31668;91;359
240;Slemenova špica;Slovenija;Julijske Alpe;1911;vrh,planina;1002084;11;6;4;17;46.44584;13.7266;99;29
241;Bivak pod Luknjo;Slovenija;Julijske Alpe;1480;bivak;475550;4;1;1;;46.39127;13.82189;89;421
242;Aljažev dom v Vratih;Slovenija;Julijske Alpe;1001;koča,bivak,cerkev;575669;11;1;1;3;46.40904;13.84339;94;216
243;Planina v Lazu;Slovenija;Julijske Alpe;1560;planina;475317;10;2;3;;46.32882;13.82552;89;425
244;Srednji vrh;Slovenija;Kamniško Savinjske Alpe;1853;vrh;568354;10;7;4;16;46.33939;14.4391;94;231
245;Planina Dolga njiva;Slovenija;Kamniško Savinjske Alpe;1600;planina;491172;5;4;1;7;46.33684;14.43331;90;378
246;Planina Spodnja Grintovica;Slovenija;Julijske Alpe;1165;planina;358718;2;2;0;;46.33191;13.86584;79;807
247;Planina Zgornja Grintovica;Slovenija;Julijske Alpe;1250;planina;375119;10;2;0;;46.32841;13.86507;81;742
248;Pri Pastirjih;Slovenija;Kamniško Savinjske Alpe;1430;bivak,planina;367220;3;1;0;1;46.3497;14.59503;80;770
249;Kranjska reber;Slovenija;Kamniško Savinjske Alpe;1435;vrh;494927;12;6;2;3;46.2843;14.71112;90;367
250;Kašna planina;Slovenija;Kamniško Savinjske Alpe;1317;planina;460304;10;3;0;1;46.29;14.7177;88;466
251;Koča Pr Zdravc;Slovenija;Karavanke;1460;koča;275326;3;5;0;1;46.37768;14.3907;71;1105
252;Golica;Avstrija, Slovenija;Karavanke;1835;vrh;1170955;14;12;5;24;46.49132;14.05411;100;10
253;Planina Zgornja Krma;Slovenija;Julijske Alpe;1720;planina;466300;6;1;1;4;46.3682;13.86771;88;449
254;Pršivec;Slovenija;Julijske Alpe;1761;vrh;631085;9;7;2;3;46.2973;13.82122;96;144
255;Planina Viševnik;Slovenija;Julijske Alpe;1625;koča,planina;535402;14;4;4;1;46.30592;13.81746;93;281
256;Mali Draški vrh;Slovenija;Julijske Alpe;2132;vrh;573319;16;8;0;11;46.36293;13.89162;94;224
257;Križ;Slovenija;Julijske Alpe;2410;vrh;619512;9;8;5;5;46.41006;13.81101;96;156
258;Zgornje Kriško jezero;Slovenija;Julijske Alpe;2158;jezero;509832;7;2;0;;46.40847;13.80578;91;330
259;Jezerski Stog;Slovenija;Julijske Alpe;2040;vrh;530398;12;6;1;1;46.33838;13.8449;92;292
260;Planina Jezerce;Slovenija;Julijske Alpe;1720;jezero,planina;425081;4;2;0;;46.33733;13.83825;85;580
261;Poštarski dom na Vršiču;Slovenija;Julijske Alpe;1688;koča;481958;10;6;0;14;46.43244;13.74758;89;406
262;Tičarjev dom na Vršiču;Slovenija;Julijske Alpe;1618;koča;479791;7;4;0;12;46.43278;13.74439;89;413
263;Brda;Slovenija;Julijske Alpe;2008;vrh;531976;9;9;0;17;46.38497;13.92546;93;286
264;Polhograjska Gora (Sveti Lovrenc);Slovenija;Polhograjsko hribovje in Ljubljana;824;vrh,cerkev;575654;19;9;2;4;46.07083;14.29876;94;215
267;Javorov vrh;Slovenija;Kamniško Savinjske Alpe;1434;vrh;512133;7;7;1;10;46.32456;14.46385;92;325
268;Dom Čemšenik;Slovenija;Kamniško Savinjske Alpe;835;koča;441479;4;1;0;30;46.31488;14.46799;86;530
269;Mihov dom na Vršiču;Slovenija;Julijske Alpe;1085;koča;419841;6;1;0;7;46.44342;13.77177;84;597
270;Koča na Gozdu;Slovenija;Julijske Alpe;1226;koča;478836;3;1;0;2;46.43964;13.76252;89;415
271;Ruska kapelica;Slovenija;Julijske Alpe;1130;cerkev;352487;5;1;0;2;46.44288;13.7679;78;828
272;Erjavčeva koča na Vršiču;Slovenija;Julijske Alpe;1525;koča;506338;8;2;0;6;46.43921;13.74934;91;344
273;Šitna glava;Slovenija;Julijske Alpe;2087;vrh;518343;7;1;0;8;46.43914;13.73879;92;311
274;Bašeljski vrh;Slovenija;Kamniško Savinjske Alpe;1744;vrh;545777;6;16;1;17;46.34535;14.41834;93;263
275;Dovška Baba;Avstrija, Slovenija;Karavanke;1891;vrh;765617;15;9;1;8;46.48762;13.99389;98;74
276;Planina Dovška Rožca;Slovenija;Karavanke;1650;koča,planina;451899;8;6;1;4;46.4827;13.98722;87;492
277;Srednji vrh (nad Završnico);Slovenija;Karavanke;1796;vrh;470423;6;5;0;5;46.43064;14.20789;89;439
278;Dom pri izviru Završnice;Slovenija;Karavanke;1425;koča,planina;579478;16;2;1;17;46.42999;14.21832;95;210
279;Slatna;Slovenija;Julijske Alpe;2077;vrh;423390;2;3;2;1;46.32854;13.80515;85;587
280;Kreda;Slovenija;Julijske Alpe;2025;vrh;457337;6;2;1;1;46.32584;13.81186;88;474
281;Kozji vrh;Slovenija;Kamniško Savinjske Alpe;1628;vrh;427288;5;1;3;2;46.36445;14.44617;85;570
283;Pečovnik (kota 1668);Avstrija, Slovenija;Karavanke;1668;vrh;240301;7;2;0;;46.42842;14.44176;68;1240
284;Vratca;Slovenija;Kamniško Savinjske Alpe;1802;vrh;481658;5;5;4;1;46.37036;14.52837;89;408
285;Kotovo sedlo;Slovenija;Julijske Alpe;2134;sedlo;489335;2;2;2;;46.4304;13.68128;90;386
286;Dom v Tamarju;Slovenija;Julijske Alpe;1108;koča,planina,cerkev;714522;10;3;0;22;46.44605;13.7134;97;96
288;Vodotočno jezero (Veža);Slovenija;Kamniško Savinjske Alpe;1850;jezero,planina;489018;9;4;0;;46.34689;14.65578;90;388
289;Konj;Slovenija;Kamniško Savinjske Alpe;1803;vrh;693485;10;4;3;3;46.33081;14.63766;97;110
290;Slatnik (severozahodni vrh);Slovenija;Julijske Alpe;1609;vrh;469020;9;5;0;4;46.23708;13.99341;88;443
291;Vrh Razora;Slovenija;Julijske Alpe;1893;vrh;398754;4;3;0;;46.37598;13.91362;83;669
292;Planina pod Mišelj vrhom;Slovenija;Julijske Alpe;1645;jezero,planina;391351;11;7;1;;46.34973;13.84596;82;693
293;Škrbina;Avstrija, Slovenija;Karavanke;1869;sedlo;381257;3;1;0;3;46.43787;14.35514;81;721
294;Koča na planini Preval-a;Slovenija;Karavanke;1311;koča,planina;915624;8;4;0;19;46.41014;14.2434;99;40
295;Veliki vrh;Slovenija;Kamniško Savinjske Alpe;1742;vrh;489745;6;1;11;2;46.37237;14.4974;90;384
296;Tolsta Košuta - Vzhodni vrh;Avstrija, Slovenija;Karavanke;2057;vrh;465878;7;1;0;7;46.44703;14.42951;88;453
297;Planina Zgornja Dolga njiva;Slovenija;Karavanke;1580;planina;369921;2;2;0;2;46.44029;14.43179;80;761
298;Planina Spodnja Dolga njiva;Slovenija;Karavanke;1400;koča,planina;538172;8;4;0;5;46.43838;14.41601;93;276
299;Sveta Uršula (Setnica);Slovenija;Polhograjsko hribovje in Ljubljana;700;cerkev;295710;8;2;0;2;46.07895;14.32481;73;1038
300;Plešivec;Avstrija, Slovenija;Karavanke;1801;vrh;491004;13;3;3;1;46.43399;14.4313;90;379
301;Mala Košuta;Slovenija;Karavanke;1740;vrh;394649;5;2;0;2;46.44293;14.43825;82;685
302;Peč (Tromeja);Avstrija, Italija, Slovenija;Karavanke;1508;vrh;696897;13;11;1;10;46.52283;13.71413;97;107
303;Dom na Tromeji;Slovenija;Karavanke;1145;koča;492319;4;2;0;;46.51574;13.71901;90;376
304;Deska (Veža);Slovenija;Kamniško Savinjske Alpe;1970;vrh;424366;5;4;0;;46.34525;14.66027;85;583
305;Tolsti vrh (Veža);Slovenija;Kamniško Savinjske Alpe;1985;vrh;458874;8;4;0;2;46.34915;14.66186;88;473
306;Planina Podvežak;Slovenija;Kamniško Savinjske Alpe;1564;planina;428969;4;2;0;2;46.33742;14.67525;85;564
307;Ljubljanski grad;Slovenija;Polhograjsko hribovje in Ljubljana;376;vrh,koča;472306;10;5;3;18;46.04867;14.50841;89;433
308;Vrtaška planina;Slovenija;Julijske Alpe;1462;bivak,planina;433010;13;2;0;1;46.45333;13.9042;86;551
309;Prešernova koča na Stolu;Slovenija;Karavanke;2174;vrh,koča;568002;10;14;1;26;46.43136;14.17495;94;232
310;Rodica;Slovenija;Julijske Alpe;1966;vrh;754743;9;10;6;12;46.22774;13.86519;98;80
311;Planina Suha;Slovenija;Julijske Alpe;1385;planina;400055;8;5;0;1;46.24169;13.85591;83;664
312;Šišenski hrib (Rožnik);Slovenija;Polhograjsko hribovje in Ljubljana;429;vrh;445838;3;3;2;87;46.06014;14.48803;86;518
313;Cankarjev vrh (Rožnik);Slovenija;Polhograjsko hribovje in Ljubljana;394;vrh,koča,cerkev;558136;9;4;2;152;46.05492;14.47719;94;244
314;Virnikov Grintovec;Avstrija, Slovenija;Karavanke;1654;vrh;606871;15;6;2;8;46.41349;14.47887;96;169
315;Tolsta Košuta - Zahodni vrh;Avstrija, Slovenija;Karavanke;2039;vrh;474770;4;1;0;3;46.44618;14.42618;89;427
316;Vrh Korena;Slovenija;Kamniško Savinjske Alpe;1999;vrh;652312;3;9;2;12;46.31504;14.5542;97;131
317;Planina Koren;Slovenija;Kamniško Savinjske Alpe;1675;planina;454776;6;4;0;4;46.30716;14.54786;87;482
318;Kalški greben;Slovenija;Kamniško Savinjske Alpe;2224;vrh;730216;5;13;7;10;46.33165;14.5378;98;89
319;Kompotela;Slovenija;Kamniško Savinjske Alpe;1989;vrh;694782;4;3;2;9;46.31522;14.56246;97;108
320;Mokrica;Slovenija;Kamniško Savinjske Alpe;1853;vrh;477213;3;4;2;2;46.31567;14.57027;89;417
321;Visoka Vrbanova špica;Slovenija;Julijske Alpe;2408;vrh;599022;11;7;2;5;46.39132;13.86163;95;179
322;Koča na Ljubelju;Slovenija;Karavanke;1370;koča,sedlo;576867;20;3;1;81;46.43891;14.26649;94;213
323;Ogradi;Slovenija;Julijske Alpe;2087;vrh;542317;10;3;0;2;46.33469;13.83342;93;270
324;Kapelica na Molički planini (Kocbekovo zavetišče pod Ojstrico);Slovenija;Kamniško Savinjske Alpe;1780;koča,planina,sedlo,cerkev;604449;22;7;0;1;46.36015;14.65553;95;173
325;Lanževica;Slovenija;Julijske Alpe;2003;vrh;521031;14;6;4;2;46.29677;13.72475;92;308
326;Bogatin;Slovenija;Julijske Alpe;1977;vrh;589343;10;4;0;1;46.28163;13.73508;95;193
327;Mahavšček;Slovenija;Julijske Alpe;2008;vrh;530557;8;6;3;1;46.27747;13.73621;92;291
328;Dom Petra Skalarja na Kaninu;Slovenija;Julijske Alpe;2260;koča;455379;8;3;0;1;46.35371;13.46864;88;478
329;Planina Leskovca;Slovenija;Julijske Alpe;1230;planina;364528;1;1;1;;46.24888;13.67888;79;787
330;Jezero v Lužnici;Slovenija;Julijske Alpe;1801;jezero;440890;6;3;0;;46.25519;13.68558;86;532
331;Košutnikov turn;Avstrija, Slovenija;Karavanke;2133;vrh;767890;11;8;3;7;46.44637;14.41031;98;72
332;Sleme;Slovenija;Julijske Alpe;2077;vrh;613745;5;3;2;5;46.45172;13.87177;96;161
333;Kožljek;Slovenija;Polhograjsko hribovje in Ljubljana;788;vrh;376198;7;4;2;;46.0343;14.25499;81;736
334;Koreno;Slovenija;Polhograjsko hribovje in Ljubljana;729;vrh,cerkev;469877;17;10;8;3;46.03562;14.29263;88;442
335;Hom;Slovenija;Polhograjsko hribovje in Ljubljana;715;vrh;488379;4;4;6;11;46.13893;14.36003;90;389
336;Ledinski vrh;Avstrija, Slovenija;Kamniško Savinjske Alpe;2108;vrh;647689;8;5;0;9;46.37508;14.5592;96;135
337;Praprotnikova koča;Slovenija;Kamniško Savinjske Alpe;1380;Vremenska napoved:;341615;4;2;0;;46.35009;14.41908;77;869
338;Planina Košutna;Slovenija;Kamniško Savinjske Alpe;1778;planina,cerkev;468106;6;3;0;1;46.30634;14.55535;88;444
339;Debeli vrh (nad Lipanco);Slovenija;Julijske Alpe;1962;vrh;471101;7;6;0;2;46.37225;13.90916;89;437
340;Bivak pod Špikom;Slovenija;Julijske Alpe;1424;koča,bivak;467846;2;2;1;3;46.45705;13.81836;88;445
341;Planina Klek;Slovenija;Julijske Alpe;1556;planina;421636;8;2;0;;46.39407;13.96161;85;592
342;Koča na Uskovnici;Slovenija;Julijske Alpe;1154;koča,planina,cerkev;710511;24;7;3;15;46.32053;13.90957;97;101
343;Kofce gora;Avstrija, Slovenija;Karavanke;1967;vrh;669703;1;6;1;16;46.43108;14.32729;97;122
344;Veliko Kladivo;Avstrija, Slovenija;Karavanke;2094;vrh;679785;11;8;0;13;46.43719;14.34402;97;114
345;Črna gora;Slovenija;Julijske Alpe;1350;vrh,bivak;406994;4;1;1;;46.43525;13.91178;83;635
346;Bela peč;Slovenija;Karavanke;1593;vrh;492419;12;10;2;1;46.37761;14.37982;90;374
347;Planina Spodnja Konjščica;Slovenija;Karavanke;1451;planina;367561;30;5;0;1;46.38305;14.3661;80;769
348;Ptičji vrh;Avstrija, Slovenija;Karavanke;1550;vrh;371539;4;2;0;4;46.48527;14.08835;80;755
349;Lepenatka;Slovenija;Kamniško Savinjske Alpe;1425;vrh;587150;12;10;3;6;46.30991;14.74055;95;197
350;Bivak na Kalu;Slovenija;Kamniško Savinjske Alpe;1285;koča,sedlo;341375;7;7;1;2;46.31516;14.73958;77;870
351;Kamniški vrh;Slovenija;Kamniško Savinjske Alpe;1259;vrh,bivak;751746;9;12;2;13;46.2879;14.57977;98;81
352;Planina Osredek;Slovenija;Kamniško Savinjske Alpe;1100;planina;422317;7;4;2;3;46.28958;14.56007;85;590
353;Slap Grmečica;Slovenija;Škofjeloško, Cerkljansko hribovje in Jelovica;510;slap;380203;8;4;0;;46.2844;14.0005;81;724
354;Bukovec;Slovenija;Karavanke;1506;vrh;314361;3;1;0;;46.39371;14.44994;75;960
355;Krvavica;Slovenija;Posavsko hribovje in Dolenjska;909;vrh;498998;4;2;3;1;46.20076;14.99304;91;361
356;Mali Grintovec;Slovenija;Kamniško Savinjske Alpe;1813;vrh;557963;8;24;2;10;46.34632;14.42739;94;245
357;Slap Orglice;Slovenija;Kamniško Savinjske Alpe;870;slap;525213;2;1;1;;46.33318;14.61868;92;301
358;Lučki Dedec;Slovenija;Kamniško Savinjske Alpe;2023;vrh;595945;8;6;1;2;46.35236;14.63786;95;186
359;Zavetišče na planini Šija;Slovenija;Karavanke;1528;koča,planina;493911;9;3;0;6;46.42456;14.33543;90;368
360;Hruški vrh;Avstrija, Slovenija;Karavanke;1776;vrh;484213;7;9;1;3;46.48134;14.0068;90;399
361;Rožca;Slovenija;Karavanke;1587;planina,sedlo;430777;7;6;0;4;46.48071;14.01967;85;559
362;Klek;Avstrija, Slovenija;Karavanke;1753;vrh;510232;9;8;0;;46.48511;14.02485;91;327
363;Palec;Avstrija, Slovenija;Karavanke;2026;vrh;556942;11;3;0;8;46.4432;14.21928;94;248
364;Goli vrh;Avstrija, Slovenija;Kamniško Savinjske Alpe;1787;vrh;648476;8;3;7;7;46.39789;14.54699;97;133
365;Vošca;Avstrija, Slovenija;Karavanke;1737;vrh;527878;13;6;1;1;46.51019;13.81842;92;297
366;Trupejevo poldne;Avstrija, Slovenija;Karavanke;1931;vrh;760639;15;8;1;6;46.51535;13.86066;98;77
367;Kresišče;Avstrija, Slovenija;Karavanke;1839;vrh;430779;4;4;0;1;46.51982;13.89517;85;558
368;Mojstrovica;Slovenija;Karavanke;1816;vrh;384736;8;2;0;;46.5032;13.894;81;717
369;Visoki vrh;Slovenija;Karavanke;1828;vrh;385606;7;3;1;;46.49621;13.88815;81;714
370;Slap Čedca;Slovenija;Kamniško Savinjske Alpe;1350;slap;477111;6;1;0;;46.3705;14.52039;89;418
371;Planina Konjščica (Velika planina);Slovenija;Kamniško Savinjske Alpe;1505;planina;509850;2;2;0;1;46.31292;14.63795;91;329
372;Koritni vrh (Velika planina);Slovenija;Kamniško Savinjske Alpe;1648;vrh;434824;2;2;0;;46.30623;14.64384;86;547
373;Kobla;Slovenija;Julijske Alpe;1498;vrh;483586;6;4;0;;46.23387;13.96483;90;401
374;Batognica;Slovenija;Julijske Alpe;2164;vrh;574786;6;12;1;7;46.26349;13.66837;94;218
375;Sveti Lenart;Slovenija;Polhograjsko hribovje in Ljubljana;861;vrh,cerkev;387351;10;1;0;2;46.08742;14.25249;82;707
376;Vajnež;Avstrija, Slovenija;Karavanke;2104;vrh;631421;9;5;0;8;46.44309;14.1511;96;143
377;Bivak na Belščici;Slovenija;Karavanke;1750;bivak,planina;376356;5;2;0;3;46.44441;14.13457;81;734
378;Prevalski Stog;Slovenija;Julijske Alpe;2075;vrh;444360;10;5;0;2;46.34432;13.8373;86;522
379;Planina Polšak;Slovenija;Kamniško Savinjske Alpe;1695;planina;306302;5;1;0;2;46.3691;14.69234;74;994
380;Dleskovec;Slovenija;Kamniško Savinjske Alpe;1965;vrh;459181;6;1;0;6;46.35389;14.68228;88;472
381;Žirovniška planina;Slovenija;Karavanke;1200;planina;375935;5;2;0;;46.42419;14.15434;81;739
382;Valvasorjev dom pod Stolom;Slovenija;Karavanke;1181;koča;663149;9;4;1;30;46.42604;14.14653;97;123
383;Debeli vrh;Slovenija;Julijske Alpe;2390;vrh;538404;12;2;4;1;46.3408;13.81513;93;274
384;Zadnji Vogel;Slovenija;Julijske Alpe;2327;vrh;466241;5;1;1;;46.3402;13.7978;88;450
385;Velika Zelnarica;Slovenija;Julijske Alpe;2320;vrh;513513;9;5;0;2;46.34246;13.79081;92;321
386;Velika Mojstrovka (vzhodni vrh);Slovenija;Julijske Alpe;2366;vrh;620411;8;4;0;7;46.43601;13.7272;96;155
387;Koroška Rinka (Križ);Slovenija;Kamniško Savinjske Alpe;2433;vrh;657348;6;7;0;5;46.36776;14.56519;97;130
388;Štajerska Rinka;Slovenija;Kamniško Savinjske Alpe;2374;vrh;512677;4;5;0;1;46.36817;14.56736;92;324
389;Bivak pod Skuto;Slovenija;Kamniško Savinjske Alpe;2070;bivak;594553;5;1;0;3;46.35887;14.56792;95;189
390;Bivak pod Grintovcem;Slovenija;Kamniško Savinjske Alpe;2100;bivak;565600;10;3;0;2;46.35348;14.54738;94;237
391;Turska gora;Slovenija;Kamniško Savinjske Alpe;2251;vrh;733197;8;5;2;7;46.3603;14.57718;98;86
392;Slap Boka;Slovenija;Julijske Alpe;680;slap;531687;10;3;0;;46.32115;13.48279;92;288
393;Gorejca;Slovenija;Julijske Alpe;680;slap;326779;5;1;0;;46.40152;13.59223;76;913
394;Jerebikovec;Slovenija;Julijske Alpe;1593;vrh,bivak;537752;10;4;3;5;46.44318;13.95553;93;277
395;Izvir Javornika;Slovenija;Karavanke;1000;jezero;233331;3;1;0;;46.45898;14.1085;67;1264
396;Tonovcov grad pri Kobaridu;Slovenija;Julijske Alpe;500;vrh;407957;3;1;0;1;46.25763;13.58033;84;632
397;Veliki Draški vrh;Slovenija;Julijske Alpe;2243;vrh;675615;11;10;4;10;46.36017;13.87584;97;117
399;Soteska Pekel 3. slap;Slovenija;Goriško, Notranjsko in Snežniško hribovje;445;slap,jezero;237525;1;1;0;;45.88648;14.36776;67;1247
402;Kukova špica;Slovenija;Julijske Alpe;2427;vrh;580744;10;2;3;2;46.44726;13.85481;95;208
403;Slap Veliki Kozjak;Slovenija;Julijske Alpe;250;slap,jezero;441841;3;1;0;1;46.25801;13.58822;86;529
404;Slap Mali Kozjak;Slovenija;Julijske Alpe;230;slap;297825;2;1;0;1;46.25773;13.58801;73;1028
405;Dolina Škratov;Slovenija;Julijske Alpe;700;Vremenska napoved:;344226;10;1;0;;46.30936;13.58408;78;859
406;Slap Slatenik;Slovenija;Julijske Alpe;750;slap;276999;2;1;0;;46.30745;13.5882;71;1100
407;Belopotoški slap;Slovenija;Julijske Alpe;720;slap;377789;3;1;0;;46.38599;13.78156;81;732
408;Planina Rzenik;Slovenija;Kamniško Savinjske Alpe;1654;planina;411020;4;2;0;1;46.32522;14.63784;84;621
409;Koča na Loki pod Raduho;Slovenija;Kamniško Savinjske Alpe;1534;koča,planina,cerkev;543703;16;7;1;11;46.4093;14.75902;93;268
410;Gomiščkovo zavetišče na Krnu;Slovenija;Julijske Alpe;2182;koča,bivak;481565;5;9;1;5;46.26526;13.65719;89;409
411;Javorca;Slovenija;Julijske Alpe;571;planina,cerkev;492947;10;1;0;1;46.23491;13.71976;90;372
412;Izvir Tolminke;Slovenija;Julijske Alpe;695;planina;424680;18;2;0;;46.25819;13.72503;85;581
413;Žičnica čez Tolminko;Slovenija;Julijske Alpe;500;Vremenska napoved:;258269;1;1;0;;46.24838;13.72596;69;1171
414;Rombon;Slovenija;Julijske Alpe;2208;vrh;738345;10;5;6;5;46.3672;13.5544;98;85
415;Čukla;Slovenija;Julijske Alpe;1767;vrh;481365;3;1;0;;46.35878;13.54751;89;410
416;Planina Goričica;Slovenija;Julijske Alpe;1336;planina;375360;1;2;0;;46.3532;13.54087;81;741
417;Planina na Polju;Slovenija;Julijske Alpe;1530;planina;379366;5;2;0;;46.2785;13.67646;81;729
418;Vrh nad Peski;Slovenija;Julijske Alpe;2176;vrh;493484;10;7;0;3;46.2644;13.67717;90;371
419;Svinjak;Slovenija;Julijske Alpe;1653;vrh;627819;7;1;1;3;46.35041;13.61174;96;148
420;Jerebica;Italija, Slovenija;Julijske Alpe;2126;vrh;766891;10;2;1;4;46.39843;13.56475;98;73
421;Planina Krnica;Slovenija;Julijske Alpe;1252;planina;403936;3;3;0;;46.35243;13.5087;83;653
422;Konjc;Slovenija;Julijske Alpe;2289;vrh;329416;4;2;0;;46.35223;13.46995;76;905
423;Planja;Slovenija;Julijske Alpe;2453;vrh;515276;4;4;1;6;46.40712;13.78739;92;319
424;Korita Mlinarice;Slovenija;Julijske Alpe;770;slap;421844;2;1;0;;46.40282;13.74513;85;591
425;Izvir Soče;Slovenija;Julijske Alpe;990;slap;495241;5;1;2;4;46.41185;13.72405;90;366
426;Vršič vrh;Slovenija;Julijske Alpe;1737;vrh;630296;9;4;0;14;46.4341;13.74667;96;145
427;Velika korita Soče;Slovenija;Julijske Alpe;480;Vremenska napoved:;414619;8;1;0;1;46.33706;13.6459;84;611
428;Korita Možnice (Nemčlje);Slovenija;Julijske Alpe;580;slap;323154;6;1;0;;46.38047;13.57911;76;928
429;Rifugio di Brazza;Italija;Julijske Alpe;1660;koča,bivak;381222;2;1;0;4;46.41422;13.44656;81;722
430;Zgornje Mangartsko jezero;Italija;Julijske Alpe;929;koča,jezero;374372;5;3;0;;46.47529;13.66811;81;744
431;Begunjska Vrtača;Slovenija;Karavanke;1991;vrh;505339;8;4;0;3;46.42126;14.243;91;349
432;Stari vrh;Slovenija;Škofjeloško, Cerkljansko hribovje in Jelovica;1217;vrh;472673;8;3;1;1;46.17044;14.1764;89;431
433;Mrzla gora;Avstrija, Slovenija;Kamniško Savinjske Alpe;2203;vrh;728737;8;8;3;3;46.3772;14.5783;98;91
434;Dravh;Slovenija;Julijske Alpe;1547;vrh;434737;5;3;2;3;46.23268;14.0138;86;548
435;Lajnar;Slovenija;Julijske Alpe;1549;vrh;514675;8;5;4;5;46.23017;14.00632;92;320
436;Planina za Šavnikom;Slovenija;Julijske Alpe;1320;bivak,planina;324160;4;1;0;;46.2461;13.9872;76;922
437;Šavnik;Slovenija;Julijske Alpe;1574;vrh;446435;10;6;1;2;46.24208;13.98469;87;516
438;Veliki vrh (Veža);Slovenija;Kamniško Savinjske Alpe;2110;vrh;589378;6;5;0;11;46.35756;14.66922;95;194
439;Zavetišče gorske straže na Jelencih;Slovenija;Škofjeloško, Cerkljansko hribovje in Jelovica;1185;koča;370127;5;3;0;2;46.16264;14.09957;80;758
440;Koprivnik;Slovenija;Škofjeloško, Cerkljansko hribovje in Jelovica;1393;vrh;440138;6;7;0;;46.176;14.14028;86;535
441;Cerkev Marijinega vnebovzetja (Gora);Slovenija;Škofjeloško, Cerkljansko hribovje in Jelovica;987;cerkev;236076;8;4;0;;46.15346;14.15322;67;1255
442;Stegovnik;Slovenija;Karavanke;1692;vrh;596595;17;9;7;1;46.39525;14.41993;95;182
443;Mali Javornik;Slovenija;Karavanke;1685;vrh;320744;2;1;0;1;46.38198;14.41744;76;937
444;Sveti Lenart nad Gornjim Gradom;Slovenija;Kamniško Savinjske Alpe;929;cerkev;319827;6;2;0;;46.31282;14.75306;75;939
445;Vivodnik;Slovenija;Kamniško Savinjske Alpe;1508;vrh;489555;12;16;5;4;46.25741;14.81634;90;385
446;Planina Dolga njiva (Krvavec);Slovenija;Kamniško Savinjske Alpe;1688;planina;425454;11;4;0;7;46.31438;14.54324;85;576
447;Košutna;Slovenija;Kamniško Savinjske Alpe;1974;vrh;531696;3;3;2;3;46.30968;14.55699;93;287
448;Vrh Planje;Slovenija;Julijske Alpe;1971;vrh;356077;3;3;0;;46.2663;13.7508;79;817
449;Planina Govnjač;Slovenija;Julijske Alpe;1480;planina;372311;6;1;0;;46.27634;13.76316;80;754
450;Sveta Gora;Slovenija;Goriško, Notranjsko in Snežniško hribovje;681;vrh,koča,cerkev;537328;14;14;5;10;45.99951;13.65473;93;278
451;Grmada;Slovenija;Polhograjsko hribovje in Ljubljana;676;vrh;608625;7;18;8;15;46.12803;14.45505;96;166
452;Veliko Špičje;Slovenija;Julijske Alpe;2398;vrh;574412;6;7;3;2;46.34382;13.7672;94;219
453;Malo Špičje;Slovenija;Julijske Alpe;2312;vrh;439214;4;4;0;1;46.35139;13.78335;86;538
454;Velika Tičarica;Slovenija;Julijske Alpe;2091;vrh;528078;9;3;0;1;46.32285;13.78576;92;296
455;Kopica;Slovenija;Julijske Alpe;2190;vrh;449173;15;3;0;1;46.33257;13.78765;87;506
456;Mala Zelnarica;Slovenija;Julijske Alpe;2310;vrh;471382;12;5;0;3;46.33808;13.78967;89;435
457;Rušnata glava;Slovenija;Julijske Alpe;1899;vrh;343147;2;2;1;;46.31315;13.78467;77;863
458;Planina Arta;Slovenija;Kamniško Savinjske Alpe;1564;planina;363173;3;1;0;1;46.40118;14.74573;79;791
459;Hrašenska planina;Slovenija;Karavanke;1670;planina;223946;2;2;0;;46.45285;14.12208;66;1296
460;Planina Stamare;Slovenija;Karavanke;1400;planina;347275;4;5;0;;46.44682;14.11792;78;843
461;Ablanca;Slovenija;Julijske Alpe;2004;vrh;561228;12;9;1;7;46.35294;13.88419;94;241
463;Šija;Slovenija;Julijske Alpe;1880;vrh;530290;8;5;2;3;46.23863;13.83413;92;293
464;Zavitar;Slovenija;Julijske Alpe;1750;vrh;337206;2;2;0;;46.24862;13.84637;77;882
465;Sovna glava;Slovenija;Julijske Alpe;1750;vrh;404262;4;5;0;3;46.42703;13.75107;83;651
466;Malo Kladivo;Avstrija, Slovenija;Karavanke;2036;vrh;432755;10;3;0;6;46.43497;14.33821;86;553
467;Planina Kališče;Slovenija;Kamniško Savinjske Alpe;1450;planina;467720;8;8;1;5;46.33556;14.41563;88;447
468;Drobeče Sleme;Slovenija;Julijske Alpe;2029;vrh;344944;1;3;0;6;46.45453;13.87242;78;853
469;Vrtaški vrh;Slovenija;Julijske Alpe;1898;vrh;463616;5;4;1;3;46.45531;13.88788;88;457
470;Črnuški dom na Mali planini;Slovenija;Kamniško Savinjske Alpe;1526;koča,planina;568590;6;7;0;6;46.2871;14.65794;94;230
471;Vojkova koča na Nanosu;Slovenija;Goriško, Notranjsko in Snežniško hribovje;1240;vrh,koča;1114672;13;16;1;46;45.77204;14.05306;100;17
472;Ostra peč / Mallestiger Mittagskogel;Avstrija;Karavanke;1801;vrh;341734;11;4;0;1;46.52433;13.88105;77;868
473;Slap Peričnik - zgornji slap;Slovenija;Julijske Alpe;850;slap;395984;8;1;0;2;46.43948;13.89354;82;676
474;Slap Peričnik - spodnji slap;Slovenija;Julijske Alpe;800;slap;387608;17;3;0;1;46.43906;13.89364;82;705
475;Mirna gora;Slovenija;Posavsko hribovje in Dolenjska;1047;vrh;627381;4;5;3;2;45.63136;15.10134;96;149
476;Pusti Peter;Slovenija;Posavsko hribovje in Dolenjska;311;cerkev;232498;3;1;0;;45.51111;15.15821;67;1267
477;Jenkova planina;Avstrija, Slovenija;Kamniško Savinjske Alpe;1495;planina,sedlo;394806;7;1;0;2;46.3938;14.55216;82;684
478;Dovška Mala Kepa;Avstrija, Slovenija;Karavanke;2077;vrh;427202;5;1;0;;46.50309;13.9595;85;572
479;Gubno;Avstrija, Slovenija;Karavanke;2035;vrh;464991;4;4;2;2;46.50064;13.96126;88;455
480;Potoški Stol;Avstrija, Slovenija;Karavanke;2014;vrh;489320;5;5;0;6;46.43695;14.1537;90;387
481;Planina Pečana;Slovenija;Škofjeloško, Cerkljansko hribovje in Jelovica;1472;planina;364939;11;5;0;;46.24535;14.08312;80;782
482;Goli vrh (Šavnice);Slovenija;Kamniško Savinjske Alpe;1426;vrh;318389;8;2;0;;46.24995;14.85598;75;945
483;Sveti Lovrenc na Lovrenški gori;Slovenija;Škofjeloško, Cerkljansko hribovje in Jelovica;580;cerkev;228210;6;1;0;;46.15345;14.2812;67;1277
484;Dom na Smrekovcu;Slovenija;Kamniško Savinjske Alpe;1375;koča;594573;19;14;6;13;46.41327;14.90004;95;188
485;Smrekovec;Slovenija;Kamniško Savinjske Alpe;1577;vrh;760865;9;13;4;12;46.41814;14.89881;98;76
486;Krnes;Slovenija;Kamniško Savinjske Alpe;1613;vrh;376018;4;2;0;;46.42019;14.86286;81;737
487;Komen;Slovenija;Kamniško Savinjske Alpe;1684;vrh,cerkev;515355;17;7;2;2;46.4181;14.84637;92;318
488;Veliki Travnik (Turnovka);Slovenija;Kamniško Savinjske Alpe;1637;vrh;430521;14;9;0;6;46.42311;14.81369;85;560
489;Koča na Travniku;Slovenija;Kamniško Savinjske Alpe;1548;koča,bivak,planina;504579;13;8;2;9;46.41585;14.8077;91;352
490;Strelovec;Slovenija;Kamniško Savinjske Alpe;1763;vrh;573352;4;4;6;2;46.39439;14.65812;94;223
491;Mali vrh;Slovenija;Polhograjsko hribovje in Ljubljana;708;vrh;331935;7;3;0;;46.05302;14.27467;77;893
492;Veliki hrib;Slovenija;Polhograjsko hribovje in Ljubljana;815;vrh;214748;1;1;0;;46.08103;14.28909;65;1335
493;Pasja ravan;Slovenija;Polhograjsko hribovje in Ljubljana;1020;vrh;596521;11;4;4;6;46.09788;14.22914;95;183
494;Kalvarija;Slovenija;Polhograjsko hribovje in Ljubljana;460;vrh;358626;7;2;0;1;46.06655;14.31232;79;808
495;Senčnica Josipine Turnograjske;Slovenija;Kamniško Savinjske Alpe;570;vrh;263269;5;2;0;11;46.30697;14.43367;70;1150
496;Planinska koča pri Franciju;Slovenija;Kamniško Savinjske Alpe;930;koča;340305;4;5;0;18;46.31512;14.43872;77;873
497;Potoška gora;Slovenija;Kamniško Savinjske Alpe;1283;vrh;505166;6;2;2;16;46.31541;14.45343;91;351
498;Ajdna;Slovenija;Karavanke;1046;vrh;549835;9;7;1;5;46.42098;14.13073;93;258
499;Cjanovca;Slovenija;Kamniško Savinjske Alpe;1820;vrh;504484;8;7;0;6;46.33578;14.4411;91;353
500;Koča Antona Bavčerja na Čavnu;Slovenija;Goriško, Notranjsko in Snežniško hribovje;1242;koča;607985;8;8;1;12;45.92891;13.85299;96;168
501;Kucelj (na Čavnu);Slovenija;Goriško, Notranjsko in Snežniško hribovje;1237;vrh;580619;14;12;0;10;45.92873;13.82502;95;209
502;Mali Modrasovec;Slovenija;Goriško, Notranjsko in Snežniško hribovje;1305;vrh;329354;5;4;0;4;45.93035;13.85385;76;907
503;Veliki Modrasovec;Slovenija;Goriško, Notranjsko in Snežniško hribovje;1353;vrh;480077;5;8;0;6;45.93638;13.85005;89;412
504;Rovt Vrse;Slovenija;Karavanke;1200;planina;303801;7;3;0;;46.47912;13.94385;74;1006
505;Borovje;Slovenija;Karavanke;1476;vrh;417786;9;3;0;;46.48051;13.95125;84;606
506;Veliki Pršivec;Slovenija;Julijske Alpe;2056;vrh;436197;6;1;0;;46.38125;13.88672;86;544
507;Dreiländereck Hütte;Avstrija;Karavanke;1423;koča,planina,sedlo;359261;5;4;0;1;46.52429;13.72615;79;805
508;Spominska plošča Jožeta Rozmana;Slovenija;Karavanke;1450;Vremenska napoved:;158205;1;1;0;;46.3768;14.3811;59;1552
509;Planina Javornik;Slovenija;Karavanke;1550;planina;432922;5;5;6;2;46.37633;14.39668;86;552
510;Iztokova koča pod Golaki;Slovenija;Goriško, Notranjsko in Snežniško hribovje;1260;koča;506136;8;6;0;7;45.97585;13.85397;91;345
511;Mali Golak;Slovenija;Goriško, Notranjsko in Snežniško hribovje;1495;vrh;713409;4;7;2;13;45.9785;13.8644;97;98
512;Rogla;Slovenija;Pohorje, Dravinjske gorice in Haloze;1517;vrh;544309;6;12;5;17;46.45643;15.3458;93;266
513;Koča na Pesku;Slovenija;Pohorje, Dravinjske gorice in Haloze;1386;koča;545132;8;4;0;19;46.4672;15.34395;93;265
514;Lovrenška jezera;Slovenija;Pohorje, Dravinjske gorice in Haloze;1520;vrh,jezero;827164;12;5;1;46;46.48336;15.31557;99;55
515;Jezerski vrh;Slovenija;Pohorje, Dravinjske gorice in Haloze;1537;vrh;431441;5;5;1;3;46.4938;15.26443;85;556
516;Ribniško jezero;Slovenija;Pohorje, Dravinjske gorice in Haloze;1490;jezero;431694;6;5;0;1;46.49488;15.26935;86;555
517;Ribniška koča;Slovenija;Pohorje, Dravinjske gorice in Haloze;1507;koča;611535;4;9;2;6;46.49786;15.2557;96;164
518;Mali Črni vrh;Slovenija;Pohorje, Dravinjske gorice in Haloze;1533;vrh,jezero;330235;4;3;0;4;46.49591;15.25396;77;898
519;Črni vrh;Slovenija;Pohorje, Dravinjske gorice in Haloze;1543;vrh,bivak;604475;10;4;7;11;46.48561;15.23325;96;172
520;Grmovškov dom pod Veliko Kopo;Slovenija;Pohorje, Dravinjske gorice in Haloze;1371;koča,sedlo;506312;4;6;1;6;46.50272;15.21034;91;343
521;Velika Kopa;Slovenija;Pohorje, Dravinjske gorice in Haloze;1542;vrh;498159;11;7;0;1;46.50669;15.1981;91;362
522;Koča na Pesniku;Slovenija;Pohorje, Dravinjske gorice in Haloze;1101;koča;378261;2;2;0;;46.51795;15.25121;81;731
523;Babji zob;Slovenija;Škofjeloško, Cerkljansko hribovje in Jelovica;1128;vrh;594287;5;5;1;7;46.32865;14.07374;95;190
524;Danejeva planina;Slovenija;Škofjeloško, Cerkljansko hribovje in Jelovica;1090;planina;306935;4;2;0;;46.3268;14.0932;74;993
525;Lovska koča Stanič;Slovenija;Karavanke;1280;planina;289366;3;1;0;;46.4146;14.4528;72;1060
526;Pečovnik;Avstrija, Slovenija;Karavanke;1640;vrh;175335;1;2;0;;46.42406;14.44161;61;1481
527;Sveta Ana;Slovenija;Goriško, Notranjsko in Snežniško hribovje;484;vrh,cerkev;573079;12;3;4;25;45.96946;14.42238;94;225
528;Krničarjeva koča na Planini Javornik;Slovenija;Kamniško Savinjske Alpe;1390;planina;429256;6;5;0;21;46.3442;14.38924;85;562
529;Srednji Golak;Slovenija;Goriško, Notranjsko in Snežniško hribovje;1480;vrh;403976;2;2;0;2;45.97448;13.87294;83;652
530;Limbarska gora;Slovenija;Posavsko hribovje in Dolenjska;773;vrh,koča,cerkev;615474;21;9;5;13;46.16077;14.77509;96;158
531;Srednji Selišnik;Slovenija;Julijske Alpe;1890;vrh;325478;1;1;1;;46.36393;13.90285;76;920
532;Slap Savica;Slovenija;Julijske Alpe;794;slap,jezero;425262;6;1;2;;46.29276;13.79741;85;579
533;Sveta Jedert;Slovenija;Polhograjsko hribovje in Ljubljana;750;cerkev;314411;7;2;1;1;46.101;14.3029;75;958
534;Sveti Ožbolt (nad Zmincem);Slovenija;Polhograjsko hribovje in Ljubljana;859;vrh,cerkev;417881;8;4;0;1;46.1156;14.2862;84;605
535;Mlaka;Slovenija;Polhograjsko hribovje in Ljubljana;914;vrh;258274;1;2;0;;46.1067;14.25789;69;1170
539;Vaško;Slovenija;Kamniško Savinjske Alpe;1046;vrh;299550;3;3;0;;46.3658;14.273;73;1022
540;Planina Zajavornik;Slovenija;Julijske Alpe;1292;planina;473871;8;1;0;1;46.36027;13.9489;89;428
541;Sabotin;Slovenija;Goriško, Notranjsko in Snežniško hribovje;609;vrh;675394;5;5;6;14;45.98846;13.63465;97;119
542;Na Možeh;Avstrija, Slovenija;Karavanke;1784;vrh;346727;2;1;1;;46.43351;14.2332;78;846
543;Boč;Slovenija;Karavanke;978;Vremenska napoved:;835907;10;22;3;12;46.28945;15.59957;99;54
544;Sveti Primož nad Kamnikom;Slovenija;Kamniško Savinjske Alpe;826;koča,cerkev;629689;8;1;0;66;46.2691;14.6338;96;146
545;Poldanovec;Slovenija;Goriško, Notranjsko in Snežniško hribovje;1299;vrh;475494;4;3;4;1;46.00953;13.83299;89;422
546;Dom na Slajki;Slovenija;Škofjeloško, Cerkljansko hribovje in Jelovica;789;koča;386410;6;4;0;1;46.11423;14.10017;81;711
547;Koča na Ermanovcu;Slovenija;Škofjeloško, Cerkljansko hribovje in Jelovica;968;koča;462620;11;12;1;5;46.10923;14.05323;88;459
549;Sveti nadangel Gabrijel (Planica);Slovenija;Škofjeloško, Cerkljansko hribovje in Jelovica;824;vrh,cerkev;407064;10;10;0;37;46.21224;14.27725;83;634
550;Sveti Križ (Križna Gora);Slovenija;Škofjeloško, Cerkljansko hribovje in Jelovica;680;koča,cerkev;535721;28;12;0;23;46.19035;14.27326;93;280
551;Mrzovec;Slovenija;Goriško, Notranjsko in Snežniško hribovje;1410;vrh;421292;10;5;0;;45.97825;13.80575;85;593
554;Planica;Slovenija;Karavanke;1508;vrh;344244;8;3;2;;46.48348;13.94063;78;858
555;Soteska Pekel 5. slap;Slovenija;Goriško, Notranjsko in Snežniško hribovje;570;slap;347141;2;2;0;;45.88241;14.36896;78;844
556;Mali Snežnik;Slovenija;Goriško, Notranjsko in Snežniško hribovje;1694;vrh;439687;8;4;1;3;45.5898;14.4359;86;536
557;Jeseniška planina;Slovenija;Karavanke;1380;planina;267869;4;2;0;1;46.47865;14.03035;70;1135
559;Stanov rob;Slovenija;Goriško, Notranjsko in Snežniško hribovje;1191;vrh;301408;2;2;0;2;46.02082;13.81632;73;1018
560;Ojstrc / Hochobir;Avstrija;Karavanke;2139;vrh;604790;21;6;0;2;46.50599;14.48724;96;171
561;Obirska planina;Avstrija;Karavanke;1272;planina;232465;2;2;0;;46.492;14.50862;67;1269
562;Kapelška koča / Eisenkappler Hütte;Avstrija;Karavanke;1553;koča,planina;267258;7;7;0;;46.50176;14.51047;70;1138
563;Planina Dolnica/Dolinza Alm;Avstrija;Karnijske Alpe;1499;koča,planina,sedlo;149172;4;2;0;;46.56187;13.48198;59;1583
564;Planina Bistrica (Hutte Oisternig);Gorovje: Karnijske Alpe;Karnijske Alpe;1722;koča,planina,sedlo;206700;3;3;0;;46.5603;13.5067;64;1369
568;Ojstrnik (Osternig);Gorovje: Karnijske Alpe;Karnijske Alpe;2052;vrh;482819;5;3;1;3;46.56591;13.49965;89;403
569;Gozman;Italija;Karnijske Alpe;1804;vrh;166455;4;3;0;;46.5558;13.5034;60;1521
570;Marija Snežna (Maria Schnee) pod Gozmanom;Gorovje: Karnijske Alpe;Karnijske Alpe;1750;cerkev;202455;3;3;0;;46.5556;13.5082;64;1389
571;Vremščica;Slovenija;Goriško, Notranjsko in Snežniško hribovje;1027;vrh;801932;14;8;8;35;45.6883;14.0616;98;61
572;Schonwipfel Schutz Hutte;Gorovje: Karnijske Alpe;Karnijske Alpe;1712;koča,planina,sedlo;193744;6;1;0;;46.54883;13.51705;63;1417
573;Zahomec (Achomitzer Berg);Gorovje: Karnijske Alpe;Karnijske Alpe;1813;vrh;233450;4;1;0;1;46.54692;13.52003;67;1263
574;Posestvo Šumik;Slovenija;Pohorje, Dravinjske gorice in Haloze;1100;koča;398494;9;7;0;;46.48487;15.44409;83;670
575;Dom na Osankarici;Slovenija;Pohorje, Dravinjske gorice in Haloze;1193;koča;489830;6;9;0;1;46.44902;15.41921;90;383
578;Dom na Lovrencu (Bašelj);Slovenija;Kamniško Savinjske Alpe;860;koča;451912;6;4;0;5;46.3252;14.39183;87;491
579;Sveti Lovrenc (Bašelj);Slovenija;Kamniško Savinjske Alpe;892;cerkev;429844;8;5;0;5;46.32672;14.39263;85;561
580;Koča na Vojah;Slovenija;Julijske Alpe;690;koča;419326;2;1;0;1;46.31017;13.88238;84;601
581;Ovčji vrh (Kozjak) / Geissberg (Kosiak);Avstrija;Karavanke;2024;vrh;487108;17;8;0;1;46.45315;14.18153;90;394
582;Celovška koča / Klagenfurter Hutte;Avstrija;Karavanke;1664;koča,planina;463621;13;5;0;;46.44687;14.18302;88;458
583;Vgrizeva planina / Ogrisalm;Avstrija;Karavanke;1569;planina;207316;6;4;0;;46.45645;14.19807;64;1368
584;Planina Za Črno goro;Slovenija;Julijske Alpe;1340;planina;322031;8;6;0;2;46.23846;13.95137;76;931
585;Planina Seča;Slovenija;Karavanke;1698;planina,sedlo;317340;4;3;0;2;46.46073;14.1299;75;950
586;Svačica;Avstrija, Slovenija;Karavanke;1953;vrh;447848;12;9;1;1;46.44412;14.19124;87;512
587;Planinska koča Merjasec;Slovenija;Julijske Alpe;1535;koča;442346;6;3;0;5;46.26335;13.83977;86;528
588;Vogel;Slovenija;Julijske Alpe;1922;vrh;730544;10;19;7;10;46.23829;13.8125;98;88
589;Vrh Krnic;Slovenija;Julijske Alpe;1896;vrh;273077;7;8;0;1;46.23958;13.80994;71;1117
590;Bela glava;Slovenija;Julijske Alpe;1926;vrh;313746;6;1;0;;46.31811;13.79378;75;961
591;Poštarski dom pod Plešivcem;Slovenija;Karavanke;805;koča;408309;6;4;1;4;46.49617;15.01269;84;630
592;Uršlja gora (Plešivec);Slovenija;Karavanke;1699;vrh,koča,cerkev;1001203;31;15;1;27;46.48555;14.96149;99;30
593;Mozirska koča na Golteh;Slovenija;Kamniško Savinjske Alpe;1356;koča;575382;8;7;0;5;46.37134;14.90419;94;217
594;Hotel Golte;Slovenija;Kamniško Savinjske Alpe;1410;koča,planina;452775;1;2;0;;46.36868;14.89525;87;488
595;Brunarica Osovnik;Slovenija;Polhograjsko hribovje in Ljubljana;777;koča;450300;4;6;0;32;46.128;14.33852;87;500
596;Dominov dom;Slovenija;Polhograjsko hribovje in Ljubljana;670;koča;286665;2;1;0;;46.12634;14.3429;72;1069
597;Medvedjak;Slovenija;Kamniško Savinjske Alpe;1573;vrh;385145;1;1;2;;46.36505;14.89062;81;716
598;Koča na Treh plotih;Slovenija;Kamniško Savinjske Alpe;1530;koča,jezero,sedlo;369967;4;1;0;;46.36933;14.88864;80;760
601;Skutnik / Monte Guarda;Italija, Slovenija;Julijske Alpe;1721;vrh;399792;11;2;0;;46.32246;13.43927;83;665
605;Krasji vrh;Slovenija;Julijske Alpe;1773;vrh;565390;5;3;2;1;46.2892;13.59277;94;238
606;Planina Lopučnica;Slovenija;Julijske Alpe;1558;planina;251088;3;7;0;;46.3158;13.76698;69;1199
608;Kosmati vrh (Ratitovec);Slovenija;Škofjeloško, Cerkljansko hribovje in Jelovica;1643;vrh,planina;368168;10;9;0;1;46.24282;14.1016;80;768
609;Poludnik/Poludnig;Avstrija, Italija;Karnijske Alpe;1999;vrh;303913;4;1;0;;46.57209;13.40959;74;1005
610;Oklo;Slovenija;Julijske Alpe;2087;vrh;419733;3;1;0;;46.36732;13.85847;84;598
613;Železna (Kisla) voda;Slovenija;Karavanke;1115;Vremenska napoved:;260455;4;1;0;;46.43079;14.64336;70;1164
614;Sveti Duh pod Olševo;Slovenija;Karavanke;1232;cerkev;283029;3;1;0;1;46.43483;14.65971;72;1078
615;Koča na Grohatu;Slovenija;Kamniško Savinjske Alpe;1460;koča,planina;519684;4;2;0;3;46.42341;14.74327;92;309
616;Robanova planina;Slovenija;Kamniško Savinjske Alpe;890;planina;366916;5;1;0;;46.37655;14.66624;80;774
617;Sveti Primož nad Ljubnim;Slovenija;Kamniško Savinjske Alpe;883;cerkev;329610;4;2;0;1;46.36301;14.82129;76;904
618;Bivak pod Mrzlim vrhom;Slovenija;Kamniško Savinjske Alpe;1980;bivak;375987;1;4;0;1;46.37425;14.56673;81;738
619;Koča na Klemenči jami;Slovenija;Kamniško Savinjske Alpe;1208;koča,planina;552778;4;2;2;1;46.37847;14.63367;93;256
621;Köhlerhütte;Avstrija;Labotniške Alpe;1855;koča;119410;7;1;0;;47.05576;14.59142;56;1697
622;Rothaidenhütte;Avstrija;Labotniške Alpe;1836;koča,planina;120478;4;3;0;;47.06895;14.59937;56;1692
623;Zirbitzkogelhütte;Avstrija;Labotniške Alpe;2376;koča,bivak;219856;13;11;0;1;47.06372;14.56731;66;1312
624;Zirbitzkogel;Avstrija;Labotniške Alpe;2396;vrh;424129;16;10;2;1;47.0642;14.5681;85;584
625;Geierkogel (Labotniške Alpe / Seetaler Alpen);Avstrija;Labotniške Alpe;2185;vrh;117757;1;1;0;;47.06185;14.58373;56;1703
626;Wildsee;Avstrija;Labotniške Alpe;1981;jezero;121543;5;1;0;;47.04053;14.58461;56;1686
627;Fuchskogel;Avstrija;Labotniške Alpe;2214;vrh;125861;9;4;0;1;47.04574;14.57989;56;1673
628;Scharfes Eck;Avstrija;Labotniške Alpe;2364;vrh;144720;3;5;0;;47.07194;14.55966;58;1600
629;Montaž / Jôf di Montasio;Italija;Julijske Alpe;2753;vrh;809195;15;3;0;2;46.43577;13.43405;98;60
630;Winterleiten Hutte (Seetaler Alpe);Avstrija;Labotniške Alpe;1782;koča,jezero;129352;4;1;0;;47.09438;14.57116;57;1657
631;Wastl am Eck (Seetaler Alpe);Avstrija;Labotniške Alpe;960;koča;112149;2;1;0;;47.16019;14.68323;55;1725
632;Liechtensteinberg (Seetaler Alpe);Avstrija;Labotniške Alpe;1033;vrh;107683;1;1;0;;47.16319;14.6816;55;1739
633;Weißensteinhütte (Packalpe);Avstrija;Labotniške Alpe;1702;koča,planina;107331;4;3;0;;47.0586;14.7936;55;1741
635;Weißenstein (Packalpe);Avstrija;Labotniške Alpe;2160;vrh;109942;5;2;0;;47.06681;14.80931;55;1732
636;Ameringkogel (Packalpe);Avstrija;Labotniške Alpe;2187;vrh;210654;7;3;0;;47.07289;14.80783;65;1357
637;Großenberg (Packalpe);Avstrija;Labotniške Alpe;2152;vrh;122306;8;4;0;;47.08126;14.79781;56;1682
638;Hofalmkogel (Packalpe);Avstrija;Labotniške Alpe;2040;vrh;106175;4;3;0;;47.0614;14.8219;54;1749
639;Speikkogel (Packalpe);Avstrija;Labotniške Alpe;1993;vrh;112672;5;2;0;;47.05738;14.84401;55;1723
640;Gr. Winterleiten See (Seetaler Alpe);Avstrija;Labotniške Alpe;1840;jezero;115823;3;1;0;;47.08982;14.56513;55;1711
641;Veliki Selišnik;Slovenija;Julijske Alpe;1952;vrh;367093;5;1;0;3;46.36606;13.90324;80;771
643;Veliki Koritnik / Creta di Aip / Trogkofel;Avstrija, Italija;Karnijske Alpe;2279;vrh;331316;9;3;0;;46.5708;13.2164;77;895
645;Bivak E. Lomasti;Italija;Karnijske Alpe;1900;bivak;153681;3;1;0;;46.5584;13.23;59;1565
646;Konjski špik / Monte Cavallo / Rosskofel;Italija;Karnijske Alpe;2240;vrh;350692;7;2;0;;46.55006;13.24066;78;836
647;Bovški Gamsovec;Slovenija;Julijske Alpe;2392;vrh;790559;5;4;1;7;46.3983;13.81286;98;63
648;Rifugio Marinelli;Italija;Karnijske Alpe;2122;koča;207442;6;2;2;;46.5932;12.8965;64;1366
649;Monte Coglians (Hohe Warte);Avstrija, Italija;Karnijske Alpe;2780;vrh;507916;13;4;0;;46.6072;12.8825;91;336
650;Koča na Vrhu Svetih Treh Kraljev;Slovenija;Goriško, Notranjsko in Snežniško hribovje;823;koča;367008;4;9;0;3;46.0122;14.1731;80;772
651;Vrh Svetih Treh Kraljev;Slovenija;Goriško, Notranjsko in Snežniško hribovje;884;vrh,cerkev;439244;13;9;4;7;46.01034;14.16879;86;537
652;Obere Valentinalm;Avstrija;Karnijske Alpe;1540;koča,planina;115132;3;1;0;;46.6214;12.9055;55;1715
653;Wolayer See;Avstrija;Karnijske Alpe;1951;koča,jezero;248899;8;3;0;;46.6111;12.8679;69;1205
654;Dom na Goropekah;Slovenija;Goriško, Notranjsko in Snežniško hribovje;742;koča;302629;3;2;0;;46.03456;14.12581;74;1014
655;Svete Višarje / Monte Lussari;Italija;Julijske Alpe;1766;vrh,koča,cerkev;780535;12;4;0;6;46.47998;13.523;98;67
656;Rifugio Grego;Italija;Julijske Alpe;1389;koča,bivak;289002;9;1;1;1;46.4575;13.4551;72;1062
657;Poldašnja špica/Jof di Miezegnot;Italija;Julijske Alpe;2087;vrh;444020;20;4;0;;46.47667;13.45366;86;524
658;Bivak Bernardinis;Italija;Julijske Alpe;1907;bivak;225803;8;2;0;;46.47641;13.42407;66;1290
659;Cima Alta (Dve špici);Italija;Julijske Alpe;2046;vrh;423770;16;5;0;;46.47645;13.42029;85;585
662;Kamniti lovec / Cima del Cacciatore;Italija;Julijske Alpe;2071;vrh;583346;8;5;0;3;46.46466;13.52795;95;206
665;Kordeževa glava (Peca);Avstrija, Slovenija;Karavanke;2125;vrh;1003920;13;24;3;20;46.50023;14.77993;99;27
666;Velika (Koroška) Baba;Avstrija, Slovenija;Kamniško Savinjske Alpe;2127;vrh;703058;9;8;1;3;46.37937;14.55592;97;104
668;Velika Črnelska špica;Italija, Slovenija;Julijske Alpe;2332;vrh;402298;7;3;1;;46.37654;13.51567;83;659
669;Koča na Planini nad Vrhniko;Slovenija;Goriško, Notranjsko in Snežniško hribovje;733;vrh,koča;711934;13;10;0;15;45.97158;14.2517;97;100
670;Dom na Peci;Slovenija;Karavanke;1665;koča,cerkev;552897;13;7;2;5;46.49114;14.79406;93;255
671;Votlina Kralja Matjaža;Slovenija;Karavanke;1670;Vremenska napoved:;379599;5;3;0;1;46.4875;14.797;81;728
672;Mala Peca;Slovenija;Karavanke;1731;vrh;361025;4;3;1;2;46.49229;14.79182;79;798
673;Govca (Olševa);Slovenija;Karavanke;1929;vrh;759287;13;14;1;5;46.44953;14.68571;98;78
674;Potočka zijalka;Slovenija;Karavanke;1660;Vremenska napoved:;524329;9;3;0;5;46.44955;14.67117;92;303
675;Velika Baba;Slovenija;Julijske Alpe;2016;vrh;583372;9;4;6;2;46.29462;13.70829;95;205
676;Zadnjiški Ozebnik;Slovenija;Julijske Alpe;2084;vrh;484683;6;2;1;1;46.36917;13.78205;90;398
678;Mrzlica;Slovenija;Posavsko hribovje in Dolenjska;1122;vrh,koča;783677;13;16;6;21;46.18753;15.10746;98;65
679;Bavški Grintavec;Slovenija;Julijske Alpe;2347;vrh;679548;22;4;8;2;46.36899;13.67025;97;115
680;Pristovški Storžič / Kärntner Storschitz;Avstrija;Karavanke;1759;vrh;601858;19;4;0;10;46.43132;14.52549;95;178
682;Spodnja Vrbanova špica;Slovenija;Julijske Alpe;2299;vrh;410919;10;1;0;1;46.39655;13.86906;84;622
683;Planina Zaprikraj;Slovenija;Julijske Alpe;1208;planina;394826;8;1;0;;46.28773;13.62328;82;683
684;Koča na planini Razor;Slovenija;Julijske Alpe;1315;koča,bivak,planina;649862;14;6;0;5;46.23562;13.79334;97;132
685;Krniške skale / Gartnerkofel;Avstrija;Karnijske Alpe;2195;vrh;391535;8;2;0;1;46.5716;13.30387;82;692
686;Žabiški Kuk;Slovenija;Julijske Alpe;1844;vrh;368830;20;6;0;;46.23029;13.80493;80;765
687;Vrh Planje (nad Globokim);Slovenija;Julijske Alpe;1863;vrh;263899;2;6;0;1;46.24408;13.80321;70;1148
688;Baita Winkel;Italija;Karnijske Alpe;1470;koča,planina;143810;4;1;0;;46.55003;13.26302;58;1603
689;Malvuerich Alto;Italija;Karnijske Alpe;1899;vrh;160585;6;2;0;;46.54241;13.27931;60;1541
690;Slap Sopota (Soupat);Slovenija;Julijske Alpe;400;slap;348641;4;1;0;2;46.1692;13.80274;78;839
692;Zelenjak;Avstrija, Slovenija;Karavanke;2024;vrh;502365;6;3;0;8;46.44269;14.21524;91;357
695;Križevnik;Slovenija;Kamniško Savinjske Alpe;1909;vrh;487408;4;4;1;2;46.37494;14.68872;90;392
696;Molička peč;Slovenija;Kamniško Savinjske Alpe;2029;vrh;545642;4;3;0;3;46.36394;14.67204;93;264
697;Velika Zelenica;Slovenija;Kamniško Savinjske Alpe;2114;vrh;603887;7;4;0;10;46.36109;14.66732;95;174
698;Vrh nad Škrbino;Slovenija;Julijske Alpe;2054;vrh;517578;4;12;5;;46.2544;13.78;92;313
699;Planinski dom Zavižan;Hrvaška;Velebit;1594;koča;429191;2;2;0;;44.81456;14.97545;85;563
700;Vučjak;Hrvaška;Velebit;1644;vrh;281689;3;1;0;;44.81585;14.97615;72;1087
701;Velika Kosa;Hrvaška;Velebit;1622;vrh;259610;4;1;0;;44.8077;14.9757;70;1167
702;Balinovac;Hrvaška;Velebit;1602;vrh;267903;4;2;0;;44.80742;14.96671;70;1134
703;Veliki Zavižan;Hrvaška;Velebit;1676;vrh;402251;2;2;0;;44.8022;14.9736;83;660
704;Zavižanski Pivčevac;Hrvaška;Velebit;1676;vrh;228244;2;2;0;;44.80503;14.99243;67;1276
705;Gromovača;Hrvaška;Velebit;1676;vrh;289835;1;1;0;;44.7731;14.9844;72;1056
706;Rossijevo zavetišče;Hrvaška;Velebit;1580;bivak;274149;3;1;0;;44.76603;14.98711;71;1111
707;Mali Rajinac;Hrvaška;Velebit;1699;vrh;295869;3;2;0;;44.79438;15.01317;73;1036
708;Planina Dolga trata;Slovenija;Kamniško Savinjske Alpe;1835;bivak,planina;305658;11;1;0;;46.3517;14.6925;74;997
709;Ciprnik;Slovenija;Julijske Alpe;1745;vrh;716072;9;4;1;7;46.46923;13.74031;98;94
710;Mojčin dom na Vitrancu;Slovenija;Julijske Alpe;1555;koča;622890;20;5;0;5;46.476;13.7598;96;152
711;Adam;Slovenija;Julijske Alpe;2012;vrh;439060;2;1;0;3;46.3406;13.83849;86;540
712;Eva;Slovenija;Julijske Alpe;2019;vrh;448277;1;1;0;3;46.34135;13.84004;87;511
713;Prvi Vogel;Slovenija;Julijske Alpe;2181;vrh;384290;4;2;0;;46.33025;13.8001;81;719
714;Srednji Vogel;Slovenija;Julijske Alpe;2226;vrh;336484;1;2;0;;46.33414;13.79845;77;883
715;Vaganski vrh;Hrvaška;Velebit;1757;vrh;451328;3;1;0;;44.3677;15.50466;87;494
716;Tominčev slap;Slovenija;Kamniško Savinjske Alpe;750;slap;355995;14;1;0;;46.39348;14.25416;79;818
717;Konjščica / Sagranberg / Monte Sagran;Avstrija, Italija;Karnijske Alpe;1931;vrh;135595;3;1;0;;46.55862;13.46121;57;1636
718;Starhand;Avstrija, Italija;Karnijske Alpe;1965;vrh;177899;4;2;0;;46.5665;13.46871;62;1474
719;Goričanska planina/Gortchacher Alm;Avstrija, Italija;Karnijske Alpe;1725;planina;121615;5;1;0;;46.56795;13.45615;56;1685
720;Setiče/Freiberg;Avstrija;Karavanke;1922;vrh;351264;5;1;0;1;46.48881;14.40935;78;833
721;Grlovec / Ferlacher Horn;Avstrija;Karavanke;1840;vrh;358963;20;6;0;;46.48666;14.31398;79;806
722;Macesnovec;Slovenija;Julijske Alpe;1926;vrh;503147;3;1;0;2;46.40378;13.90672;91;356
723;Bivak pod Kotovim sedlom;Slovenija;Julijske Alpe;1977;bivak;415624;3;2;0;;46.43066;13.6879;84;608
724;Koča na planini Kuhinja;Slovenija;Julijske Alpe;1002;koča,planina;329795;4;2;0;4;46.24144;13.65986;76;903
725;Sveti Ahac;Slovenija;Posavsko hribovje in Dolenjska;748;vrh,cerkev;375452;2;2;0;3;45.89367;14.60595;81;740
726;Janče;Slovenija;Posavsko hribovje in Dolenjska;792;vrh,koča,cerkev;597770;9;8;3;12;46.05222;14.7101;95;181
727;Sveti Miklavž nad Savo;Slovenija;Posavsko hribovje in Dolenjska;741;vrh,cerkev;449552;7;4;0;4;46.10673;14.74403;87;504
728;Cicelj;Slovenija;Posavsko hribovje in Dolenjska;836;vrh;420049;5;7;0;14;46.11061;14.72655;84;595
730;Mala gora;Slovenija;Goriško, Notranjsko in Snežniško hribovje;1034;vrh,koča;496997;13;4;0;2;45.92536;13.84464;91;363
731;Krevl;Slovenija;Julijske Alpe;1515;vrh;307291;10;8;0;1;46.23596;13.96068;74;991
732;Kravja Črna gora;Slovenija;Julijske Alpe;1541;vrh;309442;3;1;0;;46.2401;13.96039;74;983
733;Planinski dom pri Gospodični;Slovenija;Posavsko hribovje in Dolenjska;822;koča;509563;5;2;0;7;45.76639;15.29686;91;331
735;Trdinov vrh;Slovenija;Posavsko hribovje in Dolenjska;1178;vrh,cerkev;678026;5;3;5;23;45.75978;15.31811;97;116
736;Dom pri Miklavžu;Slovenija;Posavsko hribovje in Dolenjska;964;vrh,koča,cerkev;471765;2;1;1;6;45.77614;15.32267;89;434
740;Dom na Paškem Kozjaku;Slovenija;Karavanke;960;koča;420289;1;1;1;2;46.38429;15.18832;84;594
741;Špik (Paški Kozjak);Slovenija;Karavanke;1108;vrh;405991;1;1;1;2;46.38724;15.18658;83;642
742;Basališče (Paški Kozjak);Slovenija;Karavanke;1272;vrh;490141;4;3;0;5;46.39023;15.24015;90;381
743;Košenjak;Avstrija, Slovenija;Strojna, Košenjak, Kozjak in Slovenske gorice;1522;vrh;576617;10;16;5;8;46.64515;15.03009;94;214
744;Ulovka;Slovenija;Goriško, Notranjsko in Snežniško hribovje;801;vrh;425413;4;3;1;2;45.97571;14.23989;85;578
745;Dom na Košenjaku;Slovenija;Strojna, Košenjak, Kozjak in Slovenske gorice;1169;koča;329347;5;2;0;7;46.63619;15.03218;76;908
746;Svinska planina;Slovenija;Julijske Alpe;1214;planina;307064;3;1;0;;46.21896;13.55144;74;992
747;Matajur;Italija, Slovenija;Julijske Alpe;1642;vrh,cerkev;743304;19;15;4;8;46.21211;13.52945;98;83
748;Idrska planina;Slovenija;Julijske Alpe;1250;planina;278177;5;2;0;;46.21225;13.56509;71;1096
749;Mrzli vrh (na Matajurju);Slovenija;Julijske Alpe;1358;vrh;452371;6;2;0;2;46.20958;13.56234;87;490
750;Stol (Julijske Alpe);Slovenija;Julijske Alpe;1673;vrh;613997;12;4;0;7;46.27827;13.45413;96;159
751;Iški Vintgar (Vrbica);Slovenija;Goriško, Notranjsko in Snežniško hribovje;420;Vremenska napoved:;387351;5;1;0;;45.88249;14.49059;82;708
752;Sveti Lenart (Krvava Peč);Slovenija;Goriško, Notranjsko in Snežniško hribovje;805;vrh,cerkev;290983;4;5;0;1;45.86211;14.51171;73;1051
753;Kremžarjev vrh;Slovenija;Pohorje, Dravinjske gorice in Haloze;1164;vrh;513465;4;8;3;8;46.52965;15.13416;92;322
754;Koča pod Kremžarjevim vrhom;Slovenija;Pohorje, Dravinjske gorice in Haloze;1102;koča;487605;9;8;2;10;46.52821;15.12847;90;390
755;Sveta Barbara nad Slovenj Gradcem;Slovenija;Pohorje, Dravinjske gorice in Haloze;829;cerkev;221891;1;1;0;;46.51391;15.14508;66;1305
758;Bivak na Črniku;Slovenija;Julijske Alpe;1160;bivak;256934;2;1;0;;46.26463;13.64347;69;1177
759;Sinski vrh / Sinacher Gupf;Avstrija;Karavanke;1577;vrh;219295;14;4;0;;46.49439;14.19209;66;1318
760;Žingarica / Singerberg;Avstrija;Karavanke;1589;vrh;239017;9;6;0;;46.50054;14.25848;68;1244
761;Dom na Boču;Slovenija;Karavanke;658;koča,cerkev;466703;10;13;8;10;46.28347;15.59412;88;448
762;Koča na Čemšeniški planini;Slovenija;Posavsko hribovje in Dolenjska;1120;koča;646164;10;15;0;10;46.19027;14.96176;96;138
763;Črni vrh (Čemšeniška planina);Slovenija;Posavsko hribovje in Dolenjska;1204;vrh;626559;14;16;2;7;46.19395;14.9688;96;151
764;Bivak Hlek;Slovenija;Julijske Alpe;1225;bivak;312462;4;2;1;;46.26671;13.51519;75;970
765;Bukov vrh;Slovenija;Polhograjsko hribovje in Ljubljana;832;vrh,cerkev;404378;6;2;0;2;46.10907;14.2156;83;650
766;Lisca;Slovenija;Posavsko hribovje in Dolenjska;948;vrh,koča;780393;11;16;17;25;46.06797;15.28482;98;68
768;Sveti Lovrenc (nad vasjo Okroglice);Slovenija;Posavsko hribovje in Dolenjska;722;vrh,cerkev;260107;7;3;0;1;46.07652;15.24725;70;1166
769;Ključ;Slovenija;Polhograjsko hribovje in Ljubljana;623;vrh;356123;3;4;7;22;46.03978;14.34369;79;815
770;Partizanski dom na Ključu;Slovenija;Polhograjsko hribovje in Ljubljana;550;koča;326911;5;4;1;3;46.03855;14.34835;76;912
771;Sveti Urh (nad Zaklancem);Slovenija;Polhograjsko hribovje in Ljubljana;420;vrh,cerkev;356210;3;3;0;3;46.02653;14.32047;79;814
778;Slavnik;Slovenija;Goriško, Notranjsko in Snežniško hribovje;1028;vrh,koča;1011535;14;11;11;122;45.53388;13.97581;99;23
779;Kojnik;Slovenija;Goriško, Notranjsko in Snežniško hribovje;802;vrh;422787;2;3;2;7;45.50689;13.95176;85;589
780;Jampršnik;Slovenija;Goriško, Notranjsko in Snežniško hribovje;649;vrh;230397;2;2;0;4;45.50923;13.9353;67;1272
781;Slavkov dom na Golem brdu;Slovenija;Polhograjsko hribovje in Ljubljana;396;koča;427483;3;2;1;8;46.10517;14.41761;85;569
782;Sveta Marjeta pod Jeterbenkom;Slovenija;Polhograjsko hribovje in Ljubljana;482;cerkev;296052;4;3;0;;46.11068;14.39254;73;1035
784;Velika Špička;Slovenija;Goriško, Notranjsko in Snežniško hribovje;955;vrh;388099;3;4;2;2;45.83534;14.39687;82;704
786;Planinski dom na Kalu;Slovenija;Posavsko hribovje in Dolenjska;946;koča;385305;6;5;0;1;46.17332;15.10805;81;715
787;Lovska koča na Taležu;Slovenija;Škofjeloško, Cerkljansko hribovje in Jelovica;725;koča,planina;472665;5;3;0;3;46.33611;14.11808;89;432
788;Kopitnik;Slovenija;Posavsko hribovje in Dolenjska;910;vrh;585450;7;6;5;1;46.11028;15.17886;95;201
789;Koča na Kopitniku;Slovenija;Posavsko hribovje in Dolenjska;865;koča;404406;12;5;4;6;46.11401;15.17281;83;649
790;Dom v Gorah;Slovenija;Posavsko hribovje in Dolenjska;762;vrh,koča,cerkev;392075;16;6;4;;46.11492;15.13841;82;690
794;GEOSS;Slovenija;Posavsko hribovje in Dolenjska;645;koča;409689;9;4;3;6;46.12031;14.81553;84;626
795;Dom na Zgornji Slivni;Slovenija;Posavsko hribovje in Dolenjska;826;koča,cerkev;292491;6;4;0;3;46.11827;14.80734;73;1049
796;Slivna (Pivkelj);Slovenija;Posavsko hribovje in Dolenjska;880;vrh;325999;4;5;1;2;46.12055;14.79644;76;917
797;Dom Ušte - Žerenk;Slovenija;Posavsko hribovje in Dolenjska;658;koča;413483;7;6;0;3;46.1215;14.77218;84;615
798;Sveta Marija na Planinski gori;Slovenija;Goriško, Notranjsko in Snežniško hribovje;782;cerkev;365021;6;6;0;;45.8375;14.23367;80;780
799;Lovska koča na Planinski gori;Slovenija;Goriško, Notranjsko in Snežniško hribovje;879;koča;313246;5;5;0;;45.84046;14.23116;75;965
802;Petričev hrib;Slovenija;Goriško, Notranjsko in Snežniško hribovje;937;vrh;284121;4;4;1;1;45.83407;14.21325;72;1076
803;Polšakova koča na Zagori;Slovenija;Goriško, Notranjsko in Snežniško hribovje;822;Vremenska napoved:;174894;7;2;0;;45.86262;14.18226;61;1483
804;Gora (Sveti Lovrenc);Slovenija;Goriško, Notranjsko in Snežniško hribovje;1019;vrh,cerkev;485523;8;3;0;4;45.83905;14.16735;90;395
805;Polna peč;Slovenija;Karavanke;1503;vrh;343241;7;2;0;8;46.4389;14.25617;77;862
806;Sveta Trojica;Slovenija;Goriško, Notranjsko in Snežniško hribovje;1106;vrh;561819;13;4;5;8;45.72505;14.27125;94;240
807;Osojnica;Slovenija;Goriško, Notranjsko in Snežniško hribovje;820;vrh;339652;2;2;4;4;45.68659;14.16756;77;877
808;Pirnatova koča na Javorniku;Slovenija;Goriško, Notranjsko in Snežniško hribovje;1156;koča;523139;4;6;2;4;45.89477;14.07528;92;305
809;Javornik (nad Črnim Vrhom);Slovenija;Goriško, Notranjsko in Snežniško hribovje;1240;vrh;602905;7;8;0;7;45.89589;14.07173;95;176
810;Dobrač / Dobratsch;Avstrija;Ziljske Alpe;2166;vrh,koča,cerkev;610701;27;4;0;8;46.60372;13.6703;96;165
811;Zwolfernock;Avstrija;Ziljske Alpe;2049;vrh;217353;2;1;0;4;46.60144;13.6894;65;1325
812;Partizanski dom na Vodiški planini;Slovenija;Škofjeloško, Cerkljansko hribovje in Jelovica;1108;koča,planina;569073;19;15;0;6;46.2934;14.18082;94;229
813;Sinji vrh;Slovenija;Goriško, Notranjsko in Snežniško hribovje;1002;vrh;608114;16;11;2;7;45.90828;13.93735;96;167
814;Navrše;Slovenija;Goriško, Notranjsko in Snežniško hribovje;857;vrh;261772;5;3;0;2;45.9114;13.91686;70;1160
815;Otliški maj;Slovenija;Goriško, Notranjsko in Snežniško hribovje;847;vrh;263932;3;3;0;2;45.92104;13.90796;70;1147
816;Otliško okno;Slovenija;Goriško, Notranjsko in Snežniško hribovje;800;Vremenska napoved:;611458;10;3;1;9;45.91647;13.9134;96;163
818;Dom na Čreti;Slovenija;Kamniško Savinjske Alpe;870;koča,cerkev;491270;10;8;2;5;46.27682;14.95921;90;377
819;Koča na Kozleku;Slovenija;Goriško, Notranjsko in Snežniško hribovje;997;vrh,koča;373622;4;3;0;2;45.54458;14.32259;81;746
820;Srednji vrh pri Kozleku;Slovenija;Goriško, Notranjsko in Snežniško hribovje;923;vrh;184071;2;2;0;1;45.54823;14.31222;62;1451
821;Veliki Javornik (Javorniki);Slovenija;Goriško, Notranjsko in Snežniško hribovje;1268;vrh;534357;8;3;0;1;45.758;14.29508;93;282
822;Višarska planina / Malga di Lussari;Italija;Julijske Alpe;1570;planina;327528;5;2;0;;46.47591;13.5335;76;910
823;Bevkov vrh;Slovenija;Škofjeloško, Cerkljansko hribovje in Jelovica;1051;vrh;532848;5;8;2;5;46.08662;14.00683;93;285
824;Sivka;Slovenija;Škofjeloško, Cerkljansko hribovje in Jelovica;1008;vrh;506047;5;8;6;8;46.05717;14.04798;91;347
825;Muzec - Musc (Mali Muzec);Slovenija;Julijske Alpe;1612;vrh;354366;5;1;0;1;46.28734;13.41855;79;823
826;Bivak pod Muzcem;Slovenija;Julijske Alpe;1529;bivak,sedlo;326523;2;1;0;1;46.28743;13.41393;76;915
827;Andrejev dom na Slemenu;Slovenija;Karavanke;1086;koča;489897;6;6;5;9;46.43816;14.96475;90;382
828;Divje jezero;Slovenija;Goriško, Notranjsko in Snežniško hribovje;350;jezero;347002;3;3;0;1;45.98219;14.0279;78;845
829;Hleviška planina;Slovenija;Škofjeloško, Cerkljansko hribovje in Jelovica;908;vrh;479298;5;5;1;4;45.98453;13.9942;89;414
830;Koča na Hleviški planini;Slovenija;Škofjeloško, Cerkljansko hribovje in Jelovica;815;koča;455270;15;5;0;5;45.98723;13.99585;87;479
831;Iglica;Slovenija;Julijske Alpe;550;vrh,slap;259408;2;1;0;;46.34817;14.05965;70;1168
832;Galetovec;Slovenija;Julijske Alpe;1265;vrh;555797;6;11;0;2;46.33145;14.03875;94;249
833;Planina za Jamo;Slovenija;Julijske Alpe;1005;planina;230712;3;1;0;;46.32256;14.03886;67;1271
834;Školj sv. Pavla nad Vrtovinom;Slovenija;Goriško, Notranjsko in Snežniško hribovje;520;vrh,cerkev;246729;6;4;0;4;45.91233;13.80967;68;1214
835;Jelenk;Slovenija;Škofjeloško, Cerkljansko hribovje in Jelovica;1107;vrh;424374;3;3;2;;46.05374;13.98871;85;582
837;Donačka gora;Slovenija;Karavanke;884;vrh;732820;8;11;7;45;46.26268;15.7423;98;87
838;Rudijev dom na Donački gori;Slovenija;Karavanke;590;koča;332140;4;5;1;6;46.26447;15.73468;77;891
839;Veliko Kozje;Slovenija;Posavsko hribovje in Dolenjska;993;vrh;470203;4;5;5;3;46.0876;15.2173;89;440
840;Furlanovo zavetišče pri Abramu;Slovenija;Goriško, Notranjsko in Snežniško hribovje;900;koča;506655;6;8;1;7;45.81891;14.01858;91;340
841;Mariborska koča;Slovenija;Pohorje, Dravinjske gorice in Haloze;1086;koča;583392;6;16;4;9;46.5015;15.55552;95;203
842;Ruška koča na Arehu;Slovenija;Pohorje, Dravinjske gorice in Haloze;1246;koča,cerkev;591455;10;18;0;9;46.49505;15.50823;95;192
843;Koča na Črnem vrhu nad Novaki;Slovenija;Škofjeloško, Cerkljansko hribovje in Jelovica;1245;koča;341279;3;1;0;2;46.16174;14.05758;77;871
844;Grad Socerb;Slovenija;Goriško, Notranjsko in Snežniško hribovje;437;vrh,koča,cerkev;536448;8;6;0;8;45.58941;13.86097;93;279
845;Tinjan;Slovenija;Goriško, Notranjsko in Snežniško hribovje;374;vrh,cerkev;501176;14;6;0;9;45.56138;13.83504;91;360
846;Mornova zijalka;Slovenija;Karavanke;550;Vremenska napoved:;270713;3;1;0;;46.41277;14.97437;71;1128
847;Sveti Donat;Slovenija;Karavanke;511;cerkev;202869;3;1;0;;46.25794;15.73851;64;1386
848;Gašperjeva koča pod Velikim Kozjem;Slovenija;Posavsko hribovje in Dolenjska;436;Vremenska napoved:;273097;1;1;0;1;46.08918;15.20873;71;1118
849;Škabrijel;Slovenija;Goriško, Notranjsko in Snežniško hribovje;646;vrh;508678;4;6;4;13;45.97629;13.67757;91;333
850;Gora Oljka;Slovenija;Kamniško Savinjske Alpe;733;vrh,koča,cerkev;646228;16;9;8;6;46.32561;15.05918;96;137
852;Dom pod Reško planino;Slovenija;Posavsko hribovje in Dolenjska;664;koča,cerkev;342462;6;6;2;;46.20627;15.06411;77;866
853;Reška planina;Slovenija;Posavsko hribovje in Dolenjska;925;vrh;354783;4;6;1;;46.2097;15.05989;79;821
854;Kamnik;Slovenija;Posavsko hribovje in Dolenjska;861;vrh,bivak;413269;5;4;1;1;46.20564;15.129;84;616
855;Golava;Slovenija;Posavsko hribovje in Dolenjska;834;vrh,bivak;413100;4;5;0;1;46.20685;15.10534;84;618
856;Gozdnik;Slovenija;Posavsko hribovje in Dolenjska;1090;vrh,bivak;482659;9;9;5;2;46.19241;15.15299;89;404
857;Kotečnik;Slovenija;Posavsko hribovje in Dolenjska;772;vrh;360685;4;2;2;1;46.20143;15.18139;79;800
858;Dom na Bukovici;Slovenija;Posavsko hribovje in Dolenjska;584;vrh,koča;365917;5;4;0;;46.22084;15.16644;80;776
859;Dragov dom na Homu;Slovenija;Posavsko hribovje in Dolenjska;607;vrh,koča,cerkev;395805;5;6;0;4;46.21911;15.12562;82;678
860;Dom na Šmohorju;Slovenija;Posavsko hribovje in Dolenjska;784;vrh,koča,cerkev;579410;6;8;0;12;46.18179;15.18697;94;211
861;Malič;Slovenija;Posavsko hribovje in Dolenjska;936;vrh;413919;4;8;1;4;46.18315;15.20796;84;614
862;Sveti Miklavž nad Vipavo;Slovenija;Goriško, Notranjsko in Snežniško hribovje;438;cerkev;295834;6;2;0;1;45.81944;13.98216;73;1037
863;Gradiška Tura;Slovenija;Goriško, Notranjsko in Snežniško hribovje;754;vrh;675408;7;5;1;11;45.82929;13.97975;97;118
864;Vodice;Slovenija;Goriško, Notranjsko in Snežniško hribovje;651;vrh;373369;12;11;0;5;46.01438;13.63623;81;747
865;Dom na Sabotinu;Slovenija;Goriško, Notranjsko in Snežniško hribovje;560;koča;449122;1;2;1;6;45.99102;13.63133;87;507
867;Stjenkova koča na Trstelju;Slovenija;Goriško, Notranjsko in Snežniško hribovje;610;koča;402908;3;8;1;17;45.8571;13.70593;83;657
868;Trstelj;Slovenija;Goriško, Notranjsko in Snežniško hribovje;643;vrh;583371;6;9;4;28;45.85784;13.70382;95;204
869;Zavetišče na Koradi;Slovenija;Goriško, Notranjsko in Snežniško hribovje;803;koča;334817;1;2;0;4;46.06565;13.55834;77;886
870;Korada;Slovenija;Goriško, Notranjsko in Snežniško hribovje;812;vrh,cerkev;539887;2;3;3;11;46.06493;13.56053;93;272
871;Veliki Slomnik;Slovenija;Posavsko hribovje in Dolenjska;609;vrh;299154;1;6;1;5;46.20334;15.21194;73;1023
872;Hom nad Celjem;Slovenija;Posavsko hribovje in Dolenjska;570;vrh;330870;2;4;1;1;46.21956;15.22503;77;896
873;Planinski dom na Brnici;Slovenija;Posavsko hribovje in Dolenjska;457;koča;364890;2;4;0;2;46.22069;15.1992;80;784
874;Resevna;Slovenija;Posavsko hribovje in Dolenjska;650;vrh,koča;557074;8;8;7;11;46.19307;15.36802;94;247
875;Rifnik;Slovenija;Posavsko hribovje in Dolenjska;568;vrh;396548;15;4;1;4;46.19831;15.4068;82;675
876;Pečovniška koča na Grmadi;Slovenija;Posavsko hribovje in Dolenjska;620;koča;368986;4;6;1;3;46.19764;15.27824;80;762
877;Grmada nad Celjem;Slovenija;Posavsko hribovje in Dolenjska;718;vrh;531044;6;5;1;11;46.20143;15.27142;92;289
878;Celjska koča;Slovenija;Posavsko hribovje in Dolenjska;652;koča;659508;5;13;1;7;46.1949;15.27481;97;128
879;Tolsti vrh nad Celjsko kočo;Slovenija;Posavsko hribovje in Dolenjska;834;vrh;454228;3;14;0;6;46.1915;15.28182;87;484
880;Almin dom na Svetini;Slovenija;Posavsko hribovje in Dolenjska;772;koča,cerkev;478070;1;12;0;2;46.19026;15.30244;89;416
881;Srebotnik;Slovenija;Posavsko hribovje in Dolenjska;700;vrh;439219;3;8;2;7;46.20029;15.29585;86;539
882;Stari grad na Grajskem hribu;Slovenija;Posavsko hribovje in Dolenjska;407;vrh;282806;4;3;0;4;46.21981;15.27139;72;1081
883;Stolpnik;Slovenija;Karavanke;1012;vrh;521251;13;18;9;14;46.33448;15.36826;92;307
884;Skala;Slovenija;Karavanke;777;vrh;354666;4;5;3;7;46.32526;15.41553;79;822
885;Grad Konjice;Slovenija;Karavanke;515;vrh;235647;7;2;0;9;46.33585;15.40977;67;1256
886;Planinski dom Šentjungert;Slovenija;Kamniško Savinjske Alpe;565;vrh,koča,cerkev;406425;7;2;0;2;46.29863;15.21759;83;639
887;Skalica (Bohor);Slovenija;Posavsko hribovje in Dolenjska;951;vrh;264495;8;7;0;2;46.06843;15.40363;70;1146
888;Veliki Javornik (Bohor);Slovenija;Posavsko hribovje in Dolenjska;1023;vrh;544092;7;12;1;5;46.06775;15.42841;93;267
889;Koprivnik (Bohor);Slovenija;Posavsko hribovje in Dolenjska;984;vrh;294726;2;9;0;2;46.07068;15.44859;73;1042
890;Koča na Bohorju;Slovenija;Posavsko hribovje in Dolenjska;896;koča;475384;4;10;5;4;46.06534;15.45287;89;424
891;Ankaran;Slovenija;Goriško, Notranjsko in Snežniško hribovje;18;Vremenska napoved:;426319;5;3;0;6;45.5793;13.73722;85;575
892;Framski slap;Slovenija;Pohorje, Dravinjske gorice in Haloze;925;slap;344642;3;3;0;;46.49816;15.55292;78;856
893;Mariborski razglednik (Cigelnica);Slovenija;Pohorje, Dravinjske gorice in Haloze;1147;vrh;365898;4;7;0;2;46.51178;15.56503;80;777
894;Žigartov vrh;Slovenija;Pohorje, Dravinjske gorice in Haloze;1346;vrh;389812;4;17;0;3;46.49446;15.48712;82;699
895;Korošaški slapovi;Slovenija;Kamniško Savinjske Alpe;800;slap;415242;5;1;0;1;46.2851;14.56286;84;609
897;Sedlata gorica (Pogorelec);Slovenija;Posavsko hribovje in Dolenjska;817;vrh;262381;4;1;0;10;45.73667;15.02288;70;1156
898;Sveti Peter;Slovenija;Posavsko hribovje in Dolenjska;888;vrh;446196;10;3;3;2;45.76675;14.97917;87;517
899;Gače;Slovenija;Posavsko hribovje in Dolenjska;955;vrh;388916;10;1;2;3;45.65485;15.0875;82;703
900;Črni vrh nad Novaki;Slovenija;Škofjeloško, Cerkljansko hribovje in Jelovica;1291;vrh,jezero;356098;6;2;0;;46.16422;14.06568;79;816
901;Veliki Rog;Slovenija;Posavsko hribovje in Dolenjska;1099;vrh;368568;3;2;0;2;45.68521;14.99528;80;766
903;Izvir Nežice;Slovenija;Goriško, Notranjsko in Snežniško hribovje;390;slap;233701;5;1;0;;45.49007;14.88372;67;1262
904;Veliki Drgomalj;Hrvaška;Gorski Kotar in Istra;1154;vrh;84822;2;1;0;;45.43795;14.79056;52;1832
905;Japlenški vrh;Hrvaška;Gorski Kotar in Istra;842;Vremenska napoved:;75610;1;1;0;;45.39767;14.79058;51;1869
906;Veliki Rogatec (Veliki Rogac);Slovenija;Kamniško Savinjske Alpe;1557;vrh;562644;20;8;0;6;46.31974;14.74118;94;239
907;Veliki Planik;Hrvaška;Gorski Kotar in Istra;1272;vrh;155152;2;1;0;;45.36163;14.19076;59;1562
908;Mali Planik;Hrvaška;Gorski Kotar in Istra;1265;vrh;80494;2;1;0;;45.35864;14.1956;52;1849
909;Planinski dom na Poklonu;Hrvaška;Gorski Kotar in Istra;922;koča;194269;3;1;0;1;45.30859;14.21556;63;1412
910;Vojak;Hrvaška;Gorski Kotar in Istra;1401;vrh;482093;6;2;3;1;45.28496;14.20199;89;405
912;Kršičevec;Slovenija;Goriško, Notranjsko in Snežniško hribovje;1091;vrh;379888;14;3;1;2;45.66523;14.33318;81;725
913;Planinsko zavetišče na Bjelolasici;Hrvaška;Gorski Kotar in Istra;1460;bivak;88716;2;1;0;;45.26894;14.96583;53;1819
914;Bjelolasica;Hrvaška;Gorski Kotar in Istra;1534;vrh;309420;2;2;0;;45.27359;14.96117;74;984
915;Slap Mali Šumik;Slovenija;Pohorje, Dravinjske gorice in Haloze;890;slap;224039;4;4;1;;46.4862;15.45335;66;1295
916;Slap Veliki Šumik;Slovenija;Pohorje, Dravinjske gorice in Haloze;950;slap;461414;2;6;1;3;46.48341;15.45342;88;462
917;Sveti Trije kralji;Slovenija;Pohorje, Dravinjske gorice in Haloze;1181;koča,cerkev;511017;11;13;3;8;46.43769;15.45884;91;326
918;Črno jezero na Pohorju;Slovenija;Pohorje, Dravinjske gorice in Haloze;1196;jezero;549244;5;7;0;12;46.44994;15.43096;93;261
919;Planinski dom na Platku;Hrvaška;Gorski Kotar in Istra;1111;koča;113571;2;0;0;;45.42926;14.56512;55;1721
920;Planinski dom Sušak;Hrvaška;Gorski Kotar in Istra;1127;koča;96069;2;0;0;;45.42369;14.56727;53;1786
921;Veliki Risnjak;Hrvaška;Gorski Kotar in Istra;1528;vrh;404826;3;3;0;1;45.43154;14.62128;83;647
922;Planinski dom na Risnjaku;Hrvaška;Gorski Kotar in Istra;1418;koča;167247;2;1;0;1;45.4293;14.622;60;1519
923;Snježnik;Hrvaška;Gorski Kotar in Istra;1506;vrh,koča;282679;2;2;2;2;45.44057;14.58408;72;1082
925;Vidikovac;Hrvaška;Gorski Kotar in Istra;1408;vrh;128614;1;1;0;;45.42302;14.61539;57;1662
930;Šentanski vrh;Slovenija;Kamniško Savinjske Alpe;1635;vrh;452685;6;14;0;20;46.38222;14.25407;87;489
931;Sveti Jurij nad Tržičem;Slovenija;Kamniško Savinjske Alpe;673;vrh,cerkev;160034;4;3;0;3;46.35947;14.28842;60;1545
932;Sveti Urban (nad Kozjim Vrhom);Avstrija, Slovenija;Strojna, Košenjak, Kozjak in Slovenske gorice;1329;cerkev;304396;8;5;0;;46.64963;15.07349;74;1002
933;Kobesnock;Avstrija;Ziljske Alpe;1820;vrh;187659;5;1;0;;46.64884;13.60075;62;1438
934;Wertschacher Alm;Avstrija;Ziljske Alpe;1672;planina,sedlo;131472;2;1;0;;46.64449;13.59189;57;1647
935;Čegla gora/Tschekelnock;Avstrija;Ziljske Alpe;1893;vrh;186307;2;1;0;;46.65197;13.53707;62;1442
936;Kal (nad Komno);Slovenija;Julijske Alpe;2001;vrh;406275;6;1;0;;46.31074;13.74403;83;640
937;Koralpenhaus (Golica/Koralpe);Avstrija;Labotniške Alpe;1966;koča,planina;128685;7;1;0;;46.79115;14.95636;57;1661
938;Großer Speikkogel (Golica / Koralpe);Avstrija;Labotniške Alpe;2140;vrh;448590;17;17;0;1;46.78698;14.97189;87;509
939;Seespitz (Golica/Koralpe);Avstrija;Labotniške Alpe;2066;vrh;169844;9;8;0;;46.78896;14.97875;61;1506
940;Großhöllerhütte (Golica/Koralpe);Avstrija;Labotniške Alpe;1790;koča;119658;3;3;0;;46.8107;14.96705;56;1696
941;Slap Poms (Golica/Koralpe);Avstrija;Labotniške Alpe;1671;slap;106265;2;1;0;;46.80694;14.9685;54;1747
942;Wolfsberger Hütte;Avstrija;Labotniške Alpe;1827;koča;109862;5;3;0;;46.83411;14.65881;55;1733
943;Speikkogel (planina Svinja / Saualpe);Avstrija;Labotniške Alpe;1901;vrh;100899;1;3;0;;46.8256;14.65168;54;1769
944;Großer Sauofen;Avstrija;Labotniške Alpe;1895;vrh;108865;2;3;0;;46.82407;14.64931;55;1737
945;Velika Svinja / Ladinger Spitz;Avstrija;Labotniške Alpe;2079;vrh;210978;12;6;0;;46.85375;14.65109;65;1355
946;Ladinger Hütte;Avstrija;Labotniške Alpe;1738;koča,planina;90560;1;1;0;;46.86115;14.67014;53;1808
947;Gostišče Zeleni Rob;Slovenija;Kamniško Savinjske Alpe;1612;koča,planina;493500;2;1;0;9;46.30038;14.64016;90;370
952;Goldeck;Avstrija;Ziljske Alpe;2142;vrh,koča;290452;5;1;0;;46.75896;13.45883;73;1053
953;Latschur;Avstrija;Ziljske Alpe;2236;vrh;247873;6;1;0;;46.73829;13.39675;68;1208
954;Almspitz;Avstrija;Ziljske Alpe;2180;vrh;151474;4;1;0;;46.73382;13.4009;59;1574
955;Techendorfer Alm;Avstrija;Ziljske Alpe;1573;koča,planina;138931;4;1;0;;46.72295;13.40414;58;1624
958;Eckwand;Avstrija;Ziljske Alpe;2221;vrh;168883;7;2;0;;46.73486;13.41422;61;1511
959;Kopasnock;Avstrija;Ziljske Alpe;2087;vrh;146947;4;1;0;;46.72933;13.42267;58;1594
960;Hochstaff;Avstrija;Ziljske Alpe;2217;vrh;150586;5;1;0;;46.73605;13.43913;59;1580
961;Karalm Hütte;Avstrija;Ziljske Alpe;1550;koča,planina;139494;3;1;0;;46.71527;13.4451;58;1621
966;Sveto brdo;Hrvaška;Velebit;1751;vrh;312443;1;2;0;;44.32861;15.56972;75;971
967;Sveti Ilija (Biokovo);Hrvaška;Biokovo in Dalmacija;913;koča,planina,cerkev;156938;1;0;0;;43.25912;17.10287;59;1556
968;Vošac;Hrvaška;Biokovo in Dalmacija;1422;vrh,koča;161217;2;4;0;;43.31071;17.04634;60;1539
969;Štrbina;Hrvaška;Biokovo in Dalmacija;1338;sedlo;102515;1;1;0;;43.3091;17.04867;54;1763
970;Sveti Jurij (Biokovo);Hrvaška;Biokovo in Dalmacija;1762;vrh,cerkev;390096;3;2;1;;43.34157;17.05436;82;697
971;Planinska koča pod Svetim Jurijem;Hrvaška;Biokovo in Dalmacija;1594;koča;120732;2;0;0;;43.33933;17.05366;56;1690
972;Križevac;Bosna in Hercegovina;Hercegovina;448;vrh;191847;3;1;0;;43.17536;17.66818;63;1425
973;Dinara;Hrvaška;Dinara in Lika;1831;vrh;305213;3;3;0;;44.06252;16.38293;74;999
974;Planinska koča Brezovac;Hrvaška;Dinara in Lika;1050;koča;104127;2;1;0;;44.09646;16.34746;54;1756
976;Boskovec;Slovenija;Kamniško Savinjske Alpe;1587;vrh;470888;6;10;1;3;46.38096;14.91099;89;438
977;Veliki Špiček;Slovenija;Posavsko hribovje in Dolenjska;686;vrh;323994;8;5;1;3;46.02528;15.64934;76;923
979;Oberdraßnitzer Alm;Avstrija;Visoke Ture;1670;planina;53342;3;1;0;;46.79895;13.11181;49;1957
980;Hochkreuz;Avstrija;Visoke Ture;2709;vrh;104138;3;2;0;;46.81507;13.07385;54;1755
981;Kl. Hochkreuz;Avstrija;Visoke Ture;2611;vrh;53079;1;1;0;;46.81137;13.07256;49;1958
982;Hochleitenk;Avstrija;Visoke Ture;2581;vrh;55776;2;1;0;;46.80983;13.07116;49;1948
983;Eckensee;Avstrija;Visoke Ture;2481;jezero;52663;1;1;0;;46.80962;13.07429;49;1961
984;Unterdraßnitzer Alm;Avstrija;Visoke Ture;1673;planina;54144;5;1;0;;46.79237;13.07787;49;1955
985;Jaukenalm;Avstrija;Ziljske Alpe;1934;planina;131051;2;1;0;;46.69532;13.07206;57;1650
986;Jaukenstöckl;Avstrija;Ziljske Alpe;2209;vrh;129417;3;1;0;;46.70116;13.05703;57;1656
987;Jaukenhöhe;Avstrija;Ziljske Alpe;2234;vrh;144562;1;1;0;;46.70132;13.06266;58;1601
988;Torkofel;Avstrija;Ziljske Alpe;2276;vrh;192176;1;1;0;;46.70155;13.07695;63;1423
989;Reißkofel;Avstrija;Ziljske Alpe;2371;vrh;309755;8;4;0;;46.68577;13.14654;74;980
992;Gregorihütte;Avstrija;Ziljske Alpe;1492;koča,planina;133533;2;1;0;;46.6724;13.15509;57;1643
993;Reißkofel Biwak;Avstrija;Ziljske Alpe;1799;bivak;141409;4;1;0;;46.68335;13.12551;58;1613
994;Kleiner Reißkofel;Avstrija;Ziljske Alpe;2161;vrh;135696;4;2;0;;46.68742;13.15821;57;1635
995;Teme (pri Rjavini);Slovenija;Julijske Alpe;2136;vrh;288382;5;1;0;;46.38747;13.88754;72;1064
996;Suhi vrh;Slovenija;Julijske Alpe;2109;vrh;392035;3;1;1;;46.42901;13.7281;82;691
999;Kornock;Avstrija;Krške Alpe;2193;vrh;128766;1;1;0;;46.91518;13.85561;57;1660
1000;Rinsennock;Avstrija;Krške Alpe;2334;vrh;223537;3;2;0;1;46.90967;13.85013;66;1300
1001;Klomnock;Avstrija;Krške Alpe;2331;vrh;219203;4;2;0;5;46.8813;13.78809;66;1319
1002;Schoberriegel;Avstrija;Krške Alpe;2208;vrh;137939;6;1;0;2;46.91065;13.89393;58;1626
1003;Gruft;Avstrija;Krške Alpe;2232;vrh;131350;3;1;0;1;46.90548;13.90213;57;1648
1004;Kaserhöhe;Avstrija;Krške Alpe;2318;vrh;136150;5;1;0;;46.91221;13.9174;57;1631
1006;Bretthöhe;Avstrija;Krške Alpe;2320;vrh;164096;6;1;0;;46.91242;13.93646;60;1527
1007;Markljev Rovt;Slovenija;Karavanke;1250;planina;260576;3;1;0;;46.47849;14.08355;70;1163
1008;Krvavka;Avstrija, Slovenija;Karavanke;1784;vrh;310605;3;1;0;4;46.48921;14.06515;75;976
1009;Jägersteighütte;Avstrija;Visoke Ture;1981;koča;96198;2;1;0;;47.08778;13.32809;53;1785
1010;Pfringersee;Avstrija;Visoke Ture;2230;jezero;70403;2;1;0;;47.09194;13.32135;51;1887
1011;Arlhöhe;Avstrija;Visoke Ture;2326;vrh;80317;1;1;0;;47.089;13.31321;52;1850
1012;Konradhütte;Avstrija;Visoke Ture;1600;koča,jezero,planina;60933;3;1;0;;46.98645;13.23406;50;1926
1013;Dösner Hütte;Avstrija;Visoke Ture;1976;koča,planina;68106;2;1;0;;46.98797;13.2487;50;1897
1014;Arthur Von Schmid Haus;Avstrija;Visoke Ture;2275;koča,jezero;109403;5;1;0;;46.98906;13.26702;55;1736
1015;Säuleck;Avstrija;Visoke Ture;3086;vrh;461670;12;3;0;;46.99692;13.28755;88;461
1016;Ankogel;Avstrija;Visoke Ture;3252;vrh;505315;9;2;1;1;47.05072;13.24847;91;350
1017;Kleine Ankogel;Avstrija;Visoke Ture;3096;vrh;147708;3;1;0;1;47.0477;13.24641;58;1590
1018;Hochalmblick;Avstrija;Visoke Ture;1940;koča,planina;65312;3;1;0;;47.02822;13.19508;50;1907
1019;Hannoverhaus;Avstrija;Visoke Ture;2720;koča,cerkev;105273;6;1;0;;47.04402;13.21482;54;1752
1021;Großer Hafner;Avstrija;Visoke Ture;3076;vrh;426707;4;1;0;;47.07005;13.40076;85;574
1022;Kattowitzer Hütte;Avstrija;Visoke Ture;2321;koča,planina;170290;3;1;0;;47.05835;13.39118;61;1504
1023;Landawirsee Hütte;Avstrija;Nizke Ture;1985;koča,jezero,planina;71977;2;1;0;;47.27099;13.72607;51;1882
1024;Unterer Landawirsee;Avstrija;Nizke Ture;2000;jezero,planina;49707;2;1;0;;47.26846;13.72407;48;1976
1025;Oberer Landawirsee;Avstrija;Nizke Ture;2047;jezero;52512;3;1;0;;47.26586;13.71965;49;1962
1026;Scharnock;Avstrija;Nizke Ture;2498;vrh;54962;1;1;0;;47.25829;13.71324;49;1952
1027;Hochgolling;Avstrija;Nizke Ture;2863;vrh;166749;2;1;0;;47.26631;13.76064;60;1520
1028;Rudolf Schober Hütte;Avstrija;Nizke Ture;1667;koča;55452;1;1;0;;47.25185;13.97389;49;1949
1029;Unterer Wildenkarsee;Avstrija;Nizke Ture;1891;jezero;54714;6;1;0;;47.25954;13.96946;49;1953
1030;Oberer Wildenkarsee;Avstrija;Nizke Ture;2053;jezero;56252;3;1;0;;47.26304;13.96276;49;1946
1031;Bauleiteck;Avstrija;Nizke Ture;2424;vrh;63615;3;1;0;;47.271;13.96917;50;1915
1032;Preber;Avstrija;Nizke Ture;2740;vrh;201012;7;2;0;1;47.21996;13.86468;64;1390
1033;Roteck;Avstrija;Nizke Ture;2742;vrh;89461;5;1;0;;47.23008;13.84998;53;1815
1034;Preberhalterhütte;Avstrija;Nizke Ture;1862;koča,planina;61249;5;1;0;;47.1992;13.8626;50;1925
1035;Krofička;Slovenija;Kamniško Savinjske Alpe;2083;vrh;685648;7;5;2;2;46.37456;14.64503;97;112
1036;Rifugio Gilberti;Italija;Julijske Alpe;1850;koča;364615;2;2;1;;46.37194;13.46127;79;786
1037;Bivak Marussich;Italija;Julijske Alpe;2041;bivak,sedlo;273723;14;5;0;;46.37206;13.42438;71;1114
1038;Žrd / Sart;Italija;Julijske Alpe;2324;vrh;402919;13;5;0;;46.38215;13.39984;83;656
1039;Vrh Grubje;Italija;Julijske Alpe;2240;vrh;242634;2;1;0;;46.37203;13.41694;68;1232
1040;Planina Zgornja Gorjuda;Italija;Julijske Alpe;1404;bivak,planina;196621;2;1;0;;46.38629;13.43932;63;1405
1041;Viš/Jof Fuart;Italija;Julijske Alpe;2666;vrh;660754;14;5;0;2;46.42996;13.49155;97;127
1042;Rifugio Corsi;Italija;Julijske Alpe;1874;koča;393181;4;4;2;1;46.42212;13.50003;82;689
1043;Bivak Gorizia;Italija;Julijske Alpe;1950;bivak;298467;4;1;0;3;46.42571;13.51796;73;1026
1045;Glave;Slovenija;Julijske Alpe;1760;vrh;245486;3;2;0;1;46.46647;13.70185;68;1220
1046;Mala Ponca;Italija, Slovenija;Julijske Alpe;1925;vrh;507387;4;4;1;1;46.46818;13.6932;91;338
1047;Zavetišče pod Ponco;Italija;Julijske Alpe;1657;bivak;323635;1;1;0;;46.46638;13.6855;76;925
1048;Rifugio Zacchi;Italija;Julijske Alpe;1380;koča;403720;3;1;2;;46.45921;13.6843;83;654
1049;Izvir Boke;Slovenija;Julijske Alpe;850;Vremenska napoved:;273811;9;1;0;;46.32263;13.48141;71;1112
1050;Srednja Ponca;Italija, Slovenija;Julijske Alpe;2228;vrh;440698;5;2;1;;46.45676;13.69881;86;533
1051;Zadnja Ponca;Italija, Slovenija;Julijske Alpe;2242;vrh;344893;4;2;1;;46.45048;13.69495;78;854
1052;Pihavec;Slovenija;Julijske Alpe;2419;vrh;538438;7;4;3;1;46.39254;13.80664;93;273
1053;Špik Hude police / Cima di Terrarossa;Italija;Julijske Alpe;2431;vrh;715573;2;2;0;5;46.4266;13.45217;98;95
1054;Mali Šmohor;Slovenija;Julijske Alpe;1939;vrh;334139;4;2;0;;46.27923;13.68712;77;888
1055;Veliki Šmohor;Slovenija;Julijske Alpe;1944;vrh;404629;2;2;0;;46.27427;13.68549;83;648
1056;Bivak Nogara;Italija;Julijske Alpe;1850;bivak;321927;4;1;0;;46.44718;13.65418;76;932
1057;Travnik;Slovenija;Julijske Alpe;2252;vrh;419457;7;1;2;;46.33751;13.74382;84;600
1058;Plaski Vogel;Slovenija;Julijske Alpe;2348;vrh;403568;4;1;1;;46.33771;13.75064;83;655
1059;Planina Za skalo;Slovenija;Julijske Alpe;1510;planina;362920;8;1;0;;46.31904;13.71744;79;792
1060;Rušnata Mlinarica;Slovenija;Julijske Alpe;1777;vrh;280678;6;2;1;1;46.41265;13.87945;72;1091
1061;Hajnževo sedlo;Avstrija, Slovenija;Karavanke;1701;sedlo;425463;4;4;0;1;46.4336;14.3056;85;577
1062;Šplevta;Slovenija;Julijske Alpe;2272;Vremenska napoved:;440401;3;2;0;;46.43571;13.84014;86;534
1063;Dom na Gospincu (Hotel Rozka);Slovenija;Kamniško Savinjske Alpe;1491;koča,planina;447763;3;8;0;4;46.29583;14.52243;87;513
1064;Bivak v Kočni;Slovenija;Kamniško Savinjske Alpe;1952;bivak;354146;3;1;0;;46.3508;14.52441;78;825
1065;Dom na Travni Gori;Slovenija;Goriško, Notranjsko in Snežniško hribovje;906;koča;299062;5;2;0;;45.7355;14.64488;73;1024
1066;Koča na Kamnem griču;Slovenija;Goriško, Notranjsko in Snežniško hribovje;1016;vrh,koča;304348;8;7;0;1;45.72936;14.61693;74;1003
1067;Cjajnik / Lärchenturm;Avstrija;Karavanke;1965;vrh;507591;7;3;0;;46.44328;14.38808;91;337
1068;Krvavec;Slovenija;Kamniško Savinjske Alpe;1853;vrh;662450;9;4;2;9;46.29964;14.53663;97;125
1069;Knezova planina;Slovenija;Kamniško Savinjske Alpe;1520;planina;257640;3;1;0;;46.39187;14.66106;69;1173
1070;Icmanikova planina;Slovenija;Kamniško Savinjske Alpe;1520;planina,sedlo;282570;7;3;0;;46.4003;14.65285;72;1084
1071;Logarska peč;Slovenija;Kamniško Savinjske Alpe;1536;vrh;302534;2;3;0;;46.40049;14.65121;74;1015
1073;Slap Palenk;Slovenija;Kamniško Savinjske Alpe;730;slap;287784;1;1;0;;46.39805;14.63277;72;1065
1074;Planinski dom na Kureščku;Slovenija;Goriško, Notranjsko in Snežniško hribovje;760;koča;297222;7;3;0;4;45.88798;14.56019;73;1030
1075;Lagazuoi Piccolo;Italija;Dolomiti;2778;vrh;293697;11;3;0;1;46.52971;12.00323;73;1046
1076;Rifugio Lavaredo;Italija;Dolomiti;2344;koča;203021;3;1;0;;46.61843;12.31165;64;1385
1077;Rifugio Locatelli;Italija;Dolomiti;2405;koča;253999;8;3;0;;46.63689;12.31111;69;1186
1078;Laghi dei Piani;Italija;Dolomiti;2335;jezero;142160;7;1;0;;46.638;12.3146;58;1611
1079;Monte Paterno;Italija;Dolomiti;2744;vrh;450997;12;4;0;1;46.63031;12.31517;87;496
1080;Rifugio Lagazuoi;Italija;Dolomiti;2750;koča;142405;5;3;0;;46.52777;12.00814;58;1609
1081;Bivak della Chiesa;Italija;Dolomiti;2652;bivak,sedlo;78919;5;2;0;;46.53626;12.01782;52;1854
1082;Col dei Bos;Italija;Dolomiti;2559;vrh;85628;10;3;0;;46.52911;12.02979;52;1828
1083;Monte Verdal;Italija;Dolomiti;2491;vrh;56852;9;1;0;;46.46544;12.05076;49;1944
1084;Cima Falzarego;Italija;Dolomiti;2563;vrh;101718;5;2;0;1;46.5297;12.022;54;1768
1085;Rifugio Pian di Cengia;Italija;Dolomiti;2528;koča;103679;3;2;0;;46.63156;12.34153;54;1760
1087;Croda Fiscalina di Mezzo / Oberbachernspitze;Italija;Dolomiti;2675;vrh;117138;3;2;0;;46.63794;12.34569;55;1706
1088;Tofana di Rozes;Italija;Dolomiti;3225;vrh;428879;34;2;0;2;46.53725;12.05093;85;565
1089;Tre Dita;Italija;Dolomiti;2694;vrh;134100;6;2;0;;46.54458;12.04696;57;1641
1090;Rifugio Giussani;Italija;Dolomiti;2580;koča;107165;10;1;0;;46.54437;12.06053;55;1743
1091;Debenji vrh;Slovenija;Posavsko hribovje in Dolenjska;530;vrh;487544;11;7;1;10;46.05105;14.62963;90;391
1093;Rifugio Nuvolau;Italija;Dolomiti;2575;vrh,koča;191365;9;6;0;2;46.49509;12.04599;63;1427
1094;Rifugio Averau;Italija;Dolomiti;2413;koča,sedlo;134515;9;6;0;;46.49951;12.04108;57;1638
1095;Averau;Italija;Dolomiti;2649;vrh;256768;14;6;0;;46.50056;12.03689;69;1178
1096;Kurji vrh;Slovenija;Julijske Alpe;1762;vrh;449221;3;2;2;1;46.46596;13.80579;87;505
1097;Bivak Za Akom;Slovenija;Julijske Alpe;1340;bivak;413156;3;1;0;1;46.45911;13.83697;84;617
1098;Mala Rodica;Slovenija;Julijske Alpe;1901;vrh;251040;5;2;0;3;46.23085;13.86239;69;1200
1099;Raskovec;Slovenija;Julijske Alpe;1967;vrh;364010;6;6;0;1;46.22906;13.88543;79;790
1100;Planina Poljana;Slovenija;Julijske Alpe;1466;planina;225920;15;4;0;;46.23684;13.89276;66;1289
1101;Planina Osredki;Slovenija;Julijske Alpe;1400;bivak,planina;266120;4;2;0;;46.2379;13.92248;70;1142
1102;Četrt;Slovenija;Julijske Alpe;1832;vrh;246449;4;4;0;;46.23067;13.91666;68;1215
1103;Konjski vrh;Slovenija;Julijske Alpe;1879;vrh;306086;3;4;1;;46.2302;13.90863;74;995
1104;Poljanski vrh;Slovenija;Julijske Alpe;1897;vrh;251291;4;4;0;;46.23023;13.90303;69;1198
1105;Matajurski vrh;Slovenija;Julijske Alpe;1936;vrh;357023;5;4;0;;46.22633;13.89726;79;812
1106;Mali Raskovec;Slovenija;Julijske Alpe;1946;vrh;211315;3;4;0;1;46.23133;13.88013;65;1353
1107;Suha Rodica (Novi vrh);Slovenija;Julijske Alpe;1944;vrh;246910;3;4;0;1;46.22596;13.87618;68;1212
1108;Meja;Slovenija;Julijske Alpe;1996;vrh;265360;4;5;1;;46.25076;13.78727;70;1144
1109;Rušnati vrh;Slovenija;Julijske Alpe;1915;vrh;239768;2;3;0;;46.24681;13.7957;68;1241
1110;Rog;Slovenija;Polhograjsko hribovje in Ljubljana;798;vrh;354965;10;10;0;24;46.09762;14.37688;79;820
1111;Tiho jezero (Falski ribnik);Slovenija;Pohorje, Dravinjske gorice in Haloze;1266;jezero;385931;7;2;0;;46.4826;15.396;81;713
1112;Klopni vrh;Slovenija;Pohorje, Dravinjske gorice in Haloze;1340;vrh;459618;5;14;6;1;46.49805;15.39211;88;469
1113;Koča na Klopnem vrhu;Slovenija;Pohorje, Dravinjske gorice in Haloze;1260;koča;438861;4;10;0;3;46.5019;15.3993;86;541
1114;Jehlc (Špičasta kupa);Slovenija;Julijske Alpe;1662;vrh;246791;7;3;0;;46.22019;13.86219;68;1213
1115;Kojca;Slovenija;Škofjeloško, Cerkljansko hribovje in Jelovica;1303;vrh,bivak;465877;19;10;5;;46.15376;13.92666;88;452
1117;Nebeška gora;Slovenija;Posavsko hribovje in Dolenjska;958;vrh;428590;2;4;3;3;46.08283;15.10665;85;566
1118;Kamnek;Slovenija;Karavanke;873;vrh;339669;9;6;0;35;46.3726;14.31347;77;876
1119;Mladi vrh;Slovenija;Škofjeloško, Cerkljansko hribovje in Jelovica;1374;vrh;350840;9;6;0;1;46.17344;14.16347;78;834
1120;Monte Capolago / Seekopf;Avstrija, Italija;Karnijske Alpe;2554;vrh;216232;5;1;0;;46.60654;12.86076;65;1328
1121;Gubno (nad Kriško steno);Slovenija;Julijske Alpe;2403;vrh;378625;4;3;0;1;46.41718;13.80836;81;730
1122;Monte Floriz;Italija;Karnijske Alpe;2184;vrh;150093;4;2;0;;46.58709;12.89691;59;1582
1123;Mali vrh;Avstrija, Slovenija;Karavanke;2017;vrh;358367;2;1;0;3;46.44827;14.14018;79;809
1124;Okroglež;Slovenija;Julijske Alpe;1965;vrh;368846;7;3;1;14;46.3861;13.93119;80;764
1125;Kokoš;Italija, Slovenija;Goriško, Notranjsko in Snežniško hribovje;670;vrh,koča;694114;4;9;5;45;45.64452;13.89993;97;109
1126;Slap Beri;Slovenija;Julijske Alpe;454;slap;237707;0;1;0;;46.18386;13.76497;67;1246
1128;Racna gora;Slovenija;Goriško, Notranjsko in Snežniško hribovje;1140;vrh;360215;2;2;2;;45.7085;14.5292;79;802
1129;Lovska koča Urška;Slovenija;Goriško, Notranjsko in Snežniško hribovje;908;Vremenska napoved:;146687;2;1;0;;45.71171;14.53618;58;1596
1130;Križna gora;Slovenija;Goriško, Notranjsko in Snežniško hribovje;857;vrh,cerkev;490935;5;3;3;4;45.7419;14.45824;90;380
1131;Sveti Jošt nad Vranskim;Slovenija;Kamniško Savinjske Alpe;955;cerkev;239493;4;1;0;;46.26107;14.90847;68;1242
1132;Tolsti vrh (Dobrovlje);Slovenija;Kamniško Savinjske Alpe;1077;vrh;318991;1;5;0;1;46.27319;14.92915;75;942
1133;Dom planincev Farbanca;Slovenija;Kamniško Savinjske Alpe;702;koča;223796;5;3;0;;46.28437;14.93922;66;1299
1134;Ermanovec;Slovenija;Škofjeloško, Cerkljansko hribovje in Jelovica;1026;vrh;525049;6;11;3;4;46.10174;14.06293;92;302
1135;Kucelj;Slovenija;Posavsko hribovje in Dolenjska;748;vrh;405461;4;4;5;5;45.99198;14.73884;83;644
1136;Gradišče;Slovenija;Posavsko hribovje in Dolenjska;706;vrh;314402;2;1;5;3;45.97754;14.74321;75;959
1137;Obolno;Slovenija;Posavsko hribovje in Dolenjska;776;vrh;353924;8;4;3;2;46.00147;14.77936;78;826
1138;Miklavška gora;Slovenija;Škofjeloško, Cerkljansko hribovje in Jelovica;955;vrh,cerkev;262603;8;2;0;;46.21049;14.19133;70;1154
1139;Magdalenska gora;Slovenija;Posavsko hribovje in Dolenjska;504;vrh,cerkev;357039;4;1;1;277;45.97945;14.63506;79;811
1140;Pugled;Slovenija;Posavsko hribovje in Dolenjska;615;vrh;342866;2;3;3;12;46.01052;14.63802;77;865
1141;Koča na Naravskih ledinah;Slovenija;Karavanke;1072;koča;309095;8;8;1;1;46.48644;14.93759;74;987
1142;Bezovec;Slovenija;Kamniško Savinjske Alpe;1326;vrh;173926;1;1;0;;46.40655;14.8405;61;1492
1143;Sveti Gregor na Dobravici;Slovenija;Goriško, Notranjsko in Snežniško hribovje;432;cerkev;160189;3;1;0;;45.93894;14.5429;60;1543
1144;Bele stene;Slovenija;Goriško, Notranjsko in Snežniško hribovje;863;Vremenska napoved:;222380;3;2;2;;45.67377;14.29605;66;1303
1145;Dom v Dragi;Slovenija;Karavanke;689;koča;309345;2;1;0;;46.39476;14.21804;74;985
1146;Grad Kamen;Slovenija;Kamniško Savinjske Alpe;620;Vremenska napoved:;275675;7;0;0;;46.38178;14.21745;71;1103
1147;Sveti Peter nad Begunjami;Slovenija;Kamniško Savinjske Alpe;839;cerkev;467836;8;5;0;2;46.38291;14.19363;88;446
1148;Sankaška koča;Slovenija;Kamniško Savinjske Alpe;867;koča;454161;4;4;0;8;46.38512;14.18935;87;485
1149;Smokuški vrh;Slovenija;Kamniško Savinjske Alpe;1122;vrh;507315;3;8;0;2;46.39392;14.18661;91;339
1150;Planina Planinca;Slovenija;Karavanke;1136;koča,planina;397583;10;3;0;6;46.40906;14.21525;82;672
1151;Sveti Rupert nad Drago;Slovenija;Goriško, Notranjsko in Snežniško hribovje;409;vrh,cerkev;161773;3;1;0;5;45.94335;14.55504;60;1537
1152;Ostrič;Slovenija;Goriško, Notranjsko in Snežniško hribovje;1056;vrh;353401;3;1;1;1;45.49143;14.07342;78;827
1153;Medvižica;Slovenija;Goriško, Notranjsko in Snežniško hribovje;1081;vrh;221462;1;2;0;1;45.49525;14.06347;66;1307
1154;Razsušica;Hrvaška, Slovenija;Goriško, Notranjsko in Snežniško hribovje;1083;vrh;210712;2;2;1;1;45.49388;14.0592;65;1356
1155;Lovski dom pod Glavico;Slovenija;Goriško, Notranjsko in Snežniško hribovje;610;koča,sedlo;143788;3;2;0;;45.58166;13.93933;58;1604
1157;Hrpeljska gora;Slovenija;Goriško, Notranjsko in Snežniško hribovje;737;vrh;235563;3;3;0;;45.58184;13.95011;67;1257
1158;Grmada pri Slavniku;Slovenija;Goriško, Notranjsko in Snežniško hribovje;1001;vrh;346580;5;6;0;8;45.53884;13.96739;78;847
1159;Planina Jegno;Slovenija;Goriško, Notranjsko in Snežniško hribovje;715;planina;190567;4;3;1;;45.55358;13.977;63;1428
1160;Klek;Hrvaška;Gorski Kotar in Istra;1181;vrh,koča;205617;4;4;0;1;45.26034;15.1455;64;1373
1161;Gorca;Slovenija;Strojna, Košenjak, Kozjak in Slovenske gorice;347;vrh,planina,cerkev;163518;6;1;0;;46.5576;15.70049;60;1529
1162;Mala Plešivica;Slovenija;Goriško, Notranjsko in Snežniško hribovje;953;vrh;215783;3;2;0;1;45.5066;14.0345;65;1332
1163;Velika Plešivica;Slovenija;Goriško, Notranjsko in Snežniško hribovje;908;vrh;236637;9;3;0;;45.5181;14.02302;67;1252
1164;Stari tabor;Slovenija;Goriško, Notranjsko in Snežniško hribovje;603;vrh;329833;3;6;1;2;45.68078;13.92199;76;902
1165;Zidovnik (Sedovnik);Slovenija;Goriško, Notranjsko in Snežniško hribovje;575;vrh;170719;1;1;0;;45.70275;13.88774;61;1503
1166;Limberk;Slovenija;Posavsko hribovje in Dolenjska;687;vrh;207778;2;1;1;2;45.89319;14.67294;64;1364
1167;Stari grad (grad Čušperk);Slovenija;Posavsko hribovje in Dolenjska;668;vrh;245782;3;1;0;3;45.88481;14.68381;68;1218
1168;Kamen vrh;Slovenija;Posavsko hribovje in Dolenjska;783;vrh,koča;338260;7;5;4;1;45.83057;14.68199;77;880
1169;Grmada na Mali gori;Slovenija;Posavsko hribovje in Dolenjska;887;vrh,koča;372561;7;8;0;1;45.81476;14.69529;80;752
1171;Koča pri Sveti Ani na Mali gori;Slovenija;Posavsko hribovje in Dolenjska;910;koča,cerkev;460234;8;8;0;10;45.76941;14.74404;88;467
1172;Stene svete Ane;Slovenija;Posavsko hribovje in Dolenjska;964;vrh;354399;5;8;0;7;45.77559;14.7476;78;824
1173;Ortneški Stari grad;Slovenija;Goriško, Notranjsko in Snežniško hribovje;765;vrh,cerkev;193944;5;1;0;;45.78263;14.67021;63;1414
1174;Koča na planini Stador;Slovenija;Julijske Alpe;1050;koča,planina;313604;3;0;0;1;46.19;13.78197;75;963
1175;Dom na Sviščakih;Slovenija;Goriško, Notranjsko in Snežniško hribovje;1242;koča;362440;1;1;0;5;45.57423;14.40114;79;794
1176;Goteniški Snežnik;Slovenija;Goriško, Notranjsko in Snežniško hribovje;1289;vrh;393620;2;3;2;2;45.59193;14.73624;82;686
1177;Dom Pristava v Javorniškem Rovtu;Slovenija;Karavanke;975;koča;451199;7;2;0;2;46.45425;14.09136;87;495
1178;Kameni zid;Slovenija;Goriško, Notranjsko in Snežniško hribovje;1081;vrh;183149;2;1;0;2;45.61291;14.73481;62;1459
1179;Žmitkov špic;Slovenija;Karavanke;1124;vrh;294384;4;1;0;3;46.4;14.49055;73;1044
1180;Sveti Mihael na Samotorici;Slovenija;Polhograjsko hribovje in Ljubljana;665;cerkev;186866;3;1;0;2;46.02879;14.25775;62;1439
1182;Sivka;Slovenija;Polhograjsko hribovje in Ljubljana;934;vrh;445425;13;7;6;3;46.07293;14.2091;86;520
1183;Kovk;Slovenija;Goriško, Notranjsko in Snežniško hribovje;961;vrh;400488;6;3;1;4;45.88792;13.96903;83;663
1185;Veliki Klek  /Großglockner;Avstrija;Visoke Ture;3798;vrh;618664;18;3;0;;47.07454;12.6939;96;157
1186;Čelkov vrh;Slovenija;Goriško, Notranjsko in Snežniško hribovje;1106;vrh;319455;5;2;2;;45.91333;14.04905;75;941
1187;Špičasti vrh;Slovenija;Goriško, Notranjsko in Snežniško hribovje;1128;vrh;414250;8;3;2;1;45.92694;13.99776;84;613
1189;Koča pri Jelenovem studencu;Slovenija;Posavsko hribovje in Dolenjska;850;koča;405414;4;2;1;;45.62008;14.84724;83;645
1190;Mestni vrh;Slovenija;Posavsko hribovje in Dolenjska;1034;vrh;397343;1;2;2;1;45.61989;14.85088;82;673
1191;Grad Fridrihštajn;Slovenija;Posavsko hribovje in Dolenjska;970;vrh;408211;2;2;0;4;45.61138;14.86043;84;631
1192;Livoldski vrh;Slovenija;Posavsko hribovje in Dolenjska;994;vrh;203856;1;2;0;1;45.60716;14.86918;64;1380
1193;Požgani hrib;Slovenija;Posavsko hribovje in Dolenjska;1009;vrh;263214;1;2;0;;45.60714;14.85614;70;1151
1194;Ledena jama na Stojni;Slovenija;Posavsko hribovje in Dolenjska;840;Vremenska napoved:;281329;2;1;0;;45.61398;14.84358;72;1088
1195;Klobuk;Slovenija;Posavsko hribovje in Dolenjska;890;vrh;384296;2;4;0;1;46.1612;15.10423;81;718
1196;Kal (Kalski hrib);Slovenija;Posavsko hribovje in Dolenjska;985;vrh;485424;3;5;0;1;46.1762;15.1094;90;396
1197;Križna gora (Hrušica);Slovenija;Goriško, Notranjsko in Snežniško hribovje;1162;vrh;308995;8;3;0;1;45.87238;14.05385;74;989
1198;Sveti Duh (Hrušica);Slovenija;Goriško, Notranjsko in Snežniško hribovje;1221;vrh,cerkev;237035;4;2;0;;45.87179;14.06257;67;1250
1199;Planinski dom v Novem Svetu;Slovenija;Goriško, Notranjsko in Snežniško hribovje;518;koča;193750;2;1;0;1;45.90132;14.16068;63;1416
1201;Koča na Žavcarjevem vrhu;Slovenija;Strojna, Košenjak, Kozjak in Slovenske gorice;863;koča;364938;8;6;2;3;46.59957;15.52689;80;783
1202;Žavcarjev vrh;Slovenija;Strojna, Košenjak, Kozjak in Slovenske gorice;915;vrh;528774;5;5;3;1;46.60105;15.52321;92;295
1203;Planinski dom obrtnikov;Slovenija;Strojna, Košenjak, Kozjak in Slovenske gorice;690;koča;297193;5;5;0;1;46.60382;15.56151;73;1031
1204;Tojzlov vrh;Slovenija;Strojna, Košenjak, Kozjak in Slovenske gorice;703;vrh;377150;2;6;2;1;46.60462;15.55985;81;733
1205;Murovica;Slovenija;Posavsko hribovje in Dolenjska;743;vrh;379747;6;10;2;91;46.11017;14.69655;81;727
1206;Stari grad Vipava;Slovenija;Goriško, Notranjsko in Snežniško hribovje;241;vrh;273769;8;1;0;1;45.85058;13.96432;71;1113
1207;Vitovski hrib;Slovenija;Goriško, Notranjsko in Snežniško hribovje;604;vrh,cerkev;262916;6;4;0;4;45.94072;13.76798;70;1152
1208;Sekulak;Slovenija;Goriško, Notranjsko in Snežniško hribovje;888;Vremenska napoved:;283248;2;3;1;5;45.93427;13.78518;72;1077
1209;Veliki Rob;Slovenija;Goriško, Notranjsko in Snežniško hribovje;1237;vrh;495383;9;11;0;7;45.93438;13.80292;90;365
1210;Čaven;Slovenija;Goriško, Notranjsko in Snežniško hribovje;1185;vrh;622847;1;3;7;1;45.93387;13.79646;96;153
1211;Lovsko zavetišče pod Čavnom;Slovenija;Goriško, Notranjsko in Snežniško hribovje;980;vrh,bivak;213804;2;1;0;1;45.93452;13.78879;65;1339
1212;Kopitnik (na Čavnu);Slovenija;Goriško, Notranjsko in Snežniško hribovje;929;bivak;256998;5;4;0;7;45.94571;13.77667;69;1176
1213;Skozno;Slovenija;Goriško, Notranjsko in Snežniško hribovje;671;Vremenska napoved:;295056;9;2;0;4;45.95898;13.73065;73;1040
1214;Partizanska bolnica Krtina;Slovenija;Karavanke;1040;Vremenska napoved:;227220;8;2;0;;46.40991;14.4553;67;1281
1215;Suhi vrh (Nanos);Slovenija;Goriško, Notranjsko in Snežniško hribovje;1313;vrh;662737;3;10;0;2;45.79828;14.0671;97;124
1216;Sveti Bric (Nanos);Slovenija;Goriško, Notranjsko in Snežniško hribovje;965;cerkev;253380;3;2;0;;45.79265;14.06842;69;1190
1217;Ostri vrh;Slovenija;Posavsko hribovje in Dolenjska;855;vrh;332061;3;4;1;;46.15636;15.13076;77;892
1218;Baba (nad Rečico);Slovenija;Posavsko hribovje in Dolenjska;789;vrh;261884;2;2;0;;46.1587;15.14399;70;1159
1219;Govško brdo;Slovenija;Posavsko hribovje in Dolenjska;811;vrh;309741;9;6;1;;46.16003;15.16334;74;981
1220;Pri knapu pod Babo;Slovenija;Posavsko hribovje in Dolenjska;552;bivak,sedlo;190237;8;3;0;;46.1614;15.15234;63;1430
1221;Grmada (Planinska gora);Slovenija;Goriško, Notranjsko in Snežniško hribovje;873;vrh;356262;3;4;0;;45.8381;14.23961;79;813
1222;Planinska jama;Slovenija;Goriško, Notranjsko in Snežniško hribovje;500;Vremenska napoved:;241025;4;1;0;;45.81998;14.24582;68;1237
1223;Krimšček;Slovenija;Goriško, Notranjsko in Snežniško hribovje;940;vrh;236345;2;1;0;;45.89632;14.41087;67;1253
1224;Novaška gora;Slovenija;Goriško, Notranjsko in Snežniško hribovje;998;vrh;196182;1;1;1;;45.88663;14.42055;63;1406
1225;Milanka;Slovenija;Goriško, Notranjsko in Snežniško hribovje;948;vrh;137447;1;1;0;;45.60399;14.2804;58;1628
1226;Volovja reber;Slovenija;Goriško, Notranjsko in Snežniško hribovje;975;vrh;267978;3;1;0;;45.60216;14.28646;70;1133
1227;Bele ovce;Slovenija;Goriško, Notranjsko in Snežniško hribovje;1029;vrh;250301;2;1;0;;45.59577;14.30122;69;1202
1228;Velika Milanja;Slovenija;Goriško, Notranjsko in Snežniško hribovje;1099;vrh;225541;3;1;0;;45.59443;14.30967;66;1292
1229;Velika ledena jama v Paradani;Slovenija;Goriško, Notranjsko in Snežniško hribovje;1140;Vremenska napoved:;274310;2;1;0;;45.98868;13.84461;71;1109
1230;Štefanja gora;Slovenija;Kamniško Savinjske Alpe;748;vrh,cerkev;517822;15;10;1;17;46.2832;14.46567;92;312
1231;Španov vrh;Slovenija;Karavanke;1334;vrh;450914;3;6;0;1;46.45971;14.06957;87;497
1232;Smučarski dom Črni vrh;Slovenija;Karavanke;1156;koča;223925;3;4;0;;46.46023;14.06042;66;1297
1233;Grebenc;Slovenija;Kamniško Savinjske Alpe;1479;vrh;261954;4;3;0;2;46.34736;14.37668;70;1158
1234;Partizanska bolnica Mrzle vode;Slovenija;Kamniško Savinjske Alpe;1226;Vremenska napoved:;237177;2;1;0;;46.41582;14.83113;67;1249
1235;Mali Travnik;Slovenija;Kamniško Savinjske Alpe;1532;vrh;209979;3;1;0;;46.40944;14.80424;65;1360
1236;Planina Mali Travnik;Slovenija;Kamniško Savinjske Alpe;1500;planina;225697;3;2;0;;46.40774;14.80554;66;1291
1237;Počka (Robnikova) planina;Slovenija;Kamniško Savinjske Alpe;1165;planina;229397;5;1;0;3;46.40323;14.81937;67;1275
1239;Izvir Sotle;Slovenija;Karavanke;640;Vremenska napoved:;311338;4;5;2;;46.25832;15.79161;75;973
1240;Kobilja glava;Slovenija;Julijske Alpe;1475;vrh;452855;10;2;1;;46.19015;13.79541;87;487
1241;Jalovnik;Slovenija;Julijske Alpe;1452;vrh;274887;4;2;0;;46.18723;13.80083;71;1106
1242;Kobala;Slovenija;Julijske Alpe;1080;vrh;244188;3;1;0;;46.18139;13.77967;68;1227
1243;Planina Lom;Slovenija;Julijske Alpe;1090;planina,sedlo;270742;2;1;1;;46.19957;13.78219;71;1127
1244;Planjava pri Kamniškem vrhu;Slovenija;Kamniško Savinjske Alpe;1243;vrh;250971;4;4;0;1;46.28815;14.57222;69;1201
1245;Planina Zgornja Konjščica;Slovenija;Karavanke;1578;planina,sedlo;204831;27;4;0;;46.38048;14.37426;64;1375
1247;Jelenkamen;Slovenija;Karavanke;1096;vrh;414299;7;5;0;1;46.43925;14.07706;84;612
1248;Kalvarija nad Jesenicami;Slovenija;Karavanke;784;vrh;200365;3;2;0;;46.43786;14.06816;64;1393
1249;Mala Osojnica;Slovenija;Julijske Alpe;691;vrh;530658;5;2;0;8;46.35703;14.08113;92;290
1250;Straža;Slovenija;Julijske Alpe;646;vrh;351756;3;1;0;3;46.35971;14.1035;78;831
1251;Slapovi Dobršnik;Slovenija;Karavanke;800;slap;252656;5;2;0;;46.45878;14.01023;69;1194
1252;Planina Možine (Razingerjevo molzišče);Slovenija;Karavanke;1352;planina;171048;2;1;0;;46.48416;14.04881;61;1502
1253;Poglejska cerkev;Slovenija;Julijske Alpe;630;Vremenska napoved:;245470;2;1;0;;46.374;14.07192;68;1221
1254;Planina Obranica;Slovenija;Julijske Alpe;1035;koča,planina;270772;6;3;0;;46.41199;14.06793;71;1126
1255;Poljanska baba;Slovenija;Julijske Alpe;830;vrh;227052;8;1;0;;46.4176;14.0779;67;1283
1256;Škrbina (Mežakla);Slovenija;Julijske Alpe;1210;vrh;350782;4;2;0;1;46.42439;14.04422;78;835
1257;Rekaršica;Slovenija;Karavanke;1554;sedlo;191965;2;2;0;;46.5163;13.77312;63;1424
1258;Kamnati vrh;Slovenija;Karavanke;1658;vrh;272999;1;2;0;;46.51763;13.77643;71;1119
1259;Jerebikovec;Slovenija;Karavanke;1621;vrh;334534;2;1;3;1;46.5146;13.76667;77;887
1260;Partizanska bolnišnica na Mežakli;Slovenija;Julijske Alpe;1050;Ogledov: 187.896;187896;3;1;0;;;;63;1436
1261;Planina Dol;Slovenija;Kamniško Savinjske Alpe;1308;planina;409555;5;2;1;2;46.31732;14.63289;84;627
1262;Koprivnjak / Kleiner Frauenkogel;Avstrija;Karavanke;1754;vrh;301685;6;2;0;1;46.49203;14.00737;73;1017
1263;Močnikova planina;Slovenija;Karavanke;1275;planina;156429;2;1;0;;46.39861;14.4468;59;1559
1264;Mala Boncla (Bavha);Slovenija;Karavanke;1131;vrh;200136;6;1;0;;46.45241;14.10375;64;1394
1265;Alničje;Slovenija;Karavanke;1145;vrh;175980;5;3;0;;46.43889;14.11044;61;1479
1266;Kumlehova glava;Slovenija;Julijske Alpe;1788;vrh;395694;3;2;0;;46.45375;13.75866;82;679
1267;Visoki Mavrinc;Slovenija;Julijske Alpe;1562;vrh;553654;3;2;0;9;46.45009;13.76556;93;253
1268;Mala Raduha;Slovenija;Kamniško Savinjske Alpe;2029;vrh;447474;4;3;0;5;46.41346;14.74304;87;514
1269;Lanež;Slovenija;Kamniško Savinjske Alpe;1925;vrh;427277;6;8;1;8;46.41867;14.7547;85;571
1270;Pokljuška soteska (luknja);Slovenija;Julijske Alpe;830;Vremenska napoved:;317956;4;1;0;;46.3766;14.0326;75;947
1271;Soteska Čepa/Tscheppaschlucht;Avstrija;Karavanke;750;Vremenska napoved:;361715;2;1;0;;46.48792;14.26455;79;796
1272;Planina Luža;Avstrija;Karavanke;1250;planina,sedlo;147049;3;2;0;;46.5024;14.71554;58;1593
1273;Planina Zgornja Luža;Avstrija;Karavanke;1573;planina;133411;2;2;0;;46.50415;14.72898;57;1644
1274;Veška kopa (Peca) / Wackendorfer Spitze (Petzen);Avstrija;Karavanke;2074;vrh;285553;9;5;0;;46.51578;14.74424;72;1071
1275;Bistriška špica (Peca) / Feistritzer Spitze (Petzen);Avstrija;Karavanke;2113;vrh;444329;12;11;0;;46.51149;14.75018;86;523
1276;Končnikov vrh (Peca);Avstrija, Slovenija;Karavanke;2109;vrh;450287;8;12;0;1;46.50401;14.76322;87;502
1277;Velika glava (Peca);Avstrija, Slovenija;Karavanke;2077;vrh;360453;1;3;0;;46.50418;14.77198;79;801
1278;Kraljevska špica/Monte Re;Italija;Julijske Alpe;1912;vrh;389505;5;1;0;3;46.45596;13.55719;82;701
1280;Šober / Monte Sciober Grande;Italija;Julijske Alpe;1845;vrh;323307;10;4;0;;46.45037;13.59921;76;927
1281;Rifugio Cinque Punte;Italija;Julijske Alpe;1520;bivak;246069;4;1;0;;46.45894;13.59549;68;1216
1282;Koštrunove špice;Italija;Julijske Alpe;2502;vrh;473613;2;3;0;;46.42243;13.48655;89;429
1283;Viška planina;Italija;Julijske Alpe;1530;planina;289622;4;1;0;;46.41478;13.50194;72;1058
1284;Baba;Slovenija;Kamniško Savinjske Alpe;1119;vrh;409026;2;2;1;10;46.31047;14.46327;84;628
1285;Zavetišče v Hudičevem borštu;Slovenija;Kamniško Savinjske Alpe;1328;Vremenska napoved:;583829;8;5;1;12;46.32839;14.4411;95;202
1288;Kamniški Dedec;Slovenija;Kamniško Savinjske Alpe;1583;vrh;558573;3;2;0;2;46.33753;14.60341;94;243
1289;Storžek;Avstrija;Kamniško Savinjske Alpe;2110;vrh;522024;7;5;2;1;46.37526;14.5614;92;306
1290;Mali Trebelnik;Slovenija;Goriško, Notranjsko in Snežniško hribovje;807;vrh;141749;1;2;0;;45.90679;14.34942;58;1612
1291;Lienzer Dolomitenhütte;Avstrija;Lienški Dolomiti;1620;koča;95761;2;0;0;;46.78989;12.78389;53;1789
1292;Instein Alm;Avstrija;Lienški Dolomiti;1669;jezero,planina,cerkev;58082;2;1;0;;46.78044;12.78923;49;1938
1293;Karlsbader Hütte;Avstrija;Lienški Dolomiti;2261;koča,jezero;169420;3;1;0;;46.76307;12.80087;61;1507
1294;Laserzwand;Avstrija;Lienški Dolomiti;2614;vrh;130749;4;1;0;;46.77261;12.8016;57;1652
1295;Große Sandspitze;Avstrija;Lienški Dolomiti;2772;vrh;325666;8;2;0;;46.76663;12.81168;76;919
1296;Kleine Laserzwand;Avstrija;Lienški Dolomiti;2568;vrh;93866;3;1;0;;46.76995;12.80118;53;1797
1297;Schöttnerspitze;Avstrija;Lienški Dolomiti;2633;vrh;68602;3;1;0;;46.77132;12.80577;51;1895
1298;Teplitzer Spitze;Avstrija;Lienški Dolomiti;2613;vrh;75921;3;1;0;;46.75517;12.79577;51;1867
1299;Weißstein Alm;Avstrija;Lienški Dolomiti;1751;planina;49807;4;2;0;;46.78847;12.78774;48;1975
1300;Hochalmspitze (Villgraten);Avstrija;Visoke Ture;2797;vrh;213793;3;1;0;;46.88286;12.45783;65;1340
1301;Laserzkopf;Avstrija;Lienški Dolomiti;2718;vrh;101981;8;1;0;;46.77076;12.81029;54;1766
1302;Galitzenspitzen;Avstrija;Lienški Dolomiti;2710;vrh;83335;5;1;0;;46.76955;12.81132;52;1837
1303;Daumen;Avstrija;Lienški Dolomiti;2720;vrh;91477;1;1;0;;46.76739;12.8112;53;1804
1304;Große Gamswiesenspitze;Avstrija;Lienški Dolomiti;2488;vrh;89355;9;3;0;;46.7664;12.78307;53;1816
1305;Kleine Gamswiesenspitze;Avstrija;Lienški Dolomiti;2454;vrh;78475;12;1;0;;46.76457;12.78461;52;1856
1306;Leisacher Alm;Avstrija;Visoke Ture;2350;planina;57437;3;1;0;;46.87337;12.45032;49;1940
1307;Volkzeinerhütte;Avstrija;Visoke Ture;1890;koča,planina;55241;4;1;0;;46.8691;12.43894;49;1950
1308;Gladki vrh (Ratitovec);Slovenija;Škofjeloško, Cerkljansko hribovje in Jelovica;1667;vrh;512785;11;15;0;19;46.23761;14.09172;92;323
1309;Kerschbaumeralm Schutzhaus;Avstrija;Lienški Dolomiti;1902;koča,planina;63312;8;1;0;;46.759;12.76686;50;1916
1310;Altemaver (Ratitovec);Slovenija;Škofjeloško, Cerkljansko hribovje in Jelovica;1678;vrh;1011277;7;14;2;17;46.23699;14.08272;99;25
1311;Degenhorn;Avstrija;Visoke Ture;2946;vrh;89510;3;1;0;;46.86894;12.39314;53;1814
1312;Falkamsee;Avstrija;Visoke Ture;2657;jezero;56859;2;1;0;;46.87504;12.40893;49;1943
1313;Degenhornsee;Avstrija;Visoke Ture;2714;jezero;62358;2;1;0;;46.87054;12.39862;50;1920
1314;Rauchkofel;Avstrija;Karnijske Alpe;2460;vrh;253141;5;3;0;;46.61946;12.88396;69;1192
1315;Creta di Collinetta / Cellon;Avstrija, Italija;Karnijske Alpe;2238;vrh;218699;8;3;0;;46.60993;12.93164;66;1320
1316;Mahderkopf;Avstrija;Karnijske Alpe;2155;vrh;97809;2;2;0;;46.62197;12.86199;53;1782
1317;Mitterkarhütte;Avstrija;Karnijske Alpe;1973;bivak;92954;4;1;0;;46.66419;12.67951;53;1800
1318;Steinkarspitz/Monte Antola;Avstrija, Italija;Karnijske Alpe;2524;vrh;115622;2;1;0;;46.65697;12.69065;55;1712
1319;Monte Vancomun/Hochspitz;Avstrija, Italija;Karnijske Alpe;2580;vrh;138431;4;2;0;;46.65768;12.66822;58;1625
1320;Monte Cecido / Reiterkarspitz;Avstrija, Italija;Karnijske Alpe;2422;vrh;107144;2;1;0;;46.66198;12.63123;54;1744
1321;Oberalm;Avstrija;Karnijske Alpe;2160;planina;93035;1;1;0;;46.65915;12.63755;53;1799
1322;Obere Wolayeralm;Avstrija;Karnijske Alpe;1709;planina;79153;3;1;0;;46.61919;12.85014;52;1853
1323;Mala Rinka;Slovenija;Kamniško Savinjske Alpe;2289;vrh;492345;2;2;0;3;46.36576;14.56924;90;375
1326;Zadnja Mojstrovka;Slovenija;Julijske Alpe;2354;vrh;449053;8;2;0;5;46.43084;13.72004;87;508
1327;Travnik (pri Mojstrovkah);Slovenija;Julijske Alpe;2379;vrh;470020;5;2;0;2;46.42902;13.71316;88;441
1328;Kol;Slovenija;Julijske Alpe;2350;vrh;329383;3;2;0;2;46.42756;13.70943;76;906
1329;Prednje Robičje;Slovenija;Julijske Alpe;1941;vrh;347621;5;2;0;3;46.44386;13.7445;78;841
1330;Kota 1313;Slovenija;Julijske Alpe;1313;vrh;398088;2;1;1;6;46.36066;13.57516;82;671
1331;Jama Srnica;Slovenija;Julijske Alpe;550;Vremenska napoved:;254591;2;1;0;;46.33136;13.50243;69;1184
1332;Humčič;Slovenija;Julijske Alpe;810;Vremenska napoved:;227756;3;2;0;;46.3143;13.57605;67;1279
1337;Mala Boka;Slovenija;Julijske Alpe;440;Vremenska napoved:;215704;1;1;0;;46.32128;13.49135;65;1333
1338;Bivak Stuparich;Italija;Julijske Alpe;1587;bivak;241299;6;2;0;1;46.44486;13.44788;68;1236
1339;Bivak Suringar;Italija;Julijske Alpe;2430;bivak;336430;1;2;0;;46.43675;13.42831;77;884
1341;Tolminska korita;Slovenija;Julijske Alpe;180;Vremenska napoved:;436621;24;0;0;;46.2005;13.7421;86;542
1342;Špik nad Nosom / Foronon del Buinz;Italija;Julijske Alpe;2531;vrh,bivak;509939;7;2;0;;46.41788;13.46558;91;328
1344;Vrh Brda / Cima Verde;Italija;Julijske Alpe;2661;vrh;461066;2;1;0;;46.43329;13.44233;88;464
1345;Planina Vodole;Slovenija;Kamniško Savinjske Alpe;1570;planina;287316;5;1;0;;46.34459;14.67957;72;1067
1346;Veliki vrh (Polovnik);Slovenija;Julijske Alpe;1768;Vremenska napoved:;376234;5;1;0;;46.29498;13.57129;81;735
1347;Lovska koča Na Utrci;Slovenija;Julijske Alpe;1500;Vremenska napoved:;237003;2;1;0;;46.39604;13.79424;67;1251
1348;Šplevta (Indijanec);Slovenija;Julijske Alpe;2382;vrh;393265;3;2;0;;46.4137;13.79895;82;688
1349;Kriški rob;Slovenija;Julijske Alpe;2366;vrh;389826;4;2;0;1;46.40943;13.80196;82;698
1350;Monte Avanza;Italija;Karnijske Alpe;2489;vrh;183579;4;1;0;;46.62649;12.7518;62;1456
1352;Rifugio Calvi;Italija;Karnijske Alpe;2164;koča,cerkev;126372;4;1;0;;46.62377;12.72694;56;1670
1353;Belvedere;Italija;Dolomiti;2650;vrh;132046;16;2;0;1;46.47344;11.8633;57;1646
1354;Porta Vescovo;Italija;Dolomiti;2478;koča,sedlo;111880;6;4;0;;46.47272;11.86742;55;1729
1355;Piz Boe;Italija;Dolomiti;3152;vrh,koča;598547;32;9;0;5;46.50886;11.82832;95;180
1356;Punta de Joel;Italija;Dolomiti;2945;vrh;84420;4;2;0;;46.50174;11.82352;52;1834
1357;Sass de Forcia Occidentale;Italija;Dolomiti;2923;vrh;71085;1;2;0;;46.5004;11.81308;51;1884
1358;Sass de Forcia di Mezzo;Italija;Dolomiti;2917;vrh;85627;3;2;0;;46.50016;11.81538;52;1827
1359;Sass de Pordoi;Italija;Dolomiti;2950;vrh,koča;148133;10;1;0;;46.5005;11.80752;59;1588
1360;Rifugio Forcella Pordoi;Italija;Dolomiti;2848;koča,sedlo;103955;2;2;0;1;46.50167;11.81236;54;1757
1362;Monte Chiadenis;Italija;Karnijske Alpe;2459;vrh;174603;3;2;1;;46.62389;12.73171;61;1488
1363;Monte Peralba;Italija;Karnijske Alpe;2694;vrh;387594;5;2;3;;46.62969;12.72015;82;706
1364;Rifugio Pian dei Fiacconi;Italija;Dolomiti;2626;koča;114188;4;1;0;;46.44601;11.86005;55;1718
1365;Capanna al Ghiacciaio;Italija;Dolomiti;2700;koča;102851;3;1;0;;46.44467;11.86118;54;1762
1366;Punta Penia (Marmolada);Italija;Dolomiti;3343;vrh,koča,bivak;571044;33;4;0;;46.43454;11.85123;94;227
1368;Škraplja;Italija, Slovenija;Julijske Alpe;1794;vrh;277740;10;1;0;;46.3853;13.5335;71;1098
1370;Briceljk;Slovenija;Julijske Alpe;2346;vrh;448425;0;1;0;;46.39508;13.63191;87;510
1371;Vrh Škrli;Slovenija;Julijske Alpe;1926;vrh;245240;3;2;0;1;46.27426;13.74549;68;1223
1372;Kser;Slovenija;Julijske Alpe;1900;vrh;289510;1;2;0;1;46.27221;13.74742;72;1059
1373;Vrh Krnice;Italija;Julijske Alpe;2441;vrh;355293;17;2;0;;46.3652;13.43339;79;819
1374;Bela peč/Monte Bila pec;Italija;Julijske Alpe;2146;vrh;412926;4;1;1;;46.37497;13.45582;84;619
1375;Planina Bala;Slovenija;Julijske Alpe;1181;planina;251908;3;1;0;;46.3802;13.6375;69;1196
1376;Lovska koča Bala;Slovenija;Julijske Alpe;1300;Vremenska napoved:;220932;3;1;0;;46.3893;13.652;66;1309
1377;Plešivec (Loška stena);Slovenija;Julijske Alpe;2184;vrh;402632;4;2;0;1;46.4102;13.66046;83;658
1379;Mali Ozebnik;Slovenija;Julijske Alpe;2324;vrh;290919;2;2;0;;46.4072;13.6686;73;1052
1380;Rutarski Vršič;Slovenija;Julijske Alpe;1699;vrh;345221;4;2;1;1;46.4648;13.84688;78;850
1381;Široka peč;Slovenija;Julijske Alpe;2497;vrh;461763;2;1;0;1;46.4438;13.84181;88;460
1382;Mala Martuljška Ponca;Slovenija;Julijske Alpe;2501;vrh;436299;1;1;1;;46.44339;13.82059;86;543
1383;Vrh Snežne konte;Slovenija;Julijske Alpe;2342;vrh;372979;6;3;0;;46.37691;13.85545;80;751
1384;Na Pečeh;Slovenija;Julijske Alpe;2039;vrh;321277;3;1;0;;46.44925;13.82499;76;936
1385;Pri treh macesnih;Slovenija;Julijske Alpe;1810;Vremenska napoved:;340639;5;1;0;;46.44696;13.83911;77;872
1387;Črepič;Slovenija;Karavanke;798;vrh;189919;3;2;0;1;46.44105;15.1661;63;1432
1388;Vernar;Slovenija;Julijske Alpe;2225;vrh;493744;9;8;0;1;46.36116;13.86152;90;369
1390;Partizanska bolnica Krvavice;Slovenija;Goriško, Notranjsko in Snežniško hribovje;620;Vremenska napoved:;282885;6;1;0;;45.90518;14.48598;72;1079
1392;Mala Ojstrica;Slovenija;Kamniško Savinjske Alpe;2017;vrh;581150;3;3;0;5;46.36083;14.65135;95;207
1393;Sveta Marjeta pod Stolom;Slovenija;Julijske Alpe;973;cerkev;253756;1;1;0;2;46.2732;13.4377;69;1187
1394;Gabrovec (Veliki Muzec);Slovenija;Julijske Alpe;1630;vrh;305502;4;1;0;;46.28907;13.41061;74;998
1395;Breški Jalovec / Punta di Montemaggiore;Italija;Julijske Alpe;1613;vrh;372473;9;4;0;1;46.28461;13.36944;80;753
1396;Ravna Gora;Hrvaška;Gorjanci, Medvednica in Medžimurje;694;vrh,koča,cerkev;345257;6;8;0;;46.28023;16.00012;78;849
1397;Sveti Avguštin;Slovenija;Pohorje, Dravinjske gorice in Haloze;504;vrh,cerkev;182833;6;4;0;;46.2899;15.9339;62;1461
1398;Jeruzalem;Slovenija;Strojna, Košenjak, Kozjak in Slovenske gorice;338;vrh,koča,cerkev;343633;9;11;4;;46.47636;16.18751;78;861
1399;Rotunda sv. Nikolaja (Selo);Slovenija;Prekmurje;251;vrh,koča,cerkev;365003;11;4;0;1;46.731;16.2773;80;781
1400;Vršič nad Bogojino;Slovenija;Prekmurje;246;vrh;128234;6;1;0;;46.68297;16.28028;57;1664
1401;Zavrh v Slovenskih goricah;Slovenija;Strojna, Košenjak, Kozjak in Slovenske gorice;370;vrh,koča;380603;12;5;0;4;46.53858;15.82664;81;723
1402;Hruška planina;Slovenija;Karavanke;1378;koča,planina;313670;8;2;0;;46.47578;14.01203;75;962
1403;Smolnik;Slovenija;Kamniško Savinjske Alpe;1002;vrh;213327;1;1;3;;46.25264;14.89098;65;1343
1406;Marija Snežna v Breginjskem kotu;Slovenija;Julijske Alpe;645;vrh,cerkev;174556;1;1;0;;46.26577;13.42156;61;1489
1407;Malnež;Slovenija;Karavanke;846;vrh;147569;8;1;0;;46.42881;14.1104;58;1591
1409;Sveti Hieronim (na Nanosu);Slovenija;Goriško, Notranjsko in Snežniško hribovje;1020;cerkev;343854;5;7;0;6;45.7793;14.03613;78;860
1410;Grmada (Nanos);Slovenija;Goriško, Notranjsko in Snežniško hribovje;1209;vrh;506435;3;7;0;6;45.77751;14.0425;91;341
1411;Eko koča Nanos (Lovska koča Vojkovo);Slovenija;Goriško, Notranjsko in Snežniško hribovje;805;koča;249442;5;5;0;6;45.79634;14.01031;69;1204
1413;Topica/Topitza;Avstrija;Karavanke;1649;vrh;253215;6;3;0;;46.51639;14.67728;69;1191
1414;Turška jama v Gozdašnici;Slovenija;Karavanke;835;Vremenska napoved:;207387;3;1;0;;46.41031;14.1495;64;1367
1415;Smolnik;Slovenija;Karavanke;1075;vrh;415237;4;2;3;10;46.41982;14.14404;84;610
1416;Bivak Črna peč;Slovenija;Goriško, Notranjsko in Snežniško hribovje;830;bivak;219306;2;2;0;;45.92262;13.83436;66;1317
1417;Veliko Cerje;Slovenija;Goriško, Notranjsko in Snežniško hribovje;343;vrh;294487;6;3;0;5;45.87242;13.61607;73;1043
1418;Fajti hrib;Slovenija;Goriško, Notranjsko in Snežniško hribovje;433;vrh;321499;4;2;0;3;45.86823;13.64284;76;934
1419;Veliki vrh (Črni hribi);Slovenija;Goriško, Notranjsko in Snežniško hribovje;463;vrh;134498;3;2;0;3;45.86692;13.64951;57;1639
1420;Renški vrh;Slovenija;Goriško, Notranjsko in Snežniško hribovje;449;vrh;166269;1;1;0;3;45.86411;13.65991;60;1522
1421;Vrtovka;Slovenija;Goriško, Notranjsko in Snežniško hribovje;502;vrh;116100;1;1;0;3;45.86218;13.67029;55;1710
1422;Lešenjak;Slovenija;Goriško, Notranjsko in Snežniško hribovje;552;vrh;123595;1;1;0;3;45.86116;13.67826;56;1677
1423;Stolovec;Slovenija;Goriško, Notranjsko in Snežniško hribovje;563;vrh;124825;1;1;0;3;45.86074;13.6841;56;1675
1424;Stol (Črni hribi);Slovenija;Goriško, Notranjsko in Snežniško hribovje;629;vrh;157136;1;1;0;3;45.85884;13.69435;59;1555
1425;Straža;Slovenija;Polhograjsko hribovje in Ljubljana;395;vrh;185669;2;2;0;1;46.111;14.51612;62;1446
1429;Goli vrh (Cemarovnik);Slovenija;Goriško, Notranjsko in Snežniško hribovje;816;vrh;174838;4;1;0;;45.82713;14.3912;61;1485
1430;Mazovnik (Golovec);Slovenija;Posavsko hribovje in Dolenjska;450;vrh;422822;3;5;1;27;46.02989;14.55531;85;588
1431;Črni hrib (Golovec);Slovenija;Posavsko hribovje in Dolenjska;440;vrh;274231;2;5;3;6;46.03268;14.55045;71;1110
1435;Srednja gora (Hrušica);Slovenija;Goriško, Notranjsko in Snežniško hribovje;1275;vrh;267564;1;2;0;;45.8712;14.07192;70;1136
1436;Streliški vrh (Hrušica);Slovenija;Goriško, Notranjsko in Snežniško hribovje;1266;vrh;296740;4;2;0;;45.87302;14.08718;73;1033
1438;Dom v Kamniški Bistrici;Slovenija;Kamniško Savinjske Alpe;600;koča,jezero,cerkev;431432;7;2;1;8;46.3276;14.5893;85;557
1439;Spodnji Plot;Slovenija;Karavanke;1682;vrh;312558;6;3;0;1;46.4304;14.2377;75;969
1440;Javorov vrh (Pokljuka);Slovenija;Julijske Alpe;1482;vrh;455093;3;1;0;1;46.32423;13.95066;87;480
1441;Čerga (Plešivica);Hrvaška;Gorjanci, Medvednica in Medžimurje;779;vrh;82136;7;2;0;;45.73715;15.66829;52;1844
1443;Svete gore;Slovenija;Posavsko hribovje in Dolenjska;527;vrh,cerkev;284979;23;8;1;2;46.04554;15.66112;72;1072
1444;Poštak;Hrvaška;Dinara in Lika;1425;vrh;95140;5;1;0;;44.2552;16.111;53;1791
1445;Lavričeva koča na Gradišču;Slovenija;Posavsko hribovje in Dolenjska;510;vrh,koča,cerkev;509162;4;2;0;9;45.96209;14.82234;91;332
1446;Pristava nad Stično;Slovenija;Posavsko hribovje in Dolenjska;694;vrh;302340;4;2;0;1;45.9894;14.8251;73;1016
1447;Sveti Lambert;Slovenija;Posavsko hribovje in Dolenjska;643;vrh,cerkev;151328;2;2;0;2;45.9908;14.8187;59;1576
1448;Špicasti vrh (Kislica);Slovenija;Karavanke;994;vrh;427914;3;2;0;16;46.35735;15.30353;85;568
1449;Sveti Lovrenc nad Zabreznico;Slovenija;Kamniško Savinjske Alpe;725;vrh,cerkev;290265;4;3;0;;46.4021;14.1516;72;1055
1450;Sveti Ahac (Kališe);Slovenija;Kamniško Savinjske Alpe;941;cerkev;212318;3;0;0;2;46.2646;14.6817;65;1350
1451;Sveti Florjan nad Gornjim Gradom;Slovenija;Kamniško Savinjske Alpe;743;cerkev;174992;4;1;0;;46.2913;14.8184;61;1482
1452;Špic;Slovenija;Kamniško Savinjske Alpe;1499;vrh;274442;4;1;0;3;46.26402;14.82096;71;1108
1453;Stari grad (Stari Osterberg);Slovenija;Posavsko hribovje in Dolenjska;443;vrh;225986;6;4;1;3;46.06071;14.63422;66;1287
1454;Visoki hrib;Slovenija;Polhograjsko hribovje in Ljubljana;602;vrh;196754;2;2;0;;46.0408;14.3066;63;1404
1455;Sveta planina (Partizanski vrh);Slovenija;Posavsko hribovje in Dolenjska;1011;vrh,koča,cerkev;481189;14;7;0;2;46.1753;15.0227;89;411
1456;Brajkov vrh;Hrvaška;Gorski Kotar in Istra;1091;vrh;65149;2;1;0;;;;50;1909
1457;Planinska koča Korita;Hrvaška;Gorski Kotar in Istra;1010;koča;86098;2;0;0;;;;52;1825
1458;Žbevnica;Hrvaška;Gorski Kotar in Istra;1014;vrh;261962;3;5;1;1;45.45867;14.01401;70;1157
1460;Planinska koča Žbevnica;Hrvaška;Gorski Kotar in Istra;851;koča;73293;3;2;0;;45.45528;14.01267;51;1876
1462;Mokrc;Slovenija;Goriško, Notranjsko in Snežniško hribovje;1059;vrh;316812;2;1;1;5;45.8941;14.5268;75;952
1463;Perun;Hrvaška;Gorski Kotar in Istra;880;vrh;145969;34;3;0;;45.24698;14.21479;58;1598
1465;Gozdarska koča Pri logarnici;Slovenija;Goriško, Notranjsko in Snežniško hribovje;889;Vremenska napoved:;152453;4;1;0;;45.8884;14.5348;59;1573
1466;Medvedje Brdo;Slovenija;Goriško, Notranjsko in Snežniško hribovje;814;vrh,cerkev;399241;8;6;0;;45.9695;14.1356;83;668
1469;Izvir Ljubljanice (Močilnik);Slovenija;Goriško, Notranjsko in Snežniško hribovje;305;koča,cerkev;293901;7;0;0;1;45.9543;14.2923;73;1045
1470;Izvir Ljubljanice (Retovje);Slovenija;Goriško, Notranjsko in Snežniško hribovje;308;Vremenska napoved:;317851;8;1;0;1;45.9518;14.2971;75;948
1471;Ljubljanski vrh;Slovenija;Goriško, Notranjsko in Snežniško hribovje;819;vrh;326309;1;1;0;;45.93098;14.29832;76;916
1472;Prtovč;Slovenija;Škofjeloško, Cerkljansko hribovje in Jelovica;1011;koča,cerkev;323433;4;4;3;;46.228;14.1129;76;926
1473;Cerkev Loretske Matere Božje v Suši;Slovenija;Škofjeloško, Cerkljansko hribovje in Jelovica;560;cerkev;142521;2;1;0;;46.2069;14.1197;58;1607
1474;Žagarjev hlev v Grobljah;Slovenija;Škofjeloško, Cerkljansko hribovje in Jelovica;1035;bivak;142429;4;1;0;;46.2157;14.1057;58;1608
1475;Koča na Petrovem Brdu;Slovenija;Julijske Alpe;804;koča,sedlo;370264;10;1;0;1;46.2154;13.999;80;757
1477;Krempa;Slovenija;Goriško, Notranjsko in Snežniško hribovje;944;vrh;211232;3;1;1;;45.53108;14.78095;65;1354
1478;Krokar;Slovenija;Goriško, Notranjsko in Snežniško hribovje;1122;vrh;300120;4;1;0;;45.53661;14.7726;73;1020
1479;Cerk;Slovenija;Goriško, Notranjsko in Snežniško hribovje;1192;vrh;218151;2;5;0;;45.5464;14.7642;65;1322
1482;Kup;Slovenija;Julijske Alpe;1046;vrh;269593;10;2;2;;46.22006;13.99055;71;1130
1483;Kapunar;Slovenija;Strojna, Košenjak, Kozjak in Slovenske gorice;1051;vrh;325847;5;11;3;;46.6419;15.2525;76;918
1484;Lovčev bivak Pri Koucah;Slovenija;Julijske Alpe;1192;Vremenska napoved:;219381;4;2;0;;46.2306;13.9959;66;1316
1485;Mitikas;Grčija;Olimp;2917;Ogledov: 337.975;337975;6;2;0;;40.08291;22.3572;77;881
1486;Vrh Bače;Slovenija;Julijske Alpe;1273;sedlo;393444;11;3;1;1;46.2367;13.9808;82;687
1488;Poljanski rob;Slovenija;Kamniško Savinjske Alpe;1569;vrh,planina;268889;6;3;0;;46.28786;14.6528;70;1131
1489;Sveti Martin nad Brišami;Slovenija;Polhograjsko hribovje in Ljubljana;567;cerkev;168085;5;1;0;;46.0492;14.2872;60;1517
1490;Kregovnik;Slovenija;Polhograjsko hribovje in Ljubljana;692;vrh;180383;2;1;0;1;46.0796;14.3386;62;1467
1491;Mala Grmada;Slovenija;Polhograjsko hribovje in Ljubljana;853;vrh;309040;2;4;1;3;46.08113;14.33017;74;988
1493;Planinski dom na Ravneku;Slovenija;Polhograjsko hribovje in Ljubljana;522;koča;257252;3;1;1;;46.0698;14.3213;69;1174
1494;Maloško poldne / Mallestiger Mittagskogel;Slovenija;Karavanke;1823;vrh;322388;7;4;0;;46.5228;13.88204;76;930
1495;Vojsko;Slovenija;Škofjeloško, Cerkljansko hribovje in Jelovica;1077;koča,planina,cerkev;410358;5;6;2;;46.0239;13.9028;84;625
1496;Hudournik;Slovenija;Škofjeloško, Cerkljansko hribovje in Jelovica;1148;vrh;282609;3;3;1;;46.0595;13.8787;72;1083
1498;Nemške glave;Italija;Julijske Alpe;1597;vrh;306003;2;1;0;;46.40844;13.57477;74;996
1499;Planina Javorje;Slovenija;Kamniško Savinjske Alpe;1594;planina;251816;3;2;0;;46.41176;14.7649;69;1197
1500;Planina Vodol;Slovenija;Kamniško Savinjske Alpe;1324;planina;163169;5;1;0;;46.4257;14.7756;60;1531
1501;Knezova planina (Planina Bela peč);Slovenija;Kamniško Savinjske Alpe;1350;planina,sedlo;168957;5;2;0;;46.42818;14.7811;61;1510
1502;Koča na Pikovem;Slovenija;Karavanke;992;koča,cerkev;63022;15;8;1;;46.4886;14.8366;50;1917
1503;Lavrovec;Slovenija;Polhograjsko hribovje in Ljubljana;890;vrh;302718;3;1;3;2;46.02414;14.1884;74;1012
1504;Goli vrh;Slovenija;Polhograjsko hribovje in Ljubljana;962;vrh;339513;1;2;7;1;46.0442;14.1756;77;878
1505;Izvir Volaščice;Slovenija;Škofjeloško, Cerkljansko hribovje in Jelovica;650;Vremenska napoved:;158805;4;1;0;;46.1466;14.1004;60;1549
1506;Leskovica;Slovenija;Škofjeloško, Cerkljansko hribovje in Jelovica;800;cerkev;162467;4;1;0;;46.1475;14.0859;60;1534
1507;Amariana;Italija;Karnijske Alpe;1905;vrh;273270;1;1;0;;46.40066;13.08029;71;1116
1508;Titov vrh;Severna Makedonija;Šar planina;2747;vrh;252819;16;0;0;;;;69;1193
1509;Magara;Severna Makedonija;Galičica;2245;vrh;117307;11;0;0;;;;55;1705
1510;Crni Kamen;Severna Makedonija;Jablanica;2258;vrh;117894;15;0;0;;;;56;1702
1511;Mala Golica;Slovenija;Karavanke;1646;vrh;253678;2;2;0;5;46.4868;14.0729;69;1188
1514;Sveta Ana (Butajnova);Slovenija;Polhograjsko hribovje in Ljubljana;686;cerkev;275732;2;1;0;1;46.04166;14.23683;71;1102
1515;Sveti Andrej (Planina nad Horjulom);Slovenija;Polhograjsko hribovje in Ljubljana;798;vrh,cerkev;339688;9;2;0;1;46.049;14.2137;77;875
1517;Rudnica;Slovenija;Julijske Alpe;946;vrh;471222;14;8;1;2;46.28545;13.92079;89;436
1519;Lovska koča na Brvogih;Slovenija;Karavanke;1425;Vremenska napoved:;223307;4;1;0;;46.4891;13.9673;66;1301
1520;Božičev vrh / Boschitzberg;Avstrija;Karavanke;1228;vrh;229652;0;1;0;;;;67;1274
1523;Grosses Reisseck;Avstrija;Visoke Ture;2985;vrh;224363;3;1;0;;46.94733;13.36422;66;1294
1524;Lovska koča Črnevka;Slovenija;Kamniško Savinjske Alpe;1300;Vremenska napoved:;122054;2;1;0;;46.33123;14.56422;56;1683
1525;Kogel;Slovenija;Kamniško Savinjske Alpe;2100;vrh;502348;9;1;0;;46.35502;14.55563;91;358
1527;Planina Ravna;Italija;Julijske Alpe;1515;bivak,planina,cerkev;183320;10;2;0;;46.4851;13.467;62;1458
1528;Planina Strehica;Italija;Julijske Alpe;1359;planina;158226;9;2;0;;46.4876;13.4552;60;1551
1529;Veliki Nabojs / Monte Nabois grande;Italija;Julijske Alpe;2313;vrh;408982;9;2;0;1;46.43913;13.48831;84;629
1530;Rifugio Pellarini;Italija;Julijske Alpe;1499;koča;278947;2;1;1;1;46.44064;13.50833;71;1093
1531;Lastovec;Slovenija;Kamniško Savinjske Alpe;1841;vrh;314748;1;1;0;;46.33694;14.66039;75;957
1532;Lučka Brana (Baba);Slovenija;Kamniško Savinjske Alpe;2331;vrh;481847;1;1;0;3;46.3598;14.625;89;407
1533;Kugelč (Šentjošt nad Horjulom);Slovenija;Polhograjsko hribovje in Ljubljana;666;vrh,planina,cerkev;258305;5;2;0;1;46.0312;14.2207;69;1169
1534;Koča na Kavcu;Slovenija;Goriško, Notranjsko in Snežniško hribovje;730;Vremenska napoved:;242197;5;1;0;;45.9227;14.4416;68;1234
1535;Rjavčki vrh (Planinšca);Slovenija;Kamniško Savinjske Alpe;1898;vrh;346106;3;3;0;;46.36602;14.62707;78;848
1536;Javoršček;Slovenija;Julijske Alpe;1557;vrh;399388;5;2;1;;46.3141;13.5976;83;667
1537;Dom na Matajure;Italija;Julijske Alpe;1545;koča;368238;2;2;0;3;46.20924;13.52503;80;767
1538;Vrh nad Vodeno Rupo;Slovenija;Julijske Alpe;1995;vrh;204187;3;1;0;;46.3261;13.7915;64;1378
1539;Vrh Hribaric;Slovenija;Julijske Alpe;2388;vrh;366991;4;4;0;1;46.34958;13.81831;80;773
1540;Vršaki (Vzhodni vrh);Slovenija;Julijske Alpe;2448;vrh;327945;5;4;1;;46.35093;13.80816;76;909
1541;Vršaki (Srednji vrh);Slovenija;Julijske Alpe;2424;vrh;311293;3;2;0;1;46.35035;13.80623;75;974
1542;Vršaki (Vrh za Koritami);Slovenija;Julijske Alpe;2422;vrh;216652;2;2;0;1;46.34928;13.80314;65;1327
1543;Vršaki (Južni vrh);Slovenija;Julijske Alpe;2431;vrh;249833;3;2;0;1;46.3475;13.8024;69;1203
1544;Kanjavec (Zahodni vrh);Slovenija;Julijske Alpe;2569;vrh;397070;4;4;0;;46.36001;13.80751;82;674
1545;Teme (Hribarice);Slovenija;Julijske Alpe;2495;vrh;364740;3;3;0;1;46.35733;13.8043;80;785
1546;Poprovec;Slovenija;Julijske Alpe;2496;vrh;374121;7;3;0;1;46.35583;13.80273;81;745
1547;Planina Blato;Slovenija;Julijske Alpe;1147;planina;560450;4;1;0;;46.314;13.8491;94;242
1551;Kamnitnik;Slovenija;Karavanke;1858;vrh;282078;3;2;0;2;46.4507;14.1297;72;1085
1552;Zabreška planina;Slovenija;Karavanke;1225;planina;373293;7;2;0;5;46.4187;14.1627;80;748
1553;Velika Bavha / Monte Robon;Italija;Julijske Alpe;1980;vrh;321301;3;3;0;;46.38591;13.5137;76;935
1554;Speleološki bivak Modonutti - Savoia;Italija;Julijske Alpe;1908;bivak,sedlo;221256;4;3;0;;46.3845;13.5155;66;1308
1560;Polinik;Avstrija;Visoke Ture;2784;vrh;185586;1;1;0;;46.89516;13.15797;62;1447
1561;Gontarska planina;Slovenija;Polhograjsko hribovje in Ljubljana;894;vrh;418269;2;2;2;4;46.11408;14.33757;84;604
1562;Strma peč / Monte Cimone;Italija;Julijske Alpe;2380;vrh;445181;11;2;0;;46.42387;13.38607;86;521
1563;Rysy;Poljska, Slovaška;Visoke Tatre;2503;vrh;319779;14;2;0;;49.17929;20.08846;75;940
1565;Ebeneck;Avstrija;Visoke Ture;2131;vrh;92512;4;1;0;;46.90788;13.17617;53;1801
1566;Monte Pramaggiore;Italija;Karnijske Alpe;2478;vrh;172821;3;1;0;;46.36459;12.55378;61;1499
1568;Hochstadelhaus;Avstrija;Lienški Dolomiti;1780;koča,planina;67559;8;2;0;;46.7585;12.8897;50;1899
1569;Hochstadel;Avstrija;Lienški Dolomiti;2681;vrh;169137;6;3;0;;46.7601;12.8568;61;1509
1570;Rudnigkofel;Avstrija;Lienški Dolomiti;2283;vrh;62832;5;1;0;;46.76199;12.87185;50;1918
1572;Sveti Vid;Hrvaška;Biokovo in Dalmacija;639;cerkev;111585;4;1;1;;43.4163;16.7623;55;1730
1573;Rifugio Berti al Popera;Italija;Dolomiti;1950;koča;69555;2;1;0;;46.631;12.4059;51;1891
1574;Croda Sora I Colesei / Arzalpenkopf;Italija;Dolomiti;2321;vrh;76730;6;2;0;;46.6438;12.4063;51;1861
1575;Belvedere (Creston Popera);Italija;Dolomiti;2125;vrh;50881;2;1;0;;46.6374;12.4051;49;1969
1576;Col Galina;Italija;Dolomiti;2372;vrh;70147;2;1;0;;46.5088;12.0118;51;1889
1577;Punta Fanes Sud;Italija;Dolomiti;2980;vrh;106036;9;1;0;;46.54616;12.01844;54;1751
1578;Vršiči;Slovenija;Kamniško Savinjske Alpe;1980;vrh;335913;3;1;0;;46.34559;14.63695;77;885
1579;Vežica;Slovenija;Kamniško Savinjske Alpe;1965;vrh;316481;2;1;0;;46.3446;14.63356;75;954
1580;Torre di Toblin / Toblinger Knoten;Italija;Dolomiti;2617;vrh;241921;11;3;0;;46.64203;12.30781;68;1235
1581;Sasso di Sesto / Sextnerstein;Italija;Dolomiti;2539;vrh;179454;4;2;0;1;46.63905;12.30816;62;1470
1582;Rifugio Fondo Valle / Talschlußhütte;Italija;Dolomiti;1548;koča;57836;1;1;0;;46.65144;12.35374;49;1939
1583;Rifugio Comici / Zsigmondy Hütte;Italija;Dolomiti;2224;koča;93248;7;1;0;;46.62838;12.3574;53;1798
1584;Izvir Bohinjske Bistrice;Slovenija;Julijske Alpe;630;slap;303958;4;1;0;;46.25617;13.92326;74;1004
1585;Lokovnikov Grintovec / Grintoutz;Avstrija, Slovenija;Karavanke;1809;vrh;345080;7;5;0;;46.44547;14.3001;78;852
1586;Planina Klom;Slovenija;Škofjeloško, Cerkljansko hribovje in Jelovica;1500;planina;312911;7;3;0;;46.2471;14.0965;75;966
1587;Najvišji rob (Zeleniške špice);Slovenija;Kamniško Savinjske Alpe;2127;vrh;526040;4;2;0;4;46.35192;14.62094;92;298
1589;Ribenska gora;Slovenija;Julijske Alpe;588;vrh;183743;4;1;0;;;;62;1452
1590;Rdeči rob;Slovenija;Julijske Alpe;1913;vrh;390887;8;3;0;1;46.25016;13.69624;82;695
1591;Planina Črča;Slovenija;Julijske Alpe;800;planina;197397;2;1;0;;46.2359;13.7113;63;1399
1592;Planina Laška seč;Slovenija;Julijske Alpe;1000;planina;236131;3;1;0;;46.2353;13.7055;67;1254
1593;Planina Medrja;Slovenija;Julijske Alpe;1133;planina;216006;3;1;0;;46.2329;13.7013;65;1330
1594;Planina Sleme;Slovenija;Julijske Alpe;1448;planina,sedlo;371206;3;2;0;;46.2429;13.6918;80;756
1595;Srednji vrh (nad jezerom v Lužnici);Slovenija;Julijske Alpe;2032;vrh;344699;4;3;0;1;46.26013;13.67734;78;855
1601;Planina Dobrenjščica;Slovenija;Julijske Alpe;1304;planina;284978;9;2;0;;46.2643;13.7384;72;1073
1602;Brod na Muri (Melinci);Slovenija;Strojna, Košenjak, Kozjak in Slovenske gorice;175;Ogledov: 196.896;196896;4;1;0;;;;63;1403
1603;Sveti križ na Hribcu;Slovenija;Polhograjsko hribovje in Ljubljana;380;Vremenska napoved:;160184;2;1;0;;46.1623;14.3133;60;1544
1604;Planina v Plazeh;Slovenija;Julijske Alpe;1548;planina,sedlo;244762;5;2;0;;46.352;13.7317;68;1226
1605;Čisti vrh;Slovenija;Julijske Alpe;1875;vrh;395958;3;1;0;;46.3556;13.7523;82;677
1607;Mali Javornik (Javorniki);Slovenija;Goriško, Notranjsko in Snežniško hribovje;1219;vrh;292185;1;2;0;;45.76421;14.27927;73;1050
1608;Pečna reber;Slovenija;Goriško, Notranjsko in Snežniško hribovje;763;vrh,koča;300456;7;1;0;3;45.77868;14.23004;73;1019
1610;Račka vrata;Slovenija;Kamniško Savinjske Alpe;1450;Ogledov: 268.657;268657;8;1;0;;;;70;1132
1611;Sveti Florijan (Tehovec);Slovenija;Polhograjsko hribovje in Ljubljana;685;vrh,cerkev;263648;7;4;0;12;46.1136;14.366;70;1149
1612;Šmarjetna glava;Slovenija;Julijske Alpe;2358;vrh;395322;4;4;0;;46.36433;13.82715;82;680
1614;Vrh Leh;Slovenija;Julijske Alpe;1958;vrh;207607;3;1;0;1;46.35786;13.64824;64;1365
1615;Pri Banderi;Slovenija;Julijske Alpe;1974;vrh;203608;4;1;0;;46.35512;13.64484;64;1381
1616;Vrh Ovčje planje;Slovenija;Julijske Alpe;1965;vrh;261062;7;1;0;;46.35453;13.64104;70;1161
1617;Cerkovni vrh;Slovenija;Škofjeloško, Cerkljansko hribovje in Jelovica;804;vrh;168321;1;2;0;;46.02259;14.01728;60;1514
1618;Planina nad Sočo;Slovenija;Julijske Alpe;1400;planina;278872;4;1;0;;46.3522;13.6587;71;1094
1620;Planina Dolžanka;Slovenija;Karavanke;1090;planina;219837;2;1;0;;46.4125;14.3376;66;1313
1621;Vevnica;Italija, Slovenija;Julijske Alpe;2342;vrh;483287;2;1;0;;46.43963;13.68566;90;402
1622;Strug;Italija, Slovenija;Julijske Alpe;2265;vrh;395177;3;1;0;;46.4441;13.6939;82;682
1623;Spodnji Stenar;Slovenija;Julijske Alpe;2356;vrh;320402;2;1;0;2;46.40552;13.81764;76;938
1624;Krsteniški Stog;Slovenija;Julijske Alpe;1879;vrh;321785;8;2;0;;46.33138;13.84906;76;933
1625;Krnčica;Slovenija;Julijske Alpe;2142;vrh;466216;13;3;1;;46.28178;13.65087;88;451
1626;Rigeljc;Slovenija;Julijske Alpe;1768;vrh;212919;2;1;0;;46.3015;13.80021;65;1345
1627;Stadorski Orliči;Slovenija;Julijske Alpe;1782;vrh;212655;5;1;0;;46.30234;13.80327;65;1348
1628;Vrtec;Slovenija;Julijske Alpe;1809;vrh;275803;4;1;0;;46.30517;13.8063;71;1101
1629;Špik nad Planjo / Punta Plagnis;Italija;Julijske Alpe;2411;vrh;310533;10;1;0;1;46.41479;13.48343;74;977
1630;Keeskopf;Avstrija;Visoke Ture;3081;vrh;208122;4;1;0;;46.95097;12.76233;64;1363
1631;Lovska koča Štepih;Slovenija;Karavanke;825;Vremenska napoved:;269861;4;4;0;4;46.3385;15.364;71;1129
1632;Tromejnik;Avstrija, Madžarska, Slovenija;Prekmurje;390;vrh;274719;10;10;0;3;46.8691;16.1138;71;1107
1634;Vrh Krnega dola / Monte Cregnedul;Italija;Julijske Alpe;2351;vrh;272011;5;1;0;;46.41377;13.48543;71;1122
1635;Grad Grad na Goričkem;Slovenija;Prekmurje;370;vrh,cerkev;185375;9;3;0;;46.8002;16.0959;62;1449
1636;Serdiški breg (Rdeči breg);Slovenija;Prekmurje;416;vrh;203115;15;8;0;;46.83036;16.0133;64;1384
1637;Sotinski breg (Kugla);Slovenija;Prekmurje;418;vrh;373035;20;7;0;1;46.836;16.0305;80;750
1638;Lomnik;Slovenija;Posavsko hribovje in Dolenjska;609;vrh;112006;0;0;0;;;;55;1726
1639;Škednjovec;Slovenija;Julijske Alpe;2309;vrh;405871;17;2;0;;46.34943;13.82479;83;643
1640;Gradišče (nad Spodnjo Idrijo);Slovenija;Škofjeloško, Cerkljansko hribovje in Jelovica;998;vrh;194691;7;5;0;;46.0443;14.0414;63;1411
1641;Bistriška planina;Slovenija;Kamniško Savinjske Alpe;1057;planina,sedlo;461120;19;6;1;5;46.38024;14.2748;88;463
1642;Breška planina;Slovenija;Kamniško Savinjske Alpe;1100;planina;256214;3;3;0;1;46.3804;14.2695;69;1180
1647;Sveti Janez Krstnik na Ojstrici;Slovenija;Strojna, Košenjak, Kozjak in Slovenske gorice;982;cerkev;197148;8;1;0;2;46.6195;15.0357;63;1400
1648;Matkova kopa;Avstrija, Slovenija;Kamniško Savinjske Alpe;1957;vrh;399493;5;1;0;;46.39227;14.58598;83;666
1649;Goljek;Slovenija;Polhograjsko hribovje in Ljubljana;809;vrh;284755;11;4;1;2;46.08606;14.35638;72;1074
1650;Plešivška kopa (Kozarnica);Slovenija;Karavanke;1414;vrh;120363;6;1;0;;46.48337;14.99691;56;1693
1651;Golčaj;Slovenija;Posavsko hribovje in Dolenjska;690;vrh,cerkev;303260;9;4;1;3;46.1709;14.80643;74;1010
1652;Špilk;Slovenija;Posavsko hribovje in Dolenjska;956;vrh,bivak;364161;8;3;1;5;46.2006;14.819;79;789
1653;Časov vrh;Slovenija;Karavanke;821;vrh;116266;1;1;0;1;46.4418;15.1521;55;1709
1654;Fričev vrh;Slovenija;Karavanke;881;vrh;195684;5;2;3;1;46.44065;15.14592;63;1408
1655;Sveti Rupert (Završe);Slovenija;Karavanke;815;vrh,koča,cerkev;139420;7;2;0;1;46.42751;15.1481;58;1622
1656;Sveti Vid (Završe);Slovenija;Karavanke;808;vrh,cerkev;139394;3;2;0;1;46.422;15.159;58;1623
1657;Blekova planina;Avstrija, Slovenija;Karavanke;1629;bivak,planina,sedlo;292588;13;3;0;1;46.5183;13.8324;73;1048
1658;Zajčnik;Avstrija, Slovenija;Karavanke;1746;vrh;237494;5;3;0;;46.515;13.8291;67;1248
1659;Jureževa planina;Slovenija;Karavanke;1488;planina;225415;3;1;0;;46.503;13.8256;66;1293
1660;Golem Korab / Maja e Korabit;Albanija, Severna Makedonija;Jablanica;2764;vrh;277893;6;1;0;;41.79013;20.54709;71;1097
1661;Sveta Katarina (Topol);Slovenija;Polhograjsko hribovje in Ljubljana;738;cerkev;644371;6;9;0;4;46.0965;14.3765;96;139
1662;Visoka špica;Slovenija;Posavsko hribovje in Dolenjska;660;vrh;309670;4;3;2;2;46.21972;14.62265;74;982
1663;Sveti Tomaž (Planinca);Slovenija;Goriško, Notranjsko in Snežniško hribovje;572;cerkev;205711;2;3;0;3;45.9558;14.447;64;1372
1669;Kuren (Sveti Miklavž);Slovenija;Goriško, Notranjsko in Snežniško hribovje;526;koča,cerkev;163714;6;1;0;1;45.9791;14.2658;60;1528
1673;Rotovc;Slovenija;Goriško, Notranjsko in Snežniško hribovje;964;vrh;289661;7;4;1;;45.8941;14.4559;72;1057
1674;Petelinjsko jezero;Slovenija;Goriško, Notranjsko in Snežniško hribovje;530;jezero;183733;7;1;0;;45.707;14.2283;62;1453
1676;Kozjek;Slovenija;Karavanke;766;vrh;120833;5;3;0;;;;56;1689
1678;Grad Žovnek;Slovenija;Kamniško Savinjske Alpe;409;vrh;318662;10;2;0;2;46.2763;15.0041;75;943
1679;Vrhe;Slovenija;Kamniško Savinjske Alpe;965;vrh;182710;1;6;0;2;46.2793;14.96372;62;1462
1680;Sveta Mati Božja na Čreti;Slovenija;Kamniško Savinjske Alpe;944;cerkev;177652;6;6;0;3;46.2789;14.9609;61;1476
1682;Plesišče;Slovenija;Julijske Alpe;1790;vrh;302640;2;1;0;5;46.35339;13.90453;74;1013
1683;Golič;Slovenija;Goriško, Notranjsko in Snežniško hribovje;890;vrh;373121;11;5;1;2;45.49142;13.97161;80;749
1684;Visoka glava;Slovenija;Julijske Alpe;1822;vrh;202459;4;1;0;;46.3152;13.8012;64;1388
1685;Štor;Slovenija;Škofjeloško, Cerkljansko hribovje in Jelovica;1005;vrh;167863;2;12;0;3;46.1093;14.05513;60;1518
1686;Sveti Mohor (Zabrekve);Slovenija;Škofjeloško, Cerkljansko hribovje in Jelovica;952;vrh,cerkev;460072;16;8;0;11;46.2358;14.2403;88;468
1687;Špičasti hrib;Slovenija;Škofjeloško, Cerkljansko hribovje in Jelovica;837;vrh;310615;4;4;0;6;46.2355;14.2735;75;975
1688;Slap Šum;Slovenija;Škofjeloško, Cerkljansko hribovje in Jelovica;425;slap;305119;8;1;0;1;46.27154;14.26776;74;1000
1690;Lipnik;Slovenija;Goriško, Notranjsko in Snežniško hribovje;804;vrh;345182;7;1;0;;45.48081;13.96538;78;851
1691;Kavčič;Slovenija;Goriško, Notranjsko in Snežniško hribovje;879;vrh;239153;7;3;0;1;45.4711;13.9835;68;1243
1692;Nadglavinjak;Slovenija;Goriško, Notranjsko in Snežniško hribovje;888;vrh;115193;2;1;0;1;45.4815;13.9818;55;1714
1693;Kalanov hrib (Kalanček);Slovenija;Posavsko hribovje in Dolenjska;626;vrh;204936;2;2;0;;46.1522;14.9153;64;1374
1694;Gozdarska koča Rovtarica;Slovenija;Škofjeloško, Cerkljansko hribovje in Jelovica;1089;koča;316491;17;1;0;;46.2855;14.0913;75;953
1697;Sveti Primož in Felicijan (Jamnik);Slovenija;Škofjeloško, Cerkljansko hribovje in Jelovica;831;vrh,cerkev;476780;21;10;0;8;46.2751;14.2141;89;420
1698;Dolski maj;Slovenija;Goriško, Notranjsko in Snežniško hribovje;912;vrh;174214;4;2;0;2;45.93387;13.89449;61;1491
1699;Mesnovec;Slovenija;Julijske Alpe;1538;vrh;275549;1;1;0;;46.3372;13.9446;71;1104
1701;Bezenica;Slovenija;Polhograjsko hribovje in Ljubljana;476;vrh;139847;3;1;0;;46.05511;14.36023;58;1619
1702;Sveti Socerb (Artviže);Slovenija;Goriško, Notranjsko in Snežniško hribovje;817;vrh,cerkev;386647;8;3;0;4;45.61528;14.03043;81;710
1705;Lačna;Slovenija;Goriško, Notranjsko in Snežniško hribovje;451;vrh;368930;8;6;2;6;45.5051;13.8854;80;763
1706;Sveti Štefan (Zanigrad);Slovenija;Goriško, Notranjsko in Snežniško hribovje;246;cerkev;213690;5;2;0;;45.5148;13.9068;65;1341
1707;Zjat;Slovenija;Goriško, Notranjsko in Snežniško hribovje;449;vrh;214016;8;5;0;;45.52538;13.90758;65;1337
1708;Sveta Magdalena (Brda);Slovenija;Pohorje, Dravinjske gorice in Haloze;718;cerkev;118843;2;1;0;;46.4735;15.1601;56;1699
1710;Veliki vrh (Lajše);Slovenija;Škofjeloško, Cerkljansko hribovje in Jelovica;881;vrh;148986;6;5;0;;46.1121;13.9857;59;1585
1711;Škofje;Slovenija;Škofjeloško, Cerkljansko hribovje in Jelovica;973;vrh;198985;11;9;1;;46.1315;14.0235;64;1396
1712;Veliki vrh (Rašica);Slovenija;Polhograjsko hribovje in Ljubljana;568;vrh;313513;5;1;0;1;46.1417;14.49561;75;964
1713;Vrh križa;Slovenija;Goriško, Notranjsko in Snežniško hribovje;411;vrh;151240;2;3;0;5;45.4953;13.9;59;1577
1714;Krog;Slovenija;Goriško, Notranjsko in Snežniško hribovje;418;vrh;132815;1;3;0;4;45.4912;13.9061;57;1645
1715;Kuk;Slovenija;Goriško, Notranjsko in Snežniško hribovje;498;vrh;303714;10;3;2;8;45.48621;13.91778;74;1007
1716;Veliki Gradež;Slovenija;Goriško, Notranjsko in Snežniško hribovje;507;vrh;193576;4;3;0;4;45.4863;13.9268;63;1420
1717;Tri učke;Slovenija;Goriško, Notranjsko in Snežniško hribovje;499;vrh;222300;3;3;0;;45.47721;13.93395;66;1304
1718;Sveti Kvirik;Slovenija;Goriško, Notranjsko in Snežniško hribovje;408;vrh,cerkev;292735;3;2;0;1;45.4636;13.9046;73;1047
1719;Orlovo gnezdo (Veli Badin);Slovenija;Goriško, Notranjsko in Snežniško hribovje;359;vrh;450346;10;2;0;1;45.45944;13.91431;87;499
1720;Loncmanova Sivka (Mrzli Vrh);Slovenija;Škofjeloško, Cerkljansko hribovje in Jelovica;987;vrh;298500;6;7;0;4;46.05454;14.06116;73;1025
1722;Tolsto;Slovenija;Posavsko hribovje in Dolenjska;780;vrh;157928;6;1;0;;46.1773;15.187;59;1553
1723;Visoki vrh nad Jezerskim;Slovenija;Kamniško Savinjske Alpe;1459;vrh;365173;3;2;0;;46.38517;14.52459;80;779
1724;Javornik nad Jezerskim;Slovenija;Kamniško Savinjske Alpe;1399;vrh;330189;1;1;0;1;46.3888;14.5202;77;900
1725;Skubrov vrh;Slovenija;Kamniško Savinjske Alpe;1276;vrh;168290;1;1;0;1;46.39586;14.51951;60;1515
1726;Turni;Slovenija;Kamniško Savinjske Alpe;1240;vrh;187753;3;1;0;1;46.39743;14.51659;62;1437
1727;Roblekova planina;Avstrija, Slovenija;Karavanke;1284;planina,sedlo;332928;13;5;0;;46.4197;14.4975;77;890
1728;Kraguljše;Avstrija;Karavanke;1828;vrh;174672;1;2;0;;46.5039;14.5019;61;1487
1729;Rakitna;Slovenija;Goriško, Notranjsko in Snežniško hribovje;789;koča,jezero,cerkev;441276;11;2;2;1;45.887;14.4317;86;531
1730;Krancelj;Slovenija;Škofjeloško, Cerkljansko hribovje in Jelovica;453;vrh;206517;2;1;0;;46.16236;14.30003;64;1370
1731;Grad Divja Loka (Stari grad);Slovenija;Škofjeloško, Cerkljansko hribovje in Jelovica;502;vrh;238628;2;2;0;;46.1622;14.2842;68;1245
1740;Bela stena;Slovenija;Goriško, Notranjsko in Snežniško hribovje;1122;vrh;244928;2;1;2;;45.69203;14.71968;68;1224
1741;Rezinski vrh;Slovenija;Goriško, Notranjsko in Snežniško hribovje;1231;vrh;193103;3;1;0;2;45.68818;14.7138;63;1421
1742;Turn;Slovenija;Goriško, Notranjsko in Snežniško hribovje;1254;vrh;278347;2;1;0;1;45.68736;14.70814;71;1095
1743;Škol;Slovenija;Goriško, Notranjsko in Snežniško hribovje;1182;vrh;352099;4;1;1;;46.01981;13.79177;78;829
1744;Volnik;Italija, Slovenija;Goriško, Notranjsko in Snežniško hribovje;546;vrh;386215;1;1;4;3;45.7471;13.7822;81;712
1745;Gonžarjeva peč;Slovenija;Karavanke;575;vrh;406816;6;2;1;2;46.3512;15.1672;83;638
1746;Radojč;Slovenija;Karavanke;937;vrh;329863;2;2;0;2;46.35958;15.17242;76;901
1747;Ramšakov vrh;Slovenija;Karavanke;970;vrh;312888;3;4;0;3;46.35916;15.19006;75;967
1748;Temnjak;Slovenija;Karavanke;798;vrh;140952;2;1;0;1;46.35063;15.18615;58;1616
1749;Vinska gora;Slovenija;Karavanke;806;vrh;228219;2;2;0;;46.34894;15.19538;67;1278
1752;Dolina reke Glinščice / Val Rosandra;Italija;Goriško, Notranjsko in Snežniško hribovje;320;Vremenska napoved:;569477;8;1;0;;45.6168;13.8692;94;228
1753;Ostrež;Slovenija;Posavsko hribovje in Dolenjska;856;vrh,cerkev;357327;1;1;1;;46.0825;14.9736;79;810
1754;Tolsti vrh (Talež);Slovenija;Škofjeloško, Cerkljansko hribovje in Jelovica;883;vrh;419577;5;2;0;5;46.3351;14.106;84;599
1755;Rušni vrh;Slovenija;Julijske Alpe;1786;vrh;212430;3;10;0;;46.23168;13.93719;65;1349
1756;Mengore;Slovenija;Goriško, Notranjsko in Snežniško hribovje;453;vrh,cerkev;406940;6;2;0;;46.1668;13.72154;83;637
1757;Kozlov rob;Slovenija;Julijske Alpe;426;vrh;383878;8;2;0;2;46.1893;13.7254;81;720
1762;Slap Zaročenca;Slovenija;Julijske Alpe;930;slap;312345;24;0;0;;;;75;972
1763;Ježa;Slovenija;Goriško, Notranjsko in Snežniško hribovje;949;vrh;189680;4;2;0;3;46.17044;13.67452;63;1433
1764;Deveti konfin (kota 930);Slovenija;Goriško, Notranjsko in Snežniško hribovje;930;vrh;159275;2;2;0;;46.16845;13.68252;60;1546
1765;Deveti konfin (kota 942);Slovenija;Goriško, Notranjsko in Snežniško hribovje;942;vrh;186123;3;2;0;;46.17034;13.67836;62;1444
1766;Planinski dom pod Ježo;Slovenija;Goriško, Notranjsko in Snežniško hribovje;740;koča;168374;12;1;0;2;46.1634;13.6692;61;1513
1767;Na gradu;Italija, Slovenija;Goriško, Notranjsko in Snežniško hribovje;1115;vrh;213662;6;2;1;1;46.1836;13.65946;65;1342
1768;Trinški vrh;Italija, Slovenija;Goriško, Notranjsko in Snežniško hribovje;1138;vrh;180389;3;2;0;;46.1872;13.65119;62;1466
1769;Bivak Zanuso na Kolovratu;Italija;Goriško, Notranjsko in Snežniško hribovje;1065;bivak,sedlo;173073;4;2;0;;46.18901;13.64211;61;1493
1770;Nagnoj;Italija, Slovenija;Goriško, Notranjsko in Snežniško hribovje;1193;vrh;253486;3;2;0;2;46.1916;13.6336;69;1189
1771;Kuk (Kolovrat);Slovenija;Goriško, Notranjsko in Snežniško hribovje;1243;vrh;484680;9;3;0;2;46.19568;13.61946;90;397
1772;Planina Pretovč;Slovenija;Julijske Alpe;1160;planina,sedlo;255311;3;2;0;;46.22563;13.6942;69;1182
1773;Mrzli vrh nad planino Pretovč;Slovenija;Julijske Alpe;1359;vrh;450648;9;3;0;2;46.2188;13.69596;87;498
1774;Globočak;Slovenija;Goriško, Notranjsko in Snežniško hribovje;809;vrh;195836;8;2;2;;46.13007;13.65841;63;1407
1775;Italijanska vojaška kapela na Planici;Slovenija;Julijske Alpe;1220;cerkev;265765;6;2;0;;46.24326;13.64369;70;1143
1776;Planica (pod Krnom);Slovenija;Julijske Alpe;1376;vrh;227151;1;2;0;;46.2485;13.64;67;1282
1777;Bolnica Franja;Slovenija;Škofjeloško, Cerkljansko hribovje in Jelovica;601;slap,koča;475451;16;1;0;1;46.1535;14.0284;89;423
1778;Pungartska gora;Avstrija, Slovenija;Karavanke;2025;vrh;362216;7;1;0;1;46.4397;14.3686;79;795
1779;Sveta peč / Helige Wand;Avstrija;Karavanke;1613;vrh;163018;2;1;0;;46.4561;14.2314;60;1532
1780;Bela peč / Weiße Wand;Avstrija;Karavanke;1684;vrh;219394;2;1;0;;46.4537;14.2236;66;1315
1781;Rjavca / Rjautza;Avstrija;Karavanke;1789;vrh;248113;13;2;0;;46.4514;14.2221;68;1207
1782;Požgani rob;Avstrija;Karavanke;1513;vrh;155039;1;1;0;;46.4579;14.2222;59;1563
1783;Dobra gora;Slovenija;Julijske Alpe;620;vrh;298432;4;1;0;;46.3542;14.1095;73;1027
1785;Mengeška koča na Gobavici;Slovenija;Polhograjsko hribovje in Ljubljana;433;vrh,koča;464380;8;7;0;4;46.16569;14.56139;88;456
1786;Kovinarska koča v Krmi;Slovenija;Julijske Alpe;870;koča,planina;374697;4;3;0;2;46.4005;13.9235;81;743
1787;Planina Rčitno;Slovenija;Julijske Alpe;900;planina;273381;16;4;0;;46.3566;14.0404;71;1115
1788;Draški rob;Slovenija;Julijske Alpe;1979;vrh;343009;8;2;0;;46.3659;13.8971;77;864
1789;Schwarzkofel;Avstrija;Krške Alpe;2168;vrh;134213;6;2;0;1;46.8456;13.82876;57;1640
1790;Rodresnock;Avstrija;Krške Alpe;2310;vrh;148916;12;2;0;3;46.8527;13.8161;59;1586
1791;Falkert;Avstrija;Krške Alpe;2308;vrh;244103;20;5;0;2;46.8603;13.81632;68;1228
1792;Steinnock;Avstrija;Krške Alpe;2197;vrh;128822;4;2;0;1;46.8725;13.805;57;1659
1793;Mallnock;Avstrija;Krške Alpe;2226;vrh;163398;3;3;0;4;46.87646;13.7696;60;1530
1794;Fadenberg;Avstrija;Krške Alpe;2064;vrh;125931;2;1;0;;46.8725;13.8286;56;1672
1795;Falkertköpfl;Avstrija;Krške Alpe;2197;vrh;122680;3;1;0;;46.8677;13.8161;56;1681
1796;Wöllaner Nock;Avstrija;Krške Alpe;2145;vrh;174345;8;3;0;3;46.7766;13.8286;61;1490
1797;Kaiseburg;Avstrija;Krške Alpe;2055;vrh,koča;151471;7;2;0;1;46.78316;13.82711;59;1575
1798;Rossalmhütte;Avstrija;Krške Alpe;1915;koča,planina;126398;3;2;0;;46.7866;13.8163;56;1669
1799;Waldtratte;Avstrija;Krške Alpe;1370;koča,planina;126051;4;1;0;;46.8;13.8072;56;1671
1800;Breitwand;Avstrija;Krške Alpe;882;Vremenska napoved:;128498;5;1;0;;46.78809;13.65286;57;1663
1803;Kremant (Ratitovec);Slovenija;Škofjeloško, Cerkljansko hribovje in Jelovica;1654;vrh;307824;7;5;0;1;46.2396;14.0723;74;990
1804;Sveti Lovrenc / St. Lorenzen (Lorenzenberg);Avstrija;Labotniške Alpe;924;cerkev;91429;3;1;0;;46.6373;14.9937;53;1806
1805;Sveta Trojica / Dreifaltigkeitskirche (Lavamünd);Avstrija;Labotniške Alpe;467;vrh,cerkev;125419;2;1;0;;46.6422;14.952;56;1674
1807;Panoramska restavracija Oben / Panoramarestaurant Oben;Avstrija;Karavanke;1708;koča,jezero,planina,cerkev;242603;10;3;0;;46.5179;14.7715;68;1233
1809;Veška planina / Wackendorfer Alm;Avstrija;Karavanke;1568;koča,planina,cerkev;135942;9;2;0;;46.5233;14.7243;57;1634
1810;Zavetišče na Kalu;Slovenija;Karavanke;1112;koča,sedlo;230310;4;5;0;3;46.39797;14.3146;67;1273
1811;Grančišče;Slovenija;Julijske Alpe;844;vrh;300120;11;4;1;3;46.4589;13.9328;73;1021
1812;Požgana Mlinarica;Slovenija;Julijske Alpe;1868;vrh;361479;6;3;0;;46.4079;13.8794;79;797
1813;Sveti Jožef (Mlečnik);Slovenija;Goriško, Notranjsko in Snežniško hribovje;441;vrh,cerkev;158651;3;1;0;7;45.9603;14.4146;60;1550
1814;Lengarjeva glava;Slovenija;Julijske Alpe;1498;vrh;168117;1;1;0;;46.42482;13.89332;60;1516
1815;Požar;Slovenija;Julijske Alpe;1543;vrh;212701;1;2;0;2;46.42047;13.88618;65;1347
1816;Porze / Cima Palombino;Avstrija, Italija;Karnijske Alpe;2599;vrh;137357;5;2;0;;46.6513;12.56878;57;1629
1817;Kup (na Raduhi);Slovenija;Kamniško Savinjske Alpe;1808;vrh;364209;5;2;0;;46.42285;14.76351;79;788
1818;Plački vrh;Slovenija;Strojna, Košenjak, Kozjak in Slovenske gorice;510;vrh;256451;9;3;0;18;46.6801;15.618;69;1179
1820;Traningerwand;Avstrija;Ziljske Alpe;1200;Vremenska napoved:;150991;2;2;0;;46.63183;13.67082;59;1579
1821;Hachelnock;Avstrija;Ziljske Alpe;1442;vrh;191611;1;1;0;;46.63855;13.67498;63;1426
1822;Schwandnock;Avstrija;Ziljske Alpe;1517;vrh;114782;3;1;0;;46.63615;13.70877;55;1716
1828;Stenica;Slovenija;Karavanke;1091;vrh;324897;8;3;0;7;46.3665;15.312;76;921
1830;Torre Clampil;Avstrija, Italija;Karnijske Alpe;2079;vrh;244027;1;1;0;;46.55604;13.24265;68;1229
1831;Rifugio Pomedes;Italija;Dolomiti;2203;koča;91443;6;3;0;;46.53624;12.07766;53;1805
1832;Punta Anna;Italija;Dolomiti;2731;vrh;100007;2;1;0;;46.54002;12.07136;54;1773
1833;Punta Serauta;Italija;Dolomiti;2962;vrh;90499;9;1;0;;46.43998;11.8837;53;1810
1834;Rifugio Son Forca;Italija;Dolomiti;2215;koča;82429;3;1;0;;46.56818;12.18557;52;1843
1835;Rifugio Guido Lorenzi;Italija;Dolomiti;3000;koča,sedlo;255025;7;1;0;;46.58325;12.19334;69;1183
1843;Rifugio Scoiattoli;Italija;Dolomiti;2255;koča;102176;6;4;0;;46.50806;12.04696;54;1764
1845;Rifugio Tobia del Giagher;Italija;Dolomiti;2170;koča,planina;50593;2;1;0;;46.4446;11.7702;49;1970
1846;Durrenstein / Pico di Vallandro;Italija;Dolomiti;2839;vrh;144545;18;1;0;;46.6725;12.1852;58;1602
1847;Cima di Mezzo;Italija;Dolomiti;3154;vrh;304729;6;1;2;;46.57774;12.19604;74;1001
1848;Torre Aglio;Italija;Dolomiti;2980;vrh;100267;8;1;0;;46.54613;12.06972;54;1770
1849;Sas de Adam;Italija;Dolomiti;2430;vrh;76690;10;2;0;1;46.4358;11.7425;51;1862
1850;Sass de Porcel;Italija;Dolomiti;2401;vrh;57022;5;1;0;;46.4344;11.7507;49;1942
1851;Brunec;Italija;Dolomiti;2486;vrh;72933;3;1;0;;46.4353;11.7588;51;1878
1854;Rifugio Viel del Pan;Italija;Dolomiti;2432;koča;94901;13;2;0;;46.4743;11.8346;53;1793
1855;Rifugio Som Picol;Italija;Karnijske Alpe;1466;koča;99072;1;1;0;;46.4399;12.5646;54;1779
1856;Clap Varmost;Italija;Karnijske Alpe;1751;vrh;96729;5;1;0;;46.443;12.568;53;1784
1857;Malga Varmost;Italija;Karnijske Alpe;1758;koča,planina;69641;2;1;0;;46.4504;12.5628;51;1890
1860;Colac;Italija;Dolomiti;2715;vrh;111976;7;2;0;;46.44118;11.78272;55;1727
1861;Cristallino d'Ampezzo;Italija;Dolomiti;3008;vrh;262790;5;1;0;;46.58187;12.19016;70;1153
1862;Tofana di Mezzo;Italija;Dolomiti;3244;vrh;369983;23;3;0;1;46.55103;12.0652;80;759
1863;Casera Tartoi;Italija;Karnijske Alpe;1711;koča,planina;76133;3;2;0;;46.46328;12.57792;51;1865
1864;Planina Ravni;Slovenija;Kamniško Savinjske Alpe;1075;planina;190471;7;4;0;;46.2548;14.7532;63;1429
1865;Planina Travnik;Slovenija;Kamniško Savinjske Alpe;1180;planina;260255;9;5;1;;46.2546;14.772;70;1165
1867;Lavarella;Italija;Dolomiti;3055;vrh;232274;14;3;0;;46.5851;11.97121;67;1270
1868;Piz dles Conturines;Italija;Dolomiti;3064;vrh;143628;17;2;0;;46.57636;11.9778;58;1605
1870;Lavarella (zahodni vrh);Italija;Dolomiti;3034;vrh;104372;10;1;0;;46.58411;11.96742;54;1754
1871;Erichhütte;Avstrija;Severne apneniške Alpe;1545;koča,planina;47069;3;1;0;;47.40047;13.0398;48;1983
1872;Hoher Kopf;Avstrija;Severne apneniške Alpe;2875;vrh;79926;5;2;0;;47.42028;13.05317;52;1851
1873;Smledniški hrib (Stari grad);Slovenija;Polhograjsko hribovje in Ljubljana;517;vrh,koča;496258;21;5;0;13;46.1654;14.4421;90;364
1874;Südwandhütte;Avstrija;Severne apneniške Alpe;1910;koča;72685;2;1;0;;47.45977;13.61528;51;1880
1875;Mitterstein;Avstrija;Severne apneniške Alpe;2097;vrh;65507;7;1;0;;47.4678;13.61029;50;1906
1876;Musala;Bolgarija;Rilsko gorovje;2925;vrh,koča,jezero;248795;1;1;0;;42.1791;23.5849;69;1206
1879;Lipševa vrata (Vrata, Felsentore);Avstrija;Karavanke;1500;Ogledov: 172.842;172842;14;1;0;;;;61;1498
1880;Skutnik/Torre Guarda;Italija, Slovenija;Julijske Alpe;1860;vrh;322793;13;1;0;;46.43403;13.59007;76;929
1881;Seethalerhütte;Avstrija;Severne apneniške Alpe;2740;koča;60653;2;2;0;;47.47355;13.61258;50;1927
1882;Hunerkogel;Avstrija;Severne apneniške Alpe;2685;vrh,koča;83757;8;1;0;;47.46772;13.62622;52;1836
1883;Kleiner Koppenkarstein;Avstrija;Severne apneniške Alpe;2832;vrh;54302;5;1;0;;47.46638;13.6356;49;1954
1885;Großer Koppenkarstein;Avstrija;Severne apneniške Alpe;2865;vrh;90476;6;1;0;;47.46626;13.64065;53;1811
1886;Hoher Dachstein;Avstrija;Severne apneniške Alpe;2995;vrh;389731;12;2;0;;47.47508;13.60559;82;700
1887;Planina za Migovcem;Slovenija;Julijske Alpe;1600;planina;234173;3;6;0;1;46.2615;13.787;67;1260
1888;Zeleni vrh;Slovenija;Julijske Alpe;2052;vrh;360937;13;7;0;;46.2608;13.7635;79;799
1889;Hochkönig;Avstrija;Severne apneniške Alpe;2941;vrh,koča;172906;6;2;0;;47.42042;13.06235;61;1497
1890;Kleiner Gjaidstein;Avstrija;Severne apneniške Alpe;2735;vrh;109726;6;1;0;;47.47555;13.62867;55;1734
1892;Hoher Gjaidstein;Avstrija;Severne apneniške Alpe;2792;vrh;116534;6;1;0;;47.48171;13.63227;55;1708
1894;Locia de Contrin;Italija;Dolomiti;1736;koča;61477;4;1;0;;46.45029;11.79109;50;1923
1895;Baita Cianci;Italija;Dolomiti;1828;koča,planina;67220;4;1;0;;46.43487;11.80621;50;1900
1896;Sass del Mul;Italija;Dolomiti;2301;vrh;95914;10;1;0;;46.45003;11.89051;53;1787
1897;Rifugio Contrin;Italija;Dolomiti;2016;koča,planina;69398;5;1;0;;46.42997;11.81586;51;1894
1898;Orlove glave;Slovenija;Julijske Alpe;1682;vrh;433975;4;1;0;1;46.2494;13.8372;86;550
1899;Planina Zadnji Vogel;Slovenija;Julijske Alpe;1413;planina;391342;4;2;0;1;46.2502;13.8277;82;694
1900;Visoki Orlov rob;Slovenija;Julijske Alpe;1800;vrh;281203;2;2;0;;46.2415;13.8365;72;1089
1901;Rifugio Serauta;Italija;Dolomiti;2950;koča,sedlo;95083;7;1;0;;46.43764;11.87896;53;1792
1902;Vrh Dlani;Slovenija;Julijske Alpe;1852;vrh;223807;2;1;0;;46.239;13.8298;66;1298
1903;Punta Rocca;Italija;Dolomiti;3250;vrh,koča;315292;8;1;0;;46.43375;11.86193;75;956
1905;Cima Ombretta;Italija;Dolomiti;3011;vrh;171429;7;3;0;;46.4244;11.84648;61;1501
1907;Sveti Lovrenc (Jezero);Slovenija;Goriško, Notranjsko in Snežniško hribovje;329;vrh,cerkev;287229;5;1;0;12;45.974;14.4365;72;1068
1910;Kapelica sv. Barbare na Pejcah;Slovenija;Karavanke;750;cerkev;136671;2;1;0;;46.4452;14.044;57;1630
1911;Murnovc;Slovenija;Karavanke;1866;vrh;217576;5;1;0;;46.51812;13.88257;65;1323
1912;Monte Palavierte;Italija;Karnijske Alpe;1785;vrh;91910;5;0;1;;;;53;1803
1913;Cuel Mauron;Italija;Karnijske Alpe;1814;vrh;86074;7;0;0;;;;52;1826
1914;Sveti Miklavž na Gori;Slovenija;Kamniško Savinjske Alpe;757;vrh,cerkev;349065;8;1;1;2;46.2332;14.7311;78;838
1915;Prevala;Slovenija;Kamniško Savinjske Alpe;1163;planina,sedlo;389012;7;3;0;;46.2523;14.7509;82;702
1917;Grpišca;Avstrija, Slovenija;Karavanke;1676;vrh;234137;3;1;0;;46.5065;13.799;67;1261
1918;Tamarča;Avstrija, Slovenija;Karavanke;1728;vrh;194998;2;1;0;;46.5063;13.8119;63;1410
1920;Sveti Ilija (Planina);Slovenija;Posavsko hribovje in Dolenjska;747;cerkev;234648;2;1;0;;45.62303;15.11115;67;1259
1921;Grad Lindek;Slovenija;Karavanke;695;vrh;267428;7;1;1;5;46.3526;15.3253;70;1137
1922;Lindeški slap;Slovenija;Karavanke;555;slap;156760;1;1;0;10;46.3502;15.3222;59;1557
1924;Žbajnek;Slovenija;Škofjeloško, Cerkljansko hribovje in Jelovica;1538;vrh;303650;3;2;0;;46.24264;14.05003;74;1008
1925;Kačji rob (Ovharn);Slovenija;Škofjeloško, Cerkljansko hribovje in Jelovica;1552;vrh;351848;3;3;0;;46.2423;14.0569;78;830
1926;Ruš;Slovenija;Karavanke;1614;vrh;197030;7;4;0;;46.402;14.4365;63;1401
1927;Veliki vrh nad Komatevro;Slovenija;Karavanke;1634;vrh;179776;3;1;0;;46.41594;14.4326;62;1469
1928;Sveti Lenart (Bača pri Podbrdu);Slovenija;Julijske Alpe;751;cerkev;183426;4;1;0;;46.2219;13.9723;62;1457
1929;Reber;Slovenija;Posavsko hribovje in Dolenjska;878;vrh;247801;6;3;0;1;46.17701;14.86886;68;1209
1930;Snežna jama na Mežakli;Slovenija;Julijske Alpe;1130;Vremenska napoved:;317497;4;1;0;;46.4156;14.0566;75;949
1931;Hribarska (Huda) zijalka;Slovenija;Karavanke;1140;Vremenska napoved:;157901;6;1;0;;46.4278;14.682;59;1554
1932;Sveti Tomaž nad Praprotnim;Slovenija;Škofjeloško, Cerkljansko hribovje in Jelovica;666;vrh,cerkev;297555;6;1;0;;46.1855;14.2445;73;1029
1933;Pašnik Lipovec;Slovenija;Posavsko hribovje in Dolenjska;790;planina,sedlo;186609;4;1;0;1;46.2063;14.8473;62;1441
1934;Lipovec;Slovenija;Posavsko hribovje in Dolenjska;848;vrh;212169;3;1;0;;46.208;14.8468;65;1351
1935;Rovnik;Slovenija;Škofjeloško, Cerkljansko hribovje in Jelovica;707;vrh;156593;6;2;0;;46.26318;14.25807;59;1558
1938;Srnjak;Slovenija;Karavanke;955;koča;282837;2;1;0;;46.4941;13.7853;72;1080
1939;Koča pri Peričniku;Slovenija;Julijske Alpe;750;koča;303189;2;2;0;1;46.4385;13.8962;74;1011
1941;Bukov Vrh (Trnovski gozd);Slovenija;Goriško, Notranjsko in Snežniško hribovje;1314;vrh;290442;4;0;0;;45.99013;13.88505;72;1054
1943;Medrce;Slovenija;Škofjeloško, Cerkljansko hribovje in Jelovica;1410;vrh;233036;8;6;0;;46.16925;13.98366;67;1265
1944;Primož;Slovenija;Goriško, Notranjsko in Snežniško hribovje;718;vrh;264564;12;2;0;5;45.67011;14.20253;70;1145
1945;Šilentabor;Slovenija;Goriško, Notranjsko in Snežniško hribovje;751;vrh;297004;8;6;0;1;45.6502;14.2073;73;1032
1946;Sveti Martin (Šilentabor);Slovenija;Goriško, Notranjsko in Snežniško hribovje;723;cerkev;165689;11;4;0;1;45.6447;14.2082;60;1524
1947;Planinski dom na Zasavski Sveti gori;Slovenija;Posavsko hribovje in Dolenjska;822;koča;317311;2;8;3;4;46.1277;14.8972;75;951
1948;Roviškovec;Slovenija;Posavsko hribovje in Dolenjska;930;vrh;235117;4;3;0;2;46.12649;14.9034;67;1258
1949;Pleše;Slovenija;Posavsko hribovje in Dolenjska;866;vrh;227584;3;4;0;;46.1313;14.9237;67;1280
1950;Ahac;Slovenija;Goriško, Notranjsko in Snežniško hribovje;799;vrh,cerkev;204657;7;6;0;1;45.56333;14.27763;64;1376
1952;Stari grad;Slovenija;Goriško, Notranjsko in Snežniško hribovje;703;vrh;169187;2;1;2;;45.8252;14.2741;61;1508
1954;Unška koliševka;Slovenija;Goriško, Notranjsko in Snežniško hribovje;594;Vremenska napoved:;351621;11;2;1;;45.8156;14.2659;78;832
1955;Strmca;Slovenija;Polhograjsko hribovje in Ljubljana;472;vrh;180221;3;7;3;;46.0238;14.3578;62;1468
1957;Vrh;Slovenija;Goriško, Notranjsko in Snežniško hribovje;777;vrh;116989;3;1;0;;45.617;14.2313;55;1707
1958;Gradišče (Čepan);Slovenija;Goriško, Notranjsko in Snežniško hribovje;791;vrh;126903;5;1;0;;45.6271;14.2189;56;1667
1959;Veliko Gradišče;Slovenija;Goriško, Notranjsko in Snežniško hribovje;742;vrh;252604;4;2;1;6;45.64012;13.92863;69;1195
1960;Lovska koča na Toli;Slovenija;Škofjeloško, Cerkljansko hribovje in Jelovica;1040;koča;189987;2;2;0;;46.2328;14.1155;63;1431
1962;Planinski dom Vrhe;Slovenija;Posavsko hribovje in Dolenjska;908;koča,sedlo,cerkev;310373;4;6;0;2;46.1895;15.0049;74;978
1963;Javor;Slovenija;Posavsko hribovje in Dolenjska;1132;vrh;417429;4;6;0;2;46.1831;15.0166;84;607
1964;Rodne;Slovenija;Škofjeloško, Cerkljansko hribovje in Jelovica;698;vrh,bivak;161056;10;1;0;;46.1309;13.9281;60;1540
1965;Divje babe;Slovenija;Škofjeloško, Cerkljansko hribovje in Jelovica;450;Vremenska napoved:;288759;4;1;0;;46.1124;13.9167;72;1063
1966;Sveti Ivan nad Divjimi babami;Slovenija;Škofjeloško, Cerkljansko hribovje in Jelovica;573;vrh,cerkev;143430;5;1;0;;46.11022;13.91748;58;1606
1967;Šebrelje;Slovenija;Škofjeloško, Cerkljansko hribovje in Jelovica;639;cerkev;247663;8;1;0;;46.0927;13.9177;68;1210
1968;Vrhovec;Slovenija;Škofjeloško, Cerkljansko hribovje in Jelovica;1079;vrh;271135;5;2;0;1;46.0637;13.9119;71;1124
1969;Jagršče;Slovenija;Škofjeloško, Cerkljansko hribovje in Jelovica;663;cerkev;149126;2;1;1;;46.0879;13.9422;59;1584
1970;Bezovec (Dobrovlje);Slovenija;Kamniško Savinjske Alpe;857;vrh;164459;3;4;0;;46.2976;15.005;60;1526
1972;Dom na Dobrovljah;Slovenija;Kamniško Savinjske Alpe;745;koča;206170;3;2;2;;46.3009;14.9965;64;1371
1973;Sveti Janez in Pavel (Dobrovlje);Slovenija;Kamniško Savinjske Alpe;862;planina,sedlo,cerkev;162394;2;3;0;;46.2833;14.9873;60;1535
1974;Grmada (Dobrovlje);Slovenija;Kamniško Savinjske Alpe;898;vrh;212752;2;3;0;;46.28071;14.99014;65;1346
1975;Zagrebenc;Slovenija;Škofjeloško, Cerkljansko hribovje in Jelovica;763;vrh;140082;3;1;0;1;45.97621;14.01134;58;1618
1976;Petelinjek;Slovenija;Goriško, Notranjsko in Snežniško hribovje;1212;vrh;242635;2;2;0;;45.6782;14.5531;68;1231
1977;Velika Jazbina;Slovenija;Goriško, Notranjsko in Snežniško hribovje;1201;vrh;186078;1;1;0;1;45.6814;14.5568;62;1445
1978;Veliki vrh nad Završnikom;Slovenija;Karavanke;968;vrh;186170;11;5;0;3;46.38183;14.3068;62;1443
1981;Lobnikov vrh;Slovenija;Pohorje, Dravinjske gorice in Haloze;705;vrh;131258;3;4;0;;46.5613;15.4454;57;1649
1982;Sljeme;Hrvaška;Gorjanci, Medvednica in Medžimurje;1033;vrh,koča;287342;3;8;0;1;45.89938;15.94803;72;1066
1983;Kopa (Cimprovka);Slovenija;Škofjeloško, Cerkljansko hribovje in Jelovica;1360;vrh;245950;6;3;0;;46.16268;14.00431;68;1217
1984;Lašček;Slovenija;Goriško, Notranjsko in Snežniško hribovje;1071;vrh;342405;3;4;1;;46.079;13.773;77;867
1987;Vrh Skopice;Slovenija;Goriško, Notranjsko in Snežniško hribovje;863;vrh;153136;2;2;0;;46.09277;13.80971;59;1567
1988;Slap v Sopotih (Pršjak);Slovenija;Škofjeloško, Cerkljansko hribovje in Jelovica;360;slap;226633;14;1;0;;46.0535;13.8368;66;1285
1989;Planina Vodični vrh;Slovenija;Julijske Alpe;1494;planina;310021;4;2;0;1;46.3015;13.8437;74;979
1990;Pasarićev Kuk;Hrvaška;Velebit;1630;vrh;177769;4;1;0;;;;61;1475
1991;Bitenjska planina;Slovenija;Škofjeloško, Cerkljansko hribovje in Jelovica;901;planina;159262;4;2;0;;46.2745;14.0336;60;1547
1992;Ribčeva planina;Slovenija;Škofjeloško, Cerkljansko hribovje in Jelovica;1115;Vremenska napoved:;176849;3;2;0;;46.2646;14.0515;61;1477
1994;Vrhe (nad Dobrovo);Slovenija;Polhograjsko hribovje in Ljubljana;603;vrh;192548;11;2;0;13;46.05656;14.38604;63;1422
1995;Mešenik;Slovenija;Kamniško Savinjske Alpe;1099;vrh;155500;1;0;0;;46.3259;14.5996;59;1561
1996;Planina Zajamniki;Slovenija;Julijske Alpe;1280;koča,planina;793287;9;3;1;2;46.3127;13.9344;98;62
1997;Počitniški dom Goričane;Slovenija;Škofjeloško, Cerkljansko hribovje in Jelovica;1145;Vremenska napoved:;198566;1;1;0;;46.298;14.0758;64;1397
1998;Selska planina;Slovenija;Škofjeloško, Cerkljansko hribovje in Jelovica;1140;planina;200922;5;1;0;;46.2925;14.0945;64;1391
1999;Oblakova planina;Slovenija;Škofjeloško, Cerkljansko hribovje in Jelovica;1100;planina;183048;4;2;0;;46.317;14.0805;62;1460
2000;Planina Tamar;Slovenija;Škofjeloško, Cerkljansko hribovje in Jelovica;1124;planina;405271;8;2;0;;46.313;14.0796;83;646
2001;Bivak Dal Bianco;Italija;Dolomiti;2730;bivak,sedlo;98420;12;2;0;;46.42981;11.84605;54;1781
2002;Sveti Gregor na Slemenih;Slovenija;Goriško, Notranjsko in Snežniško hribovje;737;vrh,koča,cerkev;184643;2;1;0;;45.7844;14.6409;62;1450
2003;Frdamane police;Slovenija;Julijske Alpe;2284;vrh;400697;13;1;0;;46.45198;13.80851;83;662
2004;Dürrensteinhütte / Rifugio Vallandro;Italija;Dolomiti;2040;koča,planina;59283;6;1;0;;46.64186;12.19563;49;1935
2005;Knollkopf / Col Rotondo dei Canope;Italija;Dolomiti;2204;vrh;61853;5;1;0;;46.63127;12.18927;50;1922
2006;Helltaler Schlechten;Italija;Dolomiti;2711;vrh;84227;12;1;0;;46.66515;12.19627;52;1835
2007;Strudelköpf / Monte Specie;Italija;Dolomiti;2307;vrh;66459;6;2;0;;46.64466;12.21254;50;1902
2008;Monte Fumo / Rauhkofel;Italija;Dolomiti;2114;vrh;66055;5;2;0;;46.60612;12.2095;50;1905
2009;Cima Ombretta di Mezzo;Italija;Dolomiti;2983;vrh;104879;8;3;0;;46.42618;11.84238;54;1753
2011;Jezerc;Slovenija;Pohorje, Dravinjske gorice in Haloze;1222;jezero;244883;8;4;0;1;46.4899;15.3285;68;1225
2012;Gran Cir / Große Cirspitze;Italija;Dolomiti;2592;vrh;94604;10;1;0;;46.55852;11.80625;53;1794
2013;Jimmy Hütte;Italija;Dolomiti;2222;koča,planina;72398;5;1;0;;46.55632;11.81145;51;1881
2014;Col Toronn;Italija;Dolomiti;2655;vrh;79901;8;1;0;;46.56164;11.82475;52;1852
2015;Sas Ciampac;Italija;Dolomiti;2672;vrh;107237;14;2;0;;46.56306;11.83531;55;1742
2016;Lech de Crespeina;Italija;Dolomiti;2374;jezero;80988;8;1;0;;46.56828;11.82545;52;1848
2017;Col Turont;Italija;Dolomiti;2419;vrh;66357;3;1;0;;46.5762;11.8207;50;1903
2018;Rifugio Puez / Puez Hütte;Italija;Dolomiti;2475;koča;82609;14;4;0;;46.59005;11.82932;52;1841
2020;Sveti Duh na Ostrem Vrhu;Slovenija;Strojna, Košenjak, Kozjak in Slovenske gorice;904;cerkev;362889;11;6;2;1;46.6149;15.4593;79;793
2021;Rifugio Col Pradat;Italija;Dolomiti;2038;vrh,koča;64924;7;1;0;;46.5616;11.85914;50;1910
2022;Rifugio Edelweiss;Italija;Dolomiti;1832;koča,planina;75134;4;1;0;;46.56349;11.85325;51;1870
2023;Sassongher;Italija;Dolomiti;2665;vrh;113378;9;1;0;1;46.5679;11.86429;55;1722
2024;sedlo;Gorovje:;Višina: 1093 m;1093;koča,sedlo;45899;0;0;0;;;;48;1984
2025;Bivak Fiamme Gialle;Italija;Dolomiti;3005;bivak;98547;5;3;0;;46.28391;11.82821;54;1780
2026;Cima Vezzana;Italija;Dolomiti;3192;vrh;165859;4;3;0;;46.29004;11.82972;60;1523
2027;Il Nuvolo;Italija;Dolomiti;3075;vrh;115567;3;3;0;;46.28548;11.83144;55;1713
2028;Rifugio Rosetta;Italija;Dolomiti;2581;koča;82534;5;2;0;;46.26722;11.83864;52;1842
2029;Rifugio Malga Pala;Italija;Dolomiti;1897;koča,planina;67069;4;1;0;;46.27202;11.81455;50;1901
2030;Rifugio Colverde;Italija;Dolomiti;1965;koča;51529;3;1;0;;46.27193;11.82168;49;1965
2031;Cima della Rosetta;Italija;Dolomiti;2743;vrh;103778;7;2;0;;46.26273;11.83134;54;1759
2033;Rifugio Pisciadu;Italija;Dolomiti;2585;koča,jezero;139727;13;2;0;;46.53626;11.82148;58;1620
2034;Cima Pisciadu;Italija;Dolomiti;2985;vrh;216218;18;2;0;;46.5314;11.82517;65;1329
2035;Rifugio Boe;Italija;Dolomiti;2873;koča;121963;7;3;0;;46.51433;11.82348;56;1684
2037;Rifugio Toni Demetz;Italija;Dolomiti;2685;koča,sedlo;78731;4;1;0;;46.51469;11.73953;52;1855
2038;Rifugio Vicenza;Italija;Dolomiti;2253;koča;65294;4;1;0;;46.52;11.72361;50;1908
2039;Sassopiatto / Plattkofel;Italija;Dolomiti;2969;vrh;130448;8;2;0;;46.51332;11.71634;57;1653
2040;Zehnernock;Avstrija;Ziljske Alpe;1956;vrh,planina;141127;3;1;0;;46.5976;13.6973;58;1615
2041;Veliki Mošenik / Große Muschenig;Avstrija;Karavanke;1021;vrh;114128;2;2;0;;46.50681;14.0973;55;1719
2042;Podgorska planina / Maria Elender Alm;Avstrija;Karavanke;930;planina;109690;2;1;0;;46.50489;14.09253;55;1735
2043;Rifugio Friedrich August;Italija;Dolomiti;2298;koča,planina;73012;4;1;0;;46.50036;11.74531;51;1877
2046;Großer Rosennock;Avstrija;Krške Alpe;2440;vrh;280956;4;2;0;;46.8771;13.71245;72;1090
2047;Rifugio Sandro Pertini;Italija;Dolomiti;2300;koča,planina;63825;5;1;0;1;46.50233;11.72458;50;1914
2048;Rifugio Sasso Piatto;Italija;Dolomiti;2300;koča,planina;73634;7;1;0;2;46.50486;11.70117;51;1875
2049;Monte Civetta;Italija;Dolomiti;3220;vrh;390412;19;2;0;;46.37992;12.05313;82;696
2050;Rifugio Sonino al Coldai;Italija;Dolomiti;2132;koča;76138;6;1;0;;46.39916;12.06842;51;1864
2051;Rifugio Torrani;Italija;Dolomiti;2984;koča;89299;5;1;0;;46.37857;12.05671;53;1817
2052;Rifugio Faloria;Italija;Dolomiti;2123;koča;69511;12;3;0;1;46.53228;12.17313;51;1892
2053;Rifugio Tondi;Italija;Dolomiti;2327;vrh,koča;75999;13;1;0;;46.52771;12.1811;51;1866
2054;Sella di Punta Nera;Italija;Dolomiti;2738;sedlo;90536;8;2;0;;46.51827;12.1928;53;1809
2055;Lago di Sorapiss / Rifugio Vandelli;Italija;Dolomiti;1926;koča,jezero;219462;8;1;0;;46.52088;12.22446;66;1314
2057;Rifugio Venezia;Italija;Dolomiti;1946;koča,bivak,planina;75893;8;1;0;;46.41554;12.15603;51;1868
2058;Monte Pena;Italija;Dolomiti;2196;vrh;95853;11;1;0;;46.40203;12.17699;53;1788
2059;Große Kinigat / Monte Cavallino;Avstrija, Italija;Karnijske Alpe;2689;vrh;214334;10;2;0;;46.67551;12.52421;65;1336
2061;Obstansersee Hütte;Avstrija;Karnijske Alpe;2304;koča,jezero,planina;126669;7;1;0;;46.68443;12.49363;56;1668
2062;Pfannspitze / Cima Vanscuro;Avstrija, Italija;Karnijske Alpe;2678;vrh;142255;6;1;0;;46.68066;12.5017;58;1610
2063;Piz Ciampei;Italija;Dolomiti;2290;vrh;64455;5;1;0;;46.53014;11.98094;50;1911
2064;Žalostna gora pri Preserju;Slovenija;Goriško, Notranjsko in Snežniško hribovje;418;vrh,cerkev;257811;5;2;0;10;45.9588;14.3947;69;1172
2065;Les Pizades;Italija;Dolomiti;2265;vrh;62651;6;1;0;;46.5319;11.94842;50;1919
2066;Setsas;Italija;Dolomiti;2571;vrh;99925;18;2;0;1;46.51946;11.95726;54;1774
2067;Col de Mesores / Sass dla Luesa;Italija;Dolomiti;2615;vrh;77562;6;1;0;;46.54294;11.81336;52;1858
2071;Vovar;Slovenija;Kamniško Savinjske Alpe;940;vrh;266773;7;6;1;;46.25341;14.64641;70;1140
2072;Vodnikov Vršac (Vršac nad Zadnjico);Slovenija;Julijske Alpe;2194;vrh;365669;17;5;0;1;46.36306;13.79715;80;778
2073;Rifugio Lavarella;Italija;Dolomiti;2042;koča,planina;92167;3;1;0;;46.61111;12.00709;53;1802
2074;Rifugio Fanes;Italija;Dolomiti;2060;koča,planina;75124;2;1;0;;46.61206;12.01416;51;1871
2075;L'Ciaval / Kreuzkofel;Italija;Dolomiti;2907;vrh;89667;9;3;0;;46.61451;11.95177;53;1812
2076;Sasso delle Dieci / Zehnerspitze;Italija;Dolomiti;3028;vrh;135951;16;3;0;;46.62236;11.96095;57;1633
2077;Rifugio Ra Valles;Italija;Dolomiti;2470;koča;160357;7;3;0;;46.54757;12.08493;60;1542
2078;Cima Formenton;Italija;Dolomiti;2830;vrh;99757;11;3;0;;46.56627;12.07236;54;1775
2079;Bivak Baracca degli Alpini;Italija;Dolomiti;2922;bivak;99707;4;3;0;;46.56286;12.06794;54;1777
2080;Tofana di Dentro;Italija;Dolomiti;3238;vrh;213080;18;2;0;;46.55824;12.06392;65;1344
2081;Sitarjevec;Slovenija;Posavsko hribovje in Dolenjska;448;vrh;204177;1;2;0;;46.0523;14.826;64;1379
2083;Rifugio Duca d'Aosta;Italija;Dolomiti;2098;koča;78107;9;2;0;;46.53791;12.08501;52;1857
2084;Vranilac (Kalnik);Hrvaška;Gorjanci, Medvednica in Medžimurje;643;vrh;113701;2;5;1;;46.1311;16.4548;55;1720
2090;Kekes / Kékestető;Madžarska;Severovzhodna Madžarska;1014;vrh;154594;1;7;0;;47.8725;20.008;59;1564
2091;Szent Gyoergy Hegy;Madžarska;Zahodna Madžarska;415;vrh;50573;5;1;0;;46.8411;17.4483;49;1971
2092;Ostri Vrh nad Vipavsko dolino;Slovenija;Goriško, Notranjsko in Snežniško hribovje;422;vrh;193884;7;0;0;1;45.8475;13.8781;63;1415
2093;Stegovniški slap;Slovenija;Karavanke;872;slap;148910;2;1;0;;46.4047;14.3972;59;1587
2095;Sasso Vernale;Italija;Dolomiti;3058;vrh;129866;14;1;0;;46.41883;11.84032;57;1655
2096;Cima Ombrettola;Italija;Dolomiti;2931;vrh;88315;8;1;0;;46.41293;11.84014;52;1821
2097;Planina Pungrat;Slovenija;Karavanke;1447;planina;344274;7;3;0;1;46.4304;14.3596;78;857
2098;Tegoška planina;Slovenija;Karavanke;1430;planina;296245;2;4;0;;46.4293;14.3767;73;1034
2099;Planina Ilovica;Slovenija;Karavanke;1462;planina;181965;0;2;0;;46.424;14.3316;62;1463
2101;Planina na Kalu;Slovenija;Julijske Alpe;1490;bivak,planina;284300;15;7;2;1;46.2422;13.7558;72;1075
2102;Tolminski Migovec;Slovenija;Julijske Alpe;1868;vrh;442624;8;2;1;4;46.24629;13.76239;86;527
2104;Ham;Hrvaška;Gorjanci, Medvednica in Medžimurje;679;vrh;47861;1;1;0;;;;48;1981
2105;Cima Venegiotta;Italija;Dolomiti;2401;vrh;85004;14;1;0;;46.32788;11.82286;52;1831
2106;Grillitschhütte (Golica/Koralpe);Avstrija;Labotniške Alpe;1710;koča,planina;102165;7;3;0;;46.8159;14.9843;54;1765
2107;Hühnerstütze (Golica/Koralpe);Avstrija;Labotniške Alpe;1989;vrh;99502;6;2;0;;46.806;14.9823;54;1778
2108;Cima Caladora / Cima del Lago;Italija;Dolomiti;2313;vrh;69431;10;1;0;;46.332;11.81224;51;1893
2109;Bukovniško jezero;Slovenija;Prekmurje;189;jezero;254328;11;6;1;;46.6723;16.3363;69;1185
2110;Handalm;Avstrija;Labotniške Alpe;1853;vrh;74484;5;5;0;;46.84553;15.0196;51;1872
2111;Weberkogel;Avstrija;Labotniške Alpe;1805;vrh;72919;6;4;0;;46.858;15.00896;51;1879
2112;Glashüttenkogel;Avstrija;Labotniške Alpe;1762;vrh;81854;3;2;0;;46.83879;15.04339;52;1846
2113;Sveti Benedikt (Kančevci);Slovenija;Prekmurje;358;vrh,cerkev;119039;13;5;0;4;46.751;16.2334;56;1698
2114;Sveti Primož in Felicijan nad Semičem;Slovenija;Posavsko hribovje in Dolenjska;465;cerkev;123500;2;1;0;;45.647;15.1639;56;1678
2115;Semenič;Slovenija;Posavsko hribovje in Dolenjska;590;vrh;123322;1;1;0;1;45.6487;15.1616;56;1680
2116;Smuk;Slovenija;Posavsko hribovje in Dolenjska;545;vrh,koča,cerkev;209858;9;2;3;2;45.66124;15.17985;64;1361
2117;Planinski dom Goška ravan;Slovenija;Škofjeloško, Cerkljansko hribovje in Jelovica;933;koča,planina;359608;10;6;0;;46.3166;14.1328;79;804
2118;Planina Ravne;Slovenija;Kamniško Savinjske Alpe;1500;planina;309305;9;1;1;1;46.35;14.6992;74;986
2119;Grad Turjak;Slovenija;Posavsko hribovje in Dolenjska;522;vrh;266201;2;3;0;3;45.8769;14.6074;70;1141
2120;Cima Valles / Cima Venegia;Italija;Dolomiti;2305;vrh;58209;5;1;0;;46.333;11.80299;49;1937
2121;Badacsony;Madžarska;Zahodna Madžarska;438;vrh;53550;2;3;0;;46.80318;17.49626;49;1956
2122;Gulacs;Madžarska;Zahodna Madžarska;393;vrh;47721;3;2;0;;46.82946;17.50103;48;1982
2123;Klečica;Slovenija;Julijske Alpe;1889;vrh;200869;0;0;0;;46.3973;13.9413;64;1392
2124;Marija Snežna (Kavalar) / Madonna della Neve;Italija;Karavanke;1275;planina,cerkev;289081;3;2;0;;46.5141;13.6951;72;1061
2125;Marinčeva planina (Hrib);Slovenija;Polhograjsko hribovje in Ljubljana;805;vrh;232498;7;2;0;1;46.04512;14.21678;67;1268
2126;Macna / Matzen;Avstrija;Karavanke;1627;vrh;152935;8;4;0;;46.509;14.3624;59;1569
2127;Sveta Ana (Macna) / St. Anna (Matzen);Avstrija;Karavanke;1536;cerkev;146874;6;3;0;;46.5135;14.3614;58;1595
2128;Oštrc;Hrvaška;Gorjanci, Medvednica in Medžimurje;752;vrh;103916;2;5;0;;45.7615;15.6494;54;1758
2129;Zabreznik (Sv. Miklavž);Slovenija;Posavsko hribovje in Dolenjska;644;vrh,cerkev;130838;3;2;0;1;46.1628;14.9496;57;1651
2130;Vetrh vrh;Slovenija;Karavanke;1268;vrh;120241;4;1;0;;46.3986;14.3833;56;1694
2134;Kopa / Monte Coppa;Italija;Karavanke;1496;vrh;272143;4;2;0;;46.51474;13.70705;71;1121
2135;Belovka;Slovenija;Goriško, Notranjsko in Snežniško hribovje;848;vrh;150267;3;2;0;;45.76061;14.54092;59;1581
2136;Mehovski hrib;Slovenija;Posavsko hribovje in Dolenjska;571;vrh;400752;23;6;0;;45.73803;15.20388;83;661
2138;Vošni vrh;Slovenija;Julijske Alpe;1621;vrh;181198;2;1;0;1;46.4128;13.9439;62;1465
2139;Frčkova planina;Slovenija;Julijske Alpe;1335;planina;188683;3;1;0;;46.4231;13.9504;63;1435
2140;Strešni vrh (Svibno);Slovenija;Posavsko hribovje in Dolenjska;523;vrh;183698;1;2;0;;46.0728;14.8331;62;1454
2141;Vrhija;Slovenija;Posavsko hribovje in Dolenjska;648;vrh;135124;2;1;0;;46.1623;14.8897;57;1637
2142;Javorč;Slovenija;Polhograjsko hribovje in Ljubljana;901;vrh,koča;349818;5;3;0;;46.0703;14.1419;78;837
2145;Frančiškov hrib;Slovenija;Goriško, Notranjsko in Snežniško hribovje;632;vrh;210495;5;3;0;6;45.9954;13.6612;65;1358
2146;Koseški bajer;Slovenija;Polhograjsko hribovje in Ljubljana;307;jezero;395259;7;2;0;3;46.0673;14.4687;82;681
2147;Razgledišče Petelinc / Aussicht Petelinz;Avstrija;Krške Alpe;604;vrh;120480;1;4;0;;46.5485;14.3136;56;1691
2148;Sveti Duh (Pedrovo);Slovenija;Goriško, Notranjsko in Snežniško hribovje;365;cerkev;140378;1;2;0;;45.8565;13.7642;58;1617
2149;Vitovsko jezero;Slovenija;Goriško, Notranjsko in Snežniško hribovje;445;jezero;200030;3;1;0;;45.9379;13.772;64;1395
2151;Sveti Vid (Vidovska planota);Slovenija;Goriško, Notranjsko in Snežniško hribovje;846;vrh,cerkev;178979;9;3;0;;45.8506;14.4612;62;1472
2152;Nizki vrh;Slovenija;Julijske Alpe;1488;vrh;216854;13;1;0;;46.2916;13.3902;65;1326
2153;Brezje / Montemaggiore;Italija;Julijske Alpe;819;Vremenska napoved:;145602;2;1;0;;46.2681;13.37;58;1599
2154;Klatnica;Slovenija;Julijske Alpe;1000;Vremenska napoved:;215815;4;1;0;;46.2794;13.417;65;1331
2155;Stari grad Kamnik;Slovenija;Posavsko hribovje in Dolenjska;577;vrh,koča;339406;7;2;0;4;46.2239;14.6169;77;879
2156;Köris Hegy;Madžarska;Zahodna Madžarska;709;Vremenska napoved:;55081;1;1;0;;47.2941;17.7536;49;1951
2157;Izvir Bele;Slovenija;Julijske Alpe;665;Vremenska napoved:;226799;2;1;0;1;46.2712;13.4257;66;1284
2158;Špicberg;Slovenija;Posavsko hribovje in Dolenjska;490;vrh;211472;2;2;0;;46.1455;15.0322;65;1352
2159;Dom pod Okićem;Hrvaška;Gorjanci, Medvednica in Medžimurje;411;koča;47963;3;1;0;;;;48;1980
2162;Pečke;Slovenija;Pohorje, Dravinjske gorice in Haloze;720;vrh,koča;360000;7;5;1;;46.5227;15.5408;79;803
2163;Sveta Ana (Tunjice);Slovenija;Kamniško Savinjske Alpe;475;vrh,cerkev;271046;9;3;0;3;46.2314;14.5777;71;1125
2164;Brezovica;Hrvaška;Gorjanci, Medvednica in Medžimurje;581;vrh;49928;3;2;0;;;;48;1974
2166;Fallbach;Avstrija;Visoke Ture;1150;slap;106100;1;1;0;;46.9845;13.47038;54;1750
2167;Cesargradska gora;Hrvaška;Gorjanci, Medvednica in Medžimurje;509;vrh,koča;61444;10;2;0;;;;50;1924
2170;Trebni vrh;Slovenija;Posavsko hribovje in Dolenjska;581;vrh;241014;3;6;2;8;45.8935;15.003;68;1238
2171;Lovski dom na Vrhtrebnjem;Slovenija;Posavsko hribovje in Dolenjska;562;koča,cerkev;232817;5;4;0;1;45.8942;15.0014;67;1266
2172;Lisec (Liška gora);Slovenija;Posavsko hribovje in Dolenjska;565;vrh;185412;7;1;0;2;45.8682;14.9533;62;1448
2173;Sveti Križ (Liška gora);Slovenija;Posavsko hribovje in Dolenjska;428;vrh,cerkev;128006;2;1;0;;45.868;14.9627;57;1665
2174;Koča pod Košuto / Koschutahaus;Avstrija;Karavanke;1280;koča;221836;4;3;0;;46.4517;14.3876;66;1306
2175;Mejnik;Avstrija;Karavanke;1517;vrh;161386;2;3;0;;46.4537;14.3961;60;1538
2176;Col Rosa;Italija;Dolomiti;2166;vrh;121165;15;2;0;;46.58576;12.09764;56;1688
2177;Sasso di Stria;Italija;Dolomiti;2477;vrh;82748;7;1;0;;46.51989;11.99788;52;1839
2178;Monte Sief;Italija;Dolomiti;2424;vrh;94272;14;2;0;;46.50095;11.95438;53;1795
2180;Col di Lana;Italija;Dolomiti;2452;vrh,bivak,cerkev;168396;24;3;0;;46.49665;11.95941;61;1512
2181;Cenglei;Italija;Dolomiti;2221;vrh;76877;7;1;0;;46.49871;11.97228;51;1860
2182;K2;Nepal;Himalaja;8611;vrh;312866;3;0;0;;;;75;968
2185;Lovska koča na Glinu;Slovenija;Julijske Alpe;1527;vrh;162608;2;5;0;;46.2411;13.8684;60;1533
2186;Rifugio Fodara Vedla;Italija;Dolomiti;1980;koča,planina;60423;2;1;0;;46.63558;12.06098;50;1928
2187;Rifugio Sennes;Italija;Dolomiti;2126;koča,jezero,planina;90702;7;4;0;;46.65362;12.0595;53;1807
2188;Rifugio Munt de Sennes;Italija;Dolomiti;2176;koča,planina;76689;8;2;0;;46.65885;12.04871;51;1863
2189;Col de Lasta;Italija;Dolomiti;2311;vrh;71221;7;2;0;;46.65316;12.05243;51;1883
2190;Muntejela de Sennes;Italija;Dolomiti;2787;vrh;97170;16;2;0;;46.67197;12.01873;53;1783
2191;Rifugio Biella / Seekofel Hütte;Italija;Dolomiti;2327;koča,bivak;106321;15;2;0;;46.66565;12.08464;54;1746
2192;Croda del Beco / Seekofel;Italija;Dolomiti;2810;vrh;159121;22;2;0;;46.67486;12.07224;60;1548
2193;Punta Fiames;Italija;Dolomiti;2240;vrh;107896;12;2;0;1;46.57596;12.12994;55;1738
2194;Pezzories;Italija;Dolomiti;2348;vrh;70198;8;1;0;;46.58027;12.12998;51;1888
2197;Sveti Mihael na Pečici;Slovenija;Karavanke;500;cerkev;129044;5;4;0;;46.275;15.5294;57;1658
2198;Linderhütte;Avstrija;Lienški Dolomiti;2683;bivak;87055;7;1;0;;46.77009;12.7406;52;1822
2199;Spitzkofel;Avstrija;Lienški Dolomiti;2717;vrh;133625;13;1;0;;46.77239;12.743;57;1642
2200;Weittalspitze;Avstrija;Lienški Dolomiti;2539;vrh;101750;15;2;0;;46.74979;12.76611;54;1767
2201;Kriška planina;Slovenija;Kamniško Savinjske Alpe;1480;koča,planina;516078;5;5;4;2;46.2943;14.5359;92;316
2202;Rifugio Padon;Italija;Dolomiti;2407;koča;93975;9;1;0;;46.46352;11.89259;53;1796
2203;Bivak Bontadini;Italija;Dolomiti;2580;bivak;95429;6;1;0;;46.46344;11.88828;53;1790
2204;Bech da Mesdi;Italija;Dolomiti;2727;vrh;120032;9;1;0;;46.47309;11.87453;56;1695
2205;Okić;Hrvaška;Gorjanci, Medvednica in Medžimurje;499;Ogledov: 70.809;70809;1;3;0;;;;51;1886
2207;Leibnitzalm;Avstrija;Visoke Ture;1908;planina;48029;4;1;0;;46.92136;12.67956;48;1979
2208;Hochschoberhütte;Avstrija;Visoke Ture;2322;koča;55820;13;2;0;;46.9251;12.69952;49;1947
2209;Domačija Pr Lenart (Belo);Slovenija;Polhograjsko hribovje in Ljubljana;650;koča;218640;3;2;0;;46.0788;14.3591;66;1321
2210;Schoberlacke;Avstrija;Visoke Ture;2515;jezero;58481;4;1;0;;46.93274;12.69757;49;1936
2211;Hochschober;Avstrija;Visoke Ture;3240;vrh;172991;7;1;0;;46.94258;12.69831;61;1495
2213;Wangenitzseehütte;Avstrija;Visoke Ture;2508;koča,jezero,bivak;173005;15;1;0;;46.93017;12.7998;61;1494
2214;Petzeck;Avstrija;Visoke Ture;3283;vrh;451897;14;1;0;;46.94808;12.80397;87;493
2215;Kruckelkopf;Avstrija;Visoke Ture;3181;vrh;195015;10;1;0;;46.94203;12.79614;63;1409
2216;Steinermandl;Avstrija;Visoke Ture;2235;vrh,koča;107377;10;1;0;;46.87594;12.79144;55;1740
2218;Goiselemandl;Avstrija;Visoke Ture;2433;vrh;106905;10;1;0;;46.88514;12.77758;54;1745
2219;Neualplseen;Avstrija;Visoke Ture;2438;jezero;112656;13;2;0;;46.89292;12.76608;55;1724
2220;Östlicher Sattelkopf;Avstrija;Visoke Ture;2651;vrh;110999;9;1;0;;46.89922;12.76608;55;1731
2221;Schleinitz;Avstrija;Visoke Ture;2905;vrh;146651;18;2;0;;46.89538;12.74888;58;1597
2222;Matkov kot;Slovenija;Kamniško Savinjske Alpe;920;Vremenska napoved:;445526;1;1;0;;46.401;14.6066;86;519
2223;Vrh (Debeli hrib);Slovenija;Polhograjsko hribovje in Ljubljana;540;vrh;279015;7;7;0;1;46.0309;14.3877;71;1092
2224;Naturfreundehaus Kolm Saigurn;Avstrija;Visoke Ture;1598;koča;50274;6;1;0;;47.06744;12.98386;49;1972
2225;Schutzhaus Neubau;Avstrija;Visoke Ture;2175;koča;52190;6;1;0;;47.05631;12.98789;49;1963
2226;Rojacher Hütte;Avstrija;Visoke Ture;2718;koča;86340;7;1;0;;47.04805;12.96919;52;1823
2227;Hoher Sonnblick;Avstrija;Visoke Ture;3106;vrh,koča,bivak;379828;23;2;0;;47.05397;12.95775;81;726
2228;Goldzechkopf;Avstrija;Visoke Ture;3042;vrh;152599;9;2;0;;47.05917;12.94303;59;1571
2229;Hocharn;Avstrija;Visoke Ture;3254;vrh;243327;12;2;0;;47.076;12.93769;68;1230
2230;Peter Wiechenthaler Hütte;Avstrija;Severne apneniške Alpe;1752;vrh,koča;48834;6;1;0;;47.46369;12.87542;48;1977
2231;Schartenkopf;Avstrija;Severne apneniške Alpe;2308;vrh;56454;7;1;0;;47.47933;12.8945;49;1945
2232;Ingolstädter Haus;Avstrija;Severne apneniške Alpe;2132;koča,bivak;59312;11;1;0;;47.50158;12.88708;50;1934
2233;Großer Hundstod;Avstrija, Nemčija;Severne apneniške Alpe;2594;vrh;73627;10;1;0;;47.51261;12.88508;51;1874
2235;Čevo;Hrvaška;Gorjanci, Medvednica in Medžimurje;562;vrh;59645;5;4;0;;46.2063;16.2827;50;1932
2236;Prielschutzhaus;Avstrija;Severne apneniške Alpe;1420;koča;59329;10;1;0;;47.70486;14.08197;50;1933
2237;Großer Priel;Avstrija;Severne apneniške Alpe;2515;vrh;111948;17;2;0;;47.71683;14.06322;55;1728
2238;Herbertspitze;Avstrija;Nizke Ture;2137;vrh;60323;9;1;0;;47.23814;13.55931;50;1929
2239;Gamsleitenspitze;Avstrija;Nizke Ture;2359;vrh;85601;13;2;0;;47.23914;13.54636;52;1829
2240;Zbelovski grad;Slovenija;Karavanke;400;Vremenska napoved:;123372;5;3;0;2;46.2961;15.5265;56;1679
2241;Oslica (Bohor);Slovenija;Posavsko hribovje in Dolenjska;860;vrh;189494;10;9;0;1;46.0679;15.485;63;1434
2242;Gamsmilchbar;Avstrija;Nizke Ture;2184;koča,jezero,sedlo;64194;11;1;0;;47.24071;13.53383;50;1912
2243;Gamsspitzl;Avstrija;Nizke Ture;2340;vrh;74430;11;1;0;;47.23883;13.53022;51;1873
2244;Debeli vrh (Bohor);Slovenija;Posavsko hribovje in Dolenjska;921;vrh;186854;4;7;0;1;46.07068;15.47009;62;1440
2245;Zehnerkarspitze;Avstrija;Nizke Ture;2382;vrh;85596;12;1;0;;47.23653;13.52908;52;1830
2246;Brest (Bohor);Slovenija;Posavsko hribovje in Dolenjska;808;vrh;165247;5;9;0;1;46.0702;15.4791;60;1525
2247;Snowdon;Velika Britanija;Snowdonia;1085;vrh,koča;147959;6;0;0;;53.0684;4.0761;59;1589
2248;Spodnji Rokav;Slovenija;Julijske Alpe;2500;vrh;348223;1;1;0;;46.43063;13.82878;78;840
2249;Tinska gora;Slovenija;Posavsko hribovje in Dolenjska;409;vrh;175811;7;3;0;;46.1801;15.5525;61;1480
2250;Wiener Neustädter Hütte;Avstrija;Severne apneniške Alpe;2213;koča;84463;10;1;0;;47.42335;10.97027;52;1833
2251;Montokuc;Hrvaška;Jadranski otoki;235;vrh;82075;4;3;0;;42.7728;17.3832;52;1845
2252;Zugspitze;Avstrija, Nemčija;Severne apneniške Alpe;2962;vrh,koča;410507;29;2;0;;47.4213;10.98622;84;623
2253;Ehrwalder Alm;Avstrija;Severne apneniške Alpe;1502;koča,planina;51237;8;1;0;;47.38497;10.969;49;1966
2258;Hochfeldern Alm;Avstrija;Severne apneniške Alpe;1732;koča,planina;52983;6;1;0;;47.38235;10.98953;49;1959
2259;Knorrhütte;Nemčija;Severne apneniške Alpe;2052;koča;59843;10;1;0;;47.41004;11.01292;50;1931
2260;Sonnalpin;Nemčija;Severne apneniške Alpe;2576;koča,cerkev;70852;9;1;0;;47.41316;10.97967;51;1885
2261;Raskože (Bohor);Slovenija;Posavsko hribovje in Dolenjska;650;vrh;121274;3;1;0;;46.0671;15.5262;56;1687
2262;Kreuzeckhaus;Nemčija;Severne apneniške Alpe;1652;vrh,koča,planina;51885;8;1;0;;47.45217;11.06642;49;1964
2263;Pokojni vrh (Bohor);Slovenija;Posavsko hribovje in Dolenjska;711;vrh;137653;3;1;0;;46.0696;15.5111;58;1627
2264;Hochalm;Nemčija;Severne apneniške Alpe;1705;koča,planina;51136;8;1;0;;47.44061;11.06232;49;1968
2265;Osterfelderkopf;Nemčija;Severne apneniške Alpe;2033;vrh,koča;66059;13;1;0;;47.43923;11.05033;50;1904
2266;Alpspitze;Nemčija;Severne apneniške Alpe;2628;vrh;136014;26;2;0;;47.42975;11.04817;57;1632
2267;Televrina;Hrvaška;Jadranski otoki;588;vrh;330817;10;3;0;2;44.67154;14.36178;77;897
2268;Bernadeinkopf;Nemčija;Severne apneniške Alpe;2143;vrh;68481;12;1;0;;47.43108;11.06037;51;1896
2269;Rio Bianco / Beli potok;Italija;Julijske Alpe;770;slap;162038;4;0;0;;46.2777;13.3829;60;1536
2270;Miklavžev hrib (Miklavški hrib);Slovenija;Posavsko hribovje in Dolenjska;394;cerkev;178400;4;2;0;1;46.2224;15.2609;62;1473
2271;Lago di Fosses;Italija;Dolomiti;2142;jezero,planina;99737;15;1;0;;46.65269;12.09405;54;1776
2272;Remeda Rossa / Rote Wand;Italija;Dolomiti;2605;vrh;81813;12;2;0;;46.65264;12.11093;52;1847
2273;Piccola Croda Rossa / Kleine Gaisl;Italija;Dolomiti;2859;vrh;124344;23;2;0;;46.64575;12.12442;56;1676
2274;Roter Turm;Italija;Dolomiti;2553;vrh;86254;15;2;0;;46.65672;12.10874;52;1824
2275;Col Druscie;Italija;Dolomiti;1779;vrh,koča;67625;7;1;0;;46.54308;12.10397;50;1898
2276;Rifugio Sass Bece;Italija;Dolomiti;2423;vrh,koča;100109;19;1;0;2;46.4784;11.8129;54;1772
2277;Vipota;Slovenija;Posavsko hribovje in Dolenjska;532;vrh;217432;5;3;0;;46.20357;15.25404;65;1324
2278;Rifugio Belvedere;Italija;Dolomiti;2335;koča;82871;15;1;0;;46.47615;11.80733;52;1838
2279;Col di Rosc;Italija;Dolomiti;2383;vrh;77434;12;1;0;;46.47457;11.80195;51;1859
2280;Rifugio Fredarola;Italija;Dolomiti;2370;koča;61928;8;1;0;;46.47741;11.81489;50;1921
2281;Col da Cuch;Italija;Dolomiti;2563;vrh;82695;10;1;0;;46.4755;11.82404;52;1840
2282;Sas Ciapel;Italija;Dolomiti;2557;vrh;89526;17;1;0;;46.47702;11.84151;53;1813
2284;Sveti Primož in Felicijan (Osredek);Slovenija;Goriško, Notranjsko in Snežniško hribovje;751;vrh,koča,cerkev;172398;4;1;0;;45.8645;14.4853;61;1500
2287;Javorca (Golte);Slovenija;Kamniško Savinjske Alpe;1465;planina;347592;11;3;0;1;46.37354;14.90979;78;842
2289;Rog (Medvednica);Hrvaška;Gorjanci, Medvednica in Medžimurje;709;Vremenska napoved:;88595;3;2;0;;45.92963;16.06768;52;1820
2290;Iški morost;Slovenija;Goriško, Notranjsko in Snežniško hribovje;289;Vremenska napoved:;197872;7;3;0;4;45.9822;14.4794;64;1398
2291;Krajnikov grad;Slovenija;Karavanke;549;vrh;114344;3;1;0;1;46.3792;15.2932;55;1717
2298;Ančnikovo gradišče;Slovenija;Pohorje, Dravinjske gorice in Haloze;750;koča;226085;23;1;0;1;46.42669;15.52355;66;1286
2299;Veliki Lubenjak;Hrvaška;Gorjanci, Medvednica in Medžimurje;590;Ogledov: 48.769;48769;3;1;0;;;;48;1978
2302;Veliki vrh nad Svetino;Slovenija;Posavsko hribovje in Dolenjska;807;vrh;272642;5;5;0;;46.17805;15.29584;71;1120
2303;Kopa (Belska Kopa);Slovenija;Kamniško Savinjske Alpe;1180;vrh;257018;3;1;0;;46.32205;14.61143;69;1175
2304;Terenbachalm;Avstrija;Labotniške Alpe;1734;planina;102873;6;1;0;;47.191;14.99826;54;1761
2305;Veli Vrh;Hrvaška;Jadranski otoki;541;vrh;118323;6;2;0;;;;56;1701
2306;Obzova;Hrvaška;Jadranski otoki;568;vrh;318379;9;3;0;3;44.99437;14.68735;75;946
2307;Golarjeva peč;Slovenija;Karavanke;1276;vrh;179234;2;1;0;;46.4297;14.6517;62;1471
2308;Štanjel (Sveti Danijel);Slovenija;Goriško, Notranjsko in Snežniško hribovje;553;vrh;51201;6;1;1;;;;49;1967
2309;Lopatnik;Slovenija;Julijske Alpe;2012;vrh;427148;16;1;0;;46.2868;13.6493;85;573
2310;Vrh (Šticna);Slovenija;Posavsko hribovje in Dolenjska;679;vrh;174780;4;1;0;1;46.132;14.9799;61;1486
2316;Resje nad Štorami;Slovenija;Posavsko hribovje in Dolenjska;567;vrh;255484;5;4;0;;46.191;15.3426;69;1181
2318;Rigljica;Slovenija;Julijske Alpe;2074;vrh;339795;0;1;0;;46.4581;13.80653;77;874
2319;Studeniški grad;Slovenija;Karavanke;315;Vremenska napoved:;172926;9;5;0;33;46.3;15.6151;61;1496
2320;Turn (Sv. Janez Krstnik);Slovenija;Posavsko hribovje in Dolenjska;513;vrh;260736;6;5;0;;46.2005;15.3313;70;1162
2321;Sv. Uršula nad Dramljami;Slovenija;Karavanke;464;cerkev;203326;8;3;0;1;46.2805;15.4142;64;1383
2322;Babček;Slovenija;Karavanke;575;vrh;174849;3;4;0;;46.2981;15.4158;61;1484
2323;Rušica;Slovenija;Julijske Alpe;2096;vrh;52868;0;0;0;;;;49;1960
2324;Lipenšči hrib;Slovenija;Julijske Alpe;1375;vrh;222774;4;1;0;;46.354;13.9572;66;1302
2325;Gradišče (Bodešče);Slovenija;Julijske Alpe;499;vrh;220193;4;2;0;1;46.3435;14.1392;66;1311
2326;Sveti Lenart (Bodešče);Slovenija;Julijske Alpe;485;cerkev;194149;5;2;0;1;46.3437;14.1393;63;1413
2327;Bukovski vrh (Kuna gora);Hrvaška;Gorjanci, Medvednica in Medžimurje;521;Vremenska napoved:;106229;4;2;0;;46.17831;15.73601;54;1748
2328;Šobčev bajer;Slovenija;Kamniško Savinjske Alpe;426;jezero;333140;5;5;0;;46.3538;14.1509;77;889
2329;Žusem;Slovenija;Posavsko hribovje in Dolenjska;669;vrh,bivak,cerkev;420018;15;10;0;7;46.15871;15.48166;84;596
2330;Sv. Urban (Cmereška Gorca);Slovenija;Posavsko hribovje in Dolenjska;322;cerkev;152824;5;2;0;;46.1833;15.5929;59;1570
2331;Slap Kotel;Slovenija;Goriško, Notranjsko in Snežniško hribovje;763;slap,jezero;208849;5;1;0;;45.85464;14.44595;64;1362
2332;Japetić;Hrvaška;Gorjanci, Medvednica in Medžimurje;879;vrh;100225;5;3;0;;;;54;1771
2334;Dom v Iškem Vintgarju;Slovenija;Goriško, Notranjsko in Snežniško hribovje;360;slap,koča,jezero;197023;1;1;0;;;;63;1402
2335;Sv. Urban nad Mariborom;Slovenija;Strojna, Košenjak, Kozjak in Slovenske gorice;595;cerkev;316479;10;8;0;2;46.6036;15.6053;75;955
2336;Ciganov vrh (Korinjski hrib);Slovenija;Posavsko hribovje in Dolenjska;731;vrh;204304;0;1;0;2;45.8466;14.7791;64;1377
2337;Sv. Lovrenc (Kompole);Slovenija;Posavsko hribovje in Dolenjska;315;cerkev;240697;9;2;0;;46.2148;15.3366;68;1239
2338;Vrunčev dom na Svetini;Slovenija;Posavsko hribovje in Dolenjska;780;koča;303560;7;9;0;;;;74;1009
2339;Bloško jezero;Slovenija;Goriško, Notranjsko in Snežniško hribovje;748;koča,jezero;443098;13;4;0;;45.7859;14.5158;86;525
2340;Sv. Križ (Gaj nad Mariborom);Slovenija;Strojna, Košenjak, Kozjak in Slovenske gorice;575;cerkev;282072;5;3;0;;46.6189;15.5658;72;1086
2341;Petnikov vrh;Slovenija;Strojna, Košenjak, Kozjak in Slovenske gorice;603;vrh;215525;6;1;0;;46.6215;15.5558;65;1334
2342;Županov vrh;Slovenija;Goriško, Notranjsko in Snežniško hribovje;999;vrh;331850;15;6;0;;45.8963;14.4494;77;894
2343;Sv. Peter (Olešče);Slovenija;Posavsko hribovje in Dolenjska;525;cerkev;193584;8;2;0;;46.1535;15.2988;63;1419
2344;Samotni bor;Slovenija;Strojna, Košenjak, Kozjak in Slovenske gorice;426;vrh;152467;7;1;0;1;46.57708;15.63541;59;1572
2345;Lahomniški sopot;Slovenija;Posavsko hribovje in Dolenjska;325;slap;203595;7;1;0;;46.1448;15.2964;64;1382
2346;Sv. Marija Vnebovzeta (Vrbnik);Hrvaška;Jadranski otoki;75;vrh,koča,cerkev;117702;3;1;0;1;45.0776;14.6746;56;1704
2349;Sv. Peter (Gabonjin) / Sv. Petar (Gabonjin);Hrvaška;Jadranski otoki;252;vrh,cerkev;118461;11;2;0;1;45.1068;14.5637;56;1700
2350;Sv. Ilija (Spodnje Dramlje);Slovenija;Karavanke;304;cerkev;141187;4;2;0;1;46.2772;15.3956;58;1614
2351;Sveti Ivan (Baška);Hrvaška;Jadranski otoki;134;vrh,cerkev;151148;5;1;0;1;44.9731;14.7621;59;1578
2352;Mesečev plato / Planina Mjesec;Hrvaška;Jadranski otoki;380;planina;181547;5;2;0;;44.9817;14.7609;62;1464
2353;Diviška;Hrvaška;Jadranski otoki;471;vrh;130219;3;2;0;;45.00283;14.76826;57;1654
2354;Sv. Marija Magdalena (Dramlje);Slovenija;Karavanke;327;cerkev;153443;7;2;0;;46.273;15.3882;59;1566
2355;Zminja;Hrvaška;Jadranski otoki;537;vrh;127232;4;1;0;2;44.99145;14.69709;57;1666
2356;Razborški ribniki;Slovenija;Karavanke;330;jezero;176597;7;1;0;;46.2685;15.4187;61;1478
2357;Partizanska bolnica Zima;Slovenija;Karavanke;290;Vremenska napoved:;245409;10;1;0;;46.258;15.3648;68;1222
2358;Gradišče (Pustinjak);Slovenija;Kamniško Savinjske Alpe;871;vrh;271176;7;5;0;1;46.3306;14.3995;71;1123
2359;Sveta Lucija nad Studenicami;Slovenija;Pohorje, Dravinjske gorice in Haloze;290;cerkev;155521;6;3;0;1;46.3065;15.6119;59;1560
2360;Sv. Križ (Retje);Slovenija;Posavsko hribovje in Dolenjska;520;vrh,cerkev;170115;0;6;0;;46.1349;15.0555;61;1505
2361;Sv. Miklavž nad Mačami;Slovenija;Kamniško Savinjske Alpe;651;cerkev;213837;5;1;0;3;46.3166;14.4134;65;1338
2362;Špiček (Špečk);Slovenija;Goriško, Notranjsko in Snežniško hribovje;986;vrh;245730;12;3;0;;45.89677;14.00974;68;1219
2363;Križna gora nad Colom;Slovenija;Goriško, Notranjsko in Snežniško hribovje;957;vrh;266933;3;2;0;;45.89532;14.0033;70;1139
2364;Grilova kapela na Boču;Slovenija;Karavanke;534;cerkev;193663;5;3;0;;46.2642;15.6414;63;1418
2366;Formila na Boču;Slovenija;Karavanke;624;Vremenska napoved:;210172;11;7;0;;46.2852;15.6238;65;1359
2367;Partizanska bolnica na Formili/Boču;Slovenija;Karavanke;630;Vremenska napoved:;246990;9;7;0;;46.2829;15.6267;68;1211
2368;Sveti Vid pod Jernejevim vrhom;Slovenija;Karavanke;1075;sedlo,cerkev;153022;4;2;0;3;46.4439;14.9629;59;1568
2372;Veliki Karman / Monte Chiampon;Italija;Julijske Alpe;1713;Vremenska napoved:;262460;2;3;0;;46.2946;13.1815;70;1155
2374;Lopič / Monte Plauris;Italija;Julijske Alpe;1958;Vremenska napoved:;285600;2;2;0;;46.3592;13.1959;72;1070
2375;Mali Karman / Monte Cuarnan;Italija;Julijske Alpe;1372;Vremenska napoved:;202787;1;1;0;;46.2787;13.1866;64;1387
2376;Sveta Marjeta na Boču;Slovenija;Karavanke;655;cerkev;183661;9;2;0;;46.2766;15.6199;62;1455
2377;Plešivec (pri Boču);Slovenija;Karavanke;822;vrh;277664;16;7;0;;46.27399;15.64927;71;1099
2378;Sveti Jošt v Trebenčah;Slovenija;Škofjeloško, Cerkljansko hribovje in Jelovica;573;vrh,cerkev;147461;3;1;0;;46.1459;13.9842;58;1592
2379;Izvir Toplega (Studeniškega) potoka;Slovenija;Karavanke;295;slap;4622;7;7;0;;46.2972;15.6151;41;2267
2381;Rappoldkogel;Avstrija;Labotniške Alpe;1928;vrh;1983;7;3;0;;47.084;14.8832;32;2590
2382;Kravji vrh / Kuhberg;Avstrija;Karavanke;2017;vrh;13557;5;2;0;1;46.49581;14.46787;46;2052
2384;Planina Marjanine njive;Slovenija;Kamniško Savinjske Alpe;1220;planina;16812;10;1;0;3;46.2939;14.677;47;2031
2385;Veliki vrh nad Matkovim kotom;Slovenija;Kamniško Savinjske Alpe;1539;vrh;11785;2;1;0;1;46.39759;14.61645;46;2069
2387;Hlebov vrh (Rdeči Breg);Slovenija;Pohorje, Dravinjske gorice in Haloze;913;vrh,cerkev;5743;5;8;0;;46.56844;15.3402;42;2206
2388;Langalm Hütte;Italija;Dolomiti;2283;koča,jezero,planina;2542;7;1;0;;46.62552;12.29006;35;2485
2389;Koča Klobuk;Slovenija;Polhograjsko hribovje in Ljubljana;433;koča;16352;7;3;0;5;46.0637;14.4347;47;2033
2390;Stražni vrh;Slovenija;Polhograjsko hribovje in Ljubljana;439;vrh;6629;2;1;0;18;46.06876;14.44191;43;2173
2391;Klobuk pri Ljubljani;Slovenija;Polhograjsko hribovje in Ljubljana;441;vrh;59846;2;2;0;27;46.0636;14.4329;50;1930
2392;Rifugio Auronzo;Italija;Dolomiti;2320;koča,bivak;9235;5;1;0;;46.61222;12.29626;45;2104
2393;Cascata di Fanes;Italija;Dolomiti;1467;slap;5577;6;1;0;;46.59416;12.08418;42;2212
2394;Trije križi na Konjiški gori;Slovenija;Pohorje, Dravinjske gorice in Haloze;727;sedlo;5526;5;1;0;;;;42;2215
2395;Col di Bousc;Italija;Dolomiti;2494;vrh;1493;7;1;0;;46.4539;11.85929;30;2682
2396;Monte Piano;Italija;Dolomiti;2305;vrh;5409;12;2;0;;46.62499;12.24357;42;2226
2397;Vrh Krnice;Slovenija;Julijske Alpe;2234;vrh;989;9;0;0;;;;27;2806
2398;Veprinac;Hrvaška;Gorski Kotar in Istra;517;vrh;1340;1;0;0;;;;29;2709
2399;Jama Vilenica;Slovenija;Goriško, Notranjsko in Snežniško hribovje;420;Vremenska napoved:;4578;4;1;0;;45.6744;13.9132;41;2273
2400;Orle;Slovenija;Posavsko hribovje in Dolenjska;458;vrh,koča;89037;4;5;0;9;46.015;14.5702;53;1818
2401;Sv. Ana nad Makolami;Slovenija;Pohorje, Dravinjske gorice in Haloze;460;cerkev;2471;7;0;0;;;;35;2498
2405;Rifugio Roda di Vael;Italija;Dolomiti;2280;koča;1400;8;1;0;;46.4201;11.63014;29;2703
2406;Großofen;Avstrija;Labotniške Alpe;1473;vrh;600;5;0;0;;46.93522;15.0425;22;2985
2407;Planinska koča Velikonočnica;Slovenija;Karavanke;550;koča;7721;4;3;0;;46.2793;15.5842;44;2137
2408;Roda di Vael / Rotwand;Italija;Dolomiti;2806;vrh;2601;13;2;0;;46.42537;11.61988;35;2476
2409;Cima Latemar / Latemarspitze;Italija;Dolomiti;2800;vrh;2461;6;2;0;;46.38314;11.58247;35;2504
2410;Rifugio Cinque Torri;Italija;Dolomiti;2137;koča;22344;8;2;0;;46.5082;12.0549;48;2007
2411;Novi grad (Pusti grad);Slovenija;Kamniško Savinjske Alpe;630;vrh;4896;6;2;0;;46.31015;14.43294;41;2249
2412;Dom Hahlić;Hrvaška;Gorski Kotar in Istra;1097;koča,sedlo;4803;3;2;0;;;;41;2255
2413;Velika Lelija;Bosna in Hercegovina;Zelengora;2032;vrh,planina;1999;7;1;0;;43.42256;18.48761;32;2589
2414;Brezovec;Slovenija;Kamniško Savinjske Alpe;617;vrh;4776;3;1;0;;46.3342;15.0575;41;2259
2415;Monte Chiavals;Italija;Karnijske Alpe;2098;vrh;8675;6;2;0;;46.46592;13.24798;45;2113
2416;Grad Lož (Pusti grad);Slovenija;Goriško, Notranjsko in Snežniško hribovje;698;vrh;5182;3;1;0;;45.7247;14.472;42;2233
2417;Monte Raut;Italija;Karnijske Alpe;2025;vrh;4029;8;1;1;;46.22094;12.65106;40;2311
2418;Sv. Katarina nad Novokračinami;Slovenija;Goriško, Notranjsko in Snežniško hribovje;675;vrh,cerkev;5058;10;2;0;;45.4863;14.2953;42;2241
2419;Col Gentile;Italija;Karnijske Alpe;2075;vrh;3459;10;1;0;;46.46586;12.80547;38;2378
2420;Rifugio Croda da Lago;Italija;Dolomiti;2046;koča,jezero,planina;8264;10;1;0;;46.48634;12.10575;45;2125
2421;La Rocchetta;Italija;Dolomiti;2496;vrh;2605;12;1;0;;46.46172;12.12482;35;2475
2422;Pakleno;Hrvaška;Gorski Kotar in Istra;1340;vrh,koča;2040;3;1;0;;;;33;2581
2423;Pakleno sjeverni vrh;Hrvaška;Gorski Kotar in Istra;1331;vrh,koča;1420;0;1;0;;;;30;2698
2424;Obruč;Hrvaška;Gorski Kotar in Istra;1376;vrh,koča;5857;6;2;0;1;45.45919;14.46594;43;2200
2425;Galyatető;Madžarska;Severovzhodna Madžarska;964;vrh;1120;2;1;0;;47.98194;20.5486;28;2762
2426;Sveti Peter (Selo pri Mirni);Slovenija;Posavsko hribovje in Dolenjska;445;vrh,cerkev;2588;5;2;0;;45.9786;15.0323;35;2478
2427;Sveta Marjeta (Prežganje);Slovenija;Posavsko hribovje in Dolenjska;658;vrh,koča,cerkev;5985;7;1;0;3;46.0248;14.7305;43;2193
2428;Sveti Primož (Kremen);Slovenija;Posavsko hribovje in Dolenjska;340;vrh,cerkev;4512;5;1;0;2;45.969;15.5127;41;2279
2429;Monte Formin;Italija;Dolomiti;2657;vrh;3398;19;3;0;;46.47387;12.07933;38;2384
2431;Sv. Andrej nad Olimjem;Slovenija;Posavsko hribovje in Dolenjska;351;cerkev;2565;9;1;0;;46.1475;15.5581;35;2482
2433;Brdo (Plezališče pod Golico);Slovenija;Karavanke;1192;vrh;2272;3;1;0;;;;34;2543
2435;Sušec (Strahinjščica);Hrvaška;Gorjanci, Medvednica in Medžimurje;846;Ogledov: 4.785;4785;3;5;0;;;;41;2257
2436;Jezero Kreda;Slovenija;Julijske Alpe;715;jezero;21263;9;2;0;1;46.4488;13.9286;47;2016
2437;Erjavčev rovt (Planina Mlinca);Slovenija;Karavanke;1105;planina;6759;5;2;0;;46.4808;13.9651;43;2168
2438;Visoka Bavha;Slovenija;Karavanke;1650;vrh;8349;3;1;0;;46.5106;13.7848;45;2123
2439;Gogalova lipa;Slovenija;Julijske Alpe;725;Vremenska napoved:;3598;3;2;0;;46.4319;13.9533;39;2355
2440;Tonkina koča na Vršiču;Slovenija;Julijske Alpe;1380;koča;22589;3;1;0;1;46.4389;13.7538;48;2006
2442;Slap Šum v Blejskem Vintgarju;Slovenija;Julijske Alpe;520;slap;11340;8;1;0;;46.4006;14.0987;46;2077
2443;Sveta Katarina na Homu;Slovenija;Julijske Alpe;634;cerkev;11871;4;2;0;1;46.3945;14.108;46;2068
2446;Sveti Duh (Sveti Peter);Slovenija;Goriško, Notranjsko in Snežniško hribovje;253;vrh,cerkev;4770;3;2;0;;45.4634;13.6784;41;2260
2448;Atomski bunker pod Javorom in Pancami;Slovenija;Polhograjsko hribovje in Ljubljana;;Ogledov: 90;90;5;0;0;;;;5;3635
2449;Šenčurjev vrh;Slovenija;Goriško, Notranjsko in Snežniško hribovje;725;vrh;5178;4;2;0;;45.9392;14.1739;42;2234
2450;Sveta Barbara (Ravnik pri Hotedršici);Slovenija;Goriško, Notranjsko in Snežniško hribovje;674;vrh,cerkev;4269;3;1;0;1;45.9208;14.1568;40;2298
2451;Planinski dom Milana Šinkovca;Slovenija;Kamniško Savinjske Alpe;345;koča;6223;4;1;0;5;46.2134;14.5399;43;2186
2452;Kres nad Kočno;Slovenija;Julijske Alpe;890;vrh;3414;8;1;0;;46.419;14.0789;38;2382
2453;Spominsko obeležje Aleš Kunaver;Slovenija;Julijske Alpe;660;Vremenska napoved:;4276;3;1;0;;46.4127;14.0895;40;2297
2454;Javorniški slapovi;Slovenija;Karavanke;690;slap;13434;4;1;0;;46.4439;14.0943;46;2054
2455;Sveti Tilen nad Repnjami;Slovenija;Polhograjsko hribovje in Ljubljana;419;cerkev;7636;3;1;0;8;46.1705;14.4773;44;2140
2456;Gradišče (Zapoški hrib);Slovenija;Polhograjsko hribovje in Ljubljana;451;vrh;4310;2;1;0;7;46.1692;14.4747;40;2292
2457;Žerjavec (Kavče);Slovenija;Julijske Alpe;805;vrh;3153;9;2;0;;46.4159;14.0853;37;2407
2458;Apnišče;Slovenija;Kamniško Savinjske Alpe;740;vrh;8350;8;6;0;5;46.28817;14.46133;45;2121
2459;Slap pod Gozdašnico (Hudič babo pere);Slovenija;Karavanke;760;slap;7072;5;1;0;3;46.4103;14.1523;44;2153
2460;Lovska koča Trešnja ravan;Slovenija;Goriško, Notranjsko in Snežniško hribovje;818;Vremenska napoved:;3060;2;1;0;;45.7395;14.269;37;2418
2462;Dolina reke Glinščice / Val Rosandra;Italija;Primorske Alpe;320;Vremenska napoved:;12800;2;1;0;;45.6263;13.8696;46;2060
2463;Hom pri Bledu;Slovenija;Julijske Alpe;834;vrh;15666;8;3;0;2;46.39476;14.0931;47;2038
2464;Velika Boncla;Slovenija;Karavanke;1241;vrh;3617;7;1;0;;46.4483;14.1093;39;2352
2467;Schafberg;Avstrija;Severne apneniške Alpe;1783;vrh,koča;6253;4;1;0;;47.7765;13.4337;43;2184
2468;Vrše;Slovenija;Julijske Alpe;850;vrh;4357;5;2;0;;46.4077;14.0882;40;2288
2469;Boršt;Slovenija;Julijske Alpe;931;vrh;7044;9;3;0;;46.4011;14.0829;44;2154
2470;Kapelica pri Mariji pod Srebotnikom;Slovenija;Posavsko hribovje in Dolenjska;500;cerkev;1520;3;2;0;;;;30;2676
2471;Sveti Tomaž (Vrsnik nad Žirmi);Slovenija;Škofjeloško, Cerkljansko hribovje in Jelovica;744;vrh,cerkev;5510;7;2;0;;46.0215;14.0953;42;2216
2472;Mirca;Slovenija;Karavanke;1025;vrh;4555;6;2;0;;46.445;14.0545;41;2275
2477;Sveti Jurij (Hruševo);Slovenija;Polhograjsko hribovje in Ljubljana;414;vrh,cerkev;3391;8;1;0;1;46.073;14.3883;38;2385
2478;Slap pod Kurico;Slovenija;Karavanke;760;slap;6077;3;1;0;1;46.4062;14.1624;43;2191
2479;Kucelj (nad Polhovim Gradcem);Slovenija;Polhograjsko hribovje in Ljubljana;705;vrh;7829;2;3;0;;46.069;14.3335;44;2133
2480;Tabor;Slovenija;Posavsko hribovje in Dolenjska;697;vrh;3022;2;1;1;;46.16393;15.03156;37;2424
2484;Gradišče nad Sotesko (Soteska);Slovenija;Karavanke;724;vrh;2916;6;1;0;;46.4194;14.112;36;2434
2485;Kapelica Na Koren;Slovenija;Škofjeloško, Cerkljansko hribovje in Jelovica;550;cerkev;4116;5;1;0;;46.3423;14.0918;40;2305
2486;Kuk nad Paljevim;Slovenija;Goriško, Notranjsko in Snežniško hribovje;612;vrh,bivak;3836;6;3;0;1;46.0277;13.6198;39;2331
2487;Maglić;Bosna in Hercegovina, Črna gora;Hercegovina;2386;vrh;28726;3;2;0;;43.28118;18.73319;48;1991
2488;Prižnica;Slovenija;Goriško, Notranjsko in Snežniško hribovje;383;vrh;5443;5;2;0;;46.0443;13.5992;42;2222
2489;Sveti Kvirin na Paljevem;Slovenija;Goriško, Notranjsko in Snežniško hribovje;321;cerkev;2540;4;2;0;;46.0423;13.608;35;2486
2490;Blejski grad;Slovenija;Julijske Alpe;599;Vremenska napoved:;16186;6;1;0;;46.3697;14.1004;47;2034
2491;Police;Slovenija;Julijske Alpe;1184;vrh;3167;3;1;0;;46.4016;14.0128;37;2406
2492;Planina Ravne;Slovenija;Julijske Alpe;956;planina;3118;4;1;1;;46.4121;14.006;37;2412
2493;Šenturška Gora;Slovenija;Kamniško Savinjske Alpe;671;vrh,koča,cerkev;29473;5;3;1;2;46.2577;14.5439;48;1990
2494;Sončnica (Reber);Slovenija;Goriško, Notranjsko in Snežniško hribovje;867;vrh;6867;5;3;0;1;45.88665;13.95923;44;2161
2495;Podrta gora nad Ajdovščino;Slovenija;Goriško, Notranjsko in Snežniško hribovje;855;vrh;17502;3;3;0;1;45.89376;13.94779;47;2029
2496;Kraguljc;Slovenija;Goriško, Notranjsko in Snežniško hribovje;897;vrh;6125;2;3;0;3;45.89156;13.94851;43;2187
2497;Pravi vrh;Slovenija;Goriško, Notranjsko in Snežniško hribovje;830;vrh;1230;0;0;0;;;;29;2735
2498;Planina Vršana;Slovenija;Škofjeloško, Cerkljansko hribovje in Jelovica;900;planina;2940;4;1;0;;46.3331;14.0978;37;2429
2503;Planina Prihod;Slovenija;Škofjeloško, Cerkljansko hribovje in Jelovica;1017;planina;3586;3;3;0;;46.3314;14.0845;38;2358
2504;Sveti Štefan (Kupljenik);Slovenija;Škofjeloško, Cerkljansko hribovje in Jelovica;642;cerkev;2850;3;1;0;;46.3374;14.0801;36;2444
2505;Stari grad nad Želimljami;Slovenija;Goriško, Notranjsko in Snežniško hribovje;555;vrh;2090;1;1;0;1;45.9052;14.568;33;2570
2506;Hoč;Slovenija;Škofjeloško, Cerkljansko hribovje in Jelovica;1514;vrh;9057;4;2;0;;46.1929;13.9883;45;2105
2507;Lovska koča Plehanov laz;Slovenija;Goriško, Notranjsko in Snežniško hribovje;625;koča;3370;3;1;0;;45.9309;14.424;38;2387
2508;Kmečki turizem Obolno;Slovenija;Posavsko hribovje in Dolenjska;722;koča;5080;1;2;0;2;46.0043;14.7801;42;2238
2509;Dom na Uršlji gori;Slovenija;Karavanke;1680;koča,cerkev;57213;14;11;4;17;46.4846;14.965;49;1941
2510;Mihčeva kopišča;Slovenija;Kamniško Savinjske Alpe;1100;planina;5748;7;1;0;;46.3116;14.4535;42;2205
2511;Sv. Vid (otok Pag);Hrvaška;Jadranski otoki;349;jezero,sedlo,cerkev;23313;6;3;0;;;;48;2004
2512;Hotel Krvavec;Slovenija;Kamniško Savinjske Alpe;1600;koča,planina;12954;8;4;0;4;46.3008;14.526;46;2059
2513;Gozdarske koče Martinček;Slovenija;Škofjeloško, Cerkljansko hribovje in Jelovica;1240;planina;5739;6;2;0;;46.2924;14.1385;42;2207
2514;Lipniška planina;Slovenija;Škofjeloško, Cerkljansko hribovje in Jelovica;1330;planina;7518;6;1;0;;46.2767;14.1432;44;2141
2516;Spodnje Mangartsko jezero;Italija;Julijske Alpe;924;koča,jezero;5532;12;3;0;;46.4821;13.6733;42;2214
2517;Slapišče pod Kalvarijo;Slovenija;Karavanke;700;slap;1921;5;1;0;;46.4373;14.0689;32;2598
2518;Slatnik (jugovzhodni vrh);Slovenija;Julijske Alpe;1597;vrh;10704;3;5;0;6;46.23455;13.99907;46;2081
2519;Rifugio Sponata;Italija;Dolomiti;1730;koča,planina;791;4;1;0;;46.58896;11.89014;25;2882
2520;Rifugio Gherdenacia;Italija;Dolomiti;2050;koča,planina;907;6;1;0;;46.58483;11.87945;26;2838
2521;Ciampani;Italija;Dolomiti;2668;vrh;826;7;1;0;;46.59662;11.8475;25;2865
2522;Muntejela de Puez;Italija;Dolomiti;2666;vrh;1090;8;4;0;;46.59379;11.84089;28;2773
2523;Col de Puez / Puezkofel;Italija;Dolomiti;2725;vrh;1330;7;4;0;;46.59314;11.82456;29;2713
2524;Piz de Puez / Puezspitz;Italija;Dolomiti;2913;vrh;3316;7;5;0;;46.59797;11.81372;37;2396
2526;Rifugio Vajolet;Italija;Dolomiti;2243;koča;4095;9;1;0;;46.45855;11.63262;40;2306
2527;Rifugio Passo Principe / Grasleitenpasshütte;Italija;Dolomiti;2601;koča,sedlo;1930;13;1;0;;46.47401;11.63887;32;2596
2528;Catinaccio d'Antermoia / Kesselkogel;Italija;Dolomiti;3004;vrh;8966;18;2;0;;46.47403;11.64394;45;2109
2529;Cima Scalieret;Italija;Dolomiti;2887;vrh;2064;10;1;0;;46.463;11.64452;33;2579
2530;Malga Ombretta;Italija;Dolomiti;1904;koča,planina;773;8;1;0;;46.42428;11.88074;25;2890
2531;Rifugio Onorio Falier;Italija;Dolomiti;2074;koča;1100;7;1;0;;46.42475;11.86264;28;2767
2532;Hochlantsch;Avstrija;Hribovje vzhodno od Mure;1722;vrh,slap,koča;9259;13;7;0;;47.36296;15.42404;45;2103
2533;Mostec;Slovenija;Polhograjsko hribovje in Ljubljana;316;koča;6781;3;1;1;3;46.0629;14.4792;43;2166
2534;Trenk;Slovenija;Goriško, Notranjsko in Snežniško hribovje;769;Vremenska napoved:;2870;4;1;0;;45.88666;14.48438;36;2440
2535;Slapovi v Preski;Slovenija;Karavanke;910;slap;3750;5;1;0;;46.4631;14.0293;39;2342
2536;Lienzer Hütte;Avstrija;Visoke Ture;1977;koča,planina;1520;10;1;0;;46.93477;12.74656;30;2677
2538;Sekirica;Slovenija;Goriško, Notranjsko in Snežniško hribovje;545;vrh;6340;5;2;0;1;45.9117;14.2148;43;2179
2539;Glödis;Avstrija;Visoke Ture;3206;vrh;14101;9;1;0;;46.96117;12.72562;47;2048
2540;Gießener Hütte;Avstrija;Visoke Ture;2215;koča,bivak;1560;8;1;0;;46.99243;13.329;30;2669
2541;Hochalmspitze;Avstrija;Visoke Ture;3360;vrh;28274;15;2;0;;47.0153;13.32045;48;1992
2542;Brennerin;Avstrija;Severne apneniške Alpe;1602;vrh;407;3;1;0;;47.8168;13.5783;18;3141
2543;Dachsteinblick;Avstrija;Severne apneniške Alpe;1559;vrh;501;3;2;0;;47.8116;13.5723;20;3050
2544;Schoberstein;Avstrija;Severne apneniške Alpe;1037;vrh;673;4;1;0;;47.8002;13.5519;23;2935
2545;Sveti Urh (Zavratec);Slovenija;Goriško, Notranjsko in Snežniško hribovje;724;cerkev;3350;4;3;0;;45.9912;14.1317;38;2390
2546;Mahdlgupf;Avstrija;Severne apneniške Alpe;1261;vrh;615;4;1;0;;47.8048;13.5591;22;2977
2547;Monte Pelmo;Italija;Dolomiti;3168;vrh;13766;24;1;0;;46.41986;12.13472;46;2050
2549;Rudihütte;Italija;Dolomiti;1950;koča,planina;846;7;1;0;;46.66437;12.37245;25;2856
2550;Sadnig;Avstrija;Visoke Ture;2745;vrh;1520;4;2;0;;46.9408;12.9887;30;2678
2554;Firstov rep;Slovenija;Goriško, Notranjsko in Snežniško hribovje;1002;Vremenska napoved:;8230;4;5;0;;45.53699;14.74876;45;2126
2555;Loška stena;Slovenija;Goriško, Notranjsko in Snežniško hribovje;875;vrh;17750;5;5;0;;45.53119;14.74669;47;2026
2556;Bezgarska planina;Slovenija;Goriško, Notranjsko in Snežniško hribovje;895;planina;2892;6;4;2;;45.5559;14.7199;36;2437
2558;Rakov Škocjan;Slovenija;Goriško, Notranjsko in Snežniško hribovje;517;Vremenska napoved:;20210;33;3;2;;45.7886;14.2978;47;2018
2559;Na Križu (Kokrska Kočna);Slovenija;Kamniško Savinjske Alpe;2484;vrh;24190;0;1;0;;46.35678;14.51562;48;2002
2560;Sveti Jurij (Praproče);Slovenija;Polhograjsko hribovje in Ljubljana;552;cerkev;2250;3;1;0;1;46.0602;14.2884;33;2548
2561;Strmica;Slovenija;Goriško, Notranjsko in Snežniško hribovje;626;vrh;3980;2;1;1;6;45.9486;14.2359;40;2317
2562;Studor;Slovenija;Julijske Alpe;1002;vrh,jezero,planina;18220;3;3;0;;46.29553;13.90745;47;2023
2563;Doslovška planina;Slovenija;Karavanke;1210;planina;3780;5;1;0;;46.4138;14.1793;39;2337
2564;Lovska koča nad Doslovško planino;Slovenija;Karavanke;1325;Vremenska napoved:;3120;3;2;0;;46.417;14.1766;37;2410
2565;Pico Ruivo;Portugalska;Madeira;1862;vrh;7640;5;1;0;;32.7589;16.943;44;2139
2566;Ajdovščina;Slovenija;Goriško, Notranjsko in Snežniško hribovje;804;vrh;9970;5;1;0;;45.6242;13.9905;45;2092
2567;Montusel;Italija;Karnijske Alpe;1881;vrh;2300;9;1;0;;46.44407;13.27979;34;2536
2571;Veliki Babanski Skedenj;Slovenija;Julijske Alpe;2121;vrh;21260;9;1;2;;46.3336;13.4612;47;2015
2572;Monticello;Italija;Karnijske Alpe;1362;vrh;2490;6;2;0;;46.43381;13.18231;35;2495
2573;Bivak brez meja / Bivacco Senza Confini;Italija;Karavanke;1319;bivak,sedlo;5960;5;3;0;;46.519;13.7061;43;2194
2574;Erbelc;Slovenija;Škofjeloško, Cerkljansko hribovje in Jelovica;1308;vrh;6970;8;4;0;1;46.2336;14.0332;44;2156
2575;Tonderškofel;Slovenija;Škofjeloško, Cerkljansko hribovje in Jelovica;1326;vrh;7950;1;3;0;1;46.2365;14.0293;44;2130
2576;Jamnikov spodmol;Slovenija;Julijske Alpe;720;Vremenska napoved:;2410;4;1;0;;46.4172;14.0844;34;2512
2577;Sveti Marko (Spodnje Danje);Slovenija;Škofjeloško, Cerkljansko hribovje in Jelovica;878;cerkev;2380;4;1;0;;46.2255;14.0482;34;2520
2578;Ivanščica;Hrvaška;Gorjanci, Medvednica in Medžimurje;1061;vrh;24410;7;7;1;;46.18141;16.12724;48;2000
2579;Hum nad Laškim;Slovenija;Posavsko hribovje in Dolenjska;583;vrh;50000;6;2;0;2;46.1605;15.2396;48;1973
2580;Bele peči (Lepi vrh);Slovenija;Karavanke;1926;vrh;14620;3;2;0;;46.5121;13.8647;47;2044
2581;Turni (pri Kozjem vrhu);Slovenija;Kamniško Savinjske Alpe;1432;vrh;2810;5;1;0;;46.36603;14.4365;36;2448
2582;Licjanovec;Slovenija;Kamniško Savinjske Alpe;1733;vrh;8970;2;1;0;;46.35007;14.4293;45;2108
2583;Čičer;Slovenija;Goriško, Notranjsko in Snežniško hribovje;726;Vremenska napoved:;5500;1;1;2;;46.12595;13.67064;42;2217
2585;Ostri vrh (nad Globodolom);Slovenija;Posavsko hribovje in Dolenjska;523;vrh;3182;3;3;0;4;45.8496;15.0249;37;2404
2586;Dom LD Dobrnič;Slovenija;Posavsko hribovje in Dolenjska;440;koča,sedlo;1710;2;3;0;;45.8465;15.0254;31;2636
2587;Dom Frata;Slovenija;Posavsko hribovje in Dolenjska;345;koča;10240;9;3;1;;45.8265;15.035;46;2086
2588;Bijele stijene;Hrvaška;Gorski Kotar in Istra;1335;vrh,koča,bivak;10120;8;2;0;;;;45;2089
2589;Zermula;Italija;Karnijske Alpe;2143;vrh;14770;5;2;0;1;46.56141;13.15179;47;2042
2590;Zuc della Guardia;Italija;Karnijske Alpe;1911;vrh;2671;5;2;0;;46.5572;13.1733;36;2465
2591;Pizzul;Italija;Karnijske Alpe;1985;vrh;2150;4;1;0;;46.55404;13.17256;33;2559
2592;Hribce;Slovenija;Posavsko hribovje in Dolenjska;388;vrh,jezero,cerkev;2091;5;1;0;1;46.1293;14.7337;33;2569
2593;Croda Rossa di Sesto;Italija;Dolomiti;2965;vrh;4680;9;1;0;;46.64519;12.38328;41;2265
2594;Baba (pri Javornikih);Slovenija;Goriško, Notranjsko in Snežniško hribovje;1085;vrh;11410;2;2;0;;45.7535;14.274;46;2075
2596;Rifugio Carducci;Italija;Dolomiti;2297;koča,bivak;1040;11;1;0;;46.61514;12.37363;27;2788
2597;Kunšperski vrh (Brezovec);Slovenija;Kamniško Savinjske Alpe;1336;vrh;2521;1;2;0;;46.3092;14.7262;35;2490
2598;Mali Rogatec (Mali Rogac);Slovenija;Kamniško Savinjske Alpe;1228;vrh;4780;4;2;0;;46.31359;14.72091;41;2258
2599;Lovska koča LD Otavnik;Slovenija;Škofjeloško, Cerkljansko hribovje in Jelovica;1090;planina;2291;6;2;0;;46.1602;13.965;34;2538
2600;Planina Otavnik;Slovenija;Škofjeloško, Cerkljansko hribovje in Jelovica;1268;vrh,planina;4530;6;2;0;;46.1656;13.9627;41;2278
2601;Otavnik;Slovenija;Škofjeloško, Cerkljansko hribovje in Jelovica;1306;vrh;6120;5;2;0;;46.16695;13.96538;43;2188
2602;Grotta di Tofana;Italija;Dolomiti;2420;Vremenska napoved:;1220;6;1;0;;46.53444;12.05558;29;2737
2603;Pico del Teide;Španija;Kanarsko otočje;3718;vrh;10970;5;1;0;;28.2723;16.6425;46;2078
2604;Marutnik;Slovenija;Goriško, Notranjsko in Snežniško hribovje;892;vrh;5200;4;2;0;;46.00901;14.05159;42;2232
2605;Sveta Marija Magdalena (Gore);Slovenija;Goriško, Notranjsko in Snežniško hribovje;851;vrh,cerkev;3790;3;2;0;;46.0033;14.0545;39;2335
2606;Vodnikov razglednik;Slovenija;Julijske Alpe;1017;vrh;27720;5;2;0;;46.3023;13.977;48;1994
2607;Bivacco de Toni;Italija;Dolomiti;2578;bivak,sedlo;1510;11;1;0;;46.60943;12.35927;30;2679
2608;Griža;Italija, Slovenija;Primorske Alpe;457;vrh;12;0;0;0;;;;1;3793
2609;Čopov rovt;Slovenija;Karavanke;710;planina;2860;5;1;0;;46.4349;14.0878;36;2442
2610;Veliki hrib (kota 526);Slovenija;Goriško, Notranjsko in Snežniško hribovje;526;vrh;3350;3;1;0;3;45.9836;13.672;38;2391
2611;Sleme (Sanabor);Slovenija;Goriško, Notranjsko in Snežniško hribovje;849;vrh,planina;10;1;0;0;;;;1;3796
2612;Zaplaz;Slovenija;Posavsko hribovje in Dolenjska;543;vrh,cerkev;6120;3;3;1;;45.9731;14.9579;43;2189
2613;Bajturn (Zaplaški hrib);Slovenija;Posavsko hribovje in Dolenjska;609;vrh;4940;3;8;0;4;45.9737;14.9473;41;2245
2614;Trdnjava sv. Elija (Trdnjava sv. Ignacija);Italija;Sardinija;94;vrh;711;5;2;0;;39.1916;9.1448;24;2921
2615;Ajdovski gradec;Slovenija;Julijske Alpe;580;vrh;11710;10;2;0;1;46.27941;13.96267;46;2072
2616;Sella del Diavolo;Italija;Sardinija;135;vrh;1080;9;2;0;;39.19;9.166;27;2780
2617;Monte dei Sette Fratelli;Italija;Sardinija;1023;vrh;1960;17;1;0;;39.29124;9.43652;32;2591
2618;Lipniški grad (Pusti grad nad Lipnico);Slovenija;Škofjeloško, Cerkljansko hribovje in Jelovica;590;vrh;9370;6;9;0;2;46.3274;14.17;45;2100
2619;Strana;Slovenija;Karavanke;711;vrh;1320;3;1;0;;46.4296;14.097;29;2715
2620;Sveta Marija (Ključevica);Slovenija;Posavsko hribovje in Dolenjska;1067;vrh,cerkev;12140;4;4;0;;46.0887;15.0894;46;2067
2621;Na pečeh pri Črnem Vrhu;Slovenija;Karavanke;1318;vrh;2291;6;1;0;;46.4644;14.0632;34;2539
2622;Mišnice;Slovenija;Goriško, Notranjsko in Snežniško hribovje;961;vrh;5210;1;2;0;;45.9081;14.4678;42;2230
2624;Herkulovo svetišče na Bregu;Slovenija;Posavsko hribovje in Dolenjska;290;cerkev;1851;7;1;0;;;;32;2610
2625;Mali vrh nad Završnico;Slovenija;Kamniško Savinjske Alpe;863;vrh;10400;5;1;0;2;46.4033;14.1521;46;2083
2626;Rimska trdnjava (Lanišče);Slovenija;Goriško, Notranjsko in Snežniško hribovje;635;Vremenska napoved:;3550;5;3;0;;45.8883;14.1635;38;2361
2627;Monte Arvenis;Italija;Karnijske Alpe;1968;vrh;2572;4;1;2;;46.48234;12.93629;35;2479
2628;Kopa (Partizanski vrh);Slovenija;Kamniško Savinjske Alpe;1024;vrh;9690;3;4;0;;46.29186;14.49333;45;2094
2629;Skutman;Slovenija;Kamniško Savinjske Alpe;911;vrh;7170;5;5;0;;46.2962;14.4857;44;2150
2630;Sveti Nikolaj (Možjanca);Slovenija;Kamniško Savinjske Alpe;689;cerkev;9510;8;4;0;5;46.2947;14.4506;45;2097
2631;Sveti Križ (Kriška gora) nad Belimi Vodami;Slovenija;Kamniško Savinjske Alpe;1054;vrh,cerkev;18290;19;5;0;1;46.4034;14.9496;47;2022
2632;Grušnica;Slovenija;Julijske Alpe;1570;vrh;7950;8;6;0;;46.2391;13.7504;44;2131
2633;Javor (nad Tolminskimi Ravnami);Slovenija;Julijske Alpe;1363;vrh;2950;4;4;0;;46.234;13.7592;37;2426
2634;Murijeva planina;Slovenija;Kamniško Savinjske Alpe;1289;planina;5470;5;1;0;;46.3804;14.48989;42;2220
2635;Ovča koča;Slovenija;Kamniško Savinjske Alpe;1323;planina;4850;6;1;0;;46.3667;14.4915;41;2251
2636;Povšnarjeva planina;Slovenija;Kamniško Savinjske Alpe;1330;planina;2930;9;1;0;;46.3566;14.4919;36;2433
2637;Peč (razgledišče);Slovenija;Julijske Alpe;650;vrh;23930;2;1;0;;46.27562;13.91005;48;2003
2638;Ambrož pod Krvavcem;Slovenija;Kamniško Savinjske Alpe;1085;koča,planina,cerkev;34750;11;7;0;5;46.275;14.5293;48;1985
2639;Planina Jezerca;Slovenija;Kamniško Savinjske Alpe;1410;planina;30190;10;4;0;4;46.28454;14.53298;48;1989
2643;Izvir reke Pake;Slovenija;Pohorje, Dravinjske gorice in Haloze;1412;Ogledov: 11.530;11530;0;1;0;;;;46;2073
2644;Gank;Slovenija;Karavanke;850;vrh;1880;5;1;0;;46.4334;14.1018;32;2604
2647;Presanella;Italija;Dolomiti;3558;vrh;22;1;0;0;;;;1;3785
2648;Turul Emlekmű;Madžarska;Osrednja Madžarska;290;Vremenska napoved:;720;2;2;0;;47.5878;18.4083;24;2920
2649;Gradovec;Slovenija;Julijske Alpe;1692;vrh;4080;7;4;0;1;46.2396;13.8857;40;2308
2650;Lykavittos;Grčija;Atene;300;vrh;574;10;0;0;;37.9821;23.7437;22;3002
2651;Hymettus;Grčija;Atene;1026;Ogledov: 558;558;2;1;0;;37.9463;23.816;21;3014
2653;Parnitha;Grčija;Atene;1413;planina;843;2;1;0;;38.1521;23.7365;25;2858
2655;Sveta Marija (Trška Gora);Slovenija;Posavsko hribovje in Dolenjska;428;vrh,cerkev;21570;8;2;0;3;45.8436;15.1881;48;2011
2656;Stari grad nad Otočcem;Slovenija;Posavsko hribovje in Dolenjska;250;Vremenska napoved:;4590;4;1;0;;45.8441;15.2085;41;2271
2657;Črnokalska Varda;Slovenija;Goriško, Notranjsko in Snežniško hribovje;423;vrh;7280;4;3;0;1;45.57945;13.87702;44;2146
2658;Visoka peč;Slovenija;Julijske Alpe;1749;vrh;26600;6;4;1;1;46.4668;13.7353;48;1996
2659;Bedančev dom;Slovenija;Julijske Alpe;1116;koča;30680;2;1;0;2;46.4836;13.7622;48;1988
2660;Plesnikova planina;Slovenija;Kamniško Savinjske Alpe;1319;planina;7210;7;1;0;;46.3914;14.6436;44;2149
2665;Gunung Rinjani;Indonezija;Pacifiški ognjeni obroč;3726;vrh;4070;21;1;0;;8.4112;116.4573;40;2309
2666;Pelawangan I (Gn. Rinjani crater rim);Indonezija;Pacifiški ognjeni obroč;2641;vrh;431;7;1;0;;8.6371;116.6722;19;3117
2667;Pelawangan II (Gn. Rinjani crater rim);Indonezija;Pacifiški ognjeni obroč;2701;vrh;334;4;0;0;;8.7316;116.7359;16;3218
2668;Aiq Kalak (Mt. Rinjani's hot springs);Indonezija;Pacifiški ognjeni obroč;1980;slap;438;2;1;0;;8.6598;116.7013;19;3111
2669;Danau Segara Anak;Indonezija;Pacifiški ognjeni obroč;2009;jezero;511;6;1;0;;;;21;3044
2670;Air Terjun Sindang Gila;Indonezija;Pacifiški ognjeni obroč;550;slap;486;2;2;0;;8.5141;116.6846;20;3059
2671;Kilimandžaro;Tanzanija;Kilimandžaro;5895;vrh;9350;1;2;0;;4.1336;37.8087;45;2102
2672;Hujska;Slovenija;Škofjeloško, Cerkljansko hribovje in Jelovica;706;vrh;3300;4;2;0;;46.2359;14.1578;37;2398
2673;Mangartska planina;Slovenija;Julijske Alpe;1295;planina;9580;7;1;0;;46.4296;13.6089;45;2096
2674;Kosmatica;Hrvaška;Biokovo in Dalmacija;612;vrh;1600;2;1;0;;;;30;2664
2675;Ra Bujela;Italija;Dolomiti;2257;vrh;1150;8;1;0;;46.53763;12.08093;28;2755
2678;Pura Lempuyang;Indonezija;Pacifiški ognjeni obroč;768;vrh;369;4;1;0;;8.39509;115.6477;17;3178
2680;Podrta gora;Slovenija;Julijske Alpe;2061;vrh;24590;3;3;0;;46.26114;13.76907;48;1999
2681;Gunung Agung;Indonezija;Pacifiški ognjeni obroč;3031;vrh;1280;4;1;0;;8.34083;115.5033;29;2724
2684;Watzmann Hocheck;Nemčija;Severne apneniške Alpe;2651;vrh;1920;6;1;0;;47.55842;12.92378;32;2599
2685;Wurtenspeicher;Avstrija;Visoke Ture;1695;jezero;401;9;1;0;;46.99452;13.04231;18;3148
2686;Watzmann Mittelspitze;Nemčija;Severne apneniške Alpe;2713;vrh;7160;7;1;0;;47.55439;12.92203;44;2152
2687;Watzmannhaus;Nemčija;Severne apneniške Alpe;1930;koča;1290;4;1;0;;47.57115;12.93383;29;2720
2689;Mittelstation (Mölltaler Gletscher);Avstrija;Visoke Ture;2234;koča,jezero;1330;5;1;0;1;47.01624;13.01551;29;2714
2690;Weißseehaus;Avstrija;Visoke Ture;2381;koča,jezero;775;12;1;0;;47.01184;13.01471;25;2889
2691;Hoher Perschitzkopf;Avstrija;Visoke Ture;3125;vrh;1400;2;0;0;;;;29;2704
2692;Duisburger Hütte;Avstrija;Visoke Ture;2572;koča;825;12;1;0;;47.02412;13.01166;25;2867
2693;Eisseehaus;Avstrija;Visoke Ture;2795;koča,jezero;940;17;1;0;1;47.03155;13.01061;26;2819
2694;Baumbachspitze;Avstrija;Visoke Ture;3105;vrh;3480;8;1;0;1;47.03891;13.02118;38;2373
2695;Schareck;Avstrija;Visoke Ture;3123;vrh;6480;12;3;0;1;47.04147;13.01775;43;2177
2696;Herzog Ernst Spitze;Avstrija;Visoke Ture;2933;vrh;815;8;1;0;;47.04393;13.00324;25;2870
2697;Planinski dom na kmetiji Kumer;Slovenija;Karavanke;1220;koča;5220;5;1;0;;46.4871;14.726;42;2231
2698;Sveta Ana v Koprivni;Slovenija;Karavanke;1218;cerkev;2931;2;2;0;;46.4825;14.7233;37;2432
2699;Planina Rep (Repija);Slovenija;Karavanke;1330;planina;1040;6;2;0;;46.4713;14.7127;27;2789
2700;Govševa planina;Slovenija;Karavanke;1300;planina;2080;8;2;0;;46.4623;14.6982;33;2575
2702;Snežnik (nad Koprivno);Avstrija, Slovenija;Karavanke;1543;vrh;3480;1;1;0;;46.4743;14.6977;38;2374
2704;Pantokrator;Grčija;Grški otoki;912;koča,cerkev;1770;5;1;0;;39.748;19.8721;31;2628
2705;Goldbergtauernkopf;Avstrija;Visoke Ture;2775;vrh;571;8;1;0;;47.03867;12.99614;22;3005
2706;Alteck;Avstrija;Visoke Ture;2942;vrh;1230;15;1;0;;47.03575;12.9853;29;2736
2707;Špičasti vrh / Spitzberg;Avstrija;Karavanke;1551;vrh;2020;1;1;0;;46.4734;14.6846;33;2585
2708;Goličica;Slovenija;Julijske Alpe;2101;vrh;30800;6;1;0;1;46.39976;13.77074;48;1987
2709;Dolina Drage;Slovenija;Goriško, Notranjsko in Snežniško hribovje;310;jezero;5600;14;1;0;1;45.941;14.5477;42;2210
2710;Uglješin Vrh;Bosna in Hercegovina;Hercegovina;1859;vrh;2260;2;1;0;;;;34;2547
2711;Jamarski bivak na Dleskovški planoti;Slovenija;Kamniško Savinjske Alpe;1910;bivak;10730;6;3;0;;46.3611;14.67375;46;2080
2712;Paglia Orba;Francija;Korzika;2525;vrh;5880;6;1;0;;42.343;8.8783;43;2199
2714;Stari grad (Volčji Potok);Slovenija;Posavsko hribovje in Dolenjska;398;vrh;3030;4;2;0;;46.18917;14.61314;37;2422
2715;Planina Rožca / Roschitzaalm;Avstrija;Karavanke;1407;planina;2770;4;1;0;;46.4872;14.0161;36;2453
2716;Grad Višnja Gora (Stari grad);Slovenija;Posavsko hribovje in Dolenjska;506;vrh;4300;4;1;0;1;45.9515;14.7438;40;2293
2717;Hotel Polževo;Slovenija;Posavsko hribovje in Dolenjska;592;koča;12630;4;1;0;;45.9244;14.755;46;2065
2718;Sveti Duh (Polževo);Slovenija;Posavsko hribovje in Dolenjska;630;vrh,cerkev;10020;4;2;0;4;45.9224;14.7557;45;2091
2719;Sveta Ana (Ljubelj);Slovenija;Karavanke;1032;cerkev;7160;4;2;0;;46.4324;14.2634;44;2151
2721;Drenin;Hrvaška;Gorski Kotar in Istra;380;vrh;2190;3;2;0;;;;33;2556
2722;Sveti Ilija (Pelješac);Hrvaška;Biokovo in Dalmacija;961;vrh;21350;2;4;1;1;42.99594;17.15976;47;2013
2723;Slovenski vrh;Slovenija;Posavsko hribovje in Dolenjska;1041;vrh;12790;2;3;0;1;45.6655;14.8016;46;2061
2724;Ledenik;Slovenija;Posavsko hribovje in Dolenjska;1072;vrh;11740;3;3;0;1;45.6311;14.8211;46;2071
2725;Velika Baba (Kanin);Italija, Slovenija;Julijske Alpe;2148;vrh;21310;16;5;0;;46.3329;13.4494;47;2014
2726;Gradiški grič;Slovenija;Posavsko hribovje in Dolenjska;485;vrh,cerkev;2750;5;2;0;1;46.1686;14.7088;36;2455
2727;Sveti Mohor na Mohorjevem hribu;Slovenija;Posavsko hribovje in Dolenjska;511;vrh,cerkev;7810;5;3;0;2;46.152;14.7325;44;2134
2728;Gradiško jezero;Slovenija;Posavsko hribovje in Dolenjska;340;jezero;14860;7;1;0;1;46.1616;14.7103;47;2041
2729;Blagajev grad (Polhograjska graščina);Slovenija;Polhograjsko hribovje in Ljubljana;377;Vremenska napoved:;3971;4;1;0;2;46.0675;14.3138;39;2318
2730;Slavkovsky štit;Slovaška;Visoke Tatre;2452;vrh;4860;1;1;0;;49.1659;20.1846;41;2250
2732;Izvir Krke;Slovenija;Posavsko hribovje in Dolenjska;272;Vremenska napoved:;12720;5;2;0;1;45.8897;14.7714;46;2063
2733;Petelinjek (nad Korenskim sedlom);Avstrija, Slovenija;Karavanke;1552;vrh;6300;2;2;0;;46.5184;13.7337;43;2183
2734;Kališje;Slovenija;Karavanke;1435;vrh;3570;2;1;0;;46.5067;13.7368;38;2359
2735;Kržišče (Pokovše);Slovenija;Kamniško Savinjske Alpe;1658;vrh;8390;3;2;0;;46.29044;14.54578;45;2120
2736;Ojstri vrh (nad Prevalo);Slovenija;Kamniško Savinjske Alpe;1197;vrh;5770;1;2;0;;46.2553;14.7449;42;2204
2737;Sveti Socerb (Vipavska brda);Slovenija;Goriško, Notranjsko in Snežniško hribovje;555;vrh,cerkev;7690;5;2;0;;45.7939;13.945;44;2138
2738;Sveta Ana (Razguri);Slovenija;Goriško, Notranjsko in Snežniško hribovje;560;vrh,jezero,cerkev;2451;3;1;0;;45.7827;13.9443;35;2506
2739;Tabor Cerovo;Slovenija;Posavsko hribovje in Dolenjska;493;vrh,cerkev;3780;12;3;0;4;45.9185;14.6387;39;2338
2740;Ostruščica;Slovenija;Pohorje, Dravinjske gorice in Haloze;1498;vrh;10050;2;5;0;43;46.45852;15.3235;45;2090
2741;Lukov slap;Slovenija;Pohorje, Dravinjske gorice in Haloze;1240;slap;13670;2;1;0;;46.4581;15.3091;46;2051
2742;Pugled pri Starem Logu;Slovenija;Posavsko hribovje in Dolenjska;640;Ogledov: 11;11;0;0;0;;;;1;3794
2743;Štivanski log;Slovenija;Goriško, Notranjsko in Snežniško hribovje;530;jezero;1932;17;1;0;;45.7434;14.1835;32;2595
2744;Žerjavov Praprotnik / Loibler Prapotnik;Avstrija;Karavanke;1500;vrh;2250;6;2;0;;46.4635;14.2788;33;2549
2746;Hochfeilerhütte;Italija;Zillertalske Alpe;2710;koča;3830;12;1;0;;46.96221;11.70882;39;2332
2747;Hochfeiler;Avstrija, Italija;Zillertalske Alpe;3510;vrh;15970;13;1;0;;46.97238;11.72796;47;2036
2748;Žagarski vrh;Slovenija;Posavsko hribovje in Dolenjska;627;vrh,koča;28230;5;1;0;5;46.0294;14.6541;48;1993
2749;Gradišče nad Žažarjem;Slovenija;Polhograjsko hribovje in Ljubljana;547;vrh;3422;7;2;0;1;46.00531;14.26888;38;2381
2750;Vranje pečine (Rajna peč);Slovenija;Goriško, Notranjsko in Snežniško hribovje;642;vrh;3291;4;1;0;4;45.99125;14.22193;37;2399
2751;Corvo Alto;Italija;Dolomiti;2455;vrh;1190;15;2;0;;46.45986;12.08201;28;2745
2752;Leskovica (nad Stražiščem);Slovenija;Goriško, Notranjsko in Snežniško hribovje;947;vrh;1710;3;2;0;5;45.8479;14.3929;31;2637
2754;Lomek (Lom);Slovenija;Kamniško Savinjske Alpe;884;vrh;5900;4;2;0;;;;43;2198
2755;Čisovec;Slovenija;Kamniško Savinjske Alpe;1419;vrh;7960;4;3;0;;46.40298;14.25054;44;2129
2756;Croda Negra;Italija;Dolomiti;2518;vrh;1610;5;1;0;;;;31;2655
2759;Croda Rossa / Rote Wand;Italija;Visoke Ture;2818;vrh;2332;5;1;0;;46.86463;12.17952;34;2528
2760;Slap Peračica;Slovenija;Kamniško Savinjske Alpe;430;slap,jezero;21470;18;5;0;;46.3402;14.2255;47;2012
2761;Miklavžev hrib (Razgledni stolp);Slovenija;Posavsko hribovje in Dolenjska;376;vrh;2151;0;2;0;;;;33;2562
2762;Bazilika Marije Pomagaj na Brezjah;Slovenija;Kamniško Savinjske Alpe;486;cerkev;4540;5;2;0;5;46.329;14.2323;41;2277
2763;Hotunjski vrh;Slovenija;Julijske Alpe;1107;vrh;15710;2;6;0;;46.3652;14.0407;47;2037
2764;Stradner Kogel;Avstrija;Hribovje vzhodno od Mure;609;vrh;804;6;3;0;;46.84526;15.93184;25;2874
2765;Angerkogel;Avstrija;Severne apneniške Alpe;2114;vrh;579;14;0;0;;;;22;2998
2766;Gradišče pod Babjim zobom;Slovenija;Škofjeloško, Cerkljansko hribovje in Jelovica;824;vrh;2120;3;1;0;1;46.3361;14.0767;33;2564
2767;Volinjak;Slovenija;Karavanke;886;vrh;6810;7;6;0;1;46.5315;14.8756;44;2164
2768;Leški cerkvi;Slovenija;Karavanke;674;cerkev;3270;7;2;0;1;46.5347;14.8887;37;2400
2770;Koseški hrib;Slovenija;Polhograjsko hribovje in Ljubljana;467;vrh;9020;3;5;0;1;46.17574;14.52749;45;2106
2771;Mlinčki;Slovenija;Polhograjsko hribovje in Ljubljana;340;Vremenska napoved:;6680;8;2;0;1;46.1787;14.5297;43;2170
2772;Sveti Janez Krstnik (Ribčev Laz);Slovenija;Julijske Alpe;532;jezero,cerkev;6850;5;1;0;;46.2786;13.8866;44;2162
2773;Koča pri Savici;Slovenija;Julijske Alpe;653;koča;18170;10;3;1;3;46.28979;13.8024;47;2024
2774;Zgornji Goreljek (Pokljuka);Slovenija;Julijske Alpe;1260;koča,planina,cerkev;10230;9;5;0;;46.3358;13.9632;46;2087
2775;Spodnji Goreljek (Pokljuka);Slovenija;Julijske Alpe;1222;planina;5340;4;1;0;;46.3304;13.9821;42;2227
2776;Zjavka;Slovenija;Škofjeloško, Cerkljansko hribovje in Jelovica;505;vrh;2394;4;6;0;;46.3174;14.1956;34;2515
2777;Ojstra peč;Slovenija;Škofjeloško, Cerkljansko hribovje in Jelovica;516;vrh;4430;5;10;0;;46.3184;14.2045;40;2283
2778;Andrejev vrh;Slovenija;Karavanke;897;vrh;3430;5;8;0;;46.5205;14.8794;38;2380
2779;Bivak Suška bajta;Slovenija;Karavanke;1034;bivak;2094;7;3;0;;46.5001;14.9184;33;2568
2780;Pelister;Severna Makedonija;Baba planina;2601;vrh,planina;6570;16;1;0;;41.00312;21.184;43;2176
2781;Debeli vrh (nad Topolami);Slovenija;Polhograjsko hribovje in Ljubljana;446;vrh;4410;4;3;0;1;46.1762;14.5444;40;2284
2782;Ojstra / Oistra;Avstrija;Karavanke;1577;vrh;4600;2;1;0;;46.5099;14.6433;41;2270
2783;Pogorevc;Slovenija;Karavanke;1076;vrh;8350;0;1;0;3;46.49051;14.90013;45;2122
2784;Potočnikova planina;Slovenija;Karavanke;1410;planina;5510;6;1;0;;46.4158;14.2525;42;2218
2785;Turn (nad Bohinjsko Belo);Slovenija;Julijske Alpe;1249;vrh;4460;4;5;0;;46.3392;14.0366;40;2282
2786;Belska planina;Slovenija;Julijske Alpe;1237;planina;8160;10;4;0;;46.3367;14.0224;44;2127
2787;Planina Ilovec;Slovenija;Julijske Alpe;1170;planina;1490;6;1;0;;46.3295;14.0333;30;2683
2789;Rifugio Alpino Buffaure;Italija;Dolomiti;2044;koča,planina;438;8;1;0;;46.42853;11.7235;19;3112
2790;Rifugio Baita Cuz;Italija;Dolomiti;2213;koča,planina;591;12;2;0;;46.42883;11.73164;22;2992
2791;Diga del Vajont;Italija;Karnijske Alpe;722;cerkev;3790;7;1;0;;46.26787;12.32885;39;2336
2792;Col de Valvacin;Italija;Dolomiti;2372;vrh,koča;861;11;1;0;;46.43419;11.7359;26;2853
2793;Planina Kladje / Quadiaalm;Slovenija;Karavanke;1271;planina;1580;5;3;0;;46.5036;14.0479;30;2665
2795;Vrholanov vrh (Ravne pri Šoštanju);Slovenija;Kamniško Savinjske Alpe;710;vrh;2830;13;1;0;;;;36;2446
2796;Grad Riegersburg / Burg Riegersburg;Avstrija;Hribovje vzhodno od Mure;475;vrh,koča;1500;12;2;0;;47.0049;15.9322;30;2680
2797;Florjanka / Monte Florianca;Italija;Julijske Alpe;1653;vrh,jezero;6620;5;2;0;;46.4853;13.5471;43;2174
2799;Velika Montura;Slovenija;Julijske Alpe;1958;vrh;10960;9;2;0;;46.287;13.7116;46;2079
2800;Lopa;Italija, Slovenija;Julijske Alpe;2406;vrh;14590;10;2;0;1;46.3703;13.49434;47;2045
2801;Maja Jezercë;Albanija;Prokletije;2694;vrh;8640;4;1;0;;42.4425;19.8141;45;2114
2802;Kušpergarjev turn (Kušpergarjevi turni);Slovenija;Karavanke;750;vrh;3041;3;1;0;;46.3839;14.3318;37;2421
2804;Forcella Marmarole;Italija;Dolomiti;2661;sedlo;1610;13;1;0;;46.50503;12.34277;31;2656
2806;Lastron dei Scarperi / Schusterplatte;Italija;Dolomiti;2957;vrh;2158;12;2;0;;46.65721;12.31665;33;2558
2807;Babičev mlin na Muri;Slovenija;Strojna, Košenjak, Kozjak in Slovenske gorice;182;Vremenska napoved:;1863;8;2;0;;46.5921;16.1668;32;2608
2809;RIS Dolina (Dovžanova soteska);Slovenija;Karavanke;720;Vremenska napoved:;18140;2;3;0;;46.3917;14.3308;47;2025
2811;Pic Chiadin;Italija;Karnijske Alpe;2302;vrh;3671;10;2;0;;46.59656;12.8912;39;2347
2812;Pilastro del Coglians;Avstrija, Italija;Karnijske Alpe;2750;vrh;4144;9;2;0;;46.60712;12.88487;40;2303
2813;Cima di Mezzo / Keller Warte;Avstrija, Italija;Karnijske Alpe;2713;vrh;5450;13;3;0;;46.60679;12.88853;42;2223
2814;Mačenski vrh / Matschacher Gupf;Avstrija;Karavanke;1691;vrh;2760;10;3;0;;46.48969;14.13771;36;2454
2815;Srednja peč;Slovenija;Karavanke;1920;vrh;9640;7;5;0;;46.43556;14.18973;45;2095
2816;Planina Zali potok;Slovenija;Karavanke;1032;planina;1710;7;1;0;;46.4172;14.3655;31;2638
2818;Podkanjski slap / Wildensteiner Wasserfall;Avstrija;Karavanke;640;slap;4350;5;1;0;;46.5344;14.5089;40;2290
2819;Hofovška planina / Hoffmansalpe;Avstrija;Karavanke;1335;planina;502;1;1;0;;;;20;3048
2820;Visoka Bela Špica / Cima Alta di Riobianco;Italija;Julijske Alpe;2257;vrh,bivak;12690;2;1;0;;46.423;13.5187;46;2064
2821;Stara gora / Altberg;Avstrija;Karavanke;1552;vrh;1790;8;2;0;;46.5248;14.5307;31;2625
2822;Rokov vrh / Rochusberg;Avstrija;Karavanke;880;vrh;745;8;2;0;;46.528;14.5715;24;2906
2823;Fürthermoaralm;Avstrija;Visoke Ture;1805;koča,planina,cerkev;471;12;1;0;;47.17885;12.71347;20;3080
2824;Mooserboden;Avstrija;Visoke Ture;2036;koča,jezero;1820;16;2;0;;47.16729;12.7156;32;2613
2825;Heinrich Schwaiger Haus;Avstrija;Visoke Ture;2802;koča,bivak;1100;16;1;0;;47.16262;12.73893;28;2768
2826;Passauer Hütte;Avstrija;Severne apneniške Alpe;2051;koča,bivak;757;13;1;0;;47.47419;12.75037;24;2897
2827;Šoštanj;Slovenija;Kamniško Savinjske Alpe;358;Vremenska napoved:;3410;26;1;0;;46.3774;15.0485;38;2383
2828;Westliche Mitterspitze;Avstrija;Severne apneniške Alpe;2160;vrh;585;8;2;0;;47.47417;12.75499;22;2994
2829;Sebenje;Slovenija;Kamniško Savinjske Alpe;500;Vremenska napoved:;1420;2;1;0;;46.3304;14.2993;30;2699
2830;Jezero Jasna;Slovenija;Julijske Alpe;830;koča,jezero;22320;15;1;0;7;46.4748;13.7833;48;2008
2831;Großes Wiesbachhorn;Avstrija;Visoke Ture;3564;vrh;10160;16;1;0;;47.15669;12.7549;45;2088
2832;Vilice;Slovenija;Kamniško Savinjske Alpe;2341;Ogledov: 15;15;0;0;0;;;;1;3790
2833;Höhenburg;Avstrija;Visoke Ture;2108;vrh;696;16;1;0;;47.1698;12.72295;24;2929
2834;Hajnžev Praprotnik / Zeller Prapotnik;Avstrija;Karavanke;1727;vrh;3820;10;5;0;;46.4475;14.3119;39;2333
2835;Bivak Montanel;Italija;Karnijske Alpe;2048;bivak;1130;8;1;0;;46.43378;12.4545;28;2757
2836;Cima Montanel;Italija;Karnijske Alpe;2461;vrh;2523;14;2;1;;46.43738;12.46291;35;2489
2837;Jelovice;Slovenija;Pohorje, Dravinjske gorice in Haloze;623;vrh;4990;2;3;1;;46.30691;15.7401;41;2243
2838;Crodon di Scodavacca;Italija;Karnijske Alpe;2389;vrh;1440;7;2;0;;46.42882;12.46128;30;2692
2840;Ostri vrh;Slovenija;Posavsko hribovje in Dolenjska;675;vrh;30;12;0;1;;;;2;3773
2841;Mokrišče Blata;Slovenija;Kamniško Savinjske Alpe;505;Vremenska napoved:;2210;5;1;0;;46.3321;14.3067;33;2554
2843;Toubkal;Maroko;Atlas;4167;vrh;3220;4;0;0;;;;37;2402
2845;Monte Cernera;Italija;Dolomiti;2665;vrh;2290;15;1;0;;46.46799;12.05824;34;2540
2846;Jermanca (Jermancov grič);Slovenija;Polhograjsko hribovje in Ljubljana;728;vrh;4830;5;1;0;;46.088;14.131;41;2254
2847;Fuscherkarkopf;Avstrija;Visoke Ture;3331;vrh;6470;10;1;0;;47.099;12.74499;43;2178
2848;Prestreljeniško okno;Italija, Slovenija;Julijske Alpe;2391;Vremenska napoved:;31070;8;3;0;2;46.36112;13.46989;48;1986
2849;Scharnik;Avstrija;Visoke Ture;2655;vrh;1620;8;3;0;;46.7947;13.0417;31;2654
2850;Sveta Jedert (Lajše);Slovenija;Škofjeloško, Cerkljansko hribovje in Jelovica;850;cerkev;2881;6;2;0;;46.2477;14.198;36;2439
2851;Sleme (Površnica);Slovenija;Škofjeloško, Cerkljansko hribovje in Jelovica;883;vrh;2654;5;4;0;;46.2436;14.1816;36;2468
2852;Sveti Križ nad Selcami;Slovenija;Škofjeloško, Cerkljansko hribovje in Jelovica;860;vrh,cerkev;3850;7;4;0;;46.2348;14.1845;39;2328
2853;Šoparjev vrh;Slovenija;Karavanke;1524;vrh;1710;2;3;0;;46.48606;14.74105;31;2639
2854;Čofatijev vrh;Slovenija;Karavanke;1606;vrh;3510;2;3;0;;46.47523;14.74992;38;2365
2855;Sveti Primož in Felicijan na Gabrški gori;Slovenija;Škofjeloško, Cerkljansko hribovje in Jelovica;830;cerkev;6990;4;1;0;1;46.1412;14.20018;44;2155
2856;Bergheimat;Avstrija;Visoke Ture;1581;koča;309;3;1;0;;46.7743;13.03416;15;3247
2857;Ochsnerhütte;Avstrija;Visoke Ture;1810;koča;479;3;1;0;;46.78027;13.03416;20;3067
2858;Bela peč (Podbliška gora);Slovenija;Škofjeloško, Cerkljansko hribovje in Jelovica;1158;vrh;21880;5;12;1;;46.2587;14.1978;48;2010
2859;Bičkova skala;Slovenija;Škofjeloško, Cerkljansko hribovje in Jelovica;1012;Vremenska napoved:;9920;5;1;0;;46.2507;14.1888;45;2093
2860;Unteralmhütte;Avstrija;Visoke Ture;1838;koča;290;1;1;0;;46.79075;13.02028;15;3269
2861;Lamnitzsee;Avstrija;Visoke Ture;2293;jezero;533;3;4;0;;46.79874;13.03458;21;3033
2863;Dachskofel;Avstrija;Visoke Ture;2373;vrh;822;4;4;0;;46.79841;13.03226;25;2868
2864;Jamnigalm;Avstrija;Visoke Ture;1750;planina;690;1;2;0;;47.0021;13.10777;23;2931
2866;Mernik Alm;Avstrija;Visoke Ture;1492;planina;492;4;1;0;;46.85293;13.30058;20;3054
2867;Koppen;Avstrija;Visoke Ture;2158;vrh;480;6;1;0;;46.84397;13.28652;20;3066
2868;Veliki vrh (Križentaver);Slovenija;Posavsko hribovje in Dolenjska;419;vrh;8680;6;2;0;35;46.1275;14.6222;45;2112
2869;Sv. Kunigunda na Taboru nad Ihanom;Slovenija;Posavsko hribovje in Dolenjska;377;vrh,cerkev;3172;3;2;0;6;46.1245;14.6299;37;2405
2870;Sv. Miklavž na Goropečah;Slovenija;Posavsko hribovje in Dolenjska;401;cerkev;2080;4;2;0;1;46.1172;14.6454;33;2576
2871;Oklo nad Ihanom;Slovenija;Posavsko hribovje in Dolenjska;465;Vremenska napoved:;4610;8;4;0;3;46.1199;14.6534;41;2268
2872;Sveta Trojica (nad Dobom);Slovenija;Posavsko hribovje in Dolenjska;527;vrh,koča,cerkev;8421;2;4;0;1;46.1232;14.6757;45;2119
2873;Hagener Hütte;Avstrija;Visoke Ture;2446;koča;1160;7;3;0;;47.02751;13.0897;28;2751
2874;Grad Velenje;Slovenija;Kamniško Savinjske Alpe;442;vrh;3770;3;3;3;1;46.3566;15.1099;39;2339
2877;Oljska gora;Slovenija;Posavsko hribovje in Dolenjska;401;vrh;11390;5;3;0;2;46.0987;14.5722;46;2076
2878;Visoko;Slovenija;Karavanke;991;vrh;3110;4;2;2;;46.3761;15.1898;37;2413
2880;Skalni vrh (Vodemla);Slovenija;Karavanke;780;vrh;13191;2;2;2;;46.3871;15.1359;46;2057
2881;Smodivnik;Slovenija;Karavanke;923;vrh;1490;1;1;1;;46.4018;15.1588;30;2684
2884;Greilkopf;Avstrija;Visoke Ture;2581;vrh;972;8;3;0;;47.02515;13.1005;27;2809
2885;Dražgoška gora;Slovenija;Škofjeloško, Cerkljansko hribovje in Jelovica;1140;vrh;13270;4;2;0;;46.2585;14.1707;46;2055
2886;Planina Kališnik;Slovenija;Škofjeloško, Cerkljansko hribovje in Jelovica;1180;planina;4490;7;2;0;;46.2624;14.1709;40;2281
2888;Kamnitnik (nad Škofjo Loko);Slovenija;Škofjeloško, Cerkljansko hribovje in Jelovica;426;vrh;3530;3;4;0;;46.1729;14.3093;38;2363
2890;Kleiner Salzkofel;Avstrija;Visoke Ture;2222;vrh;594;5;1;0;;46.84511;13.28067;22;2989
2892;Plakopec (Brezejec);Slovenija;Karavanke;1005;vrh;2310;3;1;1;;46.3741;15.1877;34;2534
2893;Štrukljev vrh;Slovenija;Karavanke;1227;vrh;4550;4;1;1;1;46.3871;15.2268;41;2276
2894;Koželj;Slovenija;Kamniško Savinjske Alpe;590;vrh;14740;4;2;2;1;46.34785;15.12635;47;2043
2895;Bivak Tarvisio;Italija, Slovenija;Julijske Alpe;2150;bivak,sedlo;3939;3;0;0;;;;39;2324
2896;Sveti Jošt na Paškem Kozjaku;Slovenija;Karavanke;1063;cerkev;3070;4;1;1;2;46.387;15.1928;37;2416
2897;Ostrica;Slovenija;Karavanke;1182;vrh;6900;5;1;1;1;46.3889;15.2079;44;2157
2899;Planinska koča Mrzl'k;Slovenija;Škofjeloško, Cerkljansko hribovje in Jelovica;971;vrh,koča;19160;8;7;0;2;46.0631;14.0547;47;2019
2900;Šteharski vrh (Šteharnikov vrh);Slovenija;Strojna, Košenjak, Kozjak in Slovenske gorice;1018;vrh;10580;8;5;0;;46.5723;14.9848;46;2082
2901;Brinjeva gora (nad Prevaljami);Slovenija;Strojna, Košenjak, Kozjak in Slovenske gorice;723;vrh,cerkev;13920;9;3;0;;46.5592;14.9389;47;2049
2902;Sveti Križ pri Dravogradu;Slovenija;Strojna, Košenjak, Kozjak in Slovenske gorice;528;vrh,cerkev;2300;9;1;0;;46.5744;15.011;34;2537
2903;Hom (nad Prevaljami);Slovenija;Karavanke;1193;vrh;2570;9;2;0;;46.5076;14.9401;35;2480
2905;Grohot;Hrvaška;Gorjanci, Medvednica in Medžimurje;499;Ogledov: 933;933;2;2;1;;;;26;2827
2906;Sveta Barbara v Zagradu;Slovenija;Karavanke;435;vrh,cerkev;831;2;3;0;;46.5442;14.9307;25;2864
2907;Jurjev hrib;Slovenija;Goriško, Notranjsko in Snežniško hribovje;109;vrh;2980;4;1;0;;45.5888;13.7283;37;2425
2908;Slap potoka Struga;Slovenija;Goriško, Notranjsko in Snežniško hribovje;105;slap;3341;3;1;0;;45.5528;13.8172;38;2392
2909;Goli hrib;Slovenija;Goriško, Notranjsko in Snežniško hribovje;217;vrh;3190;2;2;0;;45.552;13.8228;37;2403
2910;Lovsko zavetišče Kolombar;Slovenija;Goriško, Notranjsko in Snežniško hribovje;218;koča;2230;3;2;0;;45.5543;13.8256;33;2552
2911;Kömosó hegy;Madžarska;Osrednja Madžarska;325;Ogledov: 224;224;2;2;0;;;;13;3348
2912;Marezige;Slovenija;Goriško, Notranjsko in Snežniško hribovje;284;vrh,koča,cerkev;9370;10;2;0;1;45.5074;13.7987;45;2101
2913;Vanganelsko jezero;Slovenija;Goriško, Notranjsko in Snežniško hribovje;55;jezero;4380;7;1;0;;45.5101;13.7785;40;2285
2914;Cseszneki Var;Madžarska;Osrednja Madžarska;335;Vremenska napoved:;371;2;1;0;;47.351;17.8812;17;3176
2915;Črni vrh (Iskra);Slovenija;Goriško, Notranjsko in Snežniško hribovje;119;vrh;3042;1;1;0;;45.5791;13.7466;37;2420
2916;Marija Snežna na Gradišcah;Slovenija;Goriško, Notranjsko in Snežniško hribovje;467;vrh,cerkev;4732;5;2;0;1;45.5396;13.9074;41;2263
2917;Davški slapovi;Slovenija;Škofjeloško, Cerkljansko hribovje in Jelovica;1000;slap;15420;3;1;0;;;;47;2039
2918;Jesenik (Jesenikov vrh);Slovenija;Karavanke;1199;vrh;2030;6;4;0;;46.5051;14.8316;33;2582
2919;Štalekarjev vrh;Slovenija;Karavanke;792;vrh;2270;4;1;0;;46.5116;14.8456;34;2544
2920;Pikov vrh;Slovenija;Karavanke;1149;vrh;5690;8;5;0;;46.4961;14.8419;42;2208
2921;Veliki vrh (nad Mežiško dolino);Slovenija;Karavanke;1165;vrh;3440;5;5;0;;46.4947;14.8524;38;2379
2922;Šumahov vrh;Slovenija;Karavanke;1155;vrh;3900;3;4;0;;46.4935;14.8613;39;2327
2923;Stražišće;Hrvaška;Biokovo in Dalmacija;701;vrh;1090;4;2;2;;42.597;18.2515;28;2774
2925;San Pietro;Francija;Korzika;1500;vrh;3643;19;0;0;;41.7588;8.9929;39;2348
2926;Grad Gutenberk (Hudi grad);Slovenija;Kamniško Savinjske Alpe;663;vrh;3921;9;2;0;3;46.362;14.2886;39;2322
2927;Veliki Kopinj / Kapinberg / Monte Capin di Ponente;Avstrija, Italija;Karnijske Alpe;1735;vrh;1820;2;2;0;;46.5397;13.5691;32;2614
2928;Gorjanski vrh / Göriacher Berg / Monte Goriane;Avstrija, Italija;Karnijske Alpe;1689;vrh;1610;4;2;0;;46.546;13.5929;31;2657
2929;Gorjanska planina / Göriacher Alm / Malga Goriane;Avstrija, Italija;Karnijske Alpe;1644;planina;1320;10;2;0;;46.5457;13.5971;29;2716
2930;Okrepčevalnica Slap Voje;Slovenija;Julijske Alpe;745;koča;8690;3;1;0;;46.3293;13.8782;45;2111
2931;Slap Mostnice;Slovenija;Julijske Alpe;773;slap;20540;4;1;0;;46.3305;13.8755;47;2017
2932;Planina Blatce;Slovenija;Julijske Alpe;888;planina;3225;5;2;1;;46.2974;13.8991;37;2401
2933;Kanjon Čikole;Hrvaška;Biokovo in Dalmacija;80;Vremenska napoved:;3370;1;1;0;;43.8398;16.0574;38;2388
2934;Sv. Mihael (Rute (Zavrh)) / St. Michael (Bärental);Avstrija;Karavanke;982;cerkev;625;4;1;0;;46.4739;14.155;23;2967
2935;Lago di Fanes;Italija;Dolomiti;1832;jezero;1530;6;1;0;;46.59644;12.05359;30;2673
2936;Lago di Limo;Italija;Dolomiti;2159;jezero,sedlo;2280;14;3;0;;46.60673;12.01932;34;2542
2937;Col Bechei;Italija;Dolomiti;2794;vrh;1120;19;3;0;;46.60774;12.04446;28;2763
2938;Cima Nove / Neunerspitze;Italija;Dolomiti;2968;vrh;1610;14;1;0;;46.63022;11.98085;31;2658
2939;Udornica Risnik;Slovenija;Goriško, Notranjsko in Snežniško hribovje;366;Vremenska napoved:;4356;5;1;0;;45.6773;13.9665;40;2289
2940;Pomjan;Slovenija;Goriško, Notranjsko in Snežniško hribovje;360;vrh,cerkev;12740;8;2;2;1;45.499;13.7553;46;2062
2941;Strunjanski križ;Slovenija;Goriško, Notranjsko in Snežniško hribovje;53;vrh;27210;6;3;0;9;45.5373;13.6063;48;1995
2942;Piz Sant Antone;Italija;Dolomiti;2655;vrh;1070;15;1;0;;46.6304;12.00445;27;2782
2943;Salzkofel;Avstrija;Visoke Ture;2498;vrh;1110;7;1;0;;46.8462;13.26124;28;2765
2944;Lopar;Slovenija;Goriško, Notranjsko in Snežniško hribovje;303;vrh,cerkev;2250;7;1;0;;45.5079;13.8242;33;2550
2945;Debeli rtič;Slovenija;Goriško, Notranjsko in Snežniško hribovje;28;Vremenska napoved:;10340;3;1;1;;45.5907;13.704;46;2085
2946;Gura;Slovenija;Goriško, Notranjsko in Snežniško hribovje;510;vrh,cerkev;3131;5;1;0;1;45.6983;13.9183;37;2409
2947;Škrbina (Slaparjeva gora);Slovenija;Kamniško Savinjske Alpe;1142;vrh;5540;1;1;0;;46.3125;14.491;42;2213
2948;Planina v Prodih;Slovenija;Julijske Alpe;1070;planina;3590;4;1;0;;46.2284;13.8315;39;2356
2949;Rifugio Fonda Savio;Italija;Dolomiti;2367;koča,sedlo;1780;13;1;0;;46.58518;12.28737;31;2627
2951;Rifugio Lago Boe;Italija;Dolomiti;2185;koča;886;9;1;0;;46.52651;11.86248;26;2844
2952;Lago Boe;Italija;Dolomiti;2252;jezero;2270;5;1;0;;46.52502;11.85771;34;2545
2953;Ütia Franz Kostner;Italija;Dolomiti;2500;koča;1550;16;2;0;;46.51862;11.84852;30;2671
2954;Cima Cadin Nord Est;Italija;Dolomiti;2788;vrh;2860;8;1;0;;46.57988;12.29033;36;2443
2955;Izvir reke Meže;Slovenija;Karavanke;1230;Vremenska napoved:;3991;3;1;0;;46.4598;14.7022;40;2316
2956;Boeseekofel / Piz da Lech;Italija;Dolomiti;2911;vrh;2470;14;2;0;;46.52793;11.84114;35;2499
2958;Orlek;Slovenija;Posavsko hribovje in Dolenjska;802;vrh;5;0;0;0;;;;1;3810
2959;Kozice;Slovenija;Posavsko hribovje in Dolenjska;730;vrh;3;0;0;0;;;;0;3818
2962;Lendavski grad (Dolnjelendavski grad);Slovenija;Prekmurje;205;vrh;2540;3;1;0;;46.5668;16.4529;35;2487
2963;Sveta Trojica v Lendavskih goricah;Slovenija;Prekmurje;266;vrh,cerkev;2220;4;2;0;;46.5599;16.4617;33;2553
2964;Razgledni stolp Vinarium Lendava;Slovenija;Prekmurje;302;vrh,koča;6650;12;4;0;;46.5675;16.4682;43;2172
2965;Piramida (Lendavske gorice);Slovenija;Prekmurje;327;vrh;6780;8;4;0;;46.5658;16.4769;43;2167
2966;Dobra Kolata / Kollata e Mirë;Albanija, Črna gora;Prokletije;2528;vrh;2641;2;1;0;;42.4889;19.8998;35;2471
2968;Zla Kolata / Kollata e keqe;Črna gora;Prokletije;2534;vrh,planina;4823;4;1;0;;42.4849;19.896;41;2253
2969;Razgledišče nad Valbono;Albanija, Črna gora;Prokletije;1550;Ogledov: 1.810;1810;2;2;0;;42.4608;19.8788;32;2619
2970;Grad Negova;Slovenija;Strojna, Košenjak, Kozjak in Slovenske gorice;289;vrh,cerkev;1430;5;3;0;;46.6108;15.9365;30;2694
2971;Kamnica (Komnica) / Ferlacher Spitze;Avstrija;Karavanke;1742;vrh;3310;5;3;0;;46.5214;13.9643;37;2397
2972;Koča Berta / Bertahütte;Avstrija;Karavanke;1527;koča;2840;4;4;0;;46.5182;13.9604;36;2445
2973;Koča nad Arihovo pečjo / Rossalmhütte;Avstrija;Karavanke;1080;koča,planina;1820;7;1;0;;46.5306;13.9805;32;2615
2974;Arihova peč / Arichwand;Avstrija;Karavanke;1090;vrh;2470;3;1;0;;46.5337;13.9832;35;2500
2975;Gregorčičev slap;Slovenija;Julijske Alpe;390;slap;14510;2;1;0;;;;47;2047
2976;Monte Lastroni;Italija;Karnijske Alpe;2449;vrh;4940;4;1;0;;46.6022;12.7083;41;2246
2978;Sveti Lenart / St. Leonhard;Avstrija;Karavanke;1334;cerkev;1440;7;1;0;;46.446;14.64;30;2693
2979;Obel kamen (Olševa);Avstrija, Slovenija;Karavanke;1911;vrh;22740;6;6;0;1;46.4508;14.6747;48;2005
2980;Bobotov kuk;Črna gora;Durmitor;2523;vrh;18730;7;2;0;1;43.1285;19.0345;47;2020
2981;Prutaš;Črna gora;Durmitor;2393;vrh;5440;8;1;0;;43.1264;19.0018;42;2224
2982;Rifugio Scotter Palatini;Italija;Dolomiti;1580;koča;660;7;1;0;;46.47212;12.23569;23;2940
2983;Monte Antelao;Italija;Dolomiti;3264;vrh;14955;16;1;0;;46.45188;12.26177;47;2040
2984;Planina Zagreben;Slovenija;Julijske Alpe;1240;planina;2890;10;1;0;;46.29848;13.65017;36;2438
2985;Glungezer Hütte;Avstrija;Tuxer Alpe;2610;koča;1690;6;1;0;;47.20972;11.52705;31;2641
2986;Vogel (nad Lepeno);Slovenija;Julijske Alpe;1980;vrh;7750;7;2;0;;46.28518;13.66587;44;2135
2987;Planica (vzletišče Gozd);Slovenija;Kamniško Savinjske Alpe;926;vrh;5240;3;7;0;;46.3396;14.3314;42;2229
2988;Veliki Lemež;Slovenija;Julijske Alpe;2042;vrh;16820;13;2;0;;46.2882;13.6721;47;2030
2989;Vordere Geislspitze / Vorderer Gesselkopf;Avstrija;Visoke Ture;2974;vrh;2010;19;5;0;;47.0135;13.07301;32;2588
2990;Kredarica;Slovenija;Julijske Alpe;2541;vrh;63980;8;7;4;1;46.3801;13.8524;50;1913
2991;Pizes dl Valun;Italija;Dolomiti;2906;vrh;1100;15;4;0;;46.5174;11.83742;28;2769
2992;Planja (nad Mangartsko planino);Slovenija;Julijske Alpe;1553;vrh;3760;4;1;0;;46.4263;13.6154;39;2340
2993;Moiazza Sud;Italija;Dolomiti;2878;vrh;1010;2;1;0;;46.3383;12.0581;27;2799
2994;Zajmenove peči;Slovenija;Karavanke;1745;vrh;7290;4;2;1;;46.4239;14.2896;44;2147
2995;Monte Pore;Italija;Dolomiti;2405;vrh;878;14;1;0;;46.4774;12.01281;26;2847
2996;Ožarjeni kamen;Slovenija;Julijske Alpe;960;Vremenska napoved:;6630;7;1;0;1;46.28955;13.83164;43;2175
2997;Sveti Duh (Labinje);Slovenija;Škofjeloško, Cerkljansko hribovje in Jelovica;665;cerkev;1090;4;2;0;;46.1435;14.0031;28;2775
2998;Srednji vrh (na Matajurju);Slovenija;Julijske Alpe;1320;vrh;1600;3;1;0;1;46.2088;13.5655;30;2663
2999;Visoka glava (na Matajurju);Italija, Slovenija;Julijske Alpe;1540;vrh;2462;3;1;0;;46.218;13.5255;35;2503
3000;Piz Lech Dlace;Italija;Dolomiti;3009;vrh;2670;8;4;0;;46.51418;11.83259;36;2466
3001;Sv. Peter in Pavel (Perati);Slovenija;Julijske Alpe;812;cerkev;1250;3;1;0;;46.2028;13.5942;29;2732
3002;Creta di Collina / Kollinkofel;Avstrija, Italija;Karnijske Alpe;2691;vrh;3724;14;2;0;;46.60826;12.90808;39;2343
3003;Cresta Verde / Grüne Schneid;Avstrija, Italija;Karnijske Alpe;2086;sedlo;1910;9;1;0;;46.60896;12.92178;32;2602
3004;Cresta Strenta;Italija;Dolomiti;3124;vrh;3320;3;4;0;;46.51201;11.82808;38;2394
3006;Ilijin vrh;Hrvaška;Biokovo in Dalmacija;1234;vrh;1450;4;1;1;;42.5737;18.3518;30;2695
3009;Srđ;Hrvaška;Biokovo in Dalmacija;415;vrh;2550;8;2;2;;42.65061;18.10945;35;2483
3010;Sveti Primož nad Muto;Slovenija;Strojna, Košenjak, Kozjak in Slovenske gorice;806;sedlo,cerkev;3490;6;5;0;;46.6306;15.1584;38;2370
3011;Bricnik;Slovenija;Strojna, Košenjak, Kozjak in Slovenske gorice;1017;vrh;5850;7;8;3;;46.6358;15.1669;43;2201
3012;Sv. Lovrenc na Ivniku / St. Lorenzen ob Eibiswald;Avstrija;Labotniške Alpe;947;cerkev;625;3;3;0;;46.6618;15.1669;23;2968
3013;Rifugio San Marco;Italija;Dolomiti;1823;koča;881;12;1;0;;46.4767;12.22816;26;2846
3014;Zavetišče Onuk - Glavar;Slovenija;Strojna, Košenjak, Kozjak in Slovenske gorice;790;koča;857;5;3;0;;46.6315;15.1681;26;2854
3015;Sveti Jernej nad Muto;Slovenija;Strojna, Košenjak, Kozjak in Slovenske gorice;1038;vrh,planina,cerkev;4992;5;6;2;;46.6532;15.1421;41;2242
3016;Westerfrölkekogel;Avstrija;Visoke Ture;2727;vrh;681;6;3;0;;47.02277;13.07912;23;2933
3017;Sedelnikov slap;Slovenija;Strojna, Košenjak, Kozjak in Slovenske gorice;500;slap;4641;4;1;0;;46.6439;15.1334;41;2266
3019;Punta dei Ross;Italija;Dolomiti;2460;vrh;539;7;1;0;;46.49008;12.21977;21;3029
3020;Sv. Simon in Juda Tadej (Pernice);Slovenija;Strojna, Košenjak, Kozjak in Slovenske gorice;1059;cerkev;3510;13;3;0;;46.6399;15.105;38;2366
3021;Bivak Piramida;Slovenija;Strojna, Košenjak, Kozjak in Slovenske gorice;1395;Vremenska napoved:;5680;7;7;0;1;46.6459;15.0361;42;2209
3022;Kozji vrh (pri Košenjaku);Slovenija;Strojna, Košenjak, Kozjak in Slovenske gorice;1383;vrh;4570;2;4;0;;46.6439;15.0849;41;2274
3023;Kosmatica / Kosmatitza;Avstrija;Karavanke;1659;vrh;7286;5;3;0;;46.4596;14.1981;44;2145
3024;Jezerska planina / Alpe del Lago;Italija;Julijske Alpe;1006;planina;2750;6;1;0;;46.4671;13.6614;36;2456
3025;Črni vrh / Colrotondo;Italija;Julijske Alpe;1486;vrh;3559;7;2;0;;46.475;13.6534;38;2360
3027;Malenski vrh;Slovenija;Škofjeloško, Cerkljansko hribovje in Jelovica;1051;vrh;8450;5;4;0;;46.15663;14.15278;45;2118
3028;Gorišca;Slovenija;Posavsko hribovje in Dolenjska;698;vrh;1820;2;1;0;1;46.1173;14.7652;32;2616
3029;Sveti Florjan (Zgornja Gora);Slovenija;Posavsko hribovje in Dolenjska;698;cerkev;2700;6;3;0;3;46.1291;14.7958;36;2463
3030;Tolsta gora;Slovenija;Posavsko hribovje in Dolenjska;734;vrh;10370;4;2;1;;46.2201;14.6387;46;2084
3031;Vrtače;Slovenija;Posavsko hribovje in Dolenjska;758;vrh;2942;2;2;0;;46.2155;14.6497;37;2428
3032;Hinterer Geißlkopf;Avstrija;Visoke Ture;2888;vrh;632;6;5;0;;47.01676;13.06281;23;2960
3033;Feldseekopf;Avstrija;Visoke Ture;2864;vrh;1280;11;2;0;;47.0007;13.07;29;2725
3034;Dr. Rudolf Weißgerber Biwak (bivouac);Avstrija;Visoke Ture;2712;bivak;424;4;2;0;;47.00672;13.07024;18;3127
3036;Fischeralm;Avstrija;Ziljske Alpe;1084;planina;350;7;1;0;;46.67381;13.41554;16;3199
3037;Grintovec - Dolgi Hrbet - Skuta;Slovenija;Kamniško Savinjske Alpe;2558;vrh,bivak;3;0;0;0;;;;0;3819
3039;Grünsee;Avstrija;Karnijske Alpe;1250;jezero;1090;6;1;0;;46.61492;12.96083;28;2776
3040;Bodenalm;Avstrija;Ziljske Alpe;1231;koča,planina;377;4;1;0;;46.6821;13.37902;17;3172
3041;Radnigeralm;Avstrija;Ziljske Alpe;1558;planina,sedlo;296;3;1;0;;46.67166;13.38055;15;3258
3042;Gradišče (nad Dobrovo);Slovenija;Polhograjsko hribovje in Ljubljana;530;vrh;8560;2;2;0;2;46.0411;14.414;45;2117
3044;Župank;Slovenija;Strojna, Košenjak, Kozjak in Slovenske gorice;508;Vremenska napoved:;1420;5;1;0;;46.6175;15.2377;30;2700
3045;ančniko gradišče;Slovenija;Pohorje, Dravinjske gorice in Haloze;750;vrh;7;32;0;0;;;;1;3806
3046;Kapunerhütte;Avstrija;Labotniške Alpe;1003;koča;2450;6;9;0;;46.6416;15.2414;35;2507
3047;Sveti Urban (Radelca);Slovenija;Strojna, Košenjak, Kozjak in Slovenske gorice;920;cerkev;2060;6;6;0;;46.6414;15.2763;33;2580
3048;Sveti Pankracij (Radelca);Avstrija, Slovenija;Strojna, Košenjak, Kozjak in Slovenske gorice;900;vrh,cerkev;3470;9;9;0;;46.6529;15.2995;38;2376
3050;Žamboh;Slovenija;Posavsko hribovje in Dolenjska;738;vrh,cerkev;2713;4;1;0;;46.0827;14.9409;36;2462
3051;Tolsti vrh (pri Poljški planini);Slovenija;Karavanke;1225;vrh;5152;3;2;0;;46.40627;14.2056;42;2236
3053;Untere Spielbodenalm;Avstrija;Karnijske Alpe;1621;planina;383;2;1;0;;46.6161;12.97607;17;3161
3054;Goropeški grič (Pikrej);Slovenija;Goriško, Notranjsko in Snežniško hribovje;672;vrh;1340;2;1;0;;46.0413;14.1202;29;2710
3055;Sveti Janez Krstnik (Goropeke);Slovenija;Goriško, Notranjsko in Snežniško hribovje;682;cerkev;1870;4;1;0;;46.0371;14.1212;32;2607
3056;Gora sv. Eme (Junska gora) / Hemmaberg;Avstrija;Karavanke;842;vrh,cerkev;2390;8;2;0;;46.5533;14.6672;34;2516
3057;Spitzegel / Negal;Avstrija;Ziljske Alpe;2119;vrh;2330;11;2;0;;46.65505;13.41072;34;2529
3058;Obere Spielbodenalm;Avstrija;Karnijske Alpe;1832;planina;520;7;1;0;;46.61712;12.98422;21;3038
3059;Zgornja Belška planina / Obervellacheralm;Avstrija;Ziljske Alpe;1712;planina;379;1;1;0;;;;17;3167
3060;Vinski vrh (Vimperk);Slovenija;Kamniško Savinjske Alpe;448;vrh,cerkev;7750;8;3;0;37;46.292;15.0653;44;2136
3061;Polinik;Avstrija;Karnijske Alpe;2332;vrh;5410;8;1;0;;46.62754;12.98223;42;2225
3062;Črni vrh (nad Soriško planino);Slovenija;Škofjeloško, Cerkljansko hribovje in Jelovica;1486;vrh;17740;3;2;0;;46.2473;14.012;47;2027
3063;Creta della Chianevate / Kellerspitzen;Avstrija, Italija;Karnijske Alpe;2769;vrh;4756;14;2;0;;46.60921;12.90026;41;2261
3064;Pico;Portugalska;Azori;2351;vrh;3080;3;1;0;;38.46866;28.39926;37;2415
3065;Sv. Primož in Felicijan (Razbor pri Čemšeniku);Slovenija;Posavsko hribovje in Dolenjska;841;cerkev;3110;4;3;0;1;46.185;14.959;37;2414
3066;Gradišče (nad Slovenj Gradcem);Slovenija;Pohorje, Dravinjske gorice in Haloze;516;vrh;3610;2;1;0;;46.5159;15.092;39;2353
3067;Sveti Rok (Sele);Slovenija;Karavanke;582;cerkev;1480;3;1;0;;46.50029;15.02748;30;2686
3068;Sveti Pankracij (Grajski grič);Slovenija;Karavanke;530;vrh,cerkev;1700;8;3;0;1;46.508;15.0669;31;2640
3069;Sveti Miklavž (Sele);Slovenija;Karavanke;435;cerkev;629;2;1;0;;46.5084;15.0359;23;2963
3070;Sevčnik;Slovenija;Kamniško Savinjske Alpe;562;vrh;2950;3;1;0;;46.3158;15.1102;37;2427
3071;Pokeržnikov vrh;Slovenija;Strojna, Košenjak, Kozjak in Slovenske gorice;1055;vrh;3855;6;3;0;;46.59715;14.9117;39;2330
3072;Sveti Urban (nad Gorenjo Dobravo);Slovenija;Polhograjsko hribovje in Ljubljana;570;vrh,cerkev;2200;4;2;0;;46.08923;14.16223;33;2555
3073;Gomila;Slovenija;Strojna, Košenjak, Kozjak in Slovenske gorice;352;vrh,koča;4500;8;9;2;;46.5082;16.0081;40;2280
3074;Turistična kmetija Amur;Slovenija;Strojna, Košenjak, Kozjak in Slovenske gorice;260;koča,jezero;1690;8;2;0;;46.4953;15.9983;31;2642
3075;Sveti Urh (Strojna);Slovenija;Strojna, Košenjak, Kozjak in Slovenske gorice;998;cerkev;2940;5;2;0;;46.5957;14.914;37;2430
3076;Šteknetov vrh;Slovenija;Strojna, Košenjak, Kozjak in Slovenske gorice;1061;vrh;2330;2;1;0;;46.5849;14.9637;34;2530
3077;Jamna peč;Slovenija;Kamniško Savinjske Alpe;720;Vremenska napoved:;4225;2;3;0;3;46.2963;14.4545;40;2299
3078;Sveti Danijel (nad Trbonjami);Slovenija;Pohorje, Dravinjske gorice in Haloze;845;vrh,cerkev;1650;4;1;0;;46.59011;15.07287;31;2650
3079;Sveti Trije Kralji (nad Radljami ob Dravi);Slovenija;Strojna, Košenjak, Kozjak in Slovenske gorice;820;vrh,cerkev;3904;11;3;0;;46.6368;15.1984;39;2326
3080;Lovska koča Radlje ob Dravi;Slovenija;Strojna, Košenjak, Kozjak in Slovenske gorice;622;Vremenska napoved:;5470;4;1;0;;46.6338;15.2045;42;2221
3081;Janški vrh;Slovenija;Pohorje, Dravinjske gorice in Haloze;417;vrh,cerkev;3530;8;3;0;;46.3358;15.7935;38;2364
3082;Janževski vrh;Slovenija;Pohorje, Dravinjske gorice in Haloze;915;vrh,koča,cerkev;4200;12;2;0;;46.5688;15.3042;40;2301
3083;Cerkev Device Marije na Kamnu;Slovenija;Pohorje, Dravinjske gorice in Haloze;381;vrh,cerkev;1130;7;0;0;;46.6078;15.172;28;2758
3084;Grosupeljska pot(krajša verzija;Slovenija;Posavsko hribovje in Dolenjska;749;vrh,koča,planina,cerkev;10;0;0;0;;;;1;3797
3085;Ribnica na Pohorju;Slovenija;Pohorje, Dravinjske gorice in Haloze;715;koča,cerkev;3970;13;1;0;;46.5354;15.2674;39;2319
3086;Izvir Nadiže;Slovenija;Julijske Alpe;1232;slap;22250;2;1;1;;46.4484;13.707;48;2009
3088;Plezališče in ferata Renke;Slovenija;Posavsko hribovje in Dolenjska;700;Ogledov: 24.320;24320;6;1;0;;;;48;2001
3089;Prgozdnik;Slovenija;Kamniško Savinjske Alpe;1013;vrh;2780;3;2;0;;46.2695;14.5326;36;2452
3090;Vrh soteske (Križna gora);Slovenija;Škofjeloško, Cerkljansko hribovje in Jelovica;735;vrh;4180;2;2;0;;46.1857;14.2714;40;2302
3091;Sveti Brikcij (Četena Ravan);Slovenija;Škofjeloško, Cerkljansko hribovje in Jelovica;920;cerkev;2460;3;1;0;;46.1678;14.1855;35;2505
3092;Grmada (Bohor);Slovenija;Posavsko hribovje in Dolenjska;890;vrh;3910;3;1;0;;46.06356;15.43579;39;2325
3093;Stari grad nad Radljami ob Dravi (Mahrenberg);Slovenija;Strojna, Košenjak, Kozjak in Slovenske gorice;576;vrh;2730;7;1;0;;46.6183;15.2209;36;2461
3094;Planinski dom Gorščica;Hrvaška;Gorjanci, Medvednica in Medžimurje;696;Vremenska napoved:;1210;5;3;0;;45.9289;16.0292;28;2740
3095;Sv. Anton na MP Radelj / St. Anton am Radlpaß;Avstrija;Labotniške Alpe;720;vrh,cerkev;1750;5;2;0;;46.6525;15.1994;31;2631
3096;Lovski dom LD Gradišče;Slovenija;Pohorje, Dravinjske gorice in Haloze;880;koča;2400;4;1;0;;46.5388;15.1165;34;2514
3097;Skala (nad Dravogradom);Slovenija;Pohorje, Dravinjske gorice in Haloze;525;Vremenska napoved:;3681;4;1;0;;46.5867;15.0327;39;2346
3098;Golarjev vrh;Slovenija;Pohorje, Dravinjske gorice in Haloze;843;vrh;1530;2;1;0;;46.5753;15.0704;30;2674
3099;Anski vrh (nad Pamečami);Slovenija;Pohorje, Dravinjske gorice in Haloze;756;vrh,cerkev;3920;6;1;0;;46.55314;15.07503;39;2323
3100;Ajdovščina nad Ihanom;Slovenija;Posavsko hribovje in Dolenjska;495;vrh;6847;1;1;0;78;46.1017;14.6387;44;2163
3101;Malga Cuarnan;Italija;Julijske Alpe;1070;koča;1070;1;1;0;;46.2842;13.1788;27;2783
3102;Izvir Lipnika;Slovenija;Julijske Alpe;660;Vremenska napoved:;1740;3;1;0;;46.3846;14.0266;31;2632
3103;Jezerce v dolini Radovne;Slovenija;Julijske Alpe;657;jezero;2470;2;1;0;;46.3905;14.0189;35;2501
3104;Jezero Kreda v dolini Radovne;Slovenija;Julijske Alpe;674;jezero;3120;6;1;0;;46.4166;13.9916;37;2411
3105;Jezero Završnica;Slovenija;Karavanke;630;jezero;24940;7;1;0;1;46.4069;14.1473;48;1998
3106;Monte San Simeone;Italija;Karnijske Alpe;1505;vrh,cerkev;2820;4;1;0;;46.3436;13.1066;36;2447
3107;Razpok;Slovenija;Škofjeloško, Cerkljansko hribovje in Jelovica;1002;planina;2650;8;5;0;;46.3117;14.1586;36;2469
3108;Ažmanov rovt;Slovenija;Škofjeloško, Cerkljansko hribovje in Jelovica;960;planina;1960;3;5;0;;46.3136;14.1354;32;2592
3110;Rucu Pichincha;Ekvador;Andi;4698;vrh;2330;7;1;0;;;;34;2531
3111;Rifugio Brunner;Italija;Julijske Alpe;1432;koča;2650;9;1;1;;46.42357;13.53081;36;2470
3112;Kriva jelka;Slovenija;Kamniško Savinjske Alpe;528;bivak;4920;5;2;0;1;46.30961;14.31246;41;2247
3113;Turistična kmetija Trnovc;Slovenija;Kamniško Savinjske Alpe;412;koča;1880;2;1;0;;46.3035;14.2864;32;2605
3114;Predigerstuhl;Avstrija;Krške Alpe;2170;vrh,koča,planina;557;6;1;0;;46.8778;13.7408;21;3016
3115;Strunjanske soline;Slovenija;Goriško, Notranjsko in Snežniško hribovje;2;Vremenska napoved:;8760;4;2;0;1;45.52779;13.60454;45;2110
3117;Viševnik;Slovenija;Julijske Alpe;2050;Ogledov: 8;8;17;0;6;;;;1;3801
3118;Monte Aiarnola;Italija;Dolomiti;2456;vrh;669;4;1;0;;46.5803;12.4467;23;2938
3119;Schwarzsee (pri Turracher Höhe);Avstrija;Krške Alpe;1841;jezero,planina;649;5;1;0;;46.9214;13.8836;23;2947
3120;Gesgeralm;Avstrija;Krške Alpe;1813;planina;324;4;1;0;;46.9179;13.9024;16;3231
3121;Rifugio Grauzaria;Italija;Karnijske Alpe;1250;koča;1420;8;1;2;1;46.47679;13.15993;29;2701
3122;Monte Volaia / Wolayer Kopf;Avstrija, Italija;Karnijske Alpe;2470;vrh;2450;13;2;0;;46.61429;12.83457;35;2508
3123;Gillendorferalm;Avstrija;Krške Alpe;1750;planina;355;6;1;0;;46.9244;13.9188;17;3196
3124;Cima Ombladet;Italija;Karnijske Alpe;2255;vrh;1790;12;1;0;;46.60311;12.81904;31;2626
3125;Eisenhut;Avstrija;Krške Alpe;2441;vrh;3850;8;4;0;2;46.952;13.9281;39;2329
3126;Straßburger Spitz;Avstrija;Krške Alpe;2404;vrh;996;6;2;0;;46.9406;13.9467;27;2804
3127;Wintertalernock;Avstrija;Krške Alpe;2394;vrh;729;6;2;0;;46.9423;13.9519;24;2916
3128;Geißeckhütte;Avstrija;Krške Alpe;1664;Vremenska napoved:;253;3;1;0;;46.937;13.9114;13;3315
3129;Črni vrh (pri Lokvah);Slovenija;Goriško, Notranjsko in Snežniško hribovje;1072;vrh;13466;2;1;0;;46.0159;13.7815;46;2053
3130;Sveti Jakob v Koprivni;Slovenija;Karavanke;1062;vrh,cerkev;1210;10;1;0;;46.4544;14.747;28;2741
3131;Babin Kuk;Hrvaška;Velebit;1435;vrh;26;2;0;0;;;;1;3779
3132;Izletniška kmetija Bukovc (Bukovnik);Slovenija;Kamniško Savinjske Alpe;1327;koča,planina;9447;3;2;0;1;46.43178;14.73474;45;2099
3133;Ütia de Gran Fanes;Italija;Dolomiti;2102;koča,jezero,planina;1950;7;3;0;;46.59722;12.02252;32;2594
3134;Vallon Bianco;Italija;Dolomiti;2688;vrh;973;9;3;0;;46.58763;12.05492;27;2808
3135;Bivacco Baccon Barborka;Italija;Dolomiti;2620;vrh,bivak;1320;7;3;0;;46.58185;12.0443;29;2717
3136;Furcia Rossa III;Italija;Dolomiti;2791;vrh;709;13;3;0;;46.57764;12.03541;24;2923
3137;Stara koča na Kaninu;Slovenija;Julijske Alpe;1814;Vremenska napoved:;4707;6;1;0;;46.3436;13.47597;41;2264
3138;Bivacco della Pace;Italija;Dolomiti;2760;bivak;2750;11;2;0;;46.56837;12.02881;36;2457
3139;Vrh Osojnic;Slovenija;Julijske Alpe;2371;vrh;6872;2;3;0;;46.3584;13.4651;44;2159
3140;Borovski vrh (Žehtar) / Sechter;Avstrija;Karavanke;1449;vrh;941;3;2;0;;46.4996;14.3156;26;2818
3141;Creta Grauzaria;Italija;Karnijske Alpe;2065;vrh;3700;10;1;1;;46.46758;13.16276;39;2344
3142;Osojščica / Gerlitzen;Avstrija;Krške Alpe;1909;vrh,koča,planina;6100;8;2;0;1;46.695;13.9141;43;2190
3143;Huaba Hittn;Avstrija;Krške Alpe;1605;koča,jezero;315;3;1;0;1;46.7067;13.9105;15;3239
3144;Neugarten Almseehütte;Avstrija;Krške Alpe;1620;koča,jezero,planina;422;7;1;0;2;46.7057;13.9052;18;3133
3145;Stifterboden;Avstrija;Krške Alpe;1665;planina,sedlo;312;3;1;0;;46.6984;13.8954;15;3242
3146;Ojstrica;Slovenija;Kamniško Savinjske Alpe;2350;Ogledov: 4;4;0;0;4;;;;0;3816
3147;Jalovec;Slovenija;Julijske Alpe;2645;Ogledov: 5;5;0;0;7;;;;1;3811
3148;Col Nudo;Italija;Karnijske Alpe;2471;vrh;2070;6;1;1;;46.22744;12.40334;33;2577
3149;Suharna;Slovenija;Škofjeloško, Cerkljansko hribovje in Jelovica;952;Ogledov: 4.290;4290;1;1;0;;;;40;2294
3150;V Boštkú;Slovenija;Kamniško Savinjske Alpe;466;Vremenska napoved:;1080;3;2;0;;46.2897;14.2699;27;2781
3151;Planinsko zavetišče Slatna;Slovenija;Julijske Alpe;1023;koča;3490;3;1;0;1;46.48802;13.71391;38;2371
3152;Zapečnikova planina;Slovenija;Kamniško Savinjske Alpe;840;planina;2620;3;2;0;;46.29601;14.48403;35;2473
3153;Gartlsee;Avstrija;Visoke Ture;2571;jezero,sedlo;481;9;2;0;;46.93459;12.71098;20;3065
3154;Ljubična gora;Slovenija;Karavanke;533;vrh,cerkev;4790;8;5;0;23;46.2899;15.5412;41;2256
3155;Brinjeva gora (nad Zrečami);Slovenija;Pohorje, Dravinjske gorice in Haloze;616;vrh,cerkev;17660;6;5;0;20;46.3764;15.4076;47;2028
3157;Sernio;Italija;Karnijske Alpe;2187;vrh;5600;17;2;0;1;46.47497;13.13768;42;2211
3158;Kom;Hrvaška;Jadranski otoki;508;vrh;3970;2;1;0;;42.93703;16.85918;39;2320
3159;Pleče;Slovenija;Kamniško Savinjske Alpe;1131;vrh;4011;2;6;0;;46.393;14.1952;40;2313
3160;Veliki Rob / Großer Rain;Avstrija;Karavanke;1464;vrh;934;2;4;0;;46.4717;14.2031;26;2824
3161;Veronjak / Hausberg;Avstrija;Karavanke;1348;vrh;676;4;2;0;;46.4796;14.21194;23;2934
3162;Monte Gusella;Italija;Dolomiti;2595;vrh;1490;21;1;0;;46.49069;12.05075;30;2685
3163;Hajdučka vrata;Bosna in Hercegovina;Hercegovina;2000;Vremenska napoved:;2070;1;0;0;;43.63071;17.65498;33;2578
3164;Mali Kamnitnik;Slovenija;Škofjeloško, Cerkljansko hribovje in Jelovica;416;vrh;579;2;2;0;;;;22;2999
3165;Srednji Kamnitnik;Slovenija;Škofjeloško, Cerkljansko hribovje in Jelovica;421;vrh;417;0;1;0;;;;18;3135
3166;Medvedja luknja;Slovenija;Škofjeloško, Cerkljansko hribovje in Jelovica;390;Ogledov: 1.090;1090;0;1;0;;;;28;2777
3172;Javorov vrh;Slovenija;Kamniško Savinjske Alpe;1434;Ogledov: 7;7;0;0;1;;;;1;3807
3173;Sveti Andrej (nad Zmincem);Slovenija;Polhograjsko hribovje in Ljubljana;617;vrh,koča,cerkev;6901;5;2;0;;46.1357;14.3015;44;2158
3174;Robič;Slovenija;Karavanke;1384;vrh;3630;3;5;0;;46.4083;14.3299;39;2349
3176;Sticklerhütte;Avstrija;Visoke Ture;1750;koča;653;2;1;0;;47.1484;13.3781;23;2944
3177;Izvir Mure / Murusprung;Avstrija;Visoke Ture;1898;vrh;9500;5;1;0;;47.1299;13.3469;45;2098
3178;Rakova Špica;Slovenija;Julijske Alpe;2545;vrh;14514;5;0;0;;46.43008;13.81379;47;2046
3181;Stubenberghaus;Avstrija;Hribovje vzhodno od Mure;1430;koča;710;2;1;1;;47.1977;15.4663;24;2922
3182;Schöckl;Avstrija;Hribovje vzhodno od Mure;1445;vrh;4140;7;2;2;;47.1983;15.45987;40;2304
3183;Pot med krošnjami Pohorje;Slovenija;Pohorje, Dravinjske gorice in Haloze;1460;Vremenska napoved:;18550;4;1;0;1;46.45216;15.32753;47;2021
3188;Sveta Barbara (nad Hrastnico);Slovenija;Polhograjsko hribovje in Ljubljana;629;cerkev;3330;4;1;0;;46.1255;14.3163;38;2393
3190;Dobogó Kő;Madžarska;Osrednja Madžarska;699;vrh,planina;542;4;2;0;;;;21;3026
3191;Grünsee (pri Turracher Höhe);Avstrija;Krške Alpe;1765;jezero;793;3;1;1;;46.9077;13.8827;25;2880
3192;Sv. Martin (Gradec) / St. Martin (Graz);Avstrija;Labotniške Alpe;411;cerkev;365;2;1;1;;47.0357;15.3892;17;3185
3193;Gozdarska koča Mali Vokel;Slovenija;Julijske Alpe;1145;Vremenska napoved:;1180;4;3;0;;46.3525;14.0287;28;2747
3194;Buchkogel (Rudolfswarte);Avstrija;Labotniške Alpe;659;vrh;467;3;1;1;;47.0379;15.3748;20;3083
3195;Lovska koča Mali Vokel;Slovenija;Julijske Alpe;1193;Vremenska napoved:;872;2;4;0;;46.353;14.0259;26;2852
3196;Berjanca;Slovenija;Julijske Alpe;1264;vrh;3629;5;5;0;;46.3546;14.0203;39;2350
3197;Rečiška planina;Slovenija;Julijske Alpe;1265;planina;1660;5;4;0;;46.3498;14.0106;31;2649
3198;Grajska planina (Ribšca);Slovenija;Julijske Alpe;1210;jezero,planina;2610;9;4;0;;46.3428;13.9984;35;2474
3199;Mlina peč;Slovenija;Julijske Alpe;506;vrh;1020;4;1;0;;46.351;14.0657;27;2797
3200;Sv. Janez in Pavel / St. Johann und Paul;Avstrija;Labotniške Alpe;563;cerkev;180;1;1;1;;47.0507;15.3821;11;3402
3201;Fürstenstand (Plabutsch);Avstrija;Labotniške Alpe;754;vrh;476;4;1;1;;47.0904;15.3851;20;3073
3202;Sv. Tomaž nad Vojnikom;Slovenija;Karavanke;444;vrh,koča,cerkev;8981;3;2;0;5;46.2917;15.3269;45;2107
3203;Planina Zgornji Kozjek;Slovenija;Julijske Alpe;1230;planina;1160;6;1;0;;46.4296;14.0017;28;2752
3204;Rabenberg;Avstrija;Karavanke;1465;vrh;557;3;3;0;;46.4999;14.2144;21;3017
3205;Sveti Lenart (Kandrše);Slovenija;Posavsko hribovje in Dolenjska;508;vrh,cerkev;761;4;1;0;1;46.1376;14.8416;24;2896
3206;Sveti Mihael (Križate);Slovenija;Posavsko hribovje in Dolenjska;491;cerkev;543;3;1;0;1;46.1433;14.8401;21;3025
3207;Mühlbacher Hütte;Avstrija;Labotniške Alpe;996;koča;216;4;2;2;;47.175;15.2544;12;3357
3209;Mühlbacher Kogel;Avstrija;Labotniške Alpe;1050;vrh;315;5;2;2;;47.1772;15.2535;15;3240
3211;Lake Cootapatamba;Avstralija;Great Dividing Range;2047;jezero;441;3;2;0;;36.46581;148.26485;19;3107
3212;Mount Kosciuszko;Avstralija;Great Dividing Range;2228;vrh;6790;4;3;0;;36.45585;148.26351;43;2165
3213;Sydney - Bondi Beach;Avstralija;Obalna Avstralija;10;Ogledov: 567;567;5;1;0;;33.89151;151.27665;21;3008
3214;Sydney - Coogee Beach;Avstralija;Obalna Avstralija;10;Ogledov: 344;344;3;1;0;;33.92108;151.25768;16;3208
3215;Seaman's Hut;Avstralija;Great Dividing Range;2030;bivak;293;3;1;0;;36.45018;148.28278;15;3263
3216;Lubela;Slovenija;Karavanke;778;vrh;6015;3;2;2;;46.3968;15.1232;43;2192
3217;Eagles Nest;Avstralija;Great Dividing Range;1927;koča,sedlo;439;5;1;0;;36.49378;148.28764;19;3109
3218;Kapela sv. Rozalije na Samotnem boru;Slovenija;Strojna, Košenjak, Kozjak in Slovenske gorice;370;Vremenska napoved:;729;4;1;0;1;46.5778;15.6388;24;2913
3219;Črvov vrh;Slovenija;Škofjeloško, Cerkljansko hribovje in Jelovica;974;vrh;8293;10;8;1;1;46.1429;13.8649;45;2124
3220;Bukovski vrh;Slovenija;Škofjeloško, Cerkljansko hribovje in Jelovica;918;vrh;2550;5;4;0;;46.1471;13.8794;35;2484
3221;Virnikova planina;Slovenija;Karavanke;1160;planina;2740;5;1;0;;46.4144;14.4681;36;2459
3222;Robniške peči;Slovenija;Karavanke;1323;vrh;1630;1;2;0;;46.4122;14.46;31;2651
3223;Rifugio Monte Siera;Italija;Karnijske Alpe;1607;koča;998;5;1;0;;46.55597;12.71962;27;2802
3224;Vrh Slajke;Slovenija;Škofjeloško, Cerkljansko hribovje in Jelovica;790;vrh;2350;4;3;0;;46.1169;14.1015;34;2525
3225;Vrhovski grič;Slovenija;Škofjeloško, Cerkljansko hribovje in Jelovica;958;vrh;1200;7;4;0;;46.0956;14.0702;28;2742
3226;Lovski vrh;Slovenija;Posavsko hribovje in Dolenjska;830;vrh;3540;4;2;0;1;45.6181;14.9637;38;2362
3227;Rudniško jezero;Slovenija;Posavsko hribovje in Dolenjska;490;koča,jezero;7462;8;1;0;;45.6481;14.8706;44;2143
3228;Plaz;Slovenija;Goriško, Notranjsko in Snežniško hribovje;528;vrh;5823;4;1;0;4;45.84235;13.97218;43;2202
3229;Sveti Pavel (Straža);Slovenija;Škofjeloško, Cerkljansko hribovje in Jelovica;451;vrh,cerkev;1020;6;1;0;;46.1033;13.9545;27;2798
3230;Zaganjalka;Slovenija;Škofjeloško, Cerkljansko hribovje in Jelovica;661;Vremenska napoved:;1830;6;1;0;;46.1069;13.9861;32;2612
3231;Skrivski izvir;Slovenija;Goriško, Notranjsko in Snežniško hribovje;500;Ogledov: 1.420;1420;3;1;0;;;;29;2702
3232;Krog (Ledinski grič);Slovenija;Škofjeloško, Cerkljansko hribovje in Jelovica;940;vrh;1690;9;6;0;;46.0594;14.0629;31;2643
3233;Sveta Ana (Ledinica);Slovenija;Škofjeloško, Cerkljansko hribovje in Jelovica;503;vrh,cerkev;1610;5;1;0;;46.0573;14.0984;31;2659
3234;Lipnik (pri Velenju);Slovenija;Kamniško Savinjske Alpe;486;vrh;1460;3;1;0;;46.3252;15.1743;30;2689
3235;Plešivec;Slovenija;Posavsko hribovje in Dolenjska;868;vrh,bivak,planina;8;0;0;3;;;;1;3802
3236;Creton di Tul;Italija;Karnijske Alpe;2288;vrh;1190;5;1;0;;46.53898;12.7262;28;2746
3237;Lepo brdo;Slovenija;Škofjeloško, Cerkljansko hribovje in Jelovica;778;vrh;996;1;1;0;;46.2318;14.189;27;2803
3238;Gradišče (pri Grižah);Slovenija;Posavsko hribovje in Dolenjska;341;vrh,cerkev;2510;11;1;0;;46.2288;15.16601;35;2491
3239;Sveta Neža (Liboje);Slovenija;Posavsko hribovje in Dolenjska;368;vrh,cerkev;2340;8;1;0;;46.208;15.1905;34;2526
3240;Maj;Slovenija;Goriško, Notranjsko in Snežniško hribovje;1142;vrh;7272;2;1;0;;45.7913;14.0804;44;2148
3241;Jama Pečinka;Slovenija;Goriško, Notranjsko in Snežniško hribovje;295;Vremenska napoved:;2090;4;1;0;;45.8613;13.6181;33;2571
3242;Sveti Ambrož (Tabor);Slovenija;Goriško, Notranjsko in Snežniško hribovje;531;vrh;2150;3;2;0;1;45.8535;13.6893;33;2560
3243;Tuhobić;Hrvaška;Gorski Kotar in Istra;1109;vrh;926;2;1;0;;;;26;2832
3244;Cerkev Marijinega rojstva v Policah;Slovenija;Škofjeloško, Cerkljansko hribovje in Jelovica;526;cerkev;877;4;3;0;;46.1236;13.9047;26;2850
3246;Jasovnik;Slovenija;Posavsko hribovje in Dolenjska;764;vrh;5070;4;1;0;;46.21208;14.9002;42;2239
3247;Creta Forata;Italija;Karnijske Alpe;2462;vrh;2790;8;1;0;;46.54264;12.73644;36;2449
3248;Stovc (Stolec);Slovenija;Škofjeloško, Cerkljansko hribovje in Jelovica;474;vrh;3390;5;4;0;;46.30283;14.24279;38;2386
3249;Razgledišče Skroti;Slovenija;Kamniško Savinjske Alpe;787;Vremenska napoved:;3360;4;1;0;;46.258;14.6485;38;2389
3250;Sveti Križ (Slemšek);Slovenija;Posavsko hribovje in Dolenjska;680;koča,cerkev;1270;2;1;0;1;46.1239;14.844;29;2727
3251;Penatca;Slovenija;Karavanke;1299;vrh;963;2;1;0;;46.4148;14.3847;27;2812
3252;Črna peč;Slovenija;Karavanke;1447;vrh;3690;1;1;0;;46.4244;14.4133;39;2345
3254;Primožkovi hribi;Slovenija;Karavanke;1326;vrh;1890;3;2;0;;46.40904;14.35241;32;2603
3255;Kapelica Srca Jezusovega (Jelendol);Slovenija;Karavanke;807;cerkev;1430;3;1;0;;46.3999;14.3445;30;2696
3256;Mali Juhej;Slovenija;Karavanke;820;vrh;1130;3;1;0;;46.39929;14.34404;28;2759
3257;Barrenlesee;Avstrija;Visoke Ture;2727;jezero;360;8;1;0;;46.91938;12.71633;17;3187
3258;Stiška vas;Slovenija;Kamniško Savinjske Alpe;725;cerkev;2390;4;1;0;1;46.2768;14.5066;34;2517
3259;Veliki Juhej;Slovenija;Karavanke;865;vrh;2810;2;1;0;;46.3999;14.3428;36;2450
3260;Goličica;Slovenija;Julijske Alpe;2395;vrh;5;0;0;0;;;;0;3812
3261;Grobnica barona Borna;Slovenija;Karavanke;800;Vremenska napoved:;2430;4;1;0;;46.3995;14.3476;34;2511
3262;Klada;Slovenija;Goriško, Notranjsko in Snežniško hribovje;475;Vremenska napoved:;1130;7;1;0;1;45.92206;14.56073;28;2760
3263;Škrjanščica;Slovenija;Posavsko hribovje in Dolenjska;772;vrh;10;1;0;0;;;;1;3798
3264;Planina Brsnina;Slovenija;Karavanke;1357;planina;2340;3;2;1;;46.4233;14.4301;34;2527
3265;Medvodnica;Slovenija;Karavanke;1202;vrh;795;2;2;0;;46.4144;14.4023;25;2879
3266;Hvadnik;Slovenija;Karavanke;920;Vremenska napoved:;12170;6;1;0;;46.48859;13.8456;46;2066
3267;Partizanska tehnika Meta;Slovenija;Škofjeloško, Cerkljansko hribovje in Jelovica;1100;Vremenska napoved:;3500;8;4;0;;46.2748;14.1984;38;2368
3268;Sveti Lambert (Lancovo);Slovenija;Škofjeloško, Cerkljansko hribovje in Jelovica;515;vrh,cerkev;1030;2;1;0;;46.3356;14.1573;27;2792
3270;Na Glavi;Slovenija;Julijske Alpe;1670;vrh;18;1;0;0;;;;1;3787
3271;Bela peč (nad Dovjem);Slovenija;Karavanke;1460;vrh;5130;1;4;0;;46.4757;13.9808;42;2237
3272;Planina Goreljše;Slovenija;Karavanke;1125;planina;1290;4;1;0;;46.4738;13.9735;29;2721
3273;Blažčeva skala;Slovenija;Karavanke;1091;vrh;4330;5;1;0;;46.46944;13.97333;40;2291
3274;Škavnica;Slovenija;Goriško, Notranjsko in Snežniško hribovje;734;vrh;6870;6;1;0;1;45.84967;13.98185;44;2160
3275;Hafelekarspitze;Avstrija;Severne apneniške Alpe;2334;vrh;638;7;1;0;;47.31285;11.38625;23;2953
3276;Patscherkofel;Avstrija;Tuxer Alpe;2246;vrh;587;4;1;0;;47.20883;11.4606;22;2993
3277;Stražni stolp pod vrhom Kovčka;Slovenija;Polhograjsko hribovje in Ljubljana;770;Vremenska napoved:;4201;2;1;0;;46.0447;14.2013;40;2300
3278;Blaguško jezero;Slovenija;Strojna, Košenjak, Kozjak in Slovenske gorice;220;jezero;1930;14;2;0;;46.56667;16.00145;32;2597
3279;Sveti Duh (Stara Gora);Slovenija;Strojna, Košenjak, Kozjak in Slovenske gorice;262;vrh,koča,cerkev;626;4;2;0;;46.5493;16.0314;23;2969
3280;Hoher Burgstall;Avstrija;Stubajske Alpe;2611;vrh;340;6;1;0;;47.13337;11.28101;16;3213
3281;Veliko Kozje;Slovenija;Posavsko hribovje in Dolenjska;993;vrh;2;0;0;5;;;;0;3822
3282;Hoher Prijakt;Avstrija;Visoke Ture;3064;vrh;2320;8;1;0;;46.91573;12.71238;34;2532
3283;Breznik (Boben);Slovenija;Polhograjsko hribovje in Ljubljana;643;vrh;3500;4;2;0;4;46.1306;14.3791;38;2369
3284;Serles;Avstrija;Stubajske Alpe;2717;vrh;533;6;1;0;;47.12397;11.3814;21;3034
3285;Lämpermahdspitze;Avstrija;Stubajske Alpe;2595;vrh;292;4;1;0;;47.11153;11.37714;15;3264
3286;Marchreisenspitze;Avstrija;Stubajske Alpe;2620;vrh;309;6;1;0;;47.17288;11.30855;15;3248
3287;Herterhöhe;Avstrija;Labotniške Alpe;1800;Vremenska napoved:;145;4;2;0;;47.05646;14.54273;10;3465
3288;Ampferstein;Avstrija;Stubajske Alpe;2556;vrh;423;5;1;0;;47.17444;11.31329;18;3130
3289;Poldnik (Kopa) / Picco di Mezzodi;Italija;Julijske Alpe;2063;vrh;13160;3;1;0;;46.45951;13.63677;46;2058
3290;Zir;Hrvaška;Dinara in Lika;850;Vremenska napoved:;4610;2;1;0;1;44.43013;15.61437;41;2269
3291;Kemacher;Avstrija;Severne apneniške Alpe;2480;vrh;459;5;1;0;;47.31268;11.36658;19;3092
3292;Ribenska planina;Slovenija;Škofjeloško, Cerkljansko hribovje in Jelovica;965;planina;4100;6;2;0;;46.31337;14.11152;40;2307
3294;Sulzkogel;Avstrija;Stubajske Alpe;3016;vrh;1820;6;1;0;;47.18241;11.01146;32;2617
3295;Kraspesspitze;Avstrija;Stubajske Alpe;2954;vrh;357;5;1;0;;47.18074;11.04302;17;3192
3296;Finsteltaler Schartenkopf;Avstrija;Stubajske Alpe;2855;vrh;256;6;1;0;;47.1791;11.02987;14;3307
3297;Mali vrh (na Mežakli);Slovenija;Julijske Alpe;1389;vrh;2410;2;2;0;;46.4485;13.9511;34;2513
3298;Rinnenspitze;Avstrija;Stubajske Alpe;3003;vrh;1030;5;1;0;;47.08571;11.14117;27;2793
3299;Risnati rob (Polevec);Slovenija;Julijske Alpe;1438;vrh;1500;1;2;0;;46.44325;13.94608;30;2681
3300;Vordere Sommerwand;Avstrija;Stubajske Alpe;2715;vrh;269;8;1;0;;47.07418;11.16428;14;3288
3301;Planinarski dom Sveti Gaudent;Hrvaška;Jadranski otoki;274;vrh,koča;2390;7;2;0;1;44.69505;14.34801;34;2521
3302;Innere Sommerwand;Avstrija;Stubajske Alpe;3122;vrh;779;7;1;0;;47.05848;11.1509;25;2886
3303;Sass de Stria;Italija;Dolomiti;2477;vrh;13;19;0;0;;;;1;3791
3304;Sveti Nikola;Hrvaška;Jadranski otoki;557;vrh,cerkev;5060;8;1;1;2;44.66164;14.37045;42;2240
3305;Motokit;Hrvaška;Jadranski otoki;334;vrh;7;7;0;0;;;;1;3808
3306;Dikeos (Kos);Grčija;Grški otoki;846;vrh,bivak,cerkev;923;14;1;0;;36.8343;27.207;26;2834
3307;Rifugio La Marmotta;Italija;Dolomiti;1938;koča,planina,sedlo;400;9;1;0;;46.52999;11.90159;18;3152
3308;Rifugio Incisa;Italija;Dolomiti;1925;koča,planina;372;6;1;0;;46.52828;11.90238;17;3175
3309;Irrotkő / Geschriebenstein;Avstrija, Madžarska;Zahodna Madžarska;882;vrh;744;6;5;0;;47.35272;16.43391;24;2907
3310;Rifugio Punta Trieste;Italija;Dolomiti;2028;koča,planina;445;9;1;0;;46.53485;11.9049;19;3103
3311;Geierkogel (Svinška planina / Saualpe);Avstrija;Labotniške Alpe;1917;vrh;550;6;1;0;;46.91922;14.67493;21;3019
3312;Pralongia;Italija;Dolomiti;2109;vrh,koča,planina,cerkev;980;13;1;0;;46.53346;11.91629;27;2807
3313;Forstalpe (Svinška planina / Saualpe);Avstrija;Labotniške Alpe;2034;vrh;638;5;2;0;;46.89772;14.66271;23;2954
3314;Kienberg (Svinška planina / Saualpe);Avstrija;Labotniške Alpe;2050;vrh;476;2;2;0;;46.88492;14.64655;20;3074
3315;Stores;Italija;Dolomiti;2185;vrh;415;9;1;0;;46.53053;11.92315;18;3138
3316;Gertrusk (Svinška planina / Saualpe);Avstrija;Labotniške Alpe;2044;vrh;813;5;2;0;;46.86484;14.64234;25;2871
3317;Pico Setsas;Italija;Dolomiti;2429;vrh;486;17;2;0;;46.51617;11.9592;20;3060
3319;Sonntagshorn;Avstrija, Nemčija;Severne apneniške Alpe;1961;vrh;391;7;2;0;;47.68222;12.6958;18;3156
3320;Sveta Trojica v Slovenskih goricah;Slovenija;Strojna, Košenjak, Kozjak in Slovenske gorice;291;vrh,cerkev;1670;9;2;0;1;46.57639;15.87523;31;2648
3321;Trojiško jezero (Gradiško jezero);Slovenija;Strojna, Košenjak, Kozjak in Slovenske gorice;234;koča,jezero;2490;11;1;0;;46.57372;15.87098;35;2496
3322;Griček;Slovenija;Goriško, Notranjsko in Snežniško hribovje;532;vrh;492;2;1;0;;45.70797;14.74708;20;3055
3323;Col Margherita;Italija;Dolomiti;2514;vrh;729;1;1;0;;46.36718;11.79186;24;2917
3324;Cima Juribrutto;Italija;Dolomiti;2697;vrh;595;2;1;0;;46.35938;11.76512;22;2988
3325;Kozice;Slovenija;Posavsko hribovje in Dolenjska;741;vrh;11430;7;3;0;;45.49861;15.03701;46;2074
3326;Jelovička in Mihova jama;Slovenija;Posavsko hribovje in Dolenjska;240;Vremenska napoved:;2510;5;1;0;;45.5197;14.9098;35;2492
3327;Kameniti svati;Hrvaška;Gorjanci, Medvednica in Medžimurje;482;vrh;337;4;2;0;;;;16;3216
3328;Grad Kostel;Slovenija;Goriško, Notranjsko in Snežniško hribovje;406;vrh;3760;9;2;0;;45.50867;14.91031;39;2341
3329;Radenski kal;Slovenija;Posavsko hribovje in Dolenjska;360;koča,jezero;602;5;1;0;;45.47052;15.10412;22;2983
3330;Velika Radenska stena;Slovenija;Posavsko hribovje in Dolenjska;439;vrh;1690;2;1;0;;45.45816;15.1131;31;2644
3331;Mala Radenska stena;Slovenija;Posavsko hribovje in Dolenjska;428;vrh;752;2;1;0;;45.4622;15.10922;24;2900
3332;Križica;Hrvaška;Jadranski otoki;343;vrh;762;8;3;0;;44.68812;14.35169;24;2895
3333;Slapovi v Kotu;Slovenija;Julijske Alpe;1050;slap;3600;5;1;0;;46.40524;13.88722;39;2354
3334;Kucelj (Julijske Alpe);Slovenija;Julijske Alpe;2372;vrh;6330;15;1;0;;46.4273;13.81923;43;2181
3335;Veliki Bojanski vrh;Slovenija;Posavsko hribovje in Dolenjska;627;vrh;1770;6;4;0;1;46.20226;15.30642;31;2629
3339;Razgledna točka Široko;Slovenija;Goriško, Notranjsko in Snežniško hribovje;755;vrh;8600;5;1;1;;46.13207;13.75932;45;2116
3340;Bavč;Slovenija;Posavsko hribovje in Dolenjska;692;vrh;4010;6;4;0;;46.2021;15.28429;40;2314
3341;Veliki vrh (nad Lomom);Slovenija;Goriško, Notranjsko in Snežniško hribovje;1071;vrh;5290;4;4;1;;46.10641;13.7801;42;2228
3342;Javorče;Slovenija;Karavanke;1667;vrh;1880;2;2;0;;46.38255;14.38363;32;2606
3343;Spodmol na Lubniku;Slovenija;Škofjeloško, Cerkljansko hribovje in Jelovica;835;slap;11;0;0;0;;;;1;3795
3345;Kozjek (nad Socko);Slovenija;Karavanke;748;vrh;2370;8;1;0;1;46.35722;15.2815;34;2523
3346;Panoramska pot;Slovenija;Kamniško Savinjske Alpe;1185;koča;9;2;0;0;;;;1;3800
3347;Mali Bojanski vrh;Slovenija;Posavsko hribovje in Dolenjska;600;vrh;954;5;5;0;;46.20244;15.31099;27;2815
3348;Kršiše;Slovenija;Karavanke;790;vrh;624;3;2;0;;46.40289;14.281;22;2971
3349;Sveta Neža (Brezje pri Tržiču);Slovenija;Kamniško Savinjske Alpe;677;cerkev;2020;3;1;0;3;46.35856;14.27741;32;2586
3350;Babni vrh;Slovenija;Posavsko hribovje in Dolenjska;753;vrh;2310;7;4;0;;46.19626;15.32263;34;2535
3351;Stara cerkev sv. Ožbolta (Jezersko);Slovenija;Karavanke;961;cerkev;3150;4;1;0;;46.39491;14.49009;37;2408
3352;Sveti Pavel (nad Ročinjem);Slovenija;Goriško, Notranjsko in Snežniško hribovje;403;vrh,cerkev;2090;8;3;0;;46.11353;13.66087;33;2572
3353;Blejsko jezero;Slovenija;Julijske Alpe;475;jezero,cerkev;7840;24;1;0;;46.36502;14.08872;44;2132
3354;Špik (Vranškov grič);Slovenija;Škofjeloško, Cerkljansko hribovje in Jelovica;908;vrh;1580;2;3;0;;46.1132;14.09311;30;2666
3355;Kriváň;Slovaška;Visoke Tatre;2494;vrh;2790;3;1;0;;49.16285;20.00027;36;2451
3356;Rudnica (nad Podčetrtkom);Slovenija;Pohorje, Dravinjske gorice in Haloze;548;vrh,koča,jezero,bivak,planina,cerkev;25190;16;7;0;;;;48;1997
3357;Sveti Pavel (Stara Oselica);Slovenija;Škofjeloško, Cerkljansko hribovje in Jelovica;728;cerkev;1350;5;1;0;;46.10243;14.0786;29;2708
3358;Kamčič;Slovenija;Posavsko hribovje in Dolenjska;525;vrh;2320;13;3;0;;46.19702;15.1986;34;2533
3359;Razgledna točka Kapela;Slovenija;Strojna, Košenjak, Kozjak in Slovenske gorice;312;vrh,cerkev;1380;6;3;0;;46.61937;16.03469;29;2705
3360;Cerkev Sv. Križa na Brezju nad Srednjo vasjo;Slovenija;Škofjeloško, Cerkljansko hribovje in Jelovica;511;vrh,cerkev;937;6;3;0;;46.11907;14.16389;26;2822
3361;Kucelj (nad Kopačnico);Slovenija;Škofjeloško, Cerkljansko hribovje in Jelovica;920;vrh;1810;3;2;0;;46.13084;14.08609;32;2620
3362;Brunški vrh;Slovenija;Kamniško Savinjske Alpe;511;vrh;1030;7;1;0;;46.34542;15.07391;27;2794
3363;Izvir slatine (pod Činčevim bregom);Slovenija;Prekmurje;280;Vremenska napoved:;939;2;1;0;;46.83445;16.04097;26;2821
3364;Činčev breg;Slovenija;Prekmurje;375;vrh;934;2;2;0;;46.83733;16.0423;26;2825
3365;Bezgovica;Slovenija;Goriško, Notranjsko in Snežniško hribovje;738;vrh;2;5;0;0;;;;0;3823
3366;Gradišče nad Ilovo Goro;Slovenija;Posavsko hribovje in Dolenjska;601;vrh,cerkev;1050;8;1;0;;45.89175;14.74263;27;2785
3367;Kripta;Slovenija;Prekmurje;331;vrh;624;6;4;0;;46.79322;16.08885;22;2972
3368;Kuželjska stena;Slovenija;Goriško, Notranjsko in Snežniško hribovje;857;vrh;6350;3;1;0;;45.48424;14.82282;43;2180
3369;Habicht;Avstrija;Stubajske Alpe;3277;vrh;1130;8;2;0;;47.04389;11.28964;28;2761
3370;Kalkwand;Avstrija;Stubajske Alpe;2564;vrh;285;6;1;0;;47.04667;11.31924;15;3274
3371;Hohe Geige;Avstrija;Otztalske Alpe;3394;vrh;1540;6;1;0;;47.0047;10.90875;30;2672
3372;Cerkev sv. Ane v Boreči;Slovenija;Prekmurje;395;vrh,cerkev;964;7;5;0;;46.82817;16.15796;27;2813
3373;Kleiner Solstein;Avstrija;Severne apneniške Alpe;2637;vrh;379;6;1;0;;47.30247;11.32439;17;3168
3374;Griški vrh;Slovenija;Prekmurje;322;vrh;463;2;2;0;;46.73955;16.11552;19;3088
3375;Srebrni breg;Slovenija;Prekmurje;404;vrh;2100;6;3;0;;46.85029;16.14388;33;2566
3376;Planinska koča Rak;Slovenija;Prekmurje;290;koča;2530;7;6;0;;46.81731;16.0591;35;2488
3377;Wilder Freiger;Avstrija, Italija;Stubajske Alpe;3418;vrh;1100;8;1;0;;46.97051;11.19001;28;2770
3378;Hodoško jezero;Slovenija;Prekmurje;243;jezero;1050;8;2;0;;46.83658;16.30958;27;2786
3379;Kožljevec;Slovenija;Posavsko hribovje in Dolenjska;533;vrh;783;1;1;0;;46.03404;14.90462;25;2885
3380;Norički vrh;Slovenija;Strojna, Košenjak, Kozjak in Slovenske gorice;303;vrh;840;3;1;0;;46.6695;15.97833;25;2860
3381;Becherhaus;Italija;Stubajske Alpe;3195;koča;692;6;1;0;;46.96084;11.19231;24;2930
3382;Wilder Pfaff;Avstrija, Italija;Stubajske Alpe;3456;vrh;1180;7;1;0;;46.96578;11.16433;28;2748
3383;Zuckerhütl;Avstrija;Stubajske Alpe;3507;vrh;3520;8;2;0;;46.9643;11.15395;38;2367
3384;Wildspitze;Avstrija;Otztalske Alpe;3768;vrh;5790;7;1;0;;46.88525;10.86723;42;2203
3388;test3;Slovenija;Julijske Alpe;2222;koča,planina;29;0;0;0;;;;1;3775
3390;Gamsspitzl;Avstrija;Stubajske Alpe;3051;vrh;1000;6;1;0;;46.97888;11.20238;27;2801
3391;Mejni kamen A 115;Madžarska, Slovenija;Prekmurje;353;Vremenska napoved:;1060;6;7;0;;46.87665;16.23322;27;2784
3392;Špilnik;Slovenija;Goriško, Notranjsko in Snežniško hribovje;1018;vrh;4840;6;2;0;;45.84151;14.18875;41;2252
3393;Slatinski vrelec Nuskova;Slovenija;Prekmurje;239;slap;882;3;3;0;1;46.81049;16.02524;26;2845
3394;Beli breg;Slovenija;Prekmurje;346;vrh;480;4;4;0;;46.81361;16.00783;20;3070
3395;Stankov vrh (Bilogora);Hrvaška;Gorjanci, Medvednica in Medžimurje;308;vrh;377;1;2;0;;46.08143;16.8254;17;3173
3396;Kačova mlaka;Slovenija;Prekmurje;265;jezero;446;2;2;0;;46.80331;16.08821;19;3100
3397;Kamnolom mlinskih kamnov;Slovenija;Posavsko hribovje in Dolenjska;390;Vremenska napoved:;1530;15;1;0;;46.05983;14.63421;30;2675
3398;Apneni breg;Slovenija;Prekmurje;352;vrh;457;2;2;0;;46.82597;15.99472;19;3093
3399;Murjevka;Slovenija;Posavsko hribovje in Dolenjska;443;vrh;703;3;1;0;;46.06327;14.64083;24;2926
3400;Grmadnik;Slovenija;Posavsko hribovje in Dolenjska;569;vrh;2590;7;1;0;;46.05423;14.64208;35;2477
3401;Radgonski grad;Slovenija;Strojna, Košenjak, Kozjak in Slovenske gorice;267;vrh;475;4;3;0;;46.68286;15.98259;20;3076
3402;Humka (Moslavačka gora);Hrvaška;Slavonsko gorje in Moslavačka gora;487;vrh;957;0;3;0;;45.61406;16.75355;26;2816
3403;Gorički breg;Slovenija;Prekmurje;362;vrh;791;3;1;0;;46.86701;16.21655;25;2881
3404;Pepelšček;Slovenija;Prekmurje;386;vrh;453;5;2;0;;46.80553;16.10241;19;3096
3405;Sveta Trojica (Gornji Petrovci);Slovenija;Prekmurje;355;vrh,cerkev;444;8;3;0;;46.81425;16.22001;19;3104
3406;Liparjev grič;Slovenija;Polhograjsko hribovje in Ljubljana;374;vrh;1300;6;3;0;;46.02146;14.38877;29;2718
3407;Kapela v Stanjevcih;Slovenija;Prekmurje;357;vrh,cerkev;252;3;1;0;;46.81051;16.18727;13;3316
3408;Jezero Križevci;Slovenija;Prekmurje;272;jezero;701;5;1;0;;46.79083;16.24537;24;2928
3409;Kostelgrad;Hrvaška;Gorjanci, Medvednica in Medžimurje;427;vrh;388;4;2;0;;46.18495;15.74435;18;3158
3410;Piramida (nad Gornjo Radgono);Slovenija;Strojna, Košenjak, Kozjak in Slovenske gorice;310;vrh;1730;1;2;0;;46.67742;15.96981;31;2633
3411;Jerman;Slovenija;Karavanke;890;Vremenska napoved:;3620;3;1;0;1;46.48809;13.84212;39;2351
3413;Vrhovčev grič;Slovenija;Polhograjsko hribovje in Ljubljana;495;vrh;1160;4;5;0;;46.03054;14.37261;28;2753
3414;Ledavsko jezero;Slovenija;Prekmurje;218;jezero;658;10;2;0;;46.74843;16.04132;23;2941
3415;Sveti Martin (Stari breg);Slovenija;Prekmurje;307;vrh,cerkev;371;7;1;0;;46.78081;16.27739;17;3177
3416;Sveta Ana v Slovenskih goricah;Slovenija;Strojna, Košenjak, Kozjak in Slovenske gorice;358;vrh,koča,cerkev;925;3;2;0;;46.64691;15.84372;26;2833
3417;Similaun;Avstrija, Italija;Otztalske Alpe;3606;vrh;2710;7;1;0;;46.76378;10.88062;36;2464
3418;Fineilspitze;Avstrija, Italija;Otztalske Alpe;3514;vrh;1800;7;1;0;;46.78031;10.83183;32;2624
3419;Obeležje v bližini najdišča Ötzija;Italija;Otztalske Alpe;3210;Vremenska napoved:;1680;5;1;0;;46.77899;10.83987;31;2645
3420;Hohe Munde - zahodni vrh;Avstrija;Severne apneniške Alpe;2662;vrh;348;6;1;0;;47.3473;11.07174;16;3201
3421;Kamenek;Slovenija;Prekmurje;392;vrh;826;6;2;0;;46.77519;16.20289;25;2866
3422;Trestenjak;Slovenija;Prekmurje;304;vrh,cerkev;295;4;2;0;;46.7395;16.21098;15;3260
3423;Ograd;Slovenija;Prekmurje;282;vrh,cerkev;351;3;1;0;;46.73158;16.19243;17;3198
3424;Soboško jezero;Slovenija;Prekmurje;188;koča,jezero;4070;13;1;0;;46.63868;16.16889;40;2310
3425;Kamin Široka polica;Slovenija;Julijske Alpe;780;Vremenska napoved:;4380;5;1;0;;46.27738;13.91286;40;2286
3426;Stavrota (Lefkada);Grčija;Grški otoki;1182;vrh;1220;11;1;0;;38.69903;20.6248;29;2738
3427;Gramoznica Vučja jama;Slovenija;Prekmurje;179;jezero;584;4;3;0;;46.63134;16.22075;22;2995
3428;Gradiše (nad Štorami);Slovenija;Posavsko hribovje in Dolenjska;540;vrh;656;4;1;0;;46.20164;15.31552;23;2942
3429;Slap Nidri (Lefkada);Grčija;Grški otoki;157;slap;1090;5;1;0;;38.72528;20.68539;27;2778
3430;Lazarjev vrh;Slovenija;Posavsko hribovje in Dolenjska;452;vrh;729;4;1;1;;46.07144;14.64678;24;2914
3431;Lisjakova struga;Slovenija;Strojna, Košenjak, Kozjak in Slovenske gorice;206;koča;457;10;1;0;;46.66915;16.00264;19;3094
3432;Celovška špica;Avstrija, Slovenija;Karavanke;2102;vrh;16380;6;2;0;;46.43812;14.18035;47;2032
3433;Bernardo Mountain;ZDA;Diegan Western Granitic Foothills;349;vrh;571;0;0;0;;33.06417;117.08807;22;3006
3434;Ribnik Taškal;Slovenija;Prekmurje;183;jezero;341;2;1;0;;46.59677;16.18117;16;3212
3435;Gramoznica Dokležovje;Slovenija;Prekmurje;182;jezero;545;5;1;0;;46.59095;16.18144;21;3024
3436;Lovska koča LD Negova (Zeleni gaj);Slovenija;Strojna, Košenjak, Kozjak in Slovenske gorice;256;koča;301;1;1;0;;46.60307;15.94886;15;3253
3437;Ribnik Gosijak;Slovenija;Strojna, Košenjak, Kozjak in Slovenske gorice;225;jezero;339;3;1;0;;46.61024;15.94079;16;3214
3438;Wegkapelle Kölbereck;Avstrija;Hribovje vzhodno od Mure;355;cerkev;206;1;1;0;;46.86554;16.09344;12;3370
3439;Sveti Trije Kralji v Slovenskih goricah;Slovenija;Strojna, Košenjak, Kozjak in Slovenske gorice;296;vrh,cerkev;516;5;2;0;;46.60284;15.8961;21;3042
3440;Cerkvenjak;Slovenija;Strojna, Košenjak, Kozjak in Slovenske gorice;341;vrh,koča,cerkev;572;7;2;1;;46.56567;15.94299;22;3004
3441;Veliki Vilinac;Bosna in Hercegovina;Hercegovina;2112;vrh;1820;3;2;0;;43.62719;17.6196;32;2618
3442;Kredarica;Slovenija;Julijske Alpe;2515;Ogledov: 5;5;0;0;4;;;;0;3813
3443;Sveti Vid (nad Zgornjim Tuhinjem);Slovenija;Kamniško Savinjske Alpe;846;cerkev;2470;6;2;0;;46.23085;14.77641;35;2502
3444;Kalvarija (cerkev svete Barbare);Slovenija;Strojna, Košenjak, Kozjak in Slovenske gorice;375;vrh,cerkev;4280;14;1;0;1;46.56905;15.63974;40;2295
3445;Evharistični križ v Trdkovi;Slovenija;Prekmurje;388;vrh;570;3;1;0;;46.85784;16.12385;22;3007
3446;Planina Zapotok;Slovenija;Julijske Alpe;1385;planina;6270;8;1;0;;46.38288;13.68511;43;2185
3447;Spominski park v Kamniški Bistrici;Slovenija;Kamniško Savinjske Alpe;680;Vremenska napoved:;2870;3;1;0;1;46.32941;14.57756;36;2441
3448;Rimsko gomilno grobišče v Anželovem gozdu;Slovenija;Strojna, Košenjak, Kozjak in Slovenske gorice;260;Vremenska napoved:;389;3;1;0;;46.57414;15.93522;18;3157
3449;Cerkev sv. Petra nad Črno pri Kamniku;Slovenija;Kamniško Savinjske Alpe;845;cerkev;6330;4;1;0;1;46.2694;14.63363;43;2182
3450;Otok ljubezni;Slovenija;Prekmurje;179;koča;1120;3;4;0;;46.58016;16.20646;28;2764
3451;Strmec (nad Dragomerom);Slovenija;Polhograjsko hribovje in Ljubljana;446;vrh;1030;4;2;0;;46.01603;14.36772;27;2795
3452;Zalka;Slovenija;Prekmurje;362;vrh;426;1;2;0;;46.84995;16.11214;18;3124
3453;Bogin breg;Slovenija;Prekmurje;371;vrh;479;3;2;0;;46.84689;16.11312;20;3068
3454;Koča v naši grabi;Slovenija;Strojna, Košenjak, Kozjak in Slovenske gorice;283;koča;363;6;1;0;;46.55496;15.97359;17;3186
3455;Možičev vrh;Slovenija;Strojna, Košenjak, Kozjak in Slovenske gorice;926;vrh;1250;2;6;0;;46.60118;15.51533;29;2733
3456;Fuks graba;Slovenija;Prekmurje;305;Vremenska napoved:;641;2;1;0;;46.74624;16.00742;23;2949
3457;Klosterwappen (Schneeberg);Avstrija;Severne apneniške Alpe;2076;vrh;913;12;2;0;;47.76706;15.80448;26;2837
3458;Grad Podsreda;Slovenija;Posavsko hribovje in Dolenjska;475;Vremenska napoved:;2240;8;6;1;;46.02805;15.58994;33;2551
3459;Stara sveta gora;Slovenija;Posavsko hribovje in Dolenjska;386;vrh,cerkev;1260;8;3;0;1;46.04326;15.59599;29;2729
3460;Gruska jama;Slovenija;Posavsko hribovje in Dolenjska;320;slap;972;4;1;0;;46.09253;15.57027;27;2810
3461;Grad Kozje (Drachenburg);Slovenija;Posavsko hribovje in Dolenjska;360;vrh;955;4;2;0;;46.07131;15.55392;27;2814
3462;Sveti Križ (Kumen);Slovenija;Pohorje, Dravinjske gorice in Haloze;928;cerkev;484;2;1;0;;46.51664;15.42816;20;3063
3463;Mirnock;Avstrija;Krške Alpe;2110;vrh;2090;6;1;1;2;46.75909;13.71504;33;2573
3464;Lamprehtov vrh;Slovenija;Pohorje, Dravinjske gorice in Haloze;1230;vrh;928;2;2;0;;46.50998;15.40916;26;2831
3465;Zagorelec;Slovenija;Julijske Alpe;2090;vrh;6730;14;2;0;;46.3791;13.67051;43;2169
3466;Mali Petrovac (Petrova gora);Hrvaška;Gorjanci, Medvednica in Medžimurje;517;vrh;773;3;2;0;;45.31227;15.80678;25;2891
3467;Lasina;Slovenija;Pohorje, Dravinjske gorice in Haloze;1412;vrh;1250;1;3;0;1;46.48128;15.34364;29;2734
3468;Pesek;Slovenija;Pohorje, Dravinjske gorice in Haloze;1423;vrh;3070;2;3;1;1;46.46848;15.34165;37;2417
3469;Veliki Petrovac (Petrova gora);Hrvaška;Gorjanci, Medvednica in Medžimurje;512;vrh;567;2;1;0;;45.31225;15.80679;21;3009
3471;Mali Velebit (Petrova gora);Hrvaška;Gorjanci, Medvednica in Medžimurje;420;vrh;384;1;1;0;;45.30569;15.78135;18;3160
3473;Schmalzscharte;Avstrija;Visoke Ture;2444;sedlo;415;0;1;0;;47.11548;13.35246;18;3136
3474;Plešivec;Slovenija;Julijske Alpe;1962;vrh;4370;1;1;3;;46.36113;13.51611;40;2287
3476;Velika Glava;Slovenija;Julijske Alpe;1883;vrh;1960;2;2;0;;46.36286;13.77096;32;2593
3477;Planjava - zahodni vrh;Slovenija;Kamniško Savinjske Alpe;2394;vrh;7430;0;0;0;;46.35655;14.60981;44;2144
3478;Vratni vrh;Slovenija;Julijske Alpe;1983;vrh;2570;6;1;0;;46.36069;13.51135;35;2481
3479;Jelenk;Slovenija;Julijske Alpe;2049;vrh;1340;3;0;2;1;46.36421;13.51103;29;2711
3480;Turn (pri Klopnem vrhu);Slovenija;Pohorje, Dravinjske gorice in Haloze;1261;vrh;636;2;2;0;;46.50814;15.39682;23;2957
3481;Jezerce Drtičnikovo;Slovenija;Pohorje, Dravinjske gorice in Haloze;960;jezero;796;3;2;0;;46.51738;15.3918;25;2878
3482;Sveti Vid (pri Bukovniškem jezeru);Slovenija;Prekmurje;205;cerkev;430;4;2;0;;46.67095;16.33328;19;3119
3483;Plečnikova cerkev (Bogojina);Slovenija;Prekmurje;198;cerkev;446;4;2;0;;46.67875;16.27763;19;3101
3484;Kadunec;Slovenija;Kamniško Savinjske Alpe;426;vrh;422;4;0;2;;46.28666;15.11924;18;3131
3485;Trentski Pelc;Slovenija;Julijske Alpe;2116;vrh;8620;1;1;0;;46.38609;13.70958;45;2115
3486;Markova glava (razgledna stena);Slovenija;Posavsko hribovje in Dolenjska;722;vrh;11780;1;1;0;;45.66347;15.11946;46;2070
3487;Vzletišče Peter (Straška gora);Slovenija;Posavsko hribovje in Dolenjska;464;Vremenska napoved:;1860;2;1;0;;45.7774;15.0492;32;2609
3488;Ljuben (Sv. Vid);Slovenija;Posavsko hribovje in Dolenjska;528;Vremenska napoved:;619;0;0;0;;45.74346;15.11151;22;2974
3489;Ptujska Gora;Slovenija;Pohorje, Dravinjske gorice in Haloze;342;vrh,koča,cerkev;4910;3;4;0;2;46.35455;15.76152;41;2248
3490;Kapela Presvetega Srca Jezusovega in Brezmadežnega Srca Marijinega v Martinju;Slovenija;Prekmurje;375;cerkev;403;9;1;0;;46.84668;16.14858;18;3145
3491;Močvara (Lončarovci);Slovenija;Prekmurje;257;Vremenska napoved:;878;15;2;0;;46.76538;16.27298;26;2848
3492;Molnik;Slovenija;Polhograjsko hribovje in Ljubljana;582;vrh;3030;2;0;0;10;46.00819;14.59909;37;2423
3493;Šmihelovec;Slovenija;Julijske Alpe;2118;vrh;5000;14;2;0;;46.37561;13.66734;41;2244
3494;Sveti Ignacij (Rdeči Breg);Slovenija;Pohorje, Dravinjske gorice in Haloze;885;cerkev;745;5;8;0;;46.56762;15.33665;24;2904
3495;Vidrin center Aqualutra;Slovenija;Prekmurje;275;Vremenska napoved:;331;3;1;0;;46.78592;16.25609;16;3223
3496;Šetorov mlin;Slovenija;Pohorje, Dravinjske gorice in Haloze;745;Vremenska napoved:;804;6;2;0;;46.45828;15.51736;25;2875
3497;Izvir Polskave;Slovenija;Pohorje, Dravinjske gorice in Haloze;1180;Vremenska napoved:;1560;2;4;0;;46.49026;15.50453;30;2670
3498;Sveta Uršula (Bojtina);Slovenija;Pohorje, Dravinjske gorice in Haloze;1006;cerkev;1470;5;2;0;;46.47198;15.50267;30;2688
3499;Majalova kapelica;Slovenija;Pohorje, Dravinjske gorice in Haloze;823;Vremenska napoved:;349;2;2;0;;46.45968;15.50746;16;3200
3500;Sršenov vrh;Slovenija;Strojna, Košenjak, Kozjak in Slovenske gorice;963;vrh;2390;5;4;2;;46.61943;15.37211;34;2518
3501;Sveta Katarina (Zgornja Kapla);Slovenija;Strojna, Košenjak, Kozjak in Slovenske gorice;777;cerkev;742;8;3;0;;46.6367;15.37533;24;2908
3502;Jezero Komarnik;Slovenija;Strojna, Košenjak, Kozjak in Slovenske gorice;236;jezero;460;8;4;0;;46.57074;15.80579;19;3091
3504;Sv. Marjeta (Ritoznoj);Slovenija;Pohorje, Dravinjske gorice in Haloze;407;cerkev;876;2;1;0;;46.4192;15.58653;26;2851
3505;Veliki vrh (na Pohorju);Slovenija;Pohorje, Dravinjske gorice in Haloze;1344;vrh;4280;4;10;0;;46.4433;15.44821;40;2296
3506;Sveti Urh (Urh);Slovenija;Pohorje, Dravinjske gorice in Haloze;895;cerkev;1610;6;4;0;1;46.42898;15.5069;31;2660
3507;Repnikov vrh;Slovenija;Pohorje, Dravinjske gorice in Haloze;988;vrh;855;1;3;0;;46.43198;15.49173;25;2855
3508;Kapela v Zgornjih Moravcih;Slovenija;Prekmurje;315;vrh,cerkev;294;2;3;0;;46.71749;16.2519;15;3261
3509;Makotrov breg;Slovenija;Prekmurje;319;vrh;479;3;2;0;;46.74565;16.28552;20;3069
3510;Sveti Jakob (Jakec);Slovenija;Kamniško Savinjske Alpe;528;cerkev;2200;3;1;1;1;46.35785;15.09313;33;2557
3511;Malo Gradišče;Slovenija;Kamniško Savinjske Alpe;536;vrh;489;3;1;1;;46.35625;15.09857;20;3057
3512;Veliko Gradišče;Slovenija;Kamniško Savinjske Alpe;587;vrh;941;4;1;1;1;46.35684;15.08825;26;2820
3513;Luknje;Slovenija;Posavsko hribovje in Dolenjska;438;vrh;878;7;1;0;4;46.04248;14.53463;26;2849
3514;Koglerjev vrh;Slovenija;Pohorje, Dravinjske gorice in Haloze;698;vrh;618;2;2;0;;46.53074;15.36268;22;2976
3515;Hožičev vrh;Slovenija;Pohorje, Dravinjske gorice in Haloze;595;vrh;436;2;1;0;;46.53547;15.36992;19;3114
3516;Klančnik (Glančnik);Slovenija;Pohorje, Dravinjske gorice in Haloze;877;vrh;670;4;7;0;;46.56827;15.36074;23;2937
3517;Lovska koča Klančnik;Slovenija;Pohorje, Dravinjske gorice in Haloze;865;koča;936;5;7;2;;46.56729;15.35877;26;2823
3518;Kapela sv. Ane v Puščavi;Slovenija;Pohorje, Dravinjske gorice in Haloze;330;vrh,cerkev;546;4;2;0;;46.55285;15.42214;21;3022
3519;Štefanov hrib;Slovenija;Goriško, Notranjsko in Snežniško hribovje;1113;vrh;81;0;0;0;;45.83746;14.04923;4;3669
3520;Lisc (Lisec);Slovenija;Julijske Alpe;1653;vrh;8050;7;1;0;;46.24028;13.92782;44;2128
3521;Razkriški kot (sotočje Mure in Ščavnice);Slovenija;Strojna, Košenjak, Kozjak in Slovenske gorice;169;Vremenska napoved:;623;5;2;0;;46.52349;16.30346;22;2973
3522;Lovski dom Bohor;Slovenija;Posavsko hribovje in Dolenjska;842;koča;1680;2;1;0;;46.07378;15.4144;31;2646
3523;Plešivec (Bohor);Slovenija;Posavsko hribovje in Dolenjska;915;vrh;1850;2;5;0;;46.06455;15.45445;32;2611
3524;Petrova skala na Bohorju;Slovenija;Posavsko hribovje in Dolenjska;913;Vremenska napoved:;1920;1;5;0;;46.06657;15.45116;32;2600
3525;Naravno bohorsko okno;Slovenija;Posavsko hribovje in Dolenjska;883;Vremenska napoved:;2020;3;5;0;;46.06629;15.45055;32;2587
3526;Mali Mošenik;Slovenija;Goriško, Notranjsko in Snežniško hribovje;700;vrh;320;0;1;0;;;;16;3232
3527;Grad Jablje;Slovenija;Polhograjsko hribovje in Ljubljana;310;Vremenska napoved:;2030;0;1;1;;46.14168;14.55343;33;2583
3528;Vodni izvir Zlati studenec;Slovenija;Pohorje, Dravinjske gorice in Haloze;375;Vremenska napoved:;629;5;1;0;;46.45596;15.62235;23;2964
3529;Lovski dom - LD Fram;Slovenija;Pohorje, Dravinjske gorice in Haloze;668;koča;701;2;1;0;;46.46819;15.57914;24;2927
3530;Sveti Križ (Planica);Slovenija;Pohorje, Dravinjske gorice in Haloze;692;cerkev;745;7;1;0;;46.46934;15.56702;24;2905
3531;Potnikova smreka;Slovenija;Pohorje, Dravinjske gorice in Haloze;651;Vremenska napoved:;538;3;2;0;;46.46954;15.56315;21;3030
3532;Španov vrh (Besnica);Slovenija;Posavsko hribovje in Dolenjska;559;vrh;1280;2;1;0;;46.05094;14.6482;29;2726
3533;Sveti Križ (nad Planino pri Sevnici);Slovenija;Posavsko hribovje in Dolenjska;730;vrh,cerkev;2270;7;2;0;1;46.09935;15.4193;34;2546
3534;Planinski dom Zarja (Hotel Zarja);Slovenija;Pohorje, Dravinjske gorice in Haloze;1113;koča;2030;2;2;0;;46.49214;15.535;33;2584
3536;Grmada (pri Vurberku);Slovenija;Strojna, Košenjak, Kozjak in Slovenske gorice;460;vrh;821;3;2;0;1;46.49517;15.79499;25;2869
3537;Grmada (pri Vurberku) - jugovzhodni vrh;Slovenija;Strojna, Košenjak, Kozjak in Slovenske gorice;457;vrh;546;2;2;0;;46.49302;15.79882;21;3023
3538;Grad Vurberk;Slovenija;Strojna, Košenjak, Kozjak in Slovenske gorice;427;vrh,cerkev;1110;6;3;0;;46.48648;15.79619;28;2766
3539;Marija Snežna (Fikšinci);Slovenija;Prekmurje;332;cerkev;406;2;2;0;;46.78652;16.00159;18;3142
3540;Sveta Helena (Pertoča);Slovenija;Prekmurje;298;vrh,cerkev;346;5;1;0;;46.77803;16.0282;16;3202
3541;Ostragova;Slovenija;Strojna, Košenjak, Kozjak in Slovenske gorice;309;vrh;404;3;1;0;;46.54024;15.92471;18;3143
3542;Sveti Andraž (Vitomarci);Slovenija;Strojna, Košenjak, Kozjak in Slovenske gorice;296;Vremenska napoved:;378;9;2;0;;46.5281;15.93284;17;3170
3543;Mont Blanc;Francija, Italija;Savojske Alpe;4810;vrh;4020;0;0;0;;45.83263;6.86525;40;2312
3545;Aiguille Verte;Francija;Savojske Alpe;4122;vrh;73;0;0;0;;45.93451;6.96995;3;3701
3546;Matterhorn;Italija, Švica;Peninske Alpe;4478;vrh;2910;0;0;0;;45.97646;7.65856;36;2435
3547;Mount McKinley (Denali);ZDA;Alaska Range;6191;vrh;612;0;0;0;;63.06883;151.00716;22;2979
3548;Monte Argentera;Italija;Primorske Alpe;3297;vrh;125;0;0;0;;44.17766;7.30535;8;3523
3549;Sveti Bolfenk (Jelovice);Slovenija;Pohorje, Dravinjske gorice in Haloze;537;vrh,cerkev;778;3;2;0;;46.31468;15.75149;25;2887
3550;Kerješetov vrh;Slovenija;Pohorje, Dravinjske gorice in Haloze;590;vrh;335;1;2;0;;46.30995;15.74912;16;3219
3551;Cerkev Marije Tolažnice (Brezje nad Žetalami);Slovenija;Karavanke;382;vrh,cerkev;339;4;1;0;;46.27183;15.7852;16;3215
3552;Donačka gora (vzhodni vrh);Slovenija;Karavanke;883;vrh;3320;2;10;0;3;46.26341;15.74759;37;2395
3553;Joški vrh;Slovenija;Karavanke;595;vrh;753;2;6;0;;46.26699;15.73973;24;2899
3554;Grlo;Slovenija;Julijske Alpe;2429;sedlo;410;0;0;0;;46.43917;13.83615;18;3139
3555;Sveti Mohor (Lačna Gora);Slovenija;Pohorje, Dravinjske gorice in Haloze;602;vrh,cerkev;638;3;1;0;1;46.39652;15.45256;23;2958
3556;Kebeljski grad (Zajčev grad);Slovenija;Pohorje, Dravinjske gorice in Haloze;813;vrh;1360;5;3;0;;46.41351;15.45139;29;2707
3557;Sveti Jurij (Remšnik);Slovenija;Strojna, Košenjak, Kozjak in Slovenske gorice;685;vrh,cerkev;1050;7;4;0;;46.62559;15.3009;27;2787
3558;Zapotoški slapovi;Slovenija;Julijske Alpe;1140;slap;5930;8;1;0;;46.38651;13.6926;43;2196
3559;Križarka (Kamlik);Slovenija;Prekmurje;413;vrh;919;1;4;0;;46.82852;16.13244;26;2835
3560;Vukova kapela (Vidonci);Slovenija;Prekmurje;401;vrh,cerkev;472;2;1;0;;46.81603;16.13171;20;3078
3561;Grčarevec;Slovenija;Goriško, Notranjsko in Snežniško hribovje;476;jezero;899;4;1;0;;45.8727;14.2132;26;2842
3562;Hubertus vadászház;Madžarska;Zahodna Madžarska;285;koča;221;2;2;0;;46.56089;17.01679;13;3349
3563;Planina Berebica;Slovenija;Julijske Alpe;1248;planina;2900;9;1;0;;46.37589;13.71676;36;2436
3564;Lovska koča Berebica;Slovenija;Julijske Alpe;1590;planina,sedlo;3060;7;1;0;;46.38603;13.72203;37;2419
3565;Laghetto di Somdogna;Italija;Julijske Alpe;1447;jezero;1040;7;1;0;;46.45933;13.44731;27;2790
3566;Krniška glavica / Jof di Sompdogna;Italija;Julijske Alpe;1889;vrh,bivak;13230;12;2;0;2;46.45313;13.43918;46;2056
3567;Dedni vrh (Šuštarica);Slovenija;Karavanke;653;vrh;630;2;1;1;;46.28589;15.65327;23;2962
3568;Brinova glava;Slovenija;Julijske Alpe;1586;vrh;2940;5;1;0;;46.42819;13.85417;37;2431
3569;Županova jama;Slovenija;Posavsko hribovje in Dolenjska;430;Vremenska napoved:;751;4;2;0;;45.91276;14.6394;24;2902
3570;Na Glavi;Slovenija;Julijske Alpe;1666;vrh;2480;5;1;0;;46.38446;13.72422;35;2497
3572;Smrekov vrh;Slovenija;Goriško, Notranjsko in Snežniško hribovje;1449;vrh;4750;0;1;0;;45.9856;13.8557;41;2262
3574;Laze;Slovenija;Goriško, Notranjsko in Snežniško hribovje;450;jezero,planina;599;0;1;2;;45.86218;14.26532;22;2986
3575;Malga Granuda;Italija;Julijske Alpe;1501;planina;729;15;2;0;;46.48092;13.40444;24;2915
3577;Chiansaveit;Italija;Karnijske Alpe;1698;koča,planina;461;4;1;0;;46.45227;12.62759;19;3090
3578;Golek;Slovenija;Pohorje, Dravinjske gorice in Haloze;769;vrh;3960;6;7;0;20;46.38111;15.36192;39;2321
3579;Lorbekov vrh;Slovenija;Pohorje, Dravinjske gorice in Haloze;578;vrh;466;1;1;0;;46.53259;15.5271;19;3086
3580;Monte Gosadon;Italija;Julijske Alpe;1968;vrh;1920;10;4;0;;46.47276;13.41588;32;2601
3581;Clapsavon;Italija;Karnijske Alpe;2462;vrh;1260;9;2;2;;46.43791;12.6318;29;2730
3582;Bivera;Italija;Karnijske Alpe;2474;vrh;2360;12;2;1;;46.4414;12.642;34;2524
3583;Rob Velike Dnine;Slovenija;Julijske Alpe;2234;vrh;238;0;0;0;;46.42632;13.70443;13;3332
3584;Izletniška kmetija Ančka;Slovenija;Pohorje, Dravinjske gorice in Haloze;460;koča;505;2;2;0;3;46.37554;15.37375;20;3047
3585;Cima Vildiver (Dve špici);Italija;Julijske Alpe;2008;vrh;2150;11;2;0;;46.47694;13.423;33;2561
3586;Rote Wand;Avstrija;Hribovje vzhodno od Mure;1505;vrh;2130;11;3;1;;47.33333;15.40664;33;2563
3587;Kanjon Mostarske Bijele;Bosna in Hercegovina;Hercegovina;500;slap;832;4;1;0;;43.54329;17.79281;25;2863
3588;Sveti Ivan (otok Lošinj);Hrvaška;Jadranski otoki;231;vrh;3470;3;1;1;;44.51134;14.49727;38;2377
3589;Vršac (nad Zadnjo Trento);Slovenija;Julijske Alpe;2113;vrh;2640;14;2;0;;46.40038;13.68168;35;2472
3590;Hochstein;Avstrija;Labotniške Alpe;925;vrh;190;2;1;1;;47.15797;15.26704;12;3388
3591;Buchkogel (Wildoner Berg);Avstrija;Labotniške Alpe;550;vrh;170;3;1;1;;46.87066;15.50337;11;3421
3592;Gamskogel;Avstrija;Labotniške Alpe;859;vrh;251;2;1;1;;47.18593;15.30336;13;3318
3593;Schartnerkogel;Avstrija;Labotniške Alpe;931;vrh;109;4;2;2;;47.19784;15.30482;7;3570
3594;Gschwendt (Gschwendtberg);Avstrija;Hribovje vzhodno od Mure;1000;vrh;145;6;1;1;;47.28507;15.34576;10;3466
3595;Heulantsch;Avstrija;Hribovje vzhodno od Mure;1473;vrh;291;6;5;1;;47.35805;15.48137;15;3265
3597;Vrh Laške Planje;Italija, Slovenija;Julijske Alpe;2448;vrh;5510;15;2;2;;46.3441;13.44424;42;2219
3598;Obzidje nad Mátalo (Kreta);Grčija;Grški otoki;55;vrh;638;7;1;0;;34.99068;24.74768;23;2955
3599;Kókkini ámmos / Red beach (Crete) / Rdeča plaža (Kreta);Grčija;Grški otoki;5;Ogledov: 266;266;7;1;0;;34.98619;24.74946;14;3290
3600;Idaion Andro (Kreta);Grčija;Grški otoki;1525;Ogledov: 266;266;6;1;0;;35.20836;24.82914;14;3291
3601;Agathias (Kreta);Grčija;Grški otoki;2424;vrh;447;4;2;0;;35.2202;24.78346;19;3099
3602;Bivak v Veliki Dnini;Slovenija;Julijske Alpe;2180;bivak;6690;15;1;0;;46.43836;13.81932;43;2171
3603;Zelena glava;Bosna in Hercegovina;Hercegovina;2115;vrh;3490;3;1;0;;43.54965;17.90381;38;2375
3604;Timios Stavros / Psiloritis (Kreta);Grčija;Grški otoki;2456;vrh,cerkev;2500;14;2;0;;35.22634;24.77087;35;2493
3605;Kapelica Marijina roka (Stenica);Slovenija;Karavanke;1055;cerkev;989;6;2;0;;46.36827;15.31481;27;2805
3606;Cerkev Marijinega vnebovzetja (Vitanje);Slovenija;Karavanke;472;cerkev;384;3;1;0;2;46.38212;15.29745;17;3163
3607;Razgledna točka na Stenici;Slovenija;Karavanke;630;Vremenska napoved:;651;2;1;0;;46.37824;15.30418;23;2945
3608;Agia Roumeli (Kreta);Grčija;Grški otoki;10;Ogledov: 368;368;8;1;0;;35.23009;23.96373;17;3179
3609;Pahnes (Kreta);Grčija;Grški otoki;2453;vrh;615;6;1;0;;35.29204;24.03194;22;2978
3610;Goležev grad;Slovenija;Karavanke;505;vrh;612;2;2;0;2;46.37654;15.29305;22;2982
3611;Sv. Peter in Pavel (Veliko Tinje);Slovenija;Pohorje, Dravinjske gorice in Haloze;655;cerkev;364;1;1;0;3;46.41564;15.50135;17;3184
3612;Slap Šum (Bistriški vintgar);Slovenija;Pohorje, Dravinjske gorice in Haloze;590;slap;4590;1;1;0;1;46.42904;15.52628;41;2272
3613;Maroltova jelka (Bistriški vintgar);Slovenija;Pohorje, Dravinjske gorice in Haloze;800;Vremenska napoved:;1150;3;1;0;;46.44066;15.5025;28;2756
3614;Čajžič;Slovenija;Strojna, Košenjak, Kozjak in Slovenske gorice;421;vrh;334;1;2;0;;46.65386;15.59109;16;3220
3615;Soteska Mučevo;Slovenija;Karavanke;690;Vremenska napoved:;2440;8;2;0;;46.48956;14.87471;35;2509
3616;Razgledna ploščad pri Ančnikovem gradišču;Slovenija;Pohorje, Dravinjske gorice in Haloze;760;vrh;892;5;1;0;2;46.42604;15.52178;26;2843
3617;Rojstna hiša Stanka Vraza;Slovenija;Strojna, Košenjak, Kozjak in Slovenske gorice;293;Vremenska napoved:;477;5;2;0;;46.48249;16.16574;20;3071
3618;Sveti Martin (Zlakova);Slovenija;Pohorje, Dravinjske gorice in Haloze;589;vrh,cerkev;550;7;2;0;;46.38305;15.39551;21;3020
3619;Golika;Slovenija;Pohorje, Dravinjske gorice in Haloze;609;vrh,cerkev;482;4;1;0;10;46.37534;15.4112;20;3064
3620;Zachenkreuz;Avstrija;Hribovje vzhodno od Mure;1601;vrh;254;4;2;0;;47.36539;15.44484;14;3313
3621;Zum Guten Hirten;Avstrija;Hribovje vzhodno od Mure;1209;koča;175;2;1;0;;;;11;3412
3622;Obrovnik;Slovenija;Goriško, Notranjsko in Snežniško hribovje;700;vrh;1450;2;1;0;;45.64428;13.91903;30;2691
3623;Sekolje (Strahinjčica);Hrvaška;Gorjanci, Medvednica in Medžimurje;739;vrh;771;2;2;0;;46.18663;15.92134;24;2893
3624;Gasthaus Steirischer Jockl;Avstrija;Hribovje vzhodno od Mure;1398;koča;260;3;1;0;;47.36103;15.41222;14;3302
3625;Schüsserlbrunn;Avstrija;Hribovje vzhodno od Mure;1358;cerkev;181;2;1;0;;47.36122;15.41341;11;3400
3626;Teichalmsee;Avstrija;Hribovje vzhodno od Mure;1168;koča,jezero,planina;538;9;1;0;;47.34992;15.4619;21;3031
3627;Tersadia;Italija;Karnijske Alpe;1960;vrh;2110;15;1;0;;46.50298;13.10047;33;2565
3628;Svetinje;Slovenija;Strojna, Košenjak, Kozjak in Slovenske gorice;310;vrh,cerkev;625;5;1;0;;46.46234;16.16985;22;2970
3629;Kostanj;Slovenija;Strojna, Košenjak, Kozjak in Slovenske gorice;325;vrh;264;4;2;0;;46.47934;16.08374;14;3294
3630;Vrelenk;Slovenija;Pohorje, Dravinjske gorice in Haloze;1170;Vremenska napoved:;708;6;1;0;;46.51547;15.32774;24;2925
3631;Ferjanka;Slovenija;Polhograjsko hribovje in Ljubljana;399;Vremenska napoved:;3600;0;2;0;;46.01748;14.36472;38;2357
3632;Kleiner Speikkogel (Golica / Koralpe);Avstrija;Labotniške Alpe;2117;vrh;597;6;10;0;;46.78352;14.97887;22;2987
3633;Krakaberg (Golica / Koralpe);Avstrija;Labotniške Alpe;2070;vrh;526;5;8;0;;46.77987;14.96992;21;3035
3634;Bärentalhütte (Golica / Koralpe);Avstrija;Labotniške Alpe;1630;koča;168;3;1;0;;46.81692;14.99724;11;3423
3635;Grünangerhütte (Golica / Koralpe);Avstrija;Labotniške Alpe;1575;koča;134;4;2;0;;46.81247;15.0117;9;3493
3636;Loskogel (Golica / Koralpe);Avstrija;Labotniške Alpe;1790;vrh;245;5;2;0;;46.80651;15.00877;13;3321
3637;Steinmandl (Golica / Koralpe);Avstrija;Labotniške Alpe;1835;vrh;217;4;2;0;;46.80894;14.99808;12;3355
3638;Berggasthof Mönichkirchner-Schwaig;Avstrija;Hribovje vzhodno od Mure;1185;koča,jezero,planina,sedlo;136;3;2;0;;47.51858;16.00859;9;3491
3639;Veliki Medvejk / Monte Orsario;Italija, Slovenija;Goriško, Notranjsko in Snežniško hribovje;472;vrh;2100;9;1;1;;45.71465;13.82635;33;2567
3640;Hallerhaus am Wechsel;Avstrija;Hribovje vzhodno od Mure;1350;koča;117;3;2;0;;47.51648;15.99238;7;3547
3641;Kulinarik zur Stoa Alm;Avstrija;Hribovje vzhodno od Mure;1423;koča;162;3;2;0;;47.51753;15.98689;10;3434
3642;Orleška draga;Italija, Slovenija;Goriško, Notranjsko in Snežniško hribovje;265;Vremenska napoved:;655;2;1;0;;45.69189;13.83276;23;2943
3643;Steinerne Stiege;Avstrija;Hribovje vzhodno od Mure;1505;vrh;175;2;2;0;;47.51772;15.98147;11;3413
3644;Niederwechsel;Avstrija;Hribovje vzhodno od Mure;1669;vrh;318;11;2;0;;47.5181;15.95207;16;3236
3645;Hochwechsel;Avstrija;Hribovje vzhodno od Mure;1743;vrh,koča,planina,cerkev;934;20;10;0;;47.53031;15.91384;26;2826
3646;Vorauer Schwaig;Avstrija;Hribovje vzhodno od Mure;1509;koča,planina;132;2;1;0;;47.51143;15.95674;9;3496
3647;Gomba;Slovenija;Prekmurje;290;vrh;284;4;2;0;;46.70466;16.27448;15;3275
3648;Gramoznica Ivanci;Slovenija;Prekmurje;177;jezero;594;5;4;0;;46.65843;16.26433;22;2990
3649;Ledinekov kogel;Slovenija;Pohorje, Dravinjske gorice in Haloze;1182;vrh;2290;3;11;0;;46.50661;15.55489;34;2541
3650;Sveti Bolfenk (Mariborsko Pohorje);Slovenija;Pohorje, Dravinjske gorice in Haloze;1040;cerkev;5170;3;7;0;1;46.51605;15.5768;42;2235
3651;Badesee (Rechnitz);Avstrija;Hribovje vzhodno od Mure;363;jezero;279;4;1;0;;47.31771;16.43708;14;3283
3652;Donatikappele (nad krajem Rechnitz);Avstrija;Hribovje vzhodno od Mure;497;vrh,cerkev;102;5;2;0;;47.31684;16.4288;6;3599
3653;Adijev bivak na Reški planini;Slovenija;Posavsko hribovje in Dolenjska;910;bivak;1610;9;6;0;;46.2108;15.0616;31;2661
3654;Kulmkögerl (Kulmgipfel);Avstrija;Hribovje vzhodno od Mure;866;vrh;113;3;1;0;;47.23601;15.76989;7;3558
3655;Kulm;Avstrija;Hribovje vzhodno od Mure;975;vrh;424;7;1;0;;47.22494;15.75873;18;3128
3656;Mariabrunn;Avstrija;Hribovje vzhodno od Mure;940;cerkev;116;2;1;0;;47.22553;15.75776;7;3551
3657;Hahót hegy;Madžarska;Zahodna Madžarska;333;vrh;114;1;1;0;;46.62286;16.87063;7;3554
3658;Stubenbergsee;Avstrija;Hribovje vzhodno od Mure;380;jezero;234;9;1;0;;47.23201;15.79858;13;3336
3659;Königsberg;Avstrija;Hribovje vzhodno od Mure;462;vrh;227;4;2;0;;46.78309;15.95952;13;3343
3660;Puhov muzej (Sakušak);Slovenija;Strojna, Košenjak, Kozjak in Slovenske gorice;334;Vremenska napoved:;230;9;1;0;;46.49884;15.98385;13;3340
3661;Zengő (Mecsek);Madžarska;Južna Madžarska;682;vrh;477;3;2;0;;46.1799;18.37759;20;3072
3662;Kamno čelo (Mandrija);Slovenija;Goriško, Notranjsko in Snežniško hribovje;193;vrh,koča;601;0;1;0;6;45.90095;13.73002;22;2984
3663;Schloss Kapelle;Avstrija;Hribovje vzhodno od Mure;461;cerkev;132;5;8;0;;46.89409;15.97524;9;3497
3664;Kapfensteiner Kogel;Avstrija;Hribovje vzhodno od Mure;473;vrh;153;8;8;0;;46.89194;15.97543;10;3447
3665;Mühlsteinbruch;Avstrija;Hribovje vzhodno od Mure;491;vrh;138;5;1;0;;46.88818;15.9148;9;3482
3666;Gleichenberger Kogel;Avstrija;Hribovje vzhodno od Mure;598;vrh;256;6;4;0;;46.89212;15.90824;14;3308
3667;Beli vrh;Slovenija;Strojna, Košenjak, Kozjak in Slovenske gorice;355;vrh;398;3;1;0;;46.69582;15.70247;18;3153
3668;Gradišče Novine;Slovenija;Strojna, Košenjak, Kozjak in Slovenske gorice;346;vrh;281;2;3;0;;46.70204;15.6521;14;3281
3669;Veliki Školj;Slovenija;Goriško, Notranjsko in Snežniško hribovje;418;vrh;257;2;0;0;;45.85335;13.84992;14;3305
3670;Cerkev Marije rožnovenske (Črešnjice);Slovenija;Karavanke;512;cerkev;359;3;1;0;1;46.32711;15.34967;17;3190
3671;Kamniški vrh;Slovenija;Kamniško Savinjske Alpe;1259;vrh,bivak,planina;5;0;0;2;;;;0;3814
3672;Ravnocerje;Slovenija;Karavanke;679;vrh;284;1;3;2;;46.27415;15.66432;14;3276
3673;Kamniti lovec;Italija;Julijske Alpe;2071;vrh;8;5;0;0;;;;1;3803
3674;Maceljska gora;Hrvaška, Slovenija;Karavanke;718;vrh;1730;2;4;0;;46.26026;15.79765;31;2634
3675;Mejni kamen Marije Terezije (Tromejnik);Avstrija, Slovenija;Prekmurje;343;Vremenska napoved:;477;2;6;0;;46.83516;15.99655;20;3077
3676;Sveta Ana pri Igu / Sankt Anna am Aigen;Avstrija;Hribovje vzhodno od Mure;403;vrh,koča,cerkev;402;10;7;0;;46.83021;15.97386;18;3146
3677;Zveličarjeva kapela (Velika Varnica);Slovenija;Pohorje, Dravinjske gorice in Haloze;370;cerkev;402;2;1;0;;46.29937;15.92208;18;3147
3678;Bschaidkogel;Avstrija;Hribovje vzhodno od Mure;563;vrh;118;2;2;0;;46.89389;15.9168;8;3542
3680;Katarina;Slovenija;Polhograjsko hribovje in Ljubljana;685;Ogledov: 6;6;0;0;0;;;;1;3809
3681;Weißgrubenkopf;Avstrija;Nizke Ture;2369;vrh;287;7;1;0;;47.18626;13.33262;15;3272
3682;Jezero Radehova;Slovenija;Strojna, Košenjak, Kozjak in Slovenske gorice;233;jezero;491;2;1;0;;46.56312;15.83846;20;3056
3683;Kapela sv. Marije (Radehova);Slovenija;Strojna, Košenjak, Kozjak in Slovenske gorice;251;Vremenska napoved:;202;4;1;0;;46.56728;15.83837;12;3374
3684;Budinci;Slovenija;Prekmurje;285;Vremenska napoved:;467;2;2;0;;46.8671;16.2596;19;3084
3685;Katin breg / Katalin-hegy;Madžarska;Zahodna Madžarska;367;vrh;261;5;4;0;;46.87753;16.22761;14;3301
3686;Haneggkogel;Avstrija;Labotniške Alpe;1089;vrh;100;3;1;1;;47.25443;15.27762;6;3605
3687;Sveti Nikola;Hrvaška;Biokovo in Dalmacija;572;cerkev;560;2;1;1;;43.39339;16.93352;21;3015
3688;Planinska koča Bukovac;Hrvaška;Biokovo in Dalmacija;1030;koča;373;4;1;1;;43.38244;16.9522;17;3174
3689;Stražni stolp nad Eisenbergom;Avstrija, Madžarska;Hribovje vzhodno od Mure;376;vrh;193;5;2;0;;46.88529;16.13877;12;3384
3690;Holzmannkogel;Avstrija;Hribovje vzhodno od Mure;393;vrh;159;2;6;0;;46.8749;16.11537;10;3438
3691;Biokovsko oko (Šuplja stina);Hrvaška;Biokovo in Dalmacija;655;vrh;1100;3;1;1;;43.38101;16.93778;28;2771
3692;Glava za Bajto;Slovenija;Julijske Alpe;2131;vrh;2090;1;4;0;;46.32571;13.74176;33;2574
3693;Bukovac;Hrvaška;Biokovo in Dalmacija;1262;vrh;585;3;1;1;;43.37605;16.95934;22;2996
3694;Planinsko zavetišče Pakline;Hrvaška;Biokovo in Dalmacija;852;bivak;620;4;1;1;;43.37643;16.94763;22;2975
3695;Harterberg (Hoaterberg);Avstrija;Hribovje vzhodno od Mure;1036;vrh;102;3;1;1;;47.28665;15.38952;6;3600
3696;Skrivališče konjev;Slovenija;Strojna, Košenjak, Kozjak in Slovenske gorice;278;Vremenska napoved:;243;3;1;0;;46.47032;16.12828;13;3322
3697;Kapela sv. Družine (Runeč);Slovenija;Strojna, Košenjak, Kozjak in Slovenske gorice;311;cerkev;181;3;2;0;;46.46367;16.12936;11;3401
3698;Hochtrötsch (Trötsch);Avstrija;Hribovje vzhodno od Mure;1239;vrh;139;7;1;1;;47.26021;15.36945;9;3480
3699;Schiffall;Avstrija;Labotniške Alpe;1221;vrh;113;4;1;1;;47.31222;15.33972;7;3559
3700;Stropnik;Slovenija;Karavanke;862;vrh;629;1;1;1;;46.38934;15.15458;23;2965
3702;Sveti Peter (Nad Ajbo);Slovenija;Goriško, Notranjsko in Snežniško hribovje;260;vrh,cerkev;736;1;1;0;;46.10565;13.65186;24;2911
3703;Sveti Štefan (Turje);Slovenija;Posavsko hribovje in Dolenjska;598;cerkev;671;4;1;0;;46.12889;15.15193;23;2936
3704;Vrhe (pri Gorah);Slovenija;Posavsko hribovje in Dolenjska;781;vrh;740;3;3;0;;46.11712;15.13272;24;2909
3705;Kuhriegel (Dobrač);Avstrija;Ziljske Alpe;2166;vrh;4;0;0;0;;;;0;3817
3706;Cerkev Lurške Matere Božje (Lurd);Slovenija;Posavsko hribovje in Dolenjska;300;cerkev;520;1;1;0;1;46.12721;15.18883;21;3040
3707;Stražnik;Slovenija;Posavsko hribovje in Dolenjska;648;vrh;3820;8;1;0;;46.11011;15.20031;39;2334
3708;Kogel (Litmerk);Slovenija;Strojna, Košenjak, Kozjak in Slovenske gorice;330;vrh;243;4;2;0;;46.44082;16.153;13;3323
3709;Kreuzkogel;Avstrija;Labotniške Alpe;1181;vrh;187;4;2;2;;47.31428;15.34457;11;3393
3710;Severjev grič;Slovenija;Polhograjsko hribovje in Ljubljana;401;vrh;429;8;1;0;;46.06601;14.31655;19;3120
3711;Tolsti vrh (na Kozjaku);Avstrija, Slovenija;Strojna, Košenjak, Kozjak in Slovenske gorice;756;vrh;553;3;4;0;;46.65185;15.3759;21;3018
3712;Veliko Kozje;Slovenija;Posavsko hribovje in Dolenjska;993;vrh,koča;10;4;0;5;;;;1;3799
3713;Odomovo jezero;Slovenija;Strojna, Košenjak, Kozjak in Slovenske gorice;661;jezero;1430;8;1;0;;46.64439;15.36701;30;2697
3714;Stropnica;Slovenija;Karavanke;880;vrh;641;2;2;3;;46.39223;15.15122;23;2950
3715;Olperer;Avstrija;Zillertalske Alpe;3476;vrh;752;0;0;0;;47.0531;11.65857;24;2901
3716;Grilov vrh;Slovenija;Strojna, Košenjak, Kozjak in Slovenske gorice;835;vrh;2390;5;2;0;;46.58362;15.42143;34;2519
3717;Turška peč;Slovenija;Strojna, Košenjak, Kozjak in Slovenske gorice;612;vrh;561;2;2;0;;46.58464;15.41073;21;3012
3718;Cerkev sv. Mihaela na Šmihelu;Slovenija;Posavsko hribovje in Dolenjska;442;vrh,cerkev;967;4;2;0;;46.15727;15.22368;27;2811
3719;Predigtstuhl;Avstrija;Labotniške Alpe;853;vrh;111;5;1;1;;47.3542;15.32372;7;3563
3720;Sveta Katarina (Kuretno);Slovenija;Posavsko hribovje in Dolenjska;419;cerkev;381;4;1;0;;46.15522;15.20935;17;3169
3721;Lovski dom na Govcah;Slovenija;Posavsko hribovje in Dolenjska;565;koča;470;2;4;0;;46.15678;15.17389;20;3082
3722;Pfaffenkogel;Avstrija;Labotniške Alpe;734;vrh;100;7;1;1;;47.16551;15.30956;6;3606
3725;Tupla jama;Slovenija;Goriško, Notranjsko in Snežniško hribovje;450;Vremenska napoved:;541;4;1;0;;45.68005;13.91111;21;3027
3726;Pastirska kapelica;Slovenija;Posavsko hribovje in Dolenjska;640;cerkev;291;2;2;0;;46.15801;15.17265;15;3266
3727;Tabor (nad Črnučami);Slovenija;Polhograjsko hribovje in Ljubljana;370;vrh;778;2;1;0;;46.10287;14.52052;25;2888
3728;Cerkev sv. Krištofa na Gramnu;Slovenija;Posavsko hribovje in Dolenjska;324;vrh,cerkev;300;3;1;0;;46.14996;15.22994;15;3254
3730;Crnopac;Hrvaška;Velebit;1404;vrh;1380;14;1;0;;44.25202;15.83622;29;2706
3733;Sveti Rok (otok Iž);Hrvaška;Jadranski otoki;50;vrh,cerkev;428;4;1;0;;44.05722;15.10266;19;3122
3734;Lovsko zavetišče LD Mala Nedelja;Slovenija;Strojna, Košenjak, Kozjak in Slovenske gorice;215;koča;175;1;1;0;;46.52068;16.10702;11;3414
3737;Korinjak;Hrvaška;Jadranski otoki;168;vrh;799;6;1;0;1;44.05859;15.09496;25;2876
3738;Planinsko zavetišče Crnopac;Hrvaška;Velebit;1137;bivak;640;5;2;0;;44.26379;15.83215;23;2952
3739;Sveta Trojica (Mala Nedelja);Slovenija;Strojna, Košenjak, Kozjak in Slovenske gorice;280;vrh,cerkev;426;5;1;0;;46.52324;16.0552;18;3125
3740;Zeleno okno;Slovenija;Strojna, Košenjak, Kozjak in Slovenske gorice;325;vrh;344;4;3;0;;46.51997;16.02422;16;3209
3742;Krčmar;Hrvaška;Dinara in Lika;773;vrh;318;7;2;0;;44.57069;15.2929;16;3237
3743;Ledenik pod Skuto;Slovenija;Kamniško Savinjske Alpe;2120;vrh;1490;0;0;0;;46.36467;14.55978;30;2687
3744;Vražji Stolček;Hrvaška;Gorjanci, Medvednica in Medžimurje;280;vrh;394;1;2;0;;46.22101;16.2086;18;3155
3747;Bili kuk;Hrvaška;Velebit;1171;vrh;1220;5;4;0;;44.2625;15.83979;29;2739
3748;Großer Hirschenstein;Avstrija;Hribovje vzhodno od Mure;862;vrh;117;3;3;0;;47.34542;16.37901;7;3548
3749;Ribnika Devin v Ošelju;Slovenija;Pohorje, Dravinjske gorice in Haloze;812;jezero;327;6;2;0;;46.44593;15.51313;16;3226
3750;Ribnik zahodno od Ošelja;Slovenija;Pohorje, Dravinjske gorice in Haloze;824;jezero;378;4;2;0;;46.4446;15.50367;17;3171
3751;Partizanska bolnišnica Jesen;Slovenija;Pohorje, Dravinjske gorice in Haloze;1035;Vremenska napoved:;1290;8;3;0;;46.4572;15.46245;29;2722
3752;Kita Gaćešina;Hrvaška;Velebit;1227;vrh;728;10;6;0;;44.27142;15.83934;24;2918
3755;Stuhleck;Avstrija;Hribovje vzhodno od Mure;1782;vrh,koča,planina;1310;9;4;0;;47.57415;15.78995;29;2719
3756;Grazer Stuhleck;Avstrija;Hribovje vzhodno od Mure;1635;vrh;298;2;4;0;;47.55844;15.76369;15;3255
3757;Geiereck;Avstrija;Hribovje vzhodno od Mure;1644;vrh;212;2;4;0;;47.55435;15.75082;12;3365
3758;Peter-Bergner-Warte (Pretul);Avstrija;Hribovje vzhodno od Mure;1656;vrh;218;7;4;0;;47.54975;15.74382;12;3354
3759;Roseggerhaus;Avstrija;Hribovje vzhodno od Mure;1586;koča,planina;210;7;5;0;;47.54577;15.73958;12;3369
3760;Amundsenhöhe;Avstrija;Hribovje vzhodno od Mure;1666;vrh;240;6;4;0;;47.55163;15.73162;13;3328
3761;Moschkogelhütte;Avstrija;Hribovje vzhodno od Mure;1582;koča,planina;142;1;4;0;;47.55904;15.74554;9;3473
3762;Grabmayr-Kogel;Avstrija;Hribovje vzhodno od Mure;1495;vrh;120;2;2;0;;47.56761;15.82144;8;3539
3763;Großer Pfaff;Avstrija;Hribovje vzhodno od Mure;1555;vrh;165;5;3;0;;47.56201;15.82618;11;3426
3764;Kleiner Pfaff;Avstrija;Hribovje vzhodno od Mure;1539;vrh;115;6;2;0;;47.56568;15.82131;7;3553
3765;Jezero Haršaš / Hársas tó;Madžarska;Zahodna Madžarska;233;koča,jezero;266;10;3;0;;46.93388;16.31287;14;3292
3766;Kapela Brenner / Brenner Kápolna;Madžarska;Zahodna Madžarska;264;cerkev;98;8;2;0;;46.9432;16.28806;6;3611
3767;Mrzli vrh;Slovenija;Kamniško Savinjske Alpe;2094;vrh;1570;2;0;1;;46.37565;14.56918;30;2667
3768;Ainos (Kefalonija);Grčija;Grški otoki;1628;vrh;641;4;1;0;;38.13658;20.671;23;2961
3769;Kluže;Slovenija;Pohorje, Dravinjske gorice in Haloze;496;vrh;423;2;1;0;;46.5295;15.48838;18;3134
3770;Globokarjev vrh;Slovenija;Pohorje, Dravinjske gorice in Haloze;616;vrh;343;2;1;0;;46.52814;15.46586;16;3211
3771;Sveta Marija (Smolnik);Slovenija;Pohorje, Dravinjske gorice in Haloze;860;cerkev;309;1;2;0;;46.51014;15.4464;15;3249
3772;Sveti Janez Krstnik (Šentjanž nad Dravčami);Slovenija;Pohorje, Dravinjske gorice in Haloze;655;vrh,cerkev;324;3;1;0;;46.57975;15.13175;16;3230
3773;Koča Planinc;Slovenija;Pohorje, Dravinjske gorice in Haloze;1010;koča;2750;11;3;3;;46.53174;15.17228;36;2460
3774;Sveti Primož (Sveti Primož na Pohorju);Slovenija;Pohorje, Dravinjske gorice in Haloze;667;vrh,cerkev;651;5;1;0;;46.55803;15.16469;23;2946
3775;Sedovnikov vrh;Slovenija;Pohorje, Dravinjske gorice in Haloze;942;vrh;476;1;1;0;;46.53603;15.16158;20;3075
3776;Jausenstation Charly's Hütte;Avstrija;Labotniške Alpe;1094;koča,jezero;315;1;1;0;;46.68781;15.02893;15;3241
3777;St. Vinzenz (St. Vinzenz);Avstrija;Labotniške Alpe;1083;jezero,cerkev;241;3;1;0;;46.69617;15.01377;13;3326
3778;Dreieckhütte;Avstrija;Labotniške Alpe;1452;koča,planina,sedlo,cerkev;283;10;1;0;;46.71668;15.04482;14;3278
3779;Dreieckkogel;Avstrija;Labotniške Alpe;1528;vrh;441;4;1;0;;46.72155;15.04165;19;3108
3780;Kleinalpl;Avstrija;Labotniške Alpe;1759;vrh;163;3;2;0;;46.7412;14.98684;10;3430
3781;Planinsko zavetišče Martinova Košara;Hrvaška;Dinara in Lika;1287;bivak;216;9;1;0;;44.03961;16.40609;12;3358
3783;Planinsko zavetišče Glavaš;Hrvaška;Dinara in Lika;550;bivak;205;3;1;0;;44.01136;16.41923;12;3371
3784;Gundisch Hütte;Avstrija;Labotniške Alpe;1435;koča,planina;124;4;0;0;;46.72461;15.00276;8;3525
3785;Steinberger Hütte;Avstrija;Labotniške Alpe;1550;koča,planina;117;5;0;0;;46.73098;14.99612;7;3549
3786;Weinhofen;Avstrija;Labotniške Alpe;1726;vrh;137;3;1;0;;46.83528;15.01459;9;3485
3787;Brandhöhe;Avstrija;Labotniške Alpe;1886;vrh;142;3;1;0;;46.82748;14.99548;9;3474
3788;Moschkogel;Avstrija;Labotniške Alpe;1916;vrh;332;7;2;0;;46.82321;14.9926;16;3222
3789;Bernsteinhütte;Avstrija;Labotniške Alpe;1559;koča,planina;158;2;3;0;;46.99871;14.9164;10;3439
3790;Hirschegger Alm (južni vrh);Avstrija;Labotniške Alpe;1767;vrh;146;4;4;0;;47.00794;14.89391;10;3462
3794;Orlov kuk (Orlov kamen);Hrvaška;Velebit;1218;vrh;767;6;2;0;;44.26542;15.82698;24;2894
3795;Hirschegger Alm (severni vrh);Avstrija;Labotniške Alpe;1871;vrh;137;1;4;0;;47.01956;14.87649;9;3486
3796;Peterer Riegel;Avstrija;Labotniške Alpe;1967;vrh;238;13;9;0;;47.03833;14.8404;13;3333
3797;Saureishütte;Avstrija;Labotniške Alpe;1620;koča;90;3;2;0;;47.02508;14.885;5;3636
3798;Seinerkreuz;Avstrija;Labotniške Alpe;1779;vrh;119;7;2;0;;47.02898;14.88134;8;3540
3799;Unterauerlinger Hütte;Avstrija;Labotniške Alpe;1438;koča,planina,cerkev;83;3;1;0;;46.99871;14.9164;5;3658
3800;Knödelhütte;Avstrija;Labotniške Alpe;1407;koča,planina;84;3;1;0;;46.99082;14.94195;5;3651
3801;Rosseben;Avstrija;Labotniške Alpe;1710;vrh,planina;109;4;1;0;;47.05625;14.86523;7;3571
3802;Hofhütte;Avstrija;Labotniške Alpe;1746;planina;131;2;3;0;;47.04971;14.81652;9;3499
3803;Häuslalmhütte;Avstrija;Severne apneniške Alpe;1526;koča,sedlo;109;6;1;0;;47.58931;15.07555;7;3575
3804;Buchbergkogel;Avstrija;Severne apneniške Alpe;1700;vrh;135;5;1;0;;47.58451;15.0803;9;3492
3805;Sackwiesenalm;Avstrija;Severne apneniške Alpe;1458;koča,planina;131;8;1;0;;47.5888;15.06868;8;3518
3806;Sackwiesensee;Avstrija;Severne apneniške Alpe;1414;jezero,planina;147;8;1;0;;47.59118;15.06227;10;3459
3807;Steinschneider;Avstrija;Labotniške Alpe;2070;vrh;298;2;6;0;;46.79432;14.95827;15;3256
3809;Planinsko zavetišče Drago Grubać;Hrvaška;Dinara in Lika;1645;bivak;432;9;1;0;;44.04366;16.38703;19;3116
3810;Planinski dom Orlove stine;Hrvaška;Biokovo in Dalmacija;1065;koča,bivak,sedlo;241;5;1;0;;43.76981;16.52414;13;3329
3811;Orlove stine;Hrvaška;Biokovo in Dalmacija;1139;vrh;396;7;4;0;;43.77269;16.52534;18;3154
3812;Umac (pri Svilaji);Hrvaška;Biokovo in Dalmacija;1117;vrh;198;9;2;0;;43.77951;16.5128;12;3380
3814;Svilaja;Hrvaška;Biokovo in Dalmacija;1509;vrh;1170;7;2;0;;43.79064;16.48499;28;2750
3815;Brunarica Krmiše;Slovenija;Karavanke;960;koča;1770;3;1;0;1;46.48902;13.84529;31;2630
3816;Planinska koča Promina;Hrvaška;Biokovo in Dalmacija;850;koča;190;5;1;0;;43.90909;16.17169;12;3390
3817;Hegyesd;Madžarska;Zahodna Madžarska;281;vrh;118;4;2;0;;46.91388;17.51151;8;3543
3818;Čavnovka (Promina);Hrvaška;Biokovo in Dalmacija;1148;vrh;401;16;4;0;;43.92461;16.16985;18;3149
3819;Csobánc;Madžarska;Zahodna Madžarska;376;vrh;186;2;1;0;;46.87116;17.50395;11;3394
3820;Osobac;Bosna in Hercegovina;Hercegovina;2024;vrh;521;3;1;0;;43.54923;17.94034;21;3039
3821;Škrbinjek;Slovenija;Julijske Alpe;1341;vrh;2380;3;1;0;;46.46621;13.77279;34;2522
3822;Messnerin;Avstrija;Severne apneniške Alpe;1835;vrh;436;6;2;0;;47.55968;15.08527;19;3115
3823;Kamplriedel (Blick zum grünen See);Avstrija;Severne apneniške Alpe;1030;Vremenska napoved:;130;3;2;0;;47.54576;15.07128;9;3503
3824;Zeleno jezero / Grüner See;Avstrija;Severne apneniške Alpe;776;jezero;452;12;1;0;;47.54107;15.05577;19;3097
3826;Čardak (Tremzina);Hrvaška;Velebit;1173;vrh;239;7;1;0;;44.24298;15.95159;13;3330
3830;Oklinak;Hrvaška;Velebit;1186;vrh;291;10;1;0;;44.23923;15.96158;15;3267
3831;Florhütte;Avstrija;Severne apneniške Alpe;1284;koča;110;6;1;0;;47.61527;15.21026;7;3566
3832;Voisthalerhütte;Avstrija;Severne apneniške Alpe;1654;vrh,koča;144;3;1;0;;47.61218;15.18061;9;3470
3833;Schiestelhaus;Avstrija;Severne apneniške Alpe;2156;koča;176;5;3;0;;47.62209;15.14915;11;3410
3834;Planinski dom Klek;Hrvaška;Gorski Kotar in Istra;1000;koča;930;5;1;0;;45.25728;15.14431;26;2829
3835;Klečica;Hrvaška;Gorski Kotar in Istra;1058;vrh;580;7;1;0;;45.26761;15.14122;22;3000
3838;Stožac;Hrvaška;Gorski Kotar in Istra;809;vrh,bivak;304;8;1;0;;45.23786;15.18427;15;3250
3839;Kleiner Hochschwab;Avstrija;Severne apneniške Alpe;2248;vrh;205;5;1;0;;47.61825;15.14633;12;3372
3840;Hochschwab;Avstrija;Severne apneniške Alpe;2277;vrh;1270;11;4;0;;47.61821;15.14244;29;2728
3841;Edelweißhütte am Schneeberg;Avstrija;Severne apneniške Alpe;1235;koča,planina;108;3;1;0;;47.79178;15.81498;7;3581
3842;Almreserlhaus;Avstrija;Severne apneniške Alpe;1222;koča,planina,sedlo;81;5;1;0;;47.79497;15.81652;4;3670
3843;Sparbacherhütte;Avstrija;Severne apneniške Alpe;1248;koča,planina;84;2;1;0;;47.79217;15.81363;4;3659
3844;Heinrich-Krempel-Hütte;Avstrija;Severne apneniške Alpe;1561;koča;95;1;1;0;;47.7748;15.7893;5;3624
3845;Fischerhütte (Schneeberg);Avstrija;Severne apneniške Alpe;2049;koča;134;2;1;0;;47.77245;15.80984;9;3494
3846;Kaiserstein (Schneeberg);Avstrija;Severne apneniške Alpe;2061;vrh;217;3;1;0;;47.77338;15.80986;12;3359
3848;Sveti Miklavž (Koritno);Slovenija;Pohorje, Dravinjske gorice in Haloze;678;cerkev;264;2;1;0;;46.4024;15.43488;14;3295
3849;Sveti Lenart (Koritno);Slovenija;Pohorje, Dravinjske gorice in Haloze;745;cerkev;251;3;1;0;;46.40786;15.42786;13;3319
3850;Koča na Jurgovem;Slovenija;Pohorje, Dravinjske gorice in Haloze;1430;koča;1810;2;3;0;;46.45305;15.35542;32;2621
3851;Izvir Dravinje;Slovenija;Pohorje, Dravinjske gorice in Haloze;1460;Vremenska napoved:;2440;2;3;0;;46.45241;15.33528;34;2510
3852;Cerkev Jezusove spremenitve na gori (Rogla);Slovenija;Pohorje, Dravinjske gorice in Haloze;1474;cerkev;1630;4;3;0;1;46.45366;15.33546;31;2652
3853;Hotel Tisa (Poštarski dom);Slovenija;Pohorje, Dravinjske gorice in Haloze;912;koča;1680;2;3;0;;46.49876;15.56664;31;2647
3854;Kranichberger Schwaig;Avstrija;Hribovje vzhodno od Mure;1530;koča,planina;79;2;1;0;;47.56379;15.90456;4;3680
3855;Arabichl;Avstrija;Hribovje vzhodno od Mure;1595;vrh;163;4;3;0;;47.56366;15.91392;10;3431
3856;Schöberlriegel;Avstrija;Hribovje vzhodno od Mure;1704;vrh;215;1;3;0;;47.55418;15.90259;12;3361
3857;Umschussriegel;Avstrija;Hribovje vzhodno od Mure;1720;vrh;184;4;3;0;;47.54619;15.90178;11;3398
3858;Visoki Pipar;Italija;Julijske Alpe;2069;vrh;5960;10;2;0;;46.4732;13.43532;43;2195
3859;Harterkogel;Avstrija;Hribovje vzhodno od Mure;1523;vrh;107;3;2;0;;47.56359;15.84097;6;3582
3860;Alpengasthof Scheikl;Avstrija;Severne apneniške Alpe;1154;koča,planina;76;4;1;0;;47.63232;15.42492;4;3691
3861;Graf-Meran-Haus;Avstrija;Severne apneniške Alpe;1836;koča;123;7;3;0;;47.64467;15.4093;8;3529
3862;Hohe Veitsch;Avstrija;Severne apneniške Alpe;1981;vrh;467;12;4;0;;47.64862;15.40572;19;3085
3863;Schalleralm;Avstrija;Severne apneniške Alpe;1332;koča,planina;79;7;2;0;;47.63521;15.41185;4;3681
3864;Sv. Lenart (pri Soboti) / St. Leonhard (bei Soboth);Avstrija;Labotniške Alpe;1155;sedlo,cerkev;438;8;2;0;;46.67997;15.04415;19;3113
3865;Untere Holdahütte;Avstrija;Hribovje vzhodno od Mure;1282;planina;103;7;3;0;;47.46837;15.64317;6;3598
3866;Teufelsteinalm;Avstrija;Hribovje vzhodno od Mure;1390;planina;87;2;4;0;;47.45997;15.62107;5;3645
3867;Teufelstein;Avstrija;Hribovje vzhodno od Mure;1498;vrh;180;9;4;0;;47.46544;15.62034;11;3403
3868;Edelweißhütte auf der Waldtonialm;Avstrija;Hribovje vzhodno od Mure;1189;koča,planina;114;9;2;0;;47.47635;15.66245;7;3555
3870;Tyrnauer Almhütte;Avstrija;Hribovje vzhodno od Mure;1318;koča,planina;129;6;2;0;;47.34091;15.42789;8;3509
3871;Sveti večer;Slovenija;Posavsko hribovje in Dolenjska;516;vrh;211;0;0;2;;46.02708;14.81168;12;3366
3872;Gerlerkogel;Avstrija;Hribovje vzhodno od Mure;1324;vrh;129;5;4;1;;47.33324;15.46536;8;3510
3873;Plankogel;Avstrija;Hribovje vzhodno od Mure;1531;vrh;312;7;7;0;;47.35498;15.55815;15;3245
3874;Sommeralm;Avstrija;Hribovje vzhodno od Mure;1404;planina,sedlo,cerkev;203;3;7;0;;47.34473;15.55236;12;3373
3875;Bründlkogel;Avstrija;Hribovje vzhodno od Mure;1436;vrh;138;4;3;0;;47.33377;15.5545;9;3483
3876;Osser;Avstrija;Hribovje vzhodno od Mure;1548;vrh;178;6;4;0;;47.34422;15.50106;11;3406
3877;Haberlstall Alm;Avstrija;Hribovje vzhodno od Mure;1348;koča,planina,sedlo;122;4;5;0;;47.36521;15.53357;8;3531
3878;Zechnerschlag (Rohregg);Avstrija;Hribovje vzhodno od Mure;1434;vrh;97;4;5;0;;47.36954;15.53571;6;3616
3879;Generalkogel;Avstrija;Labotniške Alpe;713;vrh;129;5;1;1;;47.09817;15.32459;8;3511
3881;Frauenkogel;Avstrija;Labotniške Alpe;683;vrh;171;4;2;2;;47.10687;15.34928;11;3419
3882;Mitterbachkogel;Avstrija;Hribovje vzhodno od Mure;1401;vrh;100;3;1;0;;47.37979;15.54033;6;3607
3883;Hochschlag;Avstrija;Hribovje vzhodno od Mure;1580;vrh;107;6;1;0;;47.40289;15.50482;6;3583
3884;Ljubljan;Hrvaška;Biokovo in Dalmacija;1262;vrh;286;10;1;0;;43.54238;16.61075;15;3273
3885;Schankkogel;Avstrija;Labotniške Alpe;1049;vrh;90;3;2;2;;47.23499;15.25382;5;3637
3886;Peseke;Slovenija;Posavsko hribovje in Dolenjska;428;vrh;263;2;1;0;;46.1821;15.44104;14;3298
3887;Hochanger;Avstrija;Labotniške Alpe;1308;vrh;180;7;2;2;;47.36571;15.26616;11;3404
3892;Planinsko zavetišče Ljubljan;Hrvaška;Biokovo in Dalmacija;1080;bivak;188;7;1;0;;43.54558;16.61116;11;3391
3896;Javorska;Hrvaška;Biokovo in Dalmacija;1270;vrh;186;4;1;0;;43.53568;16.61609;11;3395
3897;Rannerwandkreuz;Avstrija;Hribovje vzhodno od Mure;1085;vrh;97;3;1;1;;47.35099;15.38322;6;3617
3898;Cerkev sv. Helene na Javorju;Slovenija;Posavsko hribovje in Dolenjska;528;vrh,cerkev;290;3;2;0;;46.17276;15.45016;15;3270
3899;Turistična kmetija Žurej;Slovenija;Posavsko hribovje in Dolenjska;313;koča;272;2;1;0;1;46.16727;15.46849;14;3286
3900;Ranerwand;Avstrija;Hribovje vzhodno od Mure;1308;vrh;80;3;1;1;;47.35572;15.39288;4;3675
3901;Slivniško jezero;Slovenija;Posavsko hribovje in Dolenjska;295;koča,jezero;932;9;1;0;;46.1879;15.44344;26;2830
3902;Barofen;Avstrija;Labotniške Alpe;1720;vrh;145;6;4;0;;46.88952;14.99305;10;3467
3903;Renneiskogel;Avstrija;Labotniške Alpe;1689;vrh;119;3;5;0;;46.87817;15.00744;8;3541
3905;Gradišče (nad Slivniškim jezerom);Slovenija;Posavsko hribovje in Dolenjska;433;vrh;359;6;2;0;;46.19253;15.43309;17;3193
3906;Vickov stup;Hrvaška;Biokovo in Dalmacija;1325;vrh,bivak;466;9;2;0;;43.53231;16.62614;19;3087
3907;Ljubirna;Hrvaška;Biokovo in Dalmacija;1330;vrh;255;9;2;0;;43.53169;16.62796;14;3310
3908;Gaj;Slovenija;Posavsko hribovje in Dolenjska;419;vrh;255;4;2;0;;46.19147;15.42351;13;3314
3909;Sveti Urban (Gorica pri Slivnici);Slovenija;Posavsko hribovje in Dolenjska;310;cerkev;367;4;1;0;;46.18874;15.42599;17;3180
3910;Grad Rifnik (Raicheneck);Slovenija;Posavsko hribovje in Dolenjska;450;vrh;494;3;1;0;1;46.2015;15.40303;20;3052
3911;Hum pri Ormožu;Slovenija;Strojna, Košenjak, Kozjak in Slovenske gorice;300;vrh,cerkev;541;2;1;0;;46.41512;16.1997;21;3028
3912;Kog;Slovenija;Strojna, Košenjak, Kozjak in Slovenske gorice;316;vrh,cerkev;430;4;2;1;;46.45586;16.25429;19;3121
3914;Planinski dom Umberto Girometta;Hrvaška;Biokovo in Dalmacija;868;koča;320;3;1;0;;43.52221;16.61978;16;3234
3916;Veliki Kabal;Hrvaška;Biokovo in Dalmacija;1339;vrh;839;9;1;1;;43.5271;16.63752;25;2861
3917;Sveti Miklavž (Miklavž pri Ormožu);Slovenija;Strojna, Košenjak, Kozjak in Slovenske gorice;232;cerkev;327;3;1;0;;46.4592;16.21363;16;3227
3918;Grad Podčetrtek;Slovenija;Posavsko hribovje in Dolenjska;355;vrh;1740;4;3;0;1;46.15929;15.59258;31;2635
3919;Zavetišče Šmarnica na Mali Rudnici;Slovenija;Posavsko hribovje in Dolenjska;577;vrh,koča;1010;3;5;0;1;46.17089;15.57644;27;2800
3920;Silavec (Stolp zdravja in veselja na Rudnici);Slovenija;Posavsko hribovje in Dolenjska;622;vrh;2670;11;10;0;1;46.16678;15.57177;36;2467
3921;Sveti Lovrenc (Podčetrtek);Slovenija;Posavsko hribovje in Dolenjska;228;cerkev;810;3;1;0;;46.1577;15.59405;25;2872
3922;Wolfstein am Wildbachsattel;Avstrija;Labotniške Alpe;1611;Vremenska napoved:;99;3;4;0;;46.8698;15.00949;6;3610
3923;Jagdhaus Straßerhalt;Avstrija;Labotniške Alpe;1522;planina;125;6;3;0;;46.85595;14.99171;8;3526
3924;Mađerkin Breg;Hrvaška;Gorjanci, Medvednica in Medžimurje;341;vrh;1810;5;1;0;;46.49128;16.26087;32;2622
3925;Evangeličanska cerkev (Bodonci);Slovenija;Prekmurje;287;cerkev;200;10;2;0;;46.74063;16.08956;12;3376
3926;Sv. Marjeta na Golem;Slovenija;Goriško, Notranjsko in Snežniško hribovje;654;vrh,cerkev;431;8;1;1;2;45.9143;14.55445;19;3118
3927;Gschaidberg;Avstrija;Hribovje vzhodno od Mure;1239;vrh;118;8;4;1;;47.30517;15.43736;7;3544
3928;Gerlerkogelhütte;Avstrija;Hribovje vzhodno od Mure;1234;koča;138;10;4;1;;47.33172;15.46752;9;3484
3931;Mali vrh (Kamnik);Slovenija;Posavsko hribovje in Dolenjska;710;vrh;905;1;1;0;;46.20746;15.13765;26;2840
3932;Schutzhütte Wieseralm;Avstrija;Labotniške Alpe;1024;koča;62;1;1;1;;47.33932;15.28055;3;3733
3933;Bei den drei Pfarren;Avstrija;Labotniške Alpe;1428;vrh;71;4;1;1;;47.34304;15.24255;3;3707
3934;Bruchen;Avstrija;Hribovje vzhodno od Mure;372;vrh;130;2;1;0;;46.84344;16.05198;9;3504
3935;Stadelberg;Avstrija;Hribovje vzhodno od Mure;418;vrh;167;6;2;0;;46.8384;16.03446;11;3424
3936;Rennfeld;Avstrija;Hribovje vzhodno od Mure;1629;vrh;218;8;1;1;;47.40453;15.3597;12;3360
3937;Mugel;Avstrija;Labotniške Alpe;1630;vrh;145;5;1;1;;47.35832;15.18822;9;3468
3938;Rosseck;Avstrija;Labotniške Alpe;1664;vrh;128;6;1;1;;47.35853;15.20506;8;3515
3939;Gleinalm Schutzhaus;Avstrija;Labotniške Alpe;1586;koča;137;5;1;1;;47.21576;15.05265;9;3487
3940;Speikkogel (Glinska planina / Gleinalpe);Avstrija;Labotniške Alpe;1988;vrh;219;7;2;0;;47.22708;15.04852;13;3351
3941;Lenzmoarkogel (Glinska planina / Gleinalpe);Avstrija;Labotniške Alpe;1991;vrh;185;8;2;0;;47.23154;15.03789;11;3397
3942;Grad Dobra / Burgruine Neuhaus am Klausenbach;Avstrija;Hribovje vzhodno od Mure;355;vrh;123;15;1;0;;46.86896;16.02768;8;3530
3943;Grad Tabor pri Dobri / Schloss Tabor in Neuhaus am Klausenbach;Avstrija;Hribovje vzhodno od Mure;380;vrh;109;6;3;0;;46.88262;16.02944;7;3572
3944;Galgenkreuz;Avstrija;Hribovje vzhodno od Mure;361;Vremenska napoved:;126;7;6;0;;46.88451;16.01382;8;3519
3945;Grenzgasthaus Mertschnigg;Avstrija;Hribovje vzhodno od Mure;373;koča,sedlo;161;3;2;0;;46.84996;16.06548;10;3436
3946;Rauscherriegel;Avstrija;Hribovje vzhodno od Mure;380;vrh;107;1;2;0;;46.85432;16.0623;6;3584
3947;Wolfsriegel;Avstrija;Hribovje vzhodno od Mure;381;vrh;63;3;1;0;;46.87408;16.04482;3;3727
3948;Mali Triglav (Andovci) / Kis Triglav (Orfalu);Madžarska;Zahodna Madžarska;318;Vremenska napoved:;359;5;2;0;;46.88165;16.26263;17;3191
3949;Grad Gromberg;Slovenija;Pohorje, Dravinjske gorice in Haloze;587;Vremenska napoved:;721;3;1;0;;46.44513;15.58371;24;2919
3950;Kugelberg;Avstrija;Labotniške Alpe;633;vrh;84;4;1;1;;47.21081;15.3317;5;3652
3951;Parmaseggkogel;Avstrija;Labotniške Alpe;785;vrh;62;6;1;0;;47.22495;15.31383;3;3734
3952;Ljubelj;Hrvaška;Gorjanci, Medvednica in Medžimurje;556;vrh;610;4;1;3;;46.16625;16.43408;22;2981
3953;Turistična kmetija Dreisiebner (Srce med vinogradi);Slovenija;Strojna, Košenjak, Kozjak in Slovenske gorice;450;koča;502;4;3;0;;46.67083;15.55112;20;3049
3954;Divja koza;Slovenija;Julijske Alpe;2507;vrh;5920;2;1;0;;46.43031;13.50306;43;2197
3955;Schloss Kapfenstein;Avstrija;Hribovje vzhodno od Mure;442;koča;140;6;6;0;;46.88987;15.97709;9;3476
3956;Sv. Miklavž / St. Nikolaus (Kapfenstein);Avstrija;Hribovje vzhodno od Mure;411;cerkev;115;3;6;0;;46.88903;15.97677;7;3556
3957;Planina nad Borovnico;Slovenija;Goriško, Notranjsko in Snežniško hribovje;729;vrh;1090;7;1;0;;45.92109;14.38079;27;2779
3958;Sveti Duh (Hum);Hrvaška;Jadranski otoki;560;vrh,cerkev;956;15;3;0;;43.03559;16.11536;26;2817
3962;Orlovica;Hrvaška;Jadranski otoki;567;vrh;642;7;3;0;;43.03982;16.11596;23;2951
3963;Špik nad Zadnjo Polico (Pleče);Italija;Julijske Alpe;2680;vrh;255;0;0;0;;46.43769;13.43301;14;3311
3964;Határkőpark;Madžarska, Slovenija;Prekmurje;305;Vremenska napoved:;239;23;4;0;;46.85672;16.31681;13;3331
3966;Titova špilja;Hrvaška;Jadranski otoki;450;Vremenska napoved:;933;15;2;0;;43.03686;16.12102;26;2828
3967;Cerkev sv. Nikolaja (Dolenci);Slovenija;Prekmurje;309;vrh,cerkev;153;7;1;0;;46.85101;16.28697;10;3448
3968;Panoramaschenke Tertinek;Avstrija;Labotniške Alpe;710;koča,planina;136;5;3;0;;46.6558;15.32849;9;3490
3969;Wildkogel;Avstrija;Hribovje vzhodno od Mure;1288;vrh;100;1;3;0;;47.325;15.45658;6;3608
3970;Sv. Janez Krstnik (Janževa Gora);Slovenija;Strojna, Košenjak, Kozjak in Slovenske gorice;404;vrh,cerkev;291;2;2;0;;46.55341;15.48192;15;3268
3971;Janžev vrh;Slovenija;Strojna, Košenjak, Kozjak in Slovenske gorice;821;vrh;426;2;2;1;;46.57051;15.47086;18;3126
3972;Kranjčeva pečina;Slovenija;Strojna, Košenjak, Kozjak in Slovenske gorice;960;vrh;401;3;2;0;;46.59054;15.4674;18;3150
3973;Slap Šum (Polskavski vintgar);Slovenija;Pohorje, Dravinjske gorice in Haloze;465;slap;643;4;1;0;;46.45484;15.57035;23;2948
3974;Sveti Martin (Šmartno na Pohorju);Slovenija;Pohorje, Dravinjske gorice in Haloze;780;cerkev;258;5;2;0;;46.44534;15.53975;14;3304
3975;Škrbatnica;Slovenija;Karavanke;473;vrh;149;2;1;0;;46.29462;15.69955;10;3456
3976;Sveta Ana nad Stopercami;Slovenija;Karavanke;460;vrh,cerkev;257;6;1;0;;46.29254;15.69753;14;3306
3977;Okrepčevalnica Zelena dolina;Slovenija;Karavanke;360;koča;176;7;1;0;;46.27421;15.69196;11;3411
3978;Cerkev Marije Loretske na Ložnem;Slovenija;Karavanke;481;vrh,cerkev;213;5;2;0;;46.2633;15.69062;12;3364
3979;Rančka;Slovenija;Karavanke;615;vrh;366;2;3;0;1;46.28375;15.56023;17;3181
3980;Turistična kmetija Debelak;Slovenija;Karavanke;405;koča,sedlo;329;1;1;0;;46.28286;15.5524;16;3225
3985;Mali Hum;Hrvaška;Jadranski otoki;515;vrh;312;4;1;0;;43.05592;16.10393;15;3243
3986;Planinski dom Sveti Andrija;Hrvaška;Jadranski otoki;270;vrh,koča;439;10;1;0;;43.05377;16.18379;19;3110
3987;Jama Jespa;Slovenija;Kamniško Savinjske Alpe;1413;Vremenska napoved:;1180;3;3;0;;46.26384;14.81198;28;2749
3988;Stoahandhütte;Avstrija;Hribovje vzhodno od Mure;1317;koča,planina,sedlo;98;2;5;0;;47.35985;15.51021;6;3612
3989;Kopa;Slovenija;Julijske Alpe;1439;vrh;2;4;0;0;;;;0;3824
3991;Planinska koča Omiška Dinara;Hrvaška;Biokovo in Dalmacija;650;koča;428;5;1;0;;43.43045;16.72491;18;3123
3992;Kula (Omiška Dinara);Hrvaška;Biokovo in Dalmacija;863;vrh;1200;6;1;0;;43.43098;16.73082;28;2743
3994;Palagruža;Hrvaška;Jadranski otoki;103;vrh;568;23;1;0;;42.39284;16.25503;21;3010
3995;Vela Straža (otok Šolta);Hrvaška;Jadranski otoki;237;vrh;736;7;2;0;;43.35788;16.35196;24;2912
3996;Stoakoglhütte;Avstrija;Hribovje vzhodno od Mure;1372;koča,planina,sedlo;104;3;5;0;;47.35535;15.56824;6;3596
3998;Almán-Tető;Madžarska;Osrednja Madžarska;317;vrh;94;1;2;0;;46.77212;17.88113;5;3629
3999;Brdo;Slovenija;Posavsko hribovje in Dolenjska;763;vrh;234;0;0;1;;46.19319;15.12262;13;3337
4000;Plešivec (Rudnica);Slovenija;Posavsko hribovje in Dolenjska;686;vrh;788;7;8;0;;46.15797;15.54099;25;2884
4001;Lendrše;Slovenija;Posavsko hribovje in Dolenjska;617;vrh;171;1;5;0;;46.16153;15.54344;11;3422
4002;Koča pri čarovnici;Slovenija;Posavsko hribovje in Dolenjska;410;koča;457;8;1;0;;46.15745;15.55441;19;3095
4003;Zmajevo jezero na Olimski gori;Slovenija;Posavsko hribovje in Dolenjska;550;jezero;566;3;1;0;;46.15129;15.55377;21;3011
4004;Lovski bivak na Olimski gori;Slovenija;Posavsko hribovje in Dolenjska;580;koča;219;4;1;0;;46.1496;15.55035;13;3352
4005;Olimska gora;Slovenija;Posavsko hribovje in Dolenjska;631;vrh;511;1;1;0;;46.15132;15.5517;21;3045
4006;Vetrnik;Slovenija;Posavsko hribovje in Dolenjska;709;vrh;7500;3;1;1;1;46.05889;15.55174;44;2142
4007;Sveti Rok (Skadanščina);Slovenija;Goriško, Notranjsko in Snežniško hribovje;581;cerkev;317;5;2;0;;45.54829;14.01087;15;3238
4008;Velinac;Hrvaška;Velebit;965;vrh;357;8;1;0;;44.55971;15.07215;17;3194
4010;Razgledišče pod Srnjakom nad Logatcem;Slovenija;Goriško, Notranjsko in Snežniško hribovje;800;bivak;2500;12;3;0;;45.8836;14.17073;35;2494
4011;Darinkino zavetišče na Ivcah;Slovenija;Posavsko hribovje in Dolenjska;735;koča,bivak;516;5;2;0;;46.0732;15.33461;21;3043
4012;Ješivec;Slovenija;Posavsko hribovje in Dolenjska;934;vrh;1260;3;4;1;;46.07427;15.3079;29;2731
4013;Mala Lisca;Slovenija;Posavsko hribovje in Dolenjska;934;vrh;1030;1;2;0;;46.06824;15.29235;27;2796
4014;Stari grad Radeče (Ratschach);Slovenija;Posavsko hribovje in Dolenjska;272;vrh;298;4;1;0;;46.06822;15.18132;15;3257
4015;Svinjski rt;Slovenija;Posavsko hribovje in Dolenjska;497;vrh;900;5;1;0;;46.07179;15.17516;26;2841
4016;Sveta Katarina (Zavrate);Slovenija;Posavsko hribovje in Dolenjska;518;cerkev;227;2;1;0;;46.07845;15.16258;13;3346
4017;Sveta Trojica (Čimerno);Slovenija;Posavsko hribovje in Dolenjska;825;cerkev;424;1;3;0;;46.08285;15.11913;18;3129
4018;Grad Kunšperk;Slovenija;Posavsko hribovje in Dolenjska;426;Vremenska napoved:;800;3;2;0;;46.05686;15.69379;25;2877
4019;Previja;Hrvaška;Dinara in Lika;841;vrh;96;7;1;0;;44.43529;15.92326;6;3619
4020;Kremen;Hrvaška;Dinara in Lika;1591;vrh;282;9;1;0;;44.46414;15.88656;14;3279
4022;Spathi (Kreta);Grčija;Grški otoki;2148;vrh;225;5;1;0;;35.11804;25.49723;13;3347
4023;Slap Curk;Slovenija;Julijske Alpe;1115;slap;912;6;1;0;;46.27176;13.63693;26;2836
4024;Vigla (Kerkis) (Samos);Grčija;Grški otoki;1443;vrh;347;6;2;0;;37.72634;26.62205;16;3203
4025;Ledenica na Golteh;Slovenija;Kamniško Savinjske Alpe;1405;Vremenska napoved:;837;2;3;0;;46.37597;14.90357;25;2862
4026;Črno jezero (Končnikova mlakuža);Slovenija;Kamniško Savinjske Alpe;1430;jezero;1200;6;2;0;;46.42173;14.85611;28;2744
4027;Stanglalm;Avstrija;Hribovje vzhodno od Mure;1470;koča,planina,sedlo,cerkev;77;3;2;0;;47.49032;15.54611;4;3686
4028;Stanglalpe;Avstrija;Hribovje vzhodno od Mure;1490;vrh;84;2;2;0;;47.49422;15.53461;5;3653
4029;Leopold-Wittmaier-Hütte;Avstrija;Hribovje vzhodno od Mure;1464;koča,planina;93;3;2;0;;47.49538;15.5323;5;3631
4030;Zastano (Samos);Grčija;Grški otoki;1206;vrh;104;4;1;0;;37.74586;26.63356;6;3597
4031;Schwanberger Brendlhütte;Avstrija;Labotniške Alpe;1566;koča,planina,cerkev;107;3;1;0;;46.76684;15.0738;6;3585
4032;Die Kramerin;Avstrija;Labotniške Alpe;1634;sedlo,cerkev;101;6;1;0;;46.76893;15.05172;6;3603
4033;Glitzhütte (Glitzalm);Avstrija;Labotniške Alpe;1592;koča,planina;64;3;1;0;;46.7738;15.03074;3;3724
4034;Bürgerhalt (Golica /Koralpe);Avstrija;Labotniške Alpe;1943;vrh;130;2;1;0;;46.77881;14.99753;9;3505
4035;Ochsenstein (Golica / Koralpe);Avstrija;Labotniške Alpe;1987;vrh;89;3;2;0;;46.78127;14.99023;5;3640
4036;Glitzfelsen (Golica / Koralpe);Avstrija;Labotniške Alpe;1828;vrh;81;1;1;0;;46.78073;15.02391;4;3671
4037;Kleiner Frauenkogel (Golica / Koralpe);Avstrija;Labotniške Alpe;1861;vrh;86;1;1;0;;46.78196;15.01156;5;3648
4038;Großer Frauenkogel;Avstrija;Labotniške Alpe;1967;vrh;163;4;1;0;;46.78226;14.99987;10;3432
4039;Kab-hegy;Madžarska;Zahodna Madžarska;599;vrh;113;1;1;0;;47.04604;17.65659;7;3560
4040;Sveti Danijel (Zgornji Razbor);Slovenija;Karavanke;882;koča,cerkev;360;1;0;0;;46.44933;15.008;17;3188
4041;Planina Zapleč;Slovenija;Julijske Alpe;1201;planina;627;5;1;0;;46.28413;13.62875;23;2966
4042;Srednji vrh (pri Krnu);Slovenija;Julijske Alpe;2134;vrh;1040;11;1;0;;46.27524;13.65428;27;2791
4043;Javornik / Auernig;Avstrija, Italija;Karnijske Alpe;1864;vrh;582;7;2;0;;46.55823;13.28669;22;2997
4044;Planina Javornik / Auernig Alm;Italija;Karnijske Alpe;1609;planina;284;5;1;0;;46.55445;13.28582;14;3277
4045;Emmis Mosthütte;Avstrija;Karavanke;815;koča;140;1;1;0;;46.53313;14.7847;9;3477
4046;Alte Zollhütte;Avstrija;Karavanke;1665;koča,planina;345;2;1;0;;46.51747;14.7738;16;3204
4047;Berggasthaus Siebenhütten;Avstrija;Karavanke;1700;koča,planina;259;2;1;0;;46.51825;14.7732;14;3303
4048;Planina Kanin / Casera Canin;Italija;Julijske Alpe;1450;bivak,planina;594;13;1;0;;46.34855;13.41924;22;2991
4049;Ezzo's Hütte;Avstrija;Karavanke;1700;koča,planina;380;1;1;0;;46.51867;14.7728;17;3166
4050;Črni Vogel;Italija, Slovenija;Julijske Alpe;2422;vrh;1810;7;1;0;;46.34819;13.44256;32;2623
4051;Alte Bleiburger Hütte;Avstrija;Karavanke;2000;koča;1630;4;1;0;1;46.50593;14.76656;31;2653
4052;Arheološko najdišče Poštela;Slovenija;Pohorje, Dravinjske gorice in Haloze;525;vrh;485;6;1;0;;46.52392;15.61784;20;3061
4054;Waxriegelhaus (Rax);Avstrija;Severne apneniške Alpe;1361;koča,planina;95;4;2;0;;47.68714;15.71808;5;3625
4055;Karl-Ludwig-Haus (Rax);Avstrija;Severne apneniške Alpe;1804;koča,planina;121;10;3;0;;47.68847;15.70419;8;3534
4056;Heukuppe (Rax);Avstrija;Severne apneniške Alpe;2007;vrh;326;7;3;0;;47.68897;15.68951;16;3228
4057;Raxkircherl (Rax);Avstrija;Severne apneniške Alpe;1807;planina,cerkev;131;4;3;0;;47.6864;15.70485;9;3500
4058;Hauereckhütte;Avstrija;Hribovje vzhodno od Mure;1301;koča,jezero,planina,sedlo,cerkev;108;6;2;0;;47.51893;15.69317;7;3576
4059;Holta-Hütte (Rattner Alm);Avstrija;Hribovje vzhodno od Mure;1439;koča,planina;106;2;2;0;;47.52704;15.70759;6;3588
4060;Steinriegel;Avstrija;Hribovje vzhodno od Mure;1577;vrh;126;7;3;0;;47.53551;15.71968;8;3520
4062;Velika Golija (Veliki vrh);Bosna in Hercegovina;Hercegovina;1896;vrh;383;12;1;0;;43.95832;16.85332;17;3162
4063;Ricovero Igor Crasso;Italija;Julijske Alpe;1665;bivak;495;8;1;0;;46.38669;13.36709;20;3053
4064;Sveti Vid (Šentviška gora);Slovenija;Posavsko hribovje in Dolenjska;385;vrh,cerkev;4020;7;3;0;;45.88486;15.59778;40;2315
4065;Astraka;Grčija;Pindsko gorovje;2432;vrh;178;3;1;0;;39.97103;20.77071;11;3407
4066;Tátika vár;Madžarska;Zahodna Madžarska;413;vrh;98;3;1;0;;46.90608;17.25969;6;3613
4069;Schneewinkelspitze;Avstrija;Visoke Ture;3016;vrh;739;7;1;0;;47.0039;13.30155;24;2910
4070;Zinken;Avstrija;Severne apneniške Alpe;1926;vrh;199;9;1;0;;47.59668;15.09607;12;3377
4071;Krniška gora / Garnitzenberg;Avstrija, Italija;Karnijske Alpe;1950;vrh;843;14;2;0;;46.55988;13.29827;25;2859
4072;Heldenkapelle Alpl;Avstrija;Hribovje vzhodno od Mure;985;cerkev;57;2;1;0;;47.50265;15.63421;2;3749
4073;Prenj;Bosna in Hercegovina;Hercegovina;2000;planina;1;0;0;0;;;;0;3827
4074;Gajševsko jezero;Slovenija;Strojna, Košenjak, Kozjak in Slovenske gorice;186;jezero;186;10;1;0;;46.53203;16.1237;11;3396
4076;Veliki Gradac;Hrvaška;Jadranski otoki;157;vrh;145;4;2;0;;42.77647;17.37328;9;3469
4077;Grad Branek (Mallegg);Slovenija;Strojna, Košenjak, Kozjak in Slovenske gorice;225;Vremenska napoved:;143;2;1;0;;46.51932;16.1317;9;3472
4078;Gorenje pri Zrečah;Slovenija;Pohorje, Dravinjske gorice in Haloze;760;koča,planina,sedlo,cerkev;462;3;2;0;;46.40303;15.39186;19;3089
4079;Leskovški hrib;Slovenija;Posavsko hribovje in Dolenjska;721;vrh;403;0;1;0;;46.03586;15.15741;18;3144
4080;V Pečeh / Casera For;Italija;Karnijske Alpe;1614;planina;276;9;1;0;;46.54895;13.31582;14;3285
4082;Nagyvilágos mérőtorony;Madžarska;Zahodna Madžarska;376;vrh;107;1;2;0;;47.20148;16.42267;6;3586
4083;Sveta Radegunda (Radegunda);Slovenija;Kamniško Savinjske Alpe;824;vrh,cerkev;847;4;1;0;;46.36462;14.92509;25;2857
4084;Gran Paradiso;Italija;Grajiške Alpe;4061;Ogledov: 3.500;3500;14;0;0;;45.51782;7.26709;38;2372
4085;Britmanca;Slovenija;Škofjeloško, Cerkljansko hribovje in Jelovica;1231;vrh;1290;3;3;0;;46.25662;14.18324;29;2723
4086;Planjak;Hrvaška;Jadranski otoki;361;vrh;189;7;1;0;;42.70599;17.71264;12;3389
4087;Wirtshaus Pierergut;Avstrija;Severne apneniške Alpe;950;koča,planina;77;3;2;0;;47.54753;15.23202;4;3687
4088;Bürgeralm;Avstrija;Severne apneniške Alpe;1550;koča,planina,sedlo;96;4;2;0;;47.57174;15.22987;6;3620
4089;Hochstein (pri Mitteralm);Avstrija;Severne apneniške Alpe;1741;vrh;152;8;6;0;;47.59696;15.23486;10;3451
4090;Schönleitenhaus (Windgrube);Avstrija;Severne apneniške Alpe;1809;vrh,koča;128;3;3;0;;47.58073;15.22612;8;3516
4093;Sveti Ilija (Korita);Hrvaška;Jadranski otoki;220;cerkev;87;7;1;0;;42.71288;17.70505;5;3646
4095;Veliki grad (otok Mljet);Hrvaška;Jadranski otoki;514;vrh;498;9;1;0;;42.73921;17.55386;20;3051
4096;Orljak (Čičarija);Hrvaška;Gorski Kotar in Istra;1106;vrh;1160;9;1;0;;45.41946;14.12646;28;2754
4097;Gamila;Grčija;Pindsko gorovje;2497;vrh;161;0;1;0;;;;10;3437
4098;Lärchkogel (Glinska planina / Gleinalpe);Avstrija;Labotniške Alpe;1894;vrh,bivak;118;8;2;0;;47.2411;15.06594;7;3550
4099;Gomila (Čičarija);Hrvaška;Gorski Kotar in Istra;1027;vrh;524;7;1;0;;45.45351;14.08703;21;3036
4100;Mocvil;Hrvaška;Gorski Kotar in Istra;1060;vrh;227;4;2;0;;45.44128;14.11165;13;3344
4101;Jassing Almhütt´n;Avstrija;Severne apneniške Alpe;894;koča;68;3;2;0;;47.56229;15.02932;3;3711
4102;Lamingalm;Avstrija;Severne apneniške Alpe;1263;planina;63;5;1;0;;47.54601;15.00222;3;3728
4103;Leobner Mauer;Avstrija;Severne apneniške Alpe;1870;vrh;146;4;1;0;;47.52938;14.98773;10;3463
4104;Gradina Rašpor;Hrvaška;Gorski Kotar in Istra;823;vrh;137;12;1;0;;45.44364;14.08105;9;3488
4105;Vidonj vrh;Hrvaška;Gorski Kotar in Istra;891;vrh;132;6;1;0;;45.43115;14.11773;9;3498
4106;Gaberlhaus;Avstrija;Labotniške Alpe;1547;koča,sedlo;80;1;3;0;;47.10765;14.9169;4;3676
4107;Altes Almhaus;Avstrija;Labotniške Alpe;1649;koča,planina;121;3;4;0;;47.08299;14.92509;8;3535
4108;Marećica;Hrvaška;Gorski Kotar in Istra;790;vrh;131;5;2;0;;45.42992;14.07845;9;3501
4109;Salzstiegelhaus;Avstrija;Labotniške Alpe;1543;koča,sedlo;75;3;2;0;;47.06854;14.87152;4;3696
4110;Wölkerkogel;Avstrija;Labotniške Alpe;1706;vrh;106;11;2;0;;47.08032;14.92468;6;3589
4111;Brandkogel;Avstrija;Labotniške Alpe;1648;vrh;114;6;1;0;;47.08561;14.93467;7;3557
4112;Soteska Ziljice / Orrido dello Slizza;Italija;Karavanke;675;Vremenska napoved:;16190;24;1;0;;46.50878;13.60353;47;2035
4113;Kosmatica;Hrvaška;Gorski Kotar in Istra;714;Vremenska napoved:;147;4;1;0;;45.43923;14.06465;10;3460
4114;Hochwart;Avstrija;Severne apneniške Alpe;2210;vrh;188;12;2;0;;47.6146;15.11122;11;3392
4116;Kutatsch-Hütte;Avstrija;Severne apneniške Alpe;1700;bivak;72;3;2;0;;47.68419;15.60164;3;3703
4117;Vrtelj;Hrvaška;Gorski Kotar in Istra;767;vrh;108;3;1;0;;45.43476;14.0685;7;3577
4120;Schneealpenhaus;Avstrija;Severne apneniške Alpe;1784;vrh,koča,planina,cerkev;78;6;2;0;;;;4;3684
4121;Michlbauerhütte;Avstrija;Severne apneniške Alpe;1745;Vremenska napoved:;87;3;2;0;;47.69893;15.60087;5;3647
4122;Rjavec;Slovenija;Julijske Alpe;2571;vrh;2770;5;1;0;;46.37179;13.83921;36;2458
4123;Windberg;Avstrija;Severne apneniške Alpe;1903;vrh;177;8;4;0;;47.70316;15.59464;11;3409
4124;Hoher Klapf;Avstrija;Severne apneniške Alpe;1865;vrh;81;2;2;0;;47.70025;15.59544;4;3672
4125;Vrh Zelenic;Slovenija;Julijske Alpe;2478;vrh;1580;5;1;0;;46.37798;13.82222;30;2668
4126;Petrov vrh (nad Daruvarjem);Hrvaška;Slavonsko gorje in Moslavačka gora;614;vrh;580;1;2;0;;45.5854;17.3127;22;3001
4127;Vidikovac Prapoće;Hrvaška;Gorski Kotar in Istra;764;Vremenska napoved:;155;5;1;0;;45.43347;14.07143;10;3443
4128;Planinsko zavetišče Bitorajka;Hrvaška;Gorski Kotar in Istra;1303;bivak;242;7;1;0;;45.29393;14.7879;13;3324
4130;Bitoraj;Hrvaška;Gorski Kotar in Istra;1386;vrh;518;6;1;0;;45.29279;14.79073;21;3041
4131;Črni križ pri Hrastovcu;Slovenija;Strojna, Košenjak, Kozjak in Slovenske gorice;280;Vremenska napoved:;175;5;2;0;;46.57406;15.81188;11;3415
4133;Kozji vrh (nad Prezidom);Hrvaška;Gorski Kotar in Istra;916;vrh;232;7;1;0;;45.62978;14.59068;13;3339
4134;Velika Slavica;Hrvaška;Gorski Kotar in Istra;1120;vrh;166;5;1;0;;45.32535;14.7705;11;3425
4135;Ptujsko jezero;Slovenija;Strojna, Košenjak, Kozjak in Slovenske gorice;218;jezero;473;21;1;0;;46.40074;15.89554;20;3079
4136;Arlov bor;Slovenija;Strojna, Košenjak, Kozjak in Slovenske gorice;1075;Vremenska napoved:;489;6;3;0;;46.63115;15.10545;20;3058
4137;Sovinjski vrh;Slovenija;Kamniško Savinjske Alpe;1004;Ogledov: 1;1;0;0;0;;;;0;3828
4138;Napečnikov vrh;Slovenija;Strojna, Košenjak, Kozjak in Slovenske gorice;969;vrh;131;2;1;0;;46.62208;15.10944;9;3502
4139;Sprungkogel (Golica / Koralpe);Avstrija;Labotniške Alpe;1868;vrh;98;4;3;0;;46.81452;14.97022;6;3614
4140;Kolovratske stijene;Hrvaška;Gorski Kotar in Istra;1091;vrh;241;10;2;0;;45.12609;14.94117;13;3327
4141;Sv. Janez Nepomuk (Šent Janž pri Radljah);Slovenija;Strojna, Košenjak, Kozjak in Slovenske gorice;550;cerkev;227;4;2;0;;46.62276;15.25338;13;3345
4143;Črni vrh (nad Klenovico);Hrvaška;Gorski Kotar in Istra;1169;vrh;164;10;1;0;;45.13048;14.91521;11;3427
4144;Kolevrat;Hrvaška;Gorski Kotar in Istra;1035;vrh;118;7;1;0;;45.11955;14.91519;7;3545
4146;Velika Sviba;Hrvaška;Gorski Kotar in Istra;848;vrh;124;6;1;0;;45.11762;14.89547;8;3527
4147;Muzari;Hrvaška;Gorski Kotar in Istra;985;vrh;356;9;4;0;;45.46568;14.00698;17;3195
4148;Poharčeva smreka;Slovenija;Karavanke;505;Vremenska napoved:;193;3;1;0;;46.31597;15.37306;12;3385
4149;Gradišna peč;Slovenija;Karavanke;636;vrh;196;2;1;0;;46.31989;15.3731;12;3381
4150;Freiländerhütte;Avstrija;Labotniške Alpe;1420;koča,planina;88;2;2;0;;46.91324;15.05054;5;3644
4151;Schrogentor;Avstrija;Labotniške Alpe;1255;planina,sedlo;77;3;2;0;;46.92052;15.09641;4;3688
4152;Albrecht Kapelle (pri Schrogentor);Avstrija;Labotniške Alpe;1278;cerkev;81;3;2;0;;46.92198;15.10148;4;3673
4153;Reinischkogel-Kapelle;Avstrija;Labotniške Alpe;1440;planina,cerkev;106;5;2;0;;46.92571;15.11687;6;3590
4154;Nagy-Csikóvár;Madžarska;Osrednja Madžarska;556;vrh;90;3;2;0;;47.67896;18.98237;5;3638
4157;Kuk (nad Buzetom);Hrvaška;Gorski Kotar in Istra;531;vrh;262;3;1;0;;45.42759;13.98678;14;3299
4158;Pilj (nad Buzetom);Hrvaška;Gorski Kotar in Istra;556;vrh;269;5;1;0;;45.42347;14.0001;14;3289
4159;Sveti Matej (Slum);Hrvaška;Gorski Kotar in Istra;505;cerkev;164;6;1;0;;45.43914;14.00124;11;3428
4162;Crkva Presvetog Trojstva (Brest);Hrvaška;Gorski Kotar in Istra;690;cerkev;149;3;1;0;;45.45494;14.00645;10;3457
4163;Gasthaus Zur Rehbockhütte;Avstrija;Labotniške Alpe;1385;koča;74;3;1;0;;46.9093;15.03659;3;3699
4164;Selovec (Gruberjev vrh);Slovenija;Karavanke;885;vrh,cerkev;665;7;3;0;;46.55216;15.01509;23;2939
4165;TC Rahtel;Slovenija;Karavanke;615;koča;1100;4;2;0;;46.52045;15.07596;28;2772
4166;Rahtelov vrh;Slovenija;Karavanke;667;vrh;790;2;2;0;;46.52102;15.07233;25;2883
4167;Galke;Slovenija;Karavanke;684;Vremenska napoved:;346;3;4;0;;46.28459;15.58146;16;3205
4168;Baba (pri Boču);Slovenija;Karavanke;594;vrh;353;2;2;0;;46.29082;15.58628;17;3197
4169;Grad Gamberk;Slovenija;Posavsko hribovje in Dolenjska;567;vrh;446;11;2;0;;46.16189;14.96783;19;3102
4170;Lovski dom na Klančišah;Slovenija;Posavsko hribovje in Dolenjska;510;koča;1340;3;2;0;;46.155;14.97028;29;2712
4171;Sv. Janez Krstnik (Vine);Slovenija;Posavsko hribovje in Dolenjska;392;cerkev;157;5;1;0;;46.14302;14.98667;10;3440
4172;Vinski vrh;Slovenija;Posavsko hribovje in Dolenjska;616;vrh;365;3;1;0;2;46.14768;14.98304;17;3183
4173;Margarethenwarte;Avstrija;Hribovje vzhodno od Mure;504;Vremenska napoved:;57;4;1;0;;47.39734;16.42341;2;3750
4174;Grad Žusem;Slovenija;Posavsko hribovje in Dolenjska;509;vrh;230;2;1;0;;46.16019;15.487;13;3341
4175;Sv. Valentin in sv. Jakob (Dobrina);Slovenija;Posavsko hribovje in Dolenjska;585;sedlo,cerkev;154;3;1;0;;46.15296;15.48373;10;3446
4176;Ormoško jezero;Hrvaška, Slovenija;Strojna, Košenjak, Kozjak in Slovenske gorice;186;jezero;345;7;1;0;;46.39518;16.17211;16;3206
4177;Ormoške lagune;Slovenija;Strojna, Košenjak, Kozjak in Slovenske gorice;188;jezero;345;27;2;0;;46.38615;16.19114;16;3210
4178;Žvajga (severni vrh);Slovenija;Posavsko hribovje in Dolenjska;620;vrh;772;2;2;0;;46.22373;15.0863;25;2892
4179;Tolsti vrh (nad Preboldom);Slovenija;Posavsko hribovje in Dolenjska;756;vrh;638;2;1;0;;46.22484;15.06657;23;2956
4180;Dežnikarjeva lipa;Slovenija;Posavsko hribovje in Dolenjska;431;Vremenska napoved:;221;6;1;0;;46.22799;15.07628;13;3350
4181;Strtnik (Strnik);Slovenija;Posavsko hribovje in Dolenjska;845;vrh;414;4;1;0;;46.21775;15.05954;18;3137
4183;Krekovše;Slovenija;Goriško, Notranjsko in Snežniško hribovje;675;koča,sedlo;294;6;1;0;;45.98004;13.93788;15;3262
4184;Brusove klavže;Slovenija;Goriško, Notranjsko in Snežniško hribovje;491;Vremenska napoved:;280;22;1;0;;45.9702;13.94793;14;3282
4185;Putrihove klavže;Slovenija;Goriško, Notranjsko in Snežniško hribovje;570;Vremenska napoved:;230;25;1;0;;45.97568;13.92806;13;3342
4186;Planinski dom Kamenitovac;Hrvaška;Gorjanci, Medvednica in Medžimurje;242;koča;121;1;1;0;;45.9114;16.94273;8;3536
4187;Grad Cmurek;Slovenija;Strojna, Košenjak, Kozjak in Slovenske gorice;290;vrh;277;2;2;0;;46.70541;15.78661;14;3284
4188;Turistično izletniška kmetija Sirk;Slovenija;Strojna, Košenjak, Kozjak in Slovenske gorice;298;koča,planina;164;5;2;0;;46.69333;15.76209;10;3429
4189;Koren / Monte Corona;Avstrija, Italija;Karnijske Alpe;1832;vrh;551;12;2;0;;46.55208;13.32193;21;3021
4190;Marija Snežna (Zgornja Velka);Slovenija;Strojna, Košenjak, Kozjak in Slovenske gorice;407;vrh,koča,cerkev;262;2;1;0;;46.67608;15.77017;14;3300
4191;Sv. Lenart (Zabukovje nad Sevnico);Slovenija;Posavsko hribovje in Dolenjska;555;cerkev;148;6;1;0;;46.05433;15.36773;10;3458
4192;Zaloška gora;Slovenija;Posavsko hribovje in Dolenjska;930;vrh;366;2;1;1;;46.06493;15.40818;17;3182
4193;Aussichtswarte Vulkanland;Avstrija;Hribovje vzhodno od Mure;479;vrh,koča;154;5;4;0;;46.82516;15.92266;10;3449
4195;Markovac;Hrvaška;Gorski Kotar in Istra;162;vrh;330;10;2;0;;45.45797;13.61948;16;3224
4196;Cepeliš;Hrvaška;Gorjanci, Medvednica in Medžimurje;415;vrh,koča;153;2;2;0;;45.39619;16.27133;10;3450
4197;Lovska koča pod Gozdnikom;Slovenija;Posavsko hribovje in Dolenjska;651;koča;413;1;1;0;1;46.19318;15.14104;18;3140
4198;Slap Skalca;Slovenija;Pohorje, Dravinjske gorice in Haloze;920;slap;198;3;0;2;;46.49807;15.55291;12;3379
4199;Lovski dom pod Golavo;Slovenija;Posavsko hribovje in Dolenjska;556;koča;424;2;1;0;;46.21568;15.10845;18;3132
4200;Homič;Slovenija;Posavsko hribovje in Dolenjska;1082;vrh;1610;3;8;0;;46.19091;15.09856;31;2662
4202;Orjak (nad Opatijo);Hrvaška;Gorski Kotar in Istra;712;vrh;252;4;1;0;;45.35599;14.28479;13;3317
4203;Knezgrad;Hrvaška;Gorski Kotar in Istra;612;vrh;140;5;1;0;;45.28368;14.24893;9;3478
4204;Lužinski breg;Hrvaška;Gorski Kotar in Istra;626;vrh;116;4;1;0;;45.29282;14.24669;7;3552
4206;Gorica (nad Lovranom);Hrvaška;Gorski Kotar in Istra;711;vrh;255;4;1;0;;45.29572;14.23531;14;3312
4207;Pivola (Botanični vrt Univerze v Mariboru);Slovenija;Pohorje, Dravinjske gorice in Haloze;270;Vremenska napoved:;185;1;1;0;;46.50726;15.63852;11;3399
4208;Žlejžn;Slovenija;Julijske Alpe;710;Vremenska napoved:;442;7;4;0;;46.23312;13.73001;19;3106
4209;Planina Prode;Slovenija;Julijske Alpe;555;planina;402;10;1;0;;46.25169;13.73245;18;3151
4212;Planinska koča Dragutin Hirc;Hrvaška;Gorski Kotar in Istra;1280;koča,bivak;256;4;1;0;;45.21877;14.97769;14;3309
4213;Sv. Janez Krstnik (Razbor);Slovenija;Posavsko hribovje in Dolenjska;479;cerkev;297;4;1;0;;46.0589;15.2563;15;3259
4214;Sv. Jošt (pod vrhom Lisce);Slovenija;Posavsko hribovje in Dolenjska;787;cerkev;561;2;6;0;1;46.0664;15.2784;21;3013
4216;Velika Javornica;Hrvaška;Gorski Kotar in Istra;1375;vrh;302;5;1;0;;45.20534;14.99073;15;3252
4217;Stoaniwelt Turm;Avstrija;Hribovje vzhodno od Mure;1125;sedlo;80;2;1;0;;47.37114;15.56326;4;3677
4218;Weberhofer Alm;Avstrija;Hribovje vzhodno od Mure;1220;planina;66;4;1;0;;47.36491;15.55917;3;3719
4219;Hochalmhütte (Golica / Koralpe);Avstrija;Labotniške Alpe;1693;koča,planina;83;4;2;0;;46.8038;15.00698;4;3660
4221;Veli vrh (nad Škalnico);Hrvaška;Gorski Kotar in Istra;708;vrh;112;4;1;0;;45.45283;14.33574;7;3562
4222;Pliševica;Hrvaška;Gorski Kotar in Istra;771;vrh;126;6;1;0;;45.46123;14.32281;8;3521
4223;Breitalm;Avstrija;Hribovje vzhodno od Mure;1245;planina,sedlo;60;4;1;0;;47.35966;15.46358;2;3739
4224;Tonneggerkogel;Avstrija;Hribovje vzhodno od Mure;1343;vrh,planina;83;3;2;0;;47.35802;15.46204;4;3661
4226;Tuščak (Žumberačka gora);Hrvaška;Gorjanci, Medvednica in Medžimurje;602;vrh;144;3;1;0;;45.82578;15.56741;9;3471
4228;Gradina Tuščak;Hrvaška;Gorjanci, Medvednica in Medžimurje;585;vrh;118;8;1;0;;45.82364;15.56243;7;3546
4229;Dolina Radoljne (Pruh);Slovenija;Pohorje, Dravinjske gorice in Haloze;814;Vremenska napoved:;155;3;1;0;;46.51225;15.33848;10;3444
4230;Hudičev slap;Slovenija;Pohorje, Dravinjske gorice in Haloze;1140;slap;613;3;2;0;;46.50327;15.32341;22;2980
4231;Neue Seehütte (Rax);Avstrija;Severne apneniške Alpe;1643;koča,sedlo;82;2;3;0;;47.70315;15.72756;4;3665
4232;Preiner Wand (Rax);Avstrija;Severne apneniške Alpe;1783;vrh;113;6;2;0;;47.7006;15.73789;7;3561
4233;Bivak Dino Brollo;Italija;Julijske Alpe;1621;vrh,bivak;535;15;1;0;;46.32193;13.29229;21;3032
4234;Jakobskogel (Rax);Avstrija;Severne apneniške Alpe;1737;vrh;67;6;2;0;;47.71223;15.7588;3;3716
4235;Ottohaus (Rax);Avstrija;Severne apneniške Alpe;1642;koča;100;5;3;0;;47.71328;15.76213;6;3609
4236;Raxalm-Berggasthof (Rax);Avstrija;Severne apneniške Alpe;1547;koča,planina;48;3;0;0;;47.71699;15.77844;2;3762
4243;Noršićka Plešivica;Hrvaška;Gorjanci, Medvednica in Medžimurje;721;vrh;107;4;1;0;;45.79818;15.56423;6;3591
4244;Raxgmoahütte (Rax);Avstrija;Severne apneniške Alpe;1854;vrh,koča;82;4;2;0;;47.70355;15.71782;4;3666
4245;Najevska lipa;Slovenija;Kamniško Savinjske Alpe;1056;Vremenska napoved:;470;9;2;1;;46.4474;14.8554;20;3081
4248;Pljovica;Hrvaška;Gorjanci, Medvednica in Medžimurje;760;vrh;111;4;1;0;;45.7608;15.58689;7;3564
4249;Zečak;Hrvaška;Gorjanci, Medvednica in Medžimurje;795;vrh;108;5;1;0;;45.75346;15.5482;7;3578
4251;Planinski dom Žitnica;Hrvaška;Gorjanci, Medvednica in Medžimurje;815;koča;236;6;1;0;;45.74129;15.60352;13;3334
4252;Fleischer-Biwak;Avstrija;Severne apneniške Alpe;2145;bivak,sedlo;140;5;2;0;;47.61472;15.13548;9;3479
4253;Muzsla;Madžarska;Severovzhodna Madžarska;805;vrh;83;2;2;0;;47.88767;19.75925;4;3662
4254;Gradiška Tura;Slovenija;Goriško, Notranjsko in Snežniško hribovje;793;vrh;8;0;0;1;;45.82929;45.82929;1;3804
4255;Okrešelj;Slovenija;Kamniško Savinjske Alpe;1396;koča;489;0;0;0;;46.36951;46.36951;20;3062
4256;Triglav;Slovenija;Julijske Alpe;2864;vrh;16;0;0;20;;46.37832;46.37832;1;3789
4257;Zagelkogel;Avstrija;Severne apneniške Alpe;2255;vrh;128;5;2;0;;47.61062;15.12352;8;3513
4258;Gramoznica pri nasipu Petanjci;Slovenija;Prekmurje;200;jezero;152;2;2;0;;46.65431;16.04653;10;3453
4259;Močvirje Zaton;Slovenija;Prekmurje;201;jezero;147;5;1;0;;46.65606;16.05643;10;3461
4260;Vrt spominov in tovarištva na Petanjcih;Slovenija;Prekmurje;200;Vremenska napoved:;84;7;1;0;;46.6499;16.07764;5;3654
4261;Vrh Muzcev (zahodni vrh);Italija;Julijske Alpe;1864;vrh;508;7;2;0;;46.32665;13.29437;20;3046
4262;Vrh Muzcev (vzhodni vrh);Italija;Julijske Alpe;1873;vrh;320;9;1;0;;46.32598;13.30097;16;3235
4263;Za vrhom (Križke planine);Slovenija;Posavsko hribovje in Dolenjska;1034;vrh;82;0;0;0;;46.18872;15.09349;4;3667
4264;Cerkev Marijinega rojstva (Tišina);Slovenija;Prekmurje;204;koča,cerkev;69;3;1;0;;46.65357;16.09386;3;3709
4265;Križnik (Peca);Avstrija;Karavanke;2109;vrh;811;4;6;0;;46.50547;14.75766;25;2873
4266;Feuersberger Spitze (Peca / Petzen);Avstrija;Karavanke;1704;vrh;233;4;2;0;;46.51957;14.72584;13;3338
4267;Božičev slap;Slovenija;Kamniško Savinjske Alpe;810;slap;381;2;1;0;;46.46039;14.85177;17;3164
4268;Gostinjac Sv. Bernard;Hrvaška;Gorjanci, Medvednica in Medžimurje;700;koča;111;4;2;0;;45.77444;15.59447;7;3565
4269;Veliki Lovnik;Hrvaška;Gorjanci, Medvednica in Medžimurje;737;vrh;155;5;2;0;;45.77745;15.59205;10;3445
4270;Dunajska bajta;Slovenija;Kamniško Savinjske Alpe;1286;bivak;274;4;1;0;;46.42564;14.85604;14;3287
4271;Planina Slapnik;Slovenija;Julijske Alpe;1250;planina;325;4;2;0;;46.25036;13.65817;16;3229
4272;Planina Zaslap;Slovenija;Julijske Alpe;1357;planina;634;4;2;0;;46.252;13.65248;23;2959
4273;Koča Edmunda Čibeja v Tihi dolini;Slovenija;Goriško, Notranjsko in Snežniško hribovje;950;koča;709;4;1;0;;45.95303;13.87984;24;2924
4274;Bloudkova skakalnica (Predmeja);Slovenija;Goriško, Notranjsko in Snežniško hribovje;960;Vremenska napoved:;381;4;2;0;;45.95448;13.87753;17;3165
4275;Kamnolom bazaltnega tufa;Slovenija;Prekmurje;305;Vremenska napoved:;141;7;0;0;;46.81176;16.08986;9;3475
4277;Sveti Petar (nad Crvenim Vrhom);Hrvaška;Gorski Kotar in Istra;74;vrh,cerkev;246;4;1;0;;45.48854;13.5542;13;3320
4278;Sveti Anton (Sveti Anton na Pohorju);Slovenija;Pohorje, Dravinjske gorice in Haloze;854;vrh,cerkev;363;7;1;0;;46.56077;15.20342;17;3189
4279;Kopnikov vrh;Slovenija;Pohorje, Dravinjske gorice in Haloze;1220;vrh;215;1;1;0;;46.52621;15.18563;12;3362
4280;Planina Kot / Malga Coot;Italija;Julijske Alpe;1180;koča,planina;312;12;1;0;;46.32972;13.42778;15;3244
4281;Partizanski dom Kope;Slovenija;Pohorje, Dravinjske gorice in Haloze;1445;koča;1470;4;3;0;;46.51402;15.18224;30;2690
4282;Bivak Costantini;Italija;Julijske Alpe;1650;bivak;311;11;2;0;;46.33352;13.44315;15;3246
4283;Orlove stijene;Hrvaška;Gorski Kotar in Istra;572;vrh;235;5;1;0;;45.48273;15.04101;13;3335
4284;Okrugljak;Hrvaška;Gorski Kotar in Istra;885;vrh;130;9;2;0;;45.46062;15.03002;8;3506
4286;Sokolske stijene;Hrvaška;Gorski Kotar in Istra;961;vrh;130;7;1;0;;45.54959;14.61954;8;3507
4287;Rudnik;Hrvaška;Gorski Kotar in Istra;1052;vrh;121;7;1;1;;45.56465;14.60959;8;3537
4288;Mala Kopa;Slovenija;Pohorje, Dravinjske gorice in Haloze;1524;vrh;451;2;5;0;;46.51358;15.18843;19;3098
4289;Grajski izvir pri gradu Grad na Goričkem;Slovenija;Prekmurje;330;Vremenska napoved:;95;3;1;0;;46.79933;16.09856;5;3630
4290;Planina Baban;Slovenija;Julijske Alpe;1401;planina;289;6;2;0;;46.32421;13.46847;15;3271
4291;Grad Murska Sobota;Slovenija;Prekmurje;192;koča;243;6;2;0;;46.66241;16.16058;13;3325
4292;Sohlenalm;Avstrija;Severne apneniške Alpe;1352;planina,sedlo;65;6;1;0;;47.67264;15.38653;3;3720
4293;Gulj;Slovenija;Julijske Alpe;954;vrh;151;3;1;0;;46.31668;13.46243;10;3454
4294;Planina Ognjenik;Slovenija;Julijske Alpe;1060;planina;179;5;1;0;;46.31833;13.46302;11;3408
4295;Divaška jama;Slovenija;Goriško, Notranjsko in Snežniško hribovje;419;Vremenska napoved:;191;11;0;0;;45.67517;13.95073;12;3386
4296;Seeleiten;Avstrija;Severne apneniške Alpe;1734;vrh;68;1;1;0;;47.63439;15.27135;3;3712
4297;Mieserkogel;Avstrija;Severne apneniške Alpe;1855;vrh;76;6;2;0;;47.63817;15.25599;4;3692
4298;Krautgartenkogel;Avstrija;Severne apneniške Alpe;1988;vrh;71;3;2;0;;47.63319;15.23866;3;3705
4299;Hochweichsel;Avstrija;Severne apneniške Alpe;2006;vrh;91;8;2;0;;47.63801;15.22668;5;3633
4300;Leitenalm;Avstrija;Severne apneniške Alpe;1520;planina;56;1;1;0;;47.65051;15.28035;2;3753
4301;Graualm;Avstrija;Severne apneniške Alpe;1502;planina;69;2;1;0;;47.65193;15.26971;3;3710
4302;Mačkova špilja;Hrvaška;Gorjanci, Medvednica in Medžimurje;428;Vremenska napoved:;95;2;1;0;;46.28467;16.03232;5;3626
4303;Vidikovac Tri Žaklji;Hrvaška;Gorjanci, Medvednica in Medžimurje;430;vrh;106;2;1;0;;46.28983;16.03234;6;3592
4304;Kukelj;Hrvaška;Gorjanci, Medvednica in Medžimurje;521;vrh;96;1;2;0;;46.2925;16.03381;5;3621
4305;Perniško jezero;Slovenija;Strojna, Košenjak, Kozjak in Slovenske gorice;246;jezero;267;5;1;0;;46.59069;15.72381;14;3293
4306;G'hacktkogel;Avstrija;Severne apneniške Alpe;2213;vrh;81;2;1;0;;47.61414;15.1314;4;3674
4307;Velika Kuhinja;Slovenija;Julijske Alpe;1878;vrh;338;9;3;0;;46.32835;13.45096;16;3217
4309;Šatorina;Hrvaška;Velebit;1624;vrh;212;9;1;0;;44.64763;15.04831;12;3367
4310;Laktin vrh;Hrvaška;Velebit;1504;vrh;139;7;1;0;;44.62114;15.09275;9;3481
4312;Lisac;Hrvaška;Velebit;1449;vrh;173;4;1;0;;44.62046;15.05885;11;3418
4313;Kal (greben Krnčice);Slovenija;Julijske Alpe;1699;vrh;264;11;1;0;;46.30316;13.61883;14;3297
4314;Pongratzwirt;Avstrija;Labotniške Alpe;1177;koča,planina;60;2;1;0;;47.0202;14.93672;2;3740
4315;St. Bartholomä (Hirschegg Rein);Avstrija;Labotniške Alpe;1585;planina,cerkev;63;3;1;0;;47.03049;14.89681;3;3729
4316;Peterer Hütte;Avstrija;Labotniške Alpe;1590;koča,planina;61;3;1;0;;47.02608;14.81936;2;3737
4317;Peterer Kogel;Avstrija;Labotniške Alpe;1843;vrh;56;4;1;0;;47.03266;14.82619;2;3754
4318;Gramoznica Kupšinci;Slovenija;Prekmurje;194;jezero;76;3;1;0;;46.65921;16.10917;4;3693
4319;Waldheimhütte;Avstrija;Labotniške Alpe;1614;koča,planina;59;1;1;0;;47.05677;14.63027;2;3743
4320;Somló;Madžarska;Osrednja Madžarska;432;vrh;98;3;1;0;;47.14643;17.37193;6;3615
4321;Zajavor;Italija;Julijske Alpe;1815;vrh;911;15;2;0;;46.32049;13.32632;26;2839
4322;Planina Nizki vrh;Italija;Julijske Alpe;1182;bivak,planina;152;12;2;0;;46.31883;13.37053;10;3452
4323;Nizki vrh (Monte Nischiuarch);Italija;Julijske Alpe;1260;vrh;133;8;2;0;;46.31715;13.37713;9;3495
4324;Vrh Žlebi;Italija, Slovenija;Julijske Alpe;2339;vrh;320;15;1;0;;46.3402;13.44461;16;3233
4325;Lavantsee;Avstrija;Labotniške Alpe;2053;jezero;108;8;1;0;;47.05941;14.57749;7;3579
4326;Angerlkogel;Avstrija;Labotniške Alpe;1774;vrh;108;1;2;0;;46.97582;14.6409;7;3580
4327;Podjelak;Hrvaška;Gorjanci, Medvednica in Medžimurje;644;Vremenska napoved:;84;4;1;0;;45.76683;15.62514;5;3655
4328;Pressner Alpe;Avstrija;Labotniške Alpe;1836;vrh;59;2;2;0;;46.99241;14.62181;2;3744
4329;Zöhrerkogel;Avstrija;Labotniške Alpe;1874;vrh;59;3;2;0;;46.99795;14.61526;2;3745
4330;Feldalmhütte;Avstrija;Labotniške Alpe;1751;koča,planina;73;2;2;0;;46.99542;14.62432;3;3702
4331;St. Martiner Hütte;Avstrija;Labotniške Alpe;1710;koča,planina;84;1;2;0;;47.00093;14.58877;4;3663
4332;Stoanahütte;Avstrija;Labotniške Alpe;1748;koča,planina,sedlo;53;3;2;0;;47.01743;14.58749;2;3756
4333;Sv. Louronac / San Lorenzo;Italija;Julijske Alpe;850;cerkev;111;9;1;0;;46.1992;13.48522;7;3567
4334;Neprobić;Hrvaška;Biokovo in Dalmacija;966;vrh;132;14;1;0;;42.80737;17.91298;8;3508
4335;Sveti Ivan (Pelješac);Hrvaška;Biokovo in Dalmacija;469;vrh;215;7;1;0;;42.87395;17.45742;12;3363
4336;Alpengasthof Fernblick;Avstrija;Hribovje vzhodno od Mure;1140;koča,planina;82;2;2;0;;47.52355;15.99283;4;3668
4337;Marienseer Schwaig;Avstrija;Hribovje vzhodno od Mure;1478;koča,planina;65;3;2;0;;47.53773;15.92966;3;3721
4342;Pločno;Bosna in Hercegovina;Hercegovina;2228;vrh;334;15;1;0;;43.59956;17.56447;16;3221
4343;Aljažev stolp v Završah;Slovenija;Karavanke;803;Vremenska napoved:;201;1;1;0;;46.42891;15.14185;12;3375
4344;Poloje;Slovenija;Julijske Alpe;981;vrh;211;1;1;1;;46.19171;13.76214;12;3368
4345;Planina Mija;Italija;Julijske Alpe;970;bivak,planina;180;15;3;0;;46.22044;13.46249;11;3405
4346;Mija / Monte Mia;Italija;Julijske Alpe;1237;vrh;575;19;3;0;;46.2217;13.4785;22;3003
4347;Offnerhütte;Avstrija;Labotniške Alpe;1668;koča,planina;90;5;2;0;;46.84166;14.67615;5;3639
4348;Sandkogel;Avstrija;Labotniške Alpe;2011;vrh;109;3;2;0;;46.85386;14.66227;7;3573
4349;Marsinska planina;Italija;Julijske Alpe;1401;bivak,planina;124;6;1;0;;46.20678;13.52027;8;3528
4350;Zechhütte;Avstrija;Labotniške Alpe;1512;koča,planina;63;2;1;0;;46.8389;14.69305;3;3730
4351;Naturfreundehaus (Klippitztörl);Avstrija;Labotniške Alpe;1635;koča,sedlo;92;2;1;0;;46.93628;14.67507;5;3634
4352;Hohenwart;Avstrija;Labotniške Alpe;1818;vrh,jezero,planina;106;3;2;0;;46.95414;14.68547;6;3593
4353;Hohenwarthütte;Avstrija;Labotniške Alpe;1720;koča,planina;94;3;2;0;;46.95048;14.68746;5;3632
4354;Grünhütte;Avstrija;Labotniške Alpe;1617;koča,planina;89;4;4;0;;46.96353;14.67987;5;3641
4355;Schwarzkogelhütte;Avstrija;Labotniške Alpe;1558;koča,planina;57;0;0;0;;46.94554;14.6984;2;3751
4356;Planinski dom Vilinac;Bosna in Hercegovina;Hercegovina;1881;koča;151;5;1;0;;43.62211;17.63294;10;3455
4357;Razgledišče Na Prodih;Slovenija;Kamniško Savinjske Alpe;1123;Ogledov: 13;13;7;0;0;;;;1;3792
4358;Razgledišče Šumberk;Slovenija;Posavsko hribovje in Dolenjska;355;Ogledov: 3;3;2;0;0;;;;0;3820
4359;Herrgottschnitzerhütte am Wechsel;Avstrija;Hribovje vzhodno od Mure;1318;koča;78;3;1;0;;47.55982;15.99914;4;3685
4360;Kampstein;Avstrija;Hribovje vzhodno od Mure;1467;vrh;75;3;2;0;;47.5611;15.98659;3;3697
4361;Kampsteiner Schwaig;Avstrija;Hribovje vzhodno od Mure;1400;koča,planina,sedlo;80;3;2;0;;47.56134;15.97512;4;3678
4362;Feistritzer Schwaig;Avstrija;Hribovje vzhodno od Mure;1438;Vremenska napoved:;60;4;2;0;;47.55868;15.93438;2;3741
4363;Radovci (gasilski dom);Slovenija;Prekmurje;352;koča;65;3;1;0;;46.78126;16.09782;3;3722
4364;Vavtošek;Slovenija;Strojna, Košenjak, Kozjak in Slovenske gorice;418;vrh;86;2;1;0;;46.56038;15.72275;5;3649
4365;Izvir Rebra;Slovenija;Strojna, Košenjak, Kozjak in Slovenske gorice;390;Vremenska napoved:;84;2;1;0;;46.54598;15.74627;5;3656
4368;Martinščak;Hrvaška;Gorjanci, Medvednica in Medžimurje;345;vrh,cerkev;103;9;2;0;;45.4075;15.57952;6;3601
4370;Vinica;Hrvaška;Gorjanci, Medvednica in Medžimurje;321;vrh;110;4;1;0;;45.44481;15.52522;7;3568
4371;Planinska koča Mladen Polović;Hrvaška;Gorjanci, Medvednica in Medžimurje;309;koča;68;5;1;0;;45.44641;15.52221;3;3713
4372;Sveti Rupert (Spodnja Voličina);Slovenija;Strojna, Košenjak, Kozjak in Slovenske gorice;286;cerkev;62;1;2;0;;46.54501;15.81567;3;3735
4374;Vodenica;Hrvaška;Gorjanci, Medvednica in Medžimurje;538;vrh;111;7;1;0;;45.59251;15.409;7;3574
4377;Planinska koča Vodice;Hrvaška;Gorjanci, Medvednica in Medžimurje;850;koča;146;7;1;0;;45.76475;15.38012;10;3464
4378;Rosenberg;Avstrija;Hribovje vzhodno od Mure;458;vrh;59;3;2;0;;46.81523;15.92364;2;3746
4379;Cesar;Slovenija;Julijske Alpe;2098;Vremenska napoved:;762;0;0;0;;46.36605;13.85905;24;2903
4382;Pliješ;Hrvaška;Gorjanci, Medvednica in Medžimurje;977;vrh;156;5;1;0;;45.76894;15.38325;10;3442
4383;Ječmište;Hrvaška;Gorjanci, Medvednica in Medžimurje;976;vrh;128;6;2;0;;45.78082;15.42169;8;3514
4384;Gramoznica Krapje;Slovenija;Strojna, Košenjak, Kozjak in Slovenske gorice;180;jezero;78;2;1;0;;46.56733;16.20906;4;3689
4385;Trstelj;Slovenija;TRSTELJ;620;koča;3;5;0;4;;;;0;3821
4386;Sveta Ema;Slovenija;Posavsko hribovje in Dolenjska;344;vrh,cerkev;126;4;3;3;1;46.18131;15.61114;8;3524
4387;Na Nizkem;Slovenija;Julijske Alpe;2275;vrh;285;3;1;0;;46.35591;13.8321;14;3280
4388;Vršič (Ursic di Raibl);Italija, Slovenija;Julijske Alpe;1918;vrh;57;2;0;0;;46.43868;13.60029;2;3752
4389;Špičasti vrh (pri Žbevnici);Hrvaška;Gorski Kotar in Istra;957;vrh;190;8;4;0;;45.47004;14.00077;12;3387
4394;Sveti Križ na Kalvariji;Hrvaška;Gorski Kotar in Istra;225;cerkev;89;2;1;0;;45.22599;14.24507;5;3642
4395;Kremenjak;Hrvaška;Gorski Kotar in Istra;827;vrh;387;7;2;0;;45.21614;14.2112;18;3159
4396;Planinsko zavetišče Kremenjak;Hrvaška;Gorski Kotar in Istra;844;vrh,bivak;163;9;2;0;;45.22466;14.20666;10;3433
4397;Brgud;Hrvaška;Gorski Kotar in Istra;907;vrh;217;9;4;0;;45.23398;14.2018;12;3356
4398;Balin;Hrvaška;Gorski Kotar in Istra;887;vrh;123;9;4;0;;45.24465;14.20584;8;3532
4399;Vidikovac Vukovoj;Hrvaška;Gorjanci, Medvednica in Medžimurje;491;vrh,cerkev;137;2;1;0;;46.2981;16.04924;9;3489
4400;Voglerjeva koča;Slovenija;Prekmurje;257;koča;127;3;4;0;;46.68859;16.34859;8;3517
4401;Haláp hegy;Madžarska;Zahodna Madžarska;358;vrh;60;2;1;0;;46.9252;17.458;2;3742
4402;Kis-somlyó hegy;Madžarska;Zahodna Madžarska;220;vrh;84;3;1;0;;47.1516;17.0988;5;3657
4403;Ság hegy;Madžarska;Zahodna Madžarska;279;vrh;64;4;1;0;;47.2322;17.1175;3;3725
4404;Žusem, stolp ljubezni;Slovenija;Kozjansko;669;vrh;524;17;0;0;1;46.15892;15.48147;21;3037
4405;Plesišče (Vrbanove špice);Slovenija;Julijske Alpe;2248;Vremenska napoved:;447;1;1;0;;46.396;13.8682;19;3105
4406;Gramoznica Kobilje;Slovenija;Prekmurje;195;jezero;75;2;2;0;;46.6936;16.3706;3;3698
4407;Lipnica;Slovenija;Julijske Alpe;2418;vrh;687;2;2;0;;46.4464;13.8122;23;2932
4408;Črni kamen;Slovenija;Prekmurje;300;Vremenska napoved:;65;2;1;0;;46.82712;15.98564;3;3723
4409;Slatinski vrelec Ocinje;Slovenija;Prekmurje;299;Vremenska napoved:;64;3;1;0;;46.82901;15.99848;3;3731
4410;Malo Apno;Slovenija;Kamniško Savinjske Alpe;499;vrh,bivak;86;1;1;0;;46.3096;15.134;5;3650
4411;Apno;Slovenija;Kamniško Savinjske Alpe;525;vrh;162;2;3;2;;46.3078;15.1313;10;3435
4412;Velika Mojstrovka (zahodni vrh);Slovenija;Julijske Alpe;2369;vrh;762;1;2;0;;46.4341;13.7235;24;2898
4413;Izvir Ponikvice;Slovenija;Kamniško Savinjske Alpe;378;bivak;128;5;3;0;;46.3072;15.1397;8;3522
4414;Požiralnik Ponikvice;Slovenija;Kamniško Savinjske Alpe;350;slap;106;5;3;0;;46.2951;15.1388;6;3594
4415;Izvir Ločanke;Slovenija;Kamniško Savinjske Alpe;356;Vremenska napoved:;96;3;3;0;;46.2944;15.1379;5;3622
4416;Pogorišče;Slovenija;Kamniško Savinjske Alpe;412;vrh;122;5;3;0;;46.2908;15.1355;8;3533
4417;Jama Pekel;Slovenija;Kamniško Savinjske Alpe;300;Vremenska napoved:;346;2;2;0;;46.29;15.133;16;3207
4418;Planina Gozdec;Slovenija;Julijske Alpe;1305;planina;79;1;1;0;;46.3395;13.4861;4;3682
4419;Pod Kaninom;Italija, Slovenija;Julijske Alpe;2429;vrh;199;1;1;0;;46.3543;13.4369;12;3378
4420;Prnek;Slovenija;Posavsko hribovje in Dolenjska;341;vrh;83;3;1;0;;46.2276;15.6321;4;3664
4421;Sveta Trojica (Prnek);Slovenija;Posavsko hribovje in Dolenjska;317;cerkev;76;2;1;0;;46.22148;15.63185;4;3694
4422;Okno v Stegovniku;Slovenija;Karavanke;1476;Vremenska napoved:;196;7;3;0;;46.391;14.4149;12;3382
4423;Sv. Vid (Vonarje);Slovenija;Posavsko hribovje in Dolenjska;310;vrh,cerkev;62;3;1;0;;46.18491;15.6222;2;3736
4424;Sv. Areh (Vonarje);Slovenija;Posavsko hribovje in Dolenjska;322;cerkev;96;2;1;0;;46.18101;15.62773;5;3627
4425;Bobrov center;Slovenija;Posavsko hribovje in Dolenjska;205;Vremenska napoved:;89;3;1;0;;46.1901;15.64438;5;3643
4426;Ribnik Vonarje;Slovenija;Posavsko hribovje in Dolenjska;205;jezero;68;2;1;0;;46.17746;15.61869;3;3714
4427;Šćah;Hrvaška;Jadranski otoki;286;vrh;173;1;1;0;1;44.0853;15.144;11;3420
4428;Veliki Bokolj;Hrvaška;Jadranski otoki;274;vrh;265;2;1;0;;43.9554;15.34;14;3296
4429;Levstikov mlin;Slovenija;Posavsko hribovje in Dolenjska;240;Vremenska napoved:;81;3;1;0;;46.03692;15.5906;4;3679
4430;Rigelj;Slovenija;Posavsko hribovje in Dolenjska;626;vrh;78;3;2;0;;46.02369;15.60718;4;3690
4431;Veliki vrh (Orlica);Slovenija;Posavsko hribovje in Dolenjska;701;vrh;175;2;5;0;;46.0177;15.6167;11;3416
4432;Kerinov spomenik;Slovenija;Posavsko hribovje in Dolenjska;614;Vremenska napoved:;110;3;5;0;;46.0153;15.6247;7;3569
4433;Sazianiberg;Avstrija;Hribovje vzhodno od Mure;382;vrh;43;6;1;0;;46.81143;15.86747;2;3767
4434;Straden;Avstrija;Hribovje vzhodno od Mure;376;vrh,koča,cerkev;52;9;1;0;;46.80601;15.87066;2;3757
4435;Intermedija;Slovenija;Posavsko hribovje in Dolenjska;662;vrh;102;2;5;0;;46.0221;15.6395;6;3602
4436;Bivak Lovske družine Pišece;Slovenija;Posavsko hribovje in Dolenjska;594;bivak,sedlo;101;4;5;0;;46.0224;15.6436;6;3604
4437;Velika Vagla;Slovenija;Posavsko hribovje in Dolenjska;667;vrh;61;1;1;0;;46.0187;15.6472;2;3738
4438;Veliki vrh (nad Pišecami);Slovenija;Posavsko hribovje in Dolenjska;698;vrh;97;1;1;0;;46.0231;15.6471;6;3618
4439;Grad Pišece;Slovenija;Posavsko hribovje in Dolenjska;343;vrh;80;3;1;0;;46.0066;15.6368;4;3683
4440;Škrbinica (Sinji dol);Italija, Slovenija;Julijske Alpe;1838;sedlo;195;3;1;0;;46.43857;13.59917;12;3383
4441;Cerkev sv. Treh kraljev v Ješovcu;Slovenija;Pohorje, Dravinjske gorice in Haloze;320;vrh,cerkev;52;2;2;0;;46.3275;15.6351;2;3758
4442;Vouloumenou (Kreta / Crete);Grčija;Grški otoki;2267;vrh;96;11;2;0;;35.2225;24.79708;5;3623
4443;Dvorec Štatenberg;Slovenija;Pohorje, Dravinjske gorice in Haloze;289;Vremenska napoved:;72;4;1;0;;46.32547;15.67291;3;3704
4444;Veliki Cirnik;Slovenija;Posavsko hribovje in Dolenjska;623;vrh,bivak;175;7;2;0;;45.8542;15.6009;11;3417
4445;Lovska koča na Malem Cirniku;Slovenija;Posavsko hribovje in Dolenjska;416;koča;63;5;1;0;;45.8558;15.5854;2;3747
4446;Lemovje;Slovenija;Julijske Alpe;856;planina;306;2;1;0;;46.3476;13.6726;15;3251
4447;Hermanova utrdba;Slovenija;Julijske Alpe;650;Vremenska napoved:;219;1;1;0;;46.3598;13.5881;12;3353
4448;Krog (Učka);Hrvaška;Gorski Kotar in Istra;996;vrh;76;5;1;0;;45.30728;14.20339;4;3695
4450;Maj (Učka);Hrvaška;Gorski Kotar in Istra;969;vrh;46;4;1;0;;45.2653;14.19156;2;3764
4452;Suhi vrh (Učka);Hrvaška;Gorski Kotar in Istra;1335;vrh;158;7;1;0;;45.27841;14.20958;10;3441
4453;Janezov breg / János-hegy;Madžarska;Zahodna Madžarska;382;vrh;37;3;2;0;;46.88858;16.16165;2;3772
4455;Bredič;Slovenija;Posavsko hribovje in Dolenjska;692;vrh;121;2;3;0;;46.08119;15.53062;8;3538
4456;Sveti Mihael (Pilštanj);Slovenija;Posavsko hribovje in Dolenjska;375;cerkev;59;5;3;0;;46.09828;15.52455;2;3748
4457;Na gradu (Grad Pilštanj);Slovenija;Posavsko hribovje in Dolenjska;403;vrh;44;3;3;0;;46.09714;15.52447;2;3766
4460;Planinska koča Visočica;Hrvaška;Velebit;1430;bivak;48;6;1;0;;44.43253;15.35993;2;3763
4462;Visočica;Hrvaška;Velebit;1619;vrh;106;15;1;0;;44.42951;15.37168;6;3595
4463;Vina gora;Slovenija;Posavsko hribovje in Dolenjska;519;vrh;75;9;5;0;;46.09743;15.53894;3;3700
4464;Weinebene;Avstrija;Labotniške Alpe;1668;koča,sedlo,cerkev;68;2;1;0;;46.83979;15.01604;3;3715
4465;Kocbekovo zavetišče pod Ojstrico;Slovenija;Kamniško Savinjske Alpe;1770;koča;70;5;0;0;;;;3;3708
4466;Grad Lušperk;Slovenija;Pohorje, Dravinjske gorice in Haloze;571;vrh;63;3;2;0;;46.39175;15.36923;3;3732
4467;Lipnik (nad Lepeno);Slovenija;Julijske Alpe;1870;vrh;95;9;1;0;;46.30446;13.63147;5;3628
4469;Panos;Hrvaška;Velebit;1258;vrh;71;7;1;0;;44.42661;15.28209;3;3706
4472;Brdašce;Hrvaška;Velebit;1243;vrh;49;4;1;0;;44.44336;15.26502;2;3761
4473;Sabathy-Hütte im Zirbenland;Avstrija;Labotniške Alpe;1620;koča,planina,cerkev;40;1;1;0;;47.08721;14.59999;2;3770
4474;Almrauschhütte (pod Zirbitzkoglom);Avstrija;Labotniške Alpe;1650;koča,planina;28;3;1;0;;47.08552;14.59768;1;3777
4476;Planinsko zavetišče Šugarska duliba;Hrvaška;Velebit;1210;bivak;51;7;1;0;;44.45239;15.24744;2;3760
4477;Veliki Stolac;Hrvaška;Velebit;1406;vrh;66;10;1;0;;44.45098;15.2553;3;3717
4478;Lindersee;Avstrija;Labotniške Alpe;2051;jezero;37;4;1;0;;47.07176;14.56978;2;3771
4479;Linderhütte (pod Zirbitzkoglom);Avstrija;Labotniške Alpe;1730;koča,planina;24;2;1;0;;47.07986;14.58836;1;3784
4480;Zavetišče Viškoroša / Rifugio A.N.A. Monteaperta;Italija;Julijske Alpe;1465;koča;64;15;1;0;;46.29002;13.3536;3;3726
4481;Lanževica / Punta Lausciovizza;Italija;Julijske Alpe;1625;vrh;66;5;1;0;;46.28718;13.35473;3;3718
4482;Marienseer Wasserfall;Avstrija;Hribovje vzhodno od Mure;1236;slap,bivak;40;6;1;0;;47.54794;15.92302;2;3769
4483;Jezerski vrh nad Sedmerimi Rilskimi jezeri;Bolgarija;Rilsko gorovje;2550;Ogledov: 1;1;3;0;0;;;;0;3829
4484;Vitoša in Črni vrh;Bolgarija;Rilsko gorovje;2292;Ogledov: 1;1;2;0;0;;;;0;3830
4485;Musala;Bolgarija;Rilsko gorovje;2925;Ogledov: 2;2;3;0;0;;;;0;3825
4486;Vihren;Bolgarija;Rodopi;2914;Ogledov: 1;1;3;0;0;;;;0;3831
4487;Sonnschienhütte;Avstrija;Severne apneniške Alpe;1523;koča,planina;18;2;1;0;;47.58651;15.03905;1;3788
4488;Kleiner Ebenstein;Avstrija;Severne apneniške Alpe;1943;vrh;30;4;1;0;;47.59974;15.02335;1;3774
4489;Ebenstein (jugovzhodni vrh);Avstrija;Severne apneniške Alpe;2115;vrh;26;3;1;0;;47.60467;15.03023;1;3780
4490;Ebenstein (severozahodni vrh);Avstrija;Severne apneniške Alpe;2123;vrh;26;2;1;0;;47.606;15.02817;1;3781
4491;Cirkovnica;Slovenija;Kamniško Savinjske Alpe;1245;vrh;52;4;1;0;;46.39994;14.76889;2;3759
4492;Planina Bukovec;Slovenija;Julijske Alpe;1346;planina;57;8;1;0;;46.37424;13.65449;2;3755
4493;Vrh Ruš;Slovenija;Julijske Alpe;1995;vrh;26;10;1;0;;46.36204;13.6546;1;3782
4494;Sv. Lenart / sv. Leonard (Pregradski Vrh);Hrvaška;Gorjanci, Medvednica in Medžimurje;298;cerkev;41;2;1;0;;46.16334;15.74485;2;3768
4495;Vrh Brda;Slovenija;Julijske Alpe;2152;vrh;108;9;2;0;;46.36286;13.65923;6;3587
4496;Mali Grintavec;Slovenija;Julijske Alpe;2294;vrh;134;8;1;0;;46.36654;13.66624;8;3512
4497;Oštra;Hrvaška;Dinara in Lika;796;vrh;21;10;1;0;;44.53057;15.32646;1;3786
4498;Sveti Jakob (Resnik);Slovenija;Pohorje, Dravinjske gorice in Haloze;941;cerkev;29;4;1;0;;46.42513;15.35327;1;3776
4499;Kanja;Slovenija;Julijske Alpe;1848;vrh;27;14;1;0;;46.37161;13.66291;1;3783
4500;Planinsko zavetišče Tatekova koliba;Hrvaška;Velebit;860;bivak;46;4;1;0;;44.40832;15.319;2;3765
4501;Debeli Kuk;Hrvaška;Velebit;1269;vrh;29;8;1;0;;44.4177;15.31058;1;3778
4502;Stapina;Hrvaška;Velebit;1125;vrh;8;7;0;0;;44.40627;15.32763;1;3805
4503;Peca (Kalnik);Hrvaška;Gorjanci, Medvednica in Medžimurje;624;Ogledov: 5;5;3;0;0;;;;0;3815
4505;Straža (otok Ist);Hrvaška;Jadranski otoki;174;vrh,cerkev;2;7;0;0;;44.27842;14.77053;0;3826
4506;Jama Vilenica;Slovenija;Goriško, Notranjsko in Snežniško hribovje;415;Vremenska napoved:;3;12;0;0;;45.6744;13.91188;0;0
