gora_id;povezava_poti
1;https://www.hribi.net/izlet/aljazev_dom_v_vratih_triglav_tominskova_pot/1/1/125
1;https://www.hribi.net/izlet/konec_ceste_na_pokljuki_triglav_cez_planiko_in_mali_triglav/1/1/133
1;https://www.hribi.net/izlet/dolina_krma_triglav_cez_kredarico/1/1/129
1;https://www.hribi.net/izlet/aljazev_dom_v_vratih_triglav_cez_plemenice/1/1/127
1;https://www.hribi.net/izlet/aljazev_dom_v_vratih_triglav_cez_prag/1/1/126
1;https://www.hribi.net/izlet/dolina_krma_triglav_cez_planiko_in_mali_triglav/1/1/130
1;https://www.hribi.net/izlet/koca_pri_savici_triglav_po_dolini_triglavskih_jezer/1/1/248
1;https://www.hribi.net/izlet/zadnjica_triglav_cez_dolic/1/1/163
1;https://www.hribi.net/izlet/rudno_polje_triglav_cez_kredarico/1/1/1098
1;https://www.hribi.net/izlet/konec__ceste_na_pokljuki_triglav_cez_planiko_in_triglavsko_skrbino/1/1/797
1;https://www.hribi.net/izlet/konec_ceste_na_pokljuki_triglav_cez_kredarico/1/1/132
1;https://www.hribi.net/izlet/dolina_kot_triglav/1/1/128
1;https://www.hribi.net/izlet/dolina_krma_triglav_cez_planiko_in_triglavsko_skrbino/1/1/131
1;https://www.hribi.net/izlet/turkov_rovt_vrata_triglav_po_dolini_za_cmirom/1/1/2539
1;https://www.hribi.net/izlet/zadnjica_triglav_cez_plemenice/1/1/162
1;https://www.hribi.net/izlet/rudno_polje_triglav_cez_kugyjevo_polico/1/1/1855
1;https://www.hribi.net/izlet/planina_blato_triglav_cez_grintovico_planiko_in_mali_triglav/1/1/2869
1;https://www.hribi.net/izlet/uskovnica_razpotje_triglav_cez_planiko_in_mali_triglav/1/1/160
1;https://www.hribi.net/izlet/stara_fuzina_triglav_cez_planiko_in_mali_triglav/1/1/161
1;https://www.hribi.net/izlet/zadnjica_triglav_cez_komar/1/1/2284
1;https://www.hribi.net/izlet/planina_blato_triglav_po_dolini_za_kopico/1/1/733
1;https://www.hribi.net/izlet/stara_fuzina_triglav_cez_planiko_in_triglavsko_skrbino/1/1/1056
1;https://www.hribi.net/izlet/uskovnica_razpotje_triglav_cez_triglavsko_skrbino/1/1/782
1;https://www.hribi.net/izlet/rudno_polje_triglav_mimo_doma_planika_in_cez_mali_triglav/1/1/8744
1;https://www.hribi.net/izlet/zadnjica_triglav_kugyjeva_pot_na_triglav/1/1/8153
1;https://www.hribi.net/izlet/uskovnica_lom_triglav_cez_triglavsko_skrbino/1/1/5948
1;https://www.hribi.net/izlet/srednja_vas_triglav_za_ribnico_in_cez_triglavsko_skrbino/1/1/6195
1;https://www.hribi.net/izlet/rudno_polje_triglav_mimo_doma_planika_in_cez_triglavsko_skrbino/1/1/10693
2;https://www.hribi.net/izlet/aljazev_dom_v_vratih_skrlatica/1/2/136
2;https://www.hribi.net/izlet/ruski_kriz_skrlatica_cez_krisko_steno/1/2/137
2;https://www.hribi.net/izlet/zadnjica_skrlatica/1/2/2533
2;https://www.hribi.net/izlet/gozd_martuljek__skrlatica_grebensko_precenje_mali_oltar-skrlatica/1/2/4791
2;https://www.hribi.net/izlet/pisnica_skrlatica_cez_krisko_steno/1/2/6594
3;https://www.hribi.net/izlet/aljazev_dom_v_vratih_mali_triglav_tominskova_pot/1/3/694
3;https://www.hribi.net/izlet/aljazev_dom_v_vratih_mali_triglav_cez_prag/1/3/258
3;https://www.hribi.net/izlet/dolina_kot_mali_triglav/1/3/563
3;https://www.hribi.net/izlet/dolina_krma_mali_triglav_mimo_doma_planika_pod_triglavom/1/3/10675
3;https://www.hribi.net/izlet/rudno_polje_mali_triglav_mimo_doma_planika/1/3/10690
3;https://www.hribi.net/izlet/konec_ceste_na_pokljuki_mali_triglav_cez_kredarico/1/3/10701
3;https://www.hribi.net/izlet/dolina_krma_mali_triglav_cez_kredarico/1/3/10660
3;https://www.hribi.net/izlet/konec_ceste_na_pokljuki_mali_triglav_cez_planiko/1/3/10700
3;https://www.hribi.net/izlet/rudno_polje_mali_triglav_cez_kredarico/1/3/10696
3;https://www.hribi.net/izlet/uskovnica_razpotje_mali_triglav_cez_planiko/1/3/10703
4;https://www.hribi.net/izlet/mangartsko_sedlo_mangart_slovenska_pot/1/4/19
4;https://www.hribi.net/izlet/mangartsko_sedlo_mangart_italijanska_pot/1/4/169
4;https://www.hribi.net/izlet/belopeska_jezera_mangart_via_italiana/1/4/1762
4;https://www.hribi.net/izlet/loska_koritnica_mangart/1/4/1763
4;https://www.hribi.net/izlet/pri_mlincu_mangart_slovenska_pot/1/4/6050
4;https://www.hribi.net/izlet/pri_mlincu_mangart_italijanska_pot/1/4/6049
4;https://www.hribi.net/izlet/pri_mlincu_mangart_cez_gladki_rob_in_po_slovenski_poti/1/4/6045
4;https://www.hribi.net/izlet/pri_mlincu_mangart_cez_gladki_rob_in_po_italijanski_poti/1/4/6044
5;https://www.hribi.net/izlet/poldov_rovt_vrata_visoki_rokav/1/5/170
5;https://www.hribi.net/izlet/poldov_rovt_vrata_visoki_rokav_preko_velikega_oltarja_po_grebenu/1/5/2890
6;https://www.hribi.net/izlet/nc_planica_jalovec_mimo_bivaka_in_cez_kotovo_sedlo/1/6/570
6;https://www.hribi.net/izlet/vrsic_jalovec_mimo_zavetisca_pod_spickom/1/6/569
6;https://www.hribi.net/izlet/vrsic_jalovec_cez_jalovsko_skrbino/1/6/173
6;https://www.hribi.net/izlet/zadnja_trenta_flori_jalovec_mimo_zavetisca_pod_spickom/1/6/175
6;https://www.hribi.net/izlet/nc_planica_jalovec_cez_jalovsko_skrbino/1/6/571
6;https://www.hribi.net/izlet/zadnja_trenta_flori_jalovec_cez_jalovsko_skrbino/1/6/174
6;https://www.hribi.net/izlet/dom_v_tamarju_jalovec_zimski_plezalni_vzpon_skozi_zimski_kamin/1/6/2893
6;https://www.hribi.net/izlet/loska_koritnica_jalovec_mimo_zavetisca_pod_spickom/1/6/2301
6;https://www.hribi.net/izlet/nc_planica_jalovec_po_meliscu_in_cez_kotovo_sedlo/1/6/4159
6;https://www.hribi.net/izlet/bavsica_jalovec/1/6/2305
7;https://www.hribi.net/izlet/poldov_rovt_vrata_veliki_oltar_mimo_bivaka/1/7/176
7;https://www.hribi.net/izlet/ruski_kriz_veliki_oltar_po_sz_grebenu/1/7/4631
8;https://www.hribi.net/izlet/ruski_kriz_velika_martuljska_ponca/1/8/177
9;https://www.hribi.net/izlet/zadnjica_razor/1/9/178
9;https://www.hribi.net/izlet/vrsic_razor/1/9/179
9;https://www.hribi.net/izlet/aljazev_dom_v_vratih_razor_cez_sovatno/1/9/267
9;https://www.hribi.net/izlet/ruski_kriz_razor_cez_krisko_steno/1/9/760
10;https://www.hribi.net/izlet/aljazev_dom_v_vratih_dolkova_spica_zahodna_pot/1/10/181
10;https://www.hribi.net/izlet/aljazev_dom_v_vratih_dolkova_spica_vzhodna_pot/1/10/180
10;https://www.hribi.net/izlet/aljazev_dom_v_vratih_dolkova_spica_po_jv_grebenu/1/10/3300
10;https://www.hribi.net/izlet/ruski_kriz_dolkova_spica_cez_krisko_steno/1/10/270
10;https://www.hribi.net/izlet/pisnica_dolkova_spica_cez_krisko_steno/1/10/6569
10;https://www.hribi.net/izlet/zadnjica_dolkova_spica/1/10/10694
12;https://www.hribi.net/izlet/d_postaja_visoki_kanin/1/12/182
12;https://www.hribi.net/izlet/nevejski_preval_visoki_kanin_via_ferrata_divisione_julia/1/12/2290
12;https://www.hribi.net/izlet/gozdec_visoki_kanin_cez_zadnji_dol/1/12/1744
12;https://www.hribi.net/izlet/nevejski_preval_visoki_kanin_via_ferrata_rosalba_grasselli/1/12/2289
12;https://www.hribi.net/izlet/gozdec_visoki_kanin_mimo_doma_petra_skalarja_na_kaninu/1/12/7455
12;https://www.hribi.net/izlet/gozdec_visoki_kanin_visoka_rezijanska_pot/1/12/9846
12;https://www.hribi.net/izlet/korito___coritis_visoki_kanin_via_normale_resiana/1/12/9842
12;https://www.hribi.net/izlet/korito___coritis_visoki_kanin_via_ferrata_rosalba_grasselli/1/12/9899
13;https://www.hribi.net/izlet/d_postaja_mali_kanin/1/13/271
13;https://www.hribi.net/izlet/gozdec_mali_kanin_visoka_rezijanska_pot/1/13/9943
13;https://www.hribi.net/izlet/korito___coritis_mali_kanin_via_normale_resiana/1/13/9841
14;https://www.hribi.net/izlet/zadnjica_kanjavec_cez_prehodavce/1/14/185
14;https://www.hribi.net/izlet/planina_blato_kanjavec_po_dolini_za_kopico/1/14/186
14;https://www.hribi.net/izlet/koca_pri_savici_kanjavec_po_dolini_triglavskih_jezer/1/14/272
14;https://www.hribi.net/izlet/zadnjica_kanjavec_cez_dolic/1/14/184
14;https://www.hribi.net/izlet/planina_blato_kanjavec_po_dolini_za_debelim_vrhom/1/14/1357
14;https://www.hribi.net/izlet/planina_blato_kanjavec_po_dolini_za_miselj_vrhom/1/14/1358
14;https://www.hribi.net/izlet/planina_blato_kanjavec_cez_planino_krstenico_in_po_dolini_za_debelim_vrhom/1/14/2692
14;https://www.hribi.net/izlet/aljazev_dom_v_vratih_kanjavec/1/14/6500
16;https://www.hribi.net/izlet/v_koncu_grintovec_cez_streho/3/16/54
16;https://www.hribi.net/izlet/suhadolnik_grintovec_cez_streho/3/16/647
16;https://www.hribi.net/izlet/v_koncu_grintovec_cez_kokrsko_in_mlinarsko_sedlo/3/16/538
16;https://www.hribi.net/izlet/ravenska_kocna_grintovec_mimo_zicnice_in_po_frischaufovi_poti/3/16/671
16;https://www.hribi.net/izlet/ravenska_kocna_grintovec_mimo_zicnice_in_po_kremzarjevi_poti/3/16/679
16;https://www.hribi.net/izlet/suhadolnik_grintovec_cez_kokrsko_in_mlinarsko_sedlo/3/16/651
16;https://www.hribi.net/izlet/v__koncu_grintovec_cez_gamsov_skret/3/16/753
16;https://www.hribi.net/izlet/ravenska_kocna_grintovec_po_ferati_in_frischaufovi_poti/3/16/5475
16;https://www.hribi.net/izlet/v_koncu_grintovec_cez_dolge_stene/3/16/5098
16;https://www.hribi.net/izlet/ravenska_kocna_grintovec_po_ferati_in_kremzarjevi_poti/3/16/5476
16;https://www.hribi.net/izlet/ravenska_kocna_grintovec_umik_zrela_in_po_frischaufovi_poti/3/16/5473
16;https://www.hribi.net/izlet/ravenska_kocna_grintovec_cez_stularjevo_planino_in_po_kremzarjevi_poti/3/16/5478
16;https://www.hribi.net/izlet/ravenska_kocna_grintovec_cez_stularjevo_planino_in_po_frischaufovi_poti/3/16/5477
16;https://www.hribi.net/izlet/ravenska_kocna_grintovec_umik_zrela_in_po_kremzarjevi_poti/3/16/5474
17;https://www.hribi.net/izlet/zadnjica_glava_v_zaplanji_cez_dolic/1/17/273
17;https://www.hribi.net/izlet/aljazev_dom_v_vratih_glava_v_zaplanji_cez_plemenice/1/17/188
17;https://www.hribi.net/izlet/zadnjica_glava_v_zaplanji_cez_plemenice/1/17/187
17;https://www.hribi.net/izlet/planina_blato_glava_v_zaplanji_po_dolini_za_kopico/1/17/735
18;https://www.hribi.net/izlet/vrsic_prisank___prisojnik_kopiscarjeva_pot/1/18/191
18;https://www.hribi.net/izlet/vrsic_prisank___prisojnik_slovenska_pot/1/18/190
18;https://www.hribi.net/izlet/vrsic_prisank___prisojnik_grebenska_pot/1/18/189
18;https://www.hribi.net/izlet/koca_na_gozdu_prisank___prisojnik_hanzova_pot/1/18/2283
18;https://www.hribi.net/izlet/vrsic_prisank___prisojnik_jubilejna_pot/1/18/1838
18;https://www.hribi.net/izlet/erjavceva_koca_na_vrsicu_prisank___prisojnik_slovenska_pot/1/18/6112
18;https://www.hribi.net/izlet/erjavceva_koca_na_vrsicu_prisank___prisojnik_kopiscarjeva_pot/1/18/6110
18;https://www.hribi.net/izlet/erjavceva_koca_na_vrsicu_prisank___prisojnik_grebenska_pot/1/18/6111
18;https://www.hribi.net/izlet/vrsic_prisank___prisojnik_cez_kajzljevo_skrbino/1/18/6115
18;https://www.hribi.net/izlet/erjavceva_koca_na_vrsicu_prisank___prisojnik_jubilejna_pot/1/18/6114
18;https://www.hribi.net/izlet/erjavceva_koca_na_vrsicu_prisank___prisojnik_cez_kajzljevo_skrbino/1/18/6113
19;https://www.hribi.net/izlet/aljazev_dom_v_vratih_rogljica_zahodna_pot/1/19/192
22;https://www.hribi.net/izlet/poldov_rovt_vrata_dovski_kriz_mimo_bivaka/1/22/193
22;https://www.hribi.net/izlet/poldov_rovt_vrata_dovski_kriz_cez_brinje/1/22/1781
23;https://www.hribi.net/izlet/dolina_krma_triglavski_dom_na_kredarici/1/23/201
23;https://www.hribi.net/izlet/rudno_polje_triglavski_dom_na_kredarici/1/23/1097
23;https://www.hribi.net/izlet/aljazev_dom_v_vratih_triglavski_dom_na_kredarici_tominskova_pot/1/23/198
23;https://www.hribi.net/izlet/aljazev_dom_v_vratih_triglavski_dom_na_kredarici_cez_prag/1/23/199
23;https://www.hribi.net/izlet/konec_ceste_na_pokljuki_triglavski_dom_na_kredarici/1/23/202
23;https://www.hribi.net/izlet/dolina_kot_triglavski_dom_na_kredarici/1/23/200
23;https://www.hribi.net/izlet/zadnjica_triglavski_dom_na_kredarici/1/23/2667
23;https://www.hribi.net/izlet/stara_fuzina_triglavski_dom_na_kredarici/1/23/10708
23;https://www.hribi.net/izlet/uskovnica_lom_triglavski_dom_na_kredarici_cez_planino_spodnji_tosc/1/23/5961
23;https://www.hribi.net/izlet/uskovnica_razpotje_triglavski_dom_na_kredarici_cez_planino_spodnji_tosc/1/23/5969
23;https://www.hribi.net/izlet/turkov_rovt_vrata_triglavski_dom_na_kredarici_po_dolini_za_cmirom/1/23/10755
25;https://www.hribi.net/izlet/ravenska_kocna_jezerska_kocna_mimo_zicnice_in_po_kremzarjevi_poti/3/25/223
25;https://www.hribi.net/izlet/suhadolnik_jezerska_kocna_cez_grdi_graben_in_dolce/3/25/1774
25;https://www.hribi.net/izlet/ravenska_kocna_jezerska_kocna_mimo_zicnice_in_po_frischaufovi_poti/3/25/680
25;https://www.hribi.net/izlet/suhadolnik_jezerska_kocna_cez_kokrsko_sedlo_in_dolce/3/25/1783
25;https://www.hribi.net/izlet/suhadolnik_jezerska_kocna_cez_grdi_graben_in_kokrsko_kocno/3/25/2589
25;https://www.hribi.net/izlet/v_koncu_jezerska_kocna_cez_kokrsko_kocno/3/25/2587
25;https://www.hribi.net/izlet/ravenska_kocna_jezerska_kocna_po_ferati_in_kremzarjevi_poti/3/25/5484
25;https://www.hribi.net/izlet/v_koncu_jezerska_kocna_cez_dolce/3/25/2585
25;https://www.hribi.net/izlet/suhadolnik_jezerska_kocna_cez_kokrsko_sedlo_in_kokrsko_kocno/3/25/2590
25;https://www.hribi.net/izlet/ravenska_kocna_jezerska_kocna_cez_stularjevo_planino_in_po_kremzarjevi_poti/3/25/5485
25;https://www.hribi.net/izlet/ravenska_kocna_jezerska_kocna_po_ferati_in_frischaufovi_poti/3/25/5480
25;https://www.hribi.net/izlet/ravenska_kocna_jezerska_kocna_umik_zrela_in_po_kremzarjevi_poti/3/25/5483
25;https://www.hribi.net/izlet/ravenska_kocna_jezerska_kocna_cez_stularjevo_planino_in_po_frischaufovi_poti/3/25/5482
25;https://www.hribi.net/izlet/ravenska_kocna_jezerska_kocna_umik_zrela_in_po_frischaufovi_poti/3/25/5481
26;https://www.hribi.net/izlet/dolina_kot_rz/1/26/194
26;https://www.hribi.net/izlet/aljazev_dom_v_vratih_rz_tominskova_pot/1/26/690
26;https://www.hribi.net/izlet/aljazev_dom_v_vratih_rz_cez_prag/1/26/691
26;https://www.hribi.net/izlet/dolina_krma_rz/1/26/6285
27;https://www.hribi.net/izlet/dolina_kot_rjavina_plezalna_pot/1/27/195
27;https://www.hribi.net/izlet/dolina_kot_rjavina_grebenska_pot/1/27/196
27;https://www.hribi.net/izlet/dolina_krma_rjavina_cez_teme/1/27/1678
27;https://www.hribi.net/izlet/aljazev_dom_v_vratih_rjavina_tominskova_pot/1/27/693
27;https://www.hribi.net/izlet/aljazev_dom_v_vratih_rjavina_cez_prag/1/27/692
27;https://www.hribi.net/izlet/dolina_krma_rjavina_grebenska_pot/1/27/2534
27;https://www.hribi.net/izlet/dolina_kot_rjavina_grebensko_precenje_macesnovec-rjavina/1/27/3476
27;https://www.hribi.net/izlet/konec_ceste_na_pokljuki_rjavina/1/27/3314
27;https://www.hribi.net/izlet/rudno_polje_rjavina/1/27/5093
28;https://www.hribi.net/izlet/v_koncu_skuta_cez_kokrsko_sedlo/3/28/55
28;https://www.hribi.net/izlet/v_koncu_skuta_cez_zmavcarje/3/28/757
28;https://www.hribi.net/izlet/koca_pod_slapom_rinka_skuta_skozi_turski_zleb/3/28/2336
28;https://www.hribi.net/izlet/suhadolnik_skuta_cez_kokrsko_sedlo/3/28/648
28;https://www.hribi.net/izlet/ravenska_kocna_skuta_mimo_zicnice_in_cez_dolgi_hrbet/3/28/685
28;https://www.hribi.net/izlet/v__koncu_skuta_cez_gamsov_skret/3/28/755
28;https://www.hribi.net/izlet/ravenska_kocna_skuta_po_ferati_in_cez_dolgi_hrbet/3/28/5487
28;https://www.hribi.net/izlet/ravenska_kocna_skuta_cez_stularjevo_planino_in_dolgi_hrbet/3/28/5488
28;https://www.hribi.net/izlet/ravenska_kocna_skuta_umik_zrela_in_cez_dolgi_hrbet/3/28/5486
31;https://www.hribi.net/izlet/suhadolnik_kokrska_kocna_cez_grdi_graben/3/31/1773
31;https://www.hribi.net/izlet/ravenska_kocna_kokrska_kocna_mimo_zicnice_in_po_kremzarjevi_poti/3/31/416
31;https://www.hribi.net/izlet/suhadolnik_kokrska_kocna_cez_kokrsko_sedlo/3/31/2591
31;https://www.hribi.net/izlet/v_koncu_kokrska_kocna/3/31/2592
31;https://www.hribi.net/izlet/suhadolnik_kokrska_kocna_po_jugozahodnem_grebenu/3/31/6154
31;https://www.hribi.net/izlet/ravenska_kocna_kokrska_kocna_po_ferati_in_kremzarjevi_poti/3/31/5489
31;https://www.hribi.net/izlet/ravenska_kocna_kokrska_kocna_cez_stularjevo_planino_in_po_kremzarjevi_poti/3/31/5491
31;https://www.hribi.net/izlet/ravenska_kocna_kokrska_kocna_umik_zrela_in_po_kremzarjevi_poti/3/31/5490
33;https://www.hribi.net/izlet/aljazev_dom_v_vratih_stenar_cez_sovatno/1/33/203
33;https://www.hribi.net/izlet/zadnjica_stenar/1/33/682
33;https://www.hribi.net/izlet/aljazev_dom_v_vratih_stenar_cez_stenarska_vratca/1/33/2858
33;https://www.hribi.net/izlet/ruski_kriz_stenar_cez_kriz/1/33/758
33;https://www.hribi.net/izlet/pisnica_stenar_cez_kriz/1/33/6550
33;https://www.hribi.net/izlet/aljazev_dom_v_vratih_stenar_stenar_po_jv_grebenu/1/33/11004
35;https://www.hribi.net/izlet/d_postaja_prestreljenik/1/35/204
35;https://www.hribi.net/izlet/nevejski_preval_prestreljenik_mimo_koce_gilberti/1/35/1185
35;https://www.hribi.net/izlet/b_postaja_prestreljenik_cez_krnico/1/35/592
35;https://www.hribi.net/izlet/nevejski_preval_prestreljenik_pot_636/1/35/2724
35;https://www.hribi.net/izlet/nevejski_preval_prestreljenik_po_smucarski_progi/1/35/2725
35;https://www.hribi.net/izlet/gozdec_prestreljenik_mimo_doma_petra_skalarja/1/35/590
40;https://www.hribi.net/izlet/vrsic_veliki_ozebnik_cez_jalovsko_skrbino/1/40/566
40;https://www.hribi.net/izlet/vrsic_veliki_ozebnik_mimo_zavetisca_pod_spickom/1/40/568
40;https://www.hribi.net/izlet/zadnja_trenta_flori_veliki_ozebnik_mimo_zavetisca_pod_spickom/1/40/205
40;https://www.hribi.net/izlet/zadnja_trenta_flori_veliki_ozebnik_cez_jalovsko_skrbino/1/40/578
42;https://www.hribi.net/izlet/v_koncu_dolgi_hrbet_cez_kokrsko_sedlo/3/42/225
42;https://www.hribi.net/izlet/ravenska_kocna_dolgi_hrbet_mimo_zicnice_in_po_frischaufovi_poti/3/42/684
42;https://www.hribi.net/izlet/v__koncu_dolgi_hrbet_cez_gamsov_skret/3/42/754
42;https://www.hribi.net/izlet/ravenska_kocna_dolgi_hrbet_po_ferati_in_frischaufovi_poti/3/42/5493
42;https://www.hribi.net/izlet/ravenska_kocna_dolgi_hrbet_cez_stularjevo_planino_in_po_frischaufovi_poti/3/42/5494
42;https://www.hribi.net/izlet/ravenska_kocna_dolgi_hrbet_umik_zrela_in_po_frischaufovi_poti/3/42/5492
43;https://www.hribi.net/izlet/pisnica_spik_skozi_kacji_graben/1/43/207
43;https://www.hribi.net/izlet/ruski_kriz_spik_mimo_koce_v_krnici/1/43/206
43;https://www.hribi.net/izlet/ruski_kriz_spik_skozi_kacji_graben/1/43/4612
43;https://www.hribi.net/izlet/pisnica_spik_mimo_koce_v_krnici/1/43/4608
46;https://www.hribi.net/izlet/zadnjica_miseljski_konec_cez_dolic/1/46/1207
48;https://www.hribi.net/izlet/dolina_kot_begunjski_vrh/1/48/209
48;https://www.hribi.net/izlet/aljazev_dom_v_vratih_begunjski_vrh_tominskova_pot/1/48/687
48;https://www.hribi.net/izlet/aljazev_dom_v_vratih_begunjski_vrh_cez_prag/1/48/686
48;https://www.hribi.net/izlet/turkov_rovt_vrata_begunjski_vrh_snezni_pristop/1/48/932
48;https://www.hribi.net/izlet/dolina_krma_begunjski_vrh/1/48/5986
48;https://www.hribi.net/izlet/konec_ceste_na_pokljuki_begunjski_vrh/1/48/3312
49;https://www.hribi.net/izlet/v_koncu_struca_cez_kokrsko_sedlo/3/49/226
49;https://www.hribi.net/izlet/v__koncu_struca_cez_gamsov_skret/3/49/756
49;https://www.hribi.net/izlet/suhadolnik_struca_cez_kokrsko_sedlo/3/49/649
49;https://www.hribi.net/izlet/ravenska_kocna_struca_po_ferati_in_cez_dolgi_hrbet/3/49/5499
49;https://www.hribi.net/izlet/ravenska_kocna_struca_mimo_zicnice_in_cez_dolgi_hrbet/3/49/5498
49;https://www.hribi.net/izlet/ravenska_kocna_struca_cez_stularjevo_planino_in_dolgi_hrbet/3/49/5501
49;https://www.hribi.net/izlet/ravenska_kocna_struca_umik_zrela_in_cez_dolgi_hrbet/3/49/5500
50;https://www.hribi.net/izlet/v_koncu_kranjska_rinka_cez_zmavcarje/3/50/227
50;https://www.hribi.net/izlet/ravenska_kocna_kranjska_rinka_slovenska_pot/3/50/2597
50;https://www.hribi.net/izlet/koca_pod_slapom_rinka_kranjska_rinka_cez_korosko_rinko/3/50/2596
50;https://www.hribi.net/izlet/koca_pod_slapom_rinka_kranjska_rinka_skozi_turski_zleb/3/50/2595
50;https://www.hribi.net/izlet/belska_kocna_kranjska_rinka/3/50/2598
50;https://www.hribi.net/izlet/ravenska_kocna_kranjska_rinka_skozi_zrelo/3/50/5502
50;https://www.hribi.net/izlet/ravenska_kocna_kranjska_rinka_lovska_pot/3/50/5503
52;https://www.hribi.net/izlet/ljubelj_begunjscica_cez_preval-o/11/52/607
52;https://www.hribi.net/izlet/tomceva_koca_na_poljski_planini_begunjscica/11/52/354
52;https://www.hribi.net/izlet/ljubelj_begunjscica_cez_zelenico/11/52/609
52;https://www.hribi.net/izlet/dom_v_dragi_begunjscica_mimo_roblekovega_doma/11/52/3981
52;https://www.hribi.net/izlet/dom_v_dragi_begunjscica_cez_preval-o/11/52/3983
52;https://www.hribi.net/izlet/ljubelj_begunjscica_cez_sentanski_plaz_snezni_pristop/11/52/37
52;https://www.hribi.net/izlet/tinckova_koca_begunjscica/11/52/2254
52;https://www.hribi.net/izlet/ljubelj_begunjscica_skozi_osrednjo_grapo_snezni_pristop/11/52/2071
52;https://www.hribi.net/izlet/ljubelj_begunjscica_skozi_y_snezni_pristop/11/52/2922
52;https://www.hribi.net/izlet/ljubelj_begunjscica_zeleniska_smer/11/52/4775
52;https://www.hribi.net/izlet/podljubelj_lajb_begunjscica/11/52/608
52;https://www.hribi.net/izlet/ljubelj_begunjscica_skozi_frelihov_zleb/11/52/4754
52;https://www.hribi.net/izlet/na_jezercih_begunjscica/11/52/3994
52;https://www.hribi.net/izlet/tinckova_koca_begunjscica_cez_poljsko_planino/11/52/3992
53;https://www.hribi.net/izlet/valvasorjev_dom_pod_stolom_stol_zirovniska_pot/11/53/139
53;https://www.hribi.net/izlet/valvasorjev_dom_pod_stolom_stol_zabreska_pot/11/53/75
53;https://www.hribi.net/izlet/trate___johannsenruhe_stol_plezalna_pot/11/53/2223
53;https://www.hribi.net/izlet/ljubelj_stol_zgornja_pot/11/53/140
53;https://www.hribi.net/izlet/ljubelj_stol_spodnja_pot/11/53/616
53;https://www.hribi.net/izlet/trate____johannsenruhe_stol_mimo_celovske_koce/11/53/1051
53;https://www.hribi.net/izlet/poljana_zavrsnica_stol_zirovniska_pot/11/53/3520
53;https://www.hribi.net/izlet/tinckova_koca_stol_cez_zagon/11/53/141
53;https://www.hribi.net/izlet/tinckova_koca_stol_cez_smusko_planino/11/53/1054
53;https://www.hribi.net/izlet/razpotje_vragovec_stol_cez_zabresko_planino/11/53/5632
53;https://www.hribi.net/izlet/dom_trilobit_stol_cez_rido_medji_dol/11/53/2311
53;https://www.hribi.net/izlet/podnar___bodenbauer_stol/11/53/1052
53;https://www.hribi.net/izlet/urbas_stol/11/53/2713
53;https://www.hribi.net/izlet/poljana_zavrsnica_stol_zabreska_pot/11/53/3521
53;https://www.hribi.net/izlet/vgriz___ogris_stol/11/53/1053
53;https://www.hribi.net/izlet/ljubelj_stol_mimo_vatelce_oz_sklede/11/53/4071
53;https://www.hribi.net/izlet/podnar___bodenbauer_stol_cez_melisce/11/53/4086
53;https://www.hribi.net/izlet/podnar___bodenbauer_stol_cez_karweg/11/53/4080
53;https://www.hribi.net/izlet/tinckova_koca_stol_mimo_lovske_koce_nad_doslovsko_planino/11/53/6282
53;https://www.hribi.net/izlet/razpotje_vragovec_stol_cez_doslovsko_planino_in_mimo_lovske_koce/11/53/5636
70;https://www.hribi.net/izlet/pod_zjabci_celo/1/70/4093
70;https://www.hribi.net/izlet/koca_pri_savici_celo_mimo_dvojnega_jezera/1/70/214
70;https://www.hribi.net/izlet/konec_ceste_na_vogar_celo_cez_prode/1/70/1086
70;https://www.hribi.net/izlet/planina_blato_celo_cez_stapce/1/70/4096
70;https://www.hribi.net/izlet/planina_blato_celo_cez_prode/1/70/4095
70;https://www.hribi.net/izlet/konec_ceste_na_vogar_celo_cez_stapce/1/70/4154
70;https://www.hribi.net/izlet/koca_pri_savici_celo_cez_komno/1/70/6188
71;https://www.hribi.net/izlet/vrancek_planina_korosica/11/71/21
71;https://www.hribi.net/izlet/koncentracijsko_taborisce_planina_korosica_lovska_pot/11/71/2636
71;https://www.hribi.net/izlet/ljubelj_planina_korosica_mimo_koce_na_ljubelju/11/71/6419
71;https://www.hribi.net/izlet/bucan_planina_korosica/11/71/6442
71;https://www.hribi.net/izlet/sele-zvrhnji_kot_male___zell-oberwinkel_male_planina_korosica_cez_hajnzevo_sedlo/11/71/6496
71;https://www.hribi.net/izlet/sele-zvrhnji_kot_male___zell-oberwinkel_male_planina_korosica_cez_dovjakovo_sedlo/11/71/6491
72;https://www.hribi.net/izlet/ljubelj_kosutica_mimo_koce_na_ljubelju/11/72/660
72;https://www.hribi.net/izlet/vrancek_kosutica_zahodna_pot/11/72/22
72;https://www.hribi.net/izlet/koncentracijsko_taborisce_kosutica_lovska_pot/11/72/2637
72;https://www.hribi.net/izlet/vrancek_kosutica_vzhodna_pot/11/72/1301
72;https://www.hribi.net/izlet/koncentracijsko_taborisce_kosutica_pot_gerharda_orascha/11/72/2782
72;https://www.hribi.net/izlet/bucan_kosutica/11/72/3238
72;https://www.hribi.net/izlet/sele-zvrhnji_kot_male___zell-oberwinkel_male_kosutica_cez_hajnzevo_sedlo/11/72/6497
72;https://www.hribi.net/izlet/sele-zvrhnji_kot_male___zell-oberwinkel_male_kosutica_cez_dovjakovo_sedlo/11/72/6490
73;https://www.hribi.net/izlet/kriska_planina_veliki_zvoh/3/73/234
73;https://www.hribi.net/izlet/planina_jezerca_veliki_zvoh_mimo_doma_na_krvavcu/3/73/4567
73;https://www.hribi.net/izlet/dom_na_gospincu_veliki_zvoh/3/73/231
73;https://www.hribi.net/izlet/planina_jezerca_veliki_zvoh_po_nemarkirani_poti_cez_razor/3/73/4573
73;https://www.hribi.net/izlet/markova_raven_veliki_zvoh_po_nemarkirani_poti_cez_razor/3/73/4591
74;https://www.hribi.net/izlet/matizovec_veliki_vrh_kosuta/11/74/167
74;https://www.hribi.net/izlet/mrzli_studenec_veliki_vrh_kosuta/11/74/168
74;https://www.hribi.net/izlet/vrancek_veliki_vrh_kosuta_plezalna_pot/11/74/166
74;https://www.hribi.net/izlet/zavetisce_na_planini_sija_veliki_vrh_kosuta_kacja_pot/11/74/766
74;https://www.hribi.net/izlet/globoka_dolina_veliki_vrh_kosuta/11/74/2853
74;https://www.hribi.net/izlet/podljubelj_veliki_vrh_kosuta_mimo_matizovca/11/74/3616
74;https://www.hribi.net/izlet/ljubelj_veliki_vrh_kosuta_mimo_koce_na_ljubelju/11/74/6423
74;https://www.hribi.net/izlet/bucan_veliki_vrh_kosuta/11/74/6480
74;https://www.hribi.net/izlet/sele-zvrhnji_kot_male___zell-oberwinkel_male_veliki_vrh_kosuta/11/74/6494
75;https://www.hribi.net/izlet/topol_pri_medvodah_parkirisce_za_grmado_polhograjska_grmada/5/75/220
75;https://www.hribi.net/izlet/polhov_gradec_bozna_polhograjska_grmada_cez_setnico/5/75/421
75;https://www.hribi.net/izlet/polhov_gradec_polhograjska_grmada_cez_ravnek_in_malo_grmado/5/75/2064
75;https://www.hribi.net/izlet/setnica_turisticna_kmetija_gonte_polhograjska_grmada/5/75/422
75;https://www.hribi.net/izlet/dvor_polhograjska_grmada_cez_malo_grmado/5/75/2524
75;https://www.hribi.net/izlet/belica_polhograjska_grmada/5/75/1003
75;https://www.hribi.net/izlet/polhov_gradec_bozna_polhograjska_grmada_skozi_mackov_graben/5/75/2436
75;https://www.hribi.net/izlet/polhov_gradec_polhograjska_grmada_cez_ravnek/5/75/5271
75;https://www.hribi.net/izlet/trnovec_polhograjska_grmada/5/75/4373
75;https://www.hribi.net/izlet/belo_polhograjska_grmada/5/75/2943
75;https://www.hribi.net/izlet/dvor_polhograjska_grmada/5/75/5272
75;https://www.hribi.net/izlet/gabrje_polhograjska_grmada/5/75/4599
75;https://www.hribi.net/izlet/trnovec_dolina_locnice_polhograjska_grmada_mimo_robeza/5/75/4448
75;https://www.hribi.net/izlet/topol_pri_medvodah_katarina_polhograjska_grmada_mimo_robeza/5/75/4449
75;https://www.hribi.net/izlet/preval_polhograjska_grmada/5/75/4375
75;https://www.hribi.net/izlet/polhov_gradec_polhograjska_grmada_cez_ravnek_in_mimo_sv_ursule/5/75/5274
76;https://www.hribi.net/izlet/rudno_polje_blejska_koca_na_lipanci/1/76/1144
76;https://www.hribi.net/izlet/medvedova_konta_blejska_koca_na_lipanci/1/76/24
76;https://www.hribi.net/izlet/planina_zajavornik_blejska_koca_na_lipanci/1/76/26
76;https://www.hribi.net/izlet/sport_hotel_blejska_koca_na_lipanci/1/76/923
76;https://www.hribi.net/izlet/pri_rupah_blejska_koca_na_lipanci/1/76/1833
77;https://www.hribi.net/izlet/rudno_polje_visevnik/1/77/27
77;https://www.hribi.net/izlet/rudno_polje_visevnik_cez_kacji_rob/1/77/619
77;https://www.hribi.net/izlet/konec_ceste_na_pokljuki_visevnik_cez_srenjski_preval/1/77/3265
77;https://www.hribi.net/izlet/rudno_polje_visevnik_cez_jezerce_in_srenjski_preval/1/77/5004
77;https://www.hribi.net/izlet/rudno_polje_visevnik_skozi_zgornji_razor/1/77/3269
77;https://www.hribi.net/izlet/planina_zajavornik_visevnik/1/77/4136
77;https://www.hribi.net/izlet/medvedova_konta_visevnik/1/77/4140
77;https://www.hribi.net/izlet/konec_ceste_na_pokljuki_visevnik_cez_golo_ravan/1/77/4999
77;https://www.hribi.net/izlet/rudno_polje_visevnik_mimo_izvira_zlate_vode/1/77/5549
77;https://www.hribi.net/izlet/rudno_polje_visevnik_cez_golo_ravan/1/77/5002
77;https://www.hribi.net/izlet/pri_rupah_visevnik/1/77/4141
77;https://www.hribi.net/izlet/konec_ceste_na_pokljuki_visevnik_mimo_izvira_zlate_vode/1/77/5548
77;https://www.hribi.net/izlet/uskovnica_lom_visevnik_cez_srenjski_preval/1/77/5558
77;https://www.hribi.net/izlet/uskovnica_razpotje_visevnik_mimo_izvira_zlate_vode/1/77/5550
77;https://www.hribi.net/izlet/uskovnica_razpotje_visevnik_cez_srenjski_preval/1/77/5561
77;https://www.hribi.net/izlet/srednja_vas_visevnik_za_ribnico_in_cez_srenjski_preval/1/77/5562
77;https://www.hribi.net/izlet/uskovnica_lom_visevnik_mimo_izvira_zlate_vode/1/77/5553
77;https://www.hribi.net/izlet/uskovnica_razpotje_visevnik_cez_golo_ravan/1/77/5557
77;https://www.hribi.net/izlet/uskovnica_lom_visevnik_cez_golo_ravan/1/77/5556
77;https://www.hribi.net/izlet/srednja_vas_visevnik_za_ribnico_in_mimo_izvira_zlate_vode/1/77/5555
77;https://www.hribi.net/izlet/srednja_vas_visevnik_za_ribnico_in_cez_golo_ravan/1/77/5554
78;https://www.hribi.net/izlet/ljubelj_vrtaca/11/78/28
78;https://www.hribi.net/izlet/ljubelj_vrtaca_vzhodni_zleb_y/11/78/2828
78;https://www.hribi.net/izlet/tinckova_koca_vrtaca_cez_smusko_planino_in_sedlo_sija/11/78/142
78;https://www.hribi.net/izlet/tinckova_koca_vrtaca_cez_malo_glavo/11/78/3850
78;https://www.hribi.net/izlet/tinckova_koca__vrtaca_po_sv_grebenu/11/78/4637
78;https://www.hribi.net/izlet/tinckova_koca_vrtaca_skozi_zagon/11/78/6434
78;https://www.hribi.net/izlet/podnar___bodenbauer_vrtaca_cez_melisce/11/78/4085
78;https://www.hribi.net/izlet/podnar___bodenbauer_vrtaca/11/78/4075
78;https://www.hribi.net/izlet/trate___johannsenruhe_vrtaca/11/78/4074
78;https://www.hribi.net/izlet/vgriz___ogris_vrtaca/11/78/4076
78;https://www.hribi.net/izlet/podnar___bodenbauer_vrtaca_cez_karweg/11/78/4079
78;https://www.hribi.net/izlet/tinckova_koca_vrtaca_cez_smokusko_planino_in_po_meliscu/11/78/6483
80;https://www.hribi.net/izlet/jermanca_planjava_cez_kamnisko_sedlo/3/80/47
80;https://www.hribi.net/izlet/dom_v_kamniski_bistrici_planjava_skozi_repov_kot/3/80/2778
80;https://www.hribi.net/izlet/planina_podvezak_planjava_cez_srebrno_sedlo/3/80/1830
80;https://www.hribi.net/izlet/koca_pod_slapom_rinka__planjava/3/80/1736
80;https://www.hribi.net/izlet/jermanca_planjava_skozi_repov_kot/3/80/2777
80;https://www.hribi.net/izlet/planina_podvezak_planjava_cez_skarje/3/80/2601
80;https://www.hribi.net/izlet/na_razpotju_planjava/3/80/1829
80;https://www.hribi.net/izlet/pred_belo_planjava/3/80/1101
80;https://www.hribi.net/izlet/kraljev_dol_planjava_cez_srebrno_sedlo/3/80/5228
80;https://www.hribi.net/izlet/lovska_koca_na_brezicih_planjava_cez_srebrno_sedlo/3/80/2880
80;https://www.hribi.net/izlet/dom_planincev_v_logarski_dolini_planjava/3/80/8247
80;https://www.hribi.net/izlet/planina_ravne_planjava_cez_dolgo_trato_in_srebrno_sedlo/3/80/4063
80;https://www.hribi.net/izlet/planina__ravne_planjava_cez_dolgo_trato_in_skarje/3/80/4064
81;https://www.hribi.net/izlet/planina_zajavornik_mrezce/1/81/925
81;https://www.hribi.net/izlet/pri_rupah_mrezce_direktna_pot/1/81/924
81;https://www.hribi.net/izlet/pri_rupah_mrezce_cez_lipanski_vrh/1/81/29
81;https://www.hribi.net/izlet/sport_hotel_mrezce/1/81/2429
81;https://www.hribi.net/izlet/planina_zajavornik_mrezce_polozna_pot/1/81/3029
81;https://www.hribi.net/izlet/rudno_polje_mrezce_skozi_zgornji_razor/1/81/3272
81;https://www.hribi.net/izlet/dolina_krma_mrezce/1/81/1211
81;https://www.hribi.net/izlet/rudno_polje_mrezce/1/81/10752
82;https://www.hribi.net/izlet/pri_rupah_lipanski_vrh/1/82/30
82;https://www.hribi.net/izlet/dolina_krma_lipanski_vrh/1/82/1206
82;https://www.hribi.net/izlet/rudno_polje_lipanski_vrh_skozi_zgornji_razor/1/82/3273
82;https://www.hribi.net/izlet/rudno_polje_lipanski_vrh/1/82/10751
82;https://www.hribi.net/izlet/rudno_polje_lipanski_vrh_cez_mrezce/1/82/10753
83;https://www.hribi.net/izlet/konec_ceste_na_pokljuki_tosc/1/83/31
83;https://www.hribi.net/izlet/uskovnica_razpotje_tosc/1/83/784
83;https://www.hribi.net/izlet/rudno_polje_tosc/1/83/8305
83;https://www.hribi.net/izlet/uskovnica_lom_tosc_cez_planino_spodnji_tosc/1/83/5622
83;https://www.hribi.net/izlet/krma__tosc_severni_pristop_iz_bohinjskih_vratc/1/83/8749
83;https://www.hribi.net/izlet/srednja_vas_tosc_za_ribnico_in_cez_planino_spodnji_tosc/1/83/5623
84;https://www.hribi.net/izlet/medvedova_konta_debela_pec/1/84/32
84;https://www.hribi.net/izlet/pri_rupah_debela_pec/1/84/35
84;https://www.hribi.net/izlet/planina_zajavornik_debela_pec/1/84/2430
84;https://www.hribi.net/izlet/rudno_polje_debela_pec/1/84/6447
84;https://www.hribi.net/izlet/dolina_krma_debela_pec/1/84/1213
84;https://www.hribi.net/izlet/sport_hotel_debela_pec/1/84/3009
84;https://www.hribi.net/izlet/strmec_debela_pec/1/84/2580
84;https://www.hribi.net/izlet/kovinarska_koca_v_krmi_debela_pec_lovska_pot/1/84/3998
84;https://www.hribi.net/izlet/krnica_debela_pec/1/84/2582
84;https://www.hribi.net/izlet/strmec_debela_pec_mimo_spodnjih_brd/1/84/1214
84;https://www.hribi.net/izlet/strmec_debela_pec_stara_pot/1/84/4244
84;https://www.hribi.net/izlet/medvedova_konta_debela_pec_mimo_kotla_in_po_stari_poti/1/84/4241
84;https://www.hribi.net/izlet/medvedova_konta_debela_pec_mimo_kotla/1/84/4243
85;https://www.hribi.net/izlet/dom_pod_storzicem_storzic_skozi_zrelo/3/85/656
85;https://www.hribi.net/izlet/dom_pod_storzicem_storzic_cez_skarjev_rob/3/85/229
85;https://www.hribi.net/izlet/povlje_storzic_po_jugozahodnem_zlebu/3/85/998
85;https://www.hribi.net/izlet/lasko_obracalisce_nad_vasjo_storzic_cez_kalisce/3/85/993
85;https://www.hribi.net/izlet/mace_storzic/3/85/992
85;https://www.hribi.net/izlet/lasko_storzic_cez_planino_javornik/3/85/997
85;https://www.hribi.net/izlet/dom_pod_storzicem_storzic_po_jugozahodnem_zlebu/3/85/5974
85;https://www.hribi.net/izlet/jekarica_storzic/3/85/1039
85;https://www.hribi.net/izlet/dom_pod_storzicem_storzic_cez_psico/3/85/3909
85;https://www.hribi.net/izlet/baselj_storzic/3/85/5391
85;https://www.hribi.net/izlet/zalog_storzic_cez_psico/3/85/2177
85;https://www.hribi.net/izlet/lasko_storzic_po_jugozahodnem_grebenu/3/85/5380
85;https://www.hribi.net/izlet/gozd_storzic_cez_psico/3/85/4928
85;https://www.hribi.net/izlet/planina_vetrh_storzic_cez_javorniski_preval/3/85/5389
85;https://www.hribi.net/izlet/baselj_storzic_mimo_sv_lovrenca_in_po_jz_grebenu/3/85/5386
85;https://www.hribi.net/izlet/zalog_storzic_cez_planino_javornik_in_po_jugozahodnem_zlebu/3/85/5979
85;https://www.hribi.net/izlet/krize_storzic_cez_psico/3/85/4925
85;https://www.hribi.net/izlet/gozd_storzic_po_jugozahodnem_zlebu/3/85/5975
85;https://www.hribi.net/izlet/baselj_storzic_mimo_bolnice_kosuta/3/85/5394
85;https://www.hribi.net/izlet/zalog_storzic_pod_psico_in_po_jugozahodnem_zlebu/3/85/5977
85;https://www.hribi.net/izlet/trziski_graben_storzic_cez_javorniski_preval/3/85/5390
85;https://www.hribi.net/izlet/lasko_storzic_mimo_sv_lovrenca_in_cez_baseljski_preval/3/85/5381
85;https://www.hribi.net/izlet/baselj_storzic_mimo_sv_lovrenca_in_cez_baseljski_preval/3/85/5387
85;https://www.hribi.net/izlet/babni_vrt_storzic_mimo_sv_lovrenca_in_po_jugozahodnem_grebenu/3/85/5395
85;https://www.hribi.net/izlet/spodnja_kokra_storzic/3/85/5397
85;https://www.hribi.net/izlet/mhe_zabukovec_storzic_cez_baseljski_preval/3/85/5693
85;https://www.hribi.net/izlet/babni_vrt_storzic_mimo_sv_lovrenca_in_po_jugozahodnem_zlebu/3/85/5392
85;https://www.hribi.net/izlet/krize_storzic_po_jugozahodnem_zlebu/3/85/5976
85;https://www.hribi.net/izlet/spodnja_kokra_storzic_cez_babo/3/85/5396
85;https://www.hribi.net/izlet/babni_vrt_storzic_mimo_sv_lovrenca_in_cez_baseljski_preval/3/85/5393
87;https://www.hribi.net/izlet/ravne_crna_prst_mimo_oroznove_koce/1/87/221
87;https://www.hribi.net/izlet/kal_crna_prst/1/87/3198
87;https://www.hribi.net/izlet/pod_luknjo_crna_prst/1/87/1847
87;https://www.hribi.net/izlet/podbrdo_crna_prst/1/87/3814
87;https://www.hribi.net/izlet/bohinjska_bistrica_crna_prst_mimo_oroznove_koce/1/87/6521
87;https://www.hribi.net/izlet/kocenpohar_crna_prst/1/87/968
87;https://www.hribi.net/izlet/ravne_crna_prst_cez_planino_za_crno_goro/1/87/1011
87;https://www.hribi.net/izlet/vrh_bace_crna_prst/1/87/1321
87;https://www.hribi.net/izlet/bohinjsko_sedlo_crna_prst/1/87/4014
87;https://www.hribi.net/izlet/petrovo_brdo_crna_prst/1/87/4023
87;https://www.hribi.net/izlet/polje_crna_prst/1/87/3927
87;https://www.hribi.net/izlet/kuk_crna_prst/1/87/3812
87;https://www.hribi.net/izlet/bohinjska_bistrica_crna_prst_cez_planino_za_crno_goro/1/87/6524
87;https://www.hribi.net/izlet/podbrdo_crna_prst_cez_vrh_bace/1/87/4027
87;https://www.hribi.net/izlet/polje_crna_prst_mimo_oroznove_koce/1/87/3929
88;https://www.hribi.net/izlet/ljubelj_zleb_suho_rusevje/11/88/40
90;https://www.hribi.net/izlet/nc_planica_visoka_ponca/1/90/213
90;https://www.hribi.net/izlet/belopeska_jezera_visoka_ponca_via_normale/1/90/1752
90;https://www.hribi.net/izlet/belopeska_jezera_visoka_ponca_ferrata/1/90/6995
91;https://www.hribi.net/izlet/ljubelj_dom_na_zelenici/11/91/42
91;https://www.hribi.net/izlet/tinckova_koca_dom_na_zelenici/11/91/1043
91;https://www.hribi.net/izlet/ljubelj_dom_na_zelenici_cez_ljubeljscico/11/91/1787
91;https://www.hribi.net/izlet/ljubelj_dom_na_zelenici_spodaj_po_granicarski_poti/11/91/1789
91;https://www.hribi.net/izlet/ljubelj_dom_na_zelenici_granicarska_pot/11/91/6421
91;https://www.hribi.net/izlet/bucan_dom_na_zelenici/11/91/3259
92;https://www.hribi.net/izlet/ljubelj_vrh_ljubeljscice_triangel/11/92/41
92;https://www.hribi.net/izlet/ljubelj_vrh_ljubeljscice_triangel_cez_ljubeljscico/11/92/1786
92;https://www.hribi.net/izlet/bucan_vrh_ljubeljscice_triangel/11/92/3251
93;https://www.hribi.net/izlet/pri_mlincu_mangartska_koca_na_mangartskem_sedlu_po_cesti/1/93/219
93;https://www.hribi.net/izlet/pri_mlincu_mangartska_koca_na_mangartskem_sedlu/1/93/6048
93;https://www.hribi.net/izlet/pri_mlincu_mangartska_koca_na_mangartskem_sedlu_cez_gladki_rob/1/93/6046
94;https://www.hribi.net/izlet/dolina_krma_dom_planika_pod_triglavom/1/94/211
94;https://www.hribi.net/izlet/konec_ceste_na_pokljuki_dom_planika_pod_triglavom/1/94/210
94;https://www.hribi.net/izlet/zadnjica_dom_planika_pod_triglavom/1/94/2654
94;https://www.hribi.net/izlet/stara_fuzina_dom_planika_pod_triglavom/1/94/275
94;https://www.hribi.net/izlet/uskovnica_razpotje_dom_planika_pod_triglavom_cez_planino_spodnji_tosc/1/94/781
94;https://www.hribi.net/izlet/planina_blato_dom_planika_pod_triglavom_cez_grintovico/1/94/2868
94;https://www.hribi.net/izlet/uskovnica_lom_dom_planika_pod_triglavom_cez_planino_spodnji_tosc/1/94/5924
94;https://www.hribi.net/izlet/rudno_polje_dom_planika_pod_triglavom/1/94/10691
94;https://www.hribi.net/izlet/srednja_vas_dom_planika_pod_triglavom_za_ribnico_in_cez_planino_spodnji_tosc/1/94/5925
95;https://www.hribi.net/izlet/jermanca_kamniska_koca_na_kamniskem_sedlu/3/95/50
95;https://www.hribi.net/izlet/dom_v_kamniski_bistrici_kamniska_koca_na_kamniskem_sedlu/3/95/43
95;https://www.hribi.net/izlet/koca_pod_slapom_rinka__kamniska_koca_na_kamniskem_sedlu/3/95/1295
95;https://www.hribi.net/izlet/suhadolnik_kamniska_koca_na_kamniskem_sedlu/3/95/7304
96;https://www.hribi.net/izlet/jermanca_brana_cez_kamnisko_sedlo/3/96/48
96;https://www.hribi.net/izlet/koca_pod_slapom_rinka__brana/3/96/1735
96;https://www.hribi.net/izlet/dom_v_kamniski_bistrici_brana/3/96/1785
96;https://www.hribi.net/izlet/v_koncu_brana_cez_tursko_goro/3/96/577
97;https://www.hribi.net/izlet/belca_kepa/11/97/164
97;https://www.hribi.net/izlet/erjavcev_rovt_kepa/11/97/2618
97;https://www.hribi.net/izlet/ravne_kepa/11/97/2624
97;https://www.hribi.net/izlet/spodnje_rute___untergreuth_kepa_pot_cez_severovzhodni_greben/11/97/2772
97;https://www.hribi.net/izlet/ilicev_rovt___illitsch_rauth_kepa_pot_680/11/97/7000
97;https://www.hribi.net/izlet/setinov_rovt_kepa_cez_kurjeke/11/97/2768
97;https://www.hribi.net/izlet/spodnje_rute___untergreuth_kepa_pot_st_680/11/97/2771
97;https://www.hribi.net/izlet/podrozca___rosenbach_kepa/11/97/7001
97;https://www.hribi.net/izlet/cemernica___tschemernitzen_kepa/11/97/7002
98;https://www.hribi.net/izlet/v_koncu_cojzova_koca_na_kokrskem_sedlu/3/98/49
98;https://www.hribi.net/izlet/suhadolnik_cojzova_koca_na_kokrskem_sedlu_cez_tasko/3/98/645
98;https://www.hribi.net/izlet/suhadolnik_cojzova_koca_na_kokrskem_sedlu_stara_pot_/3/98/646
98;https://www.hribi.net/izlet/zagana_pec_cojzova_koca_na_kokrskem_sedlu_lovska_pot/3/98/2638
99;https://www.hribi.net/izlet/konec_ceste_na_pokljuki_velo_polje/1/99/217
99;https://www.hribi.net/izlet/stara_fuzina_velo_polje/1/99/218
99;https://www.hribi.net/izlet/planina_blato_velo_polje_cez_grintovico/1/99/2888
99;https://www.hribi.net/izlet/uskovnica_razpotje_velo_polje_cez_planino_spodnji_tosc/1/99/5637
99;https://www.hribi.net/izlet/uskovnica_lom_velo_polje_cez_planino_spodnji_tosc/1/99/5671
99;https://www.hribi.net/izlet/srednja_vas_velo_polje_za_ribnico_in_cez_planino_spodnji_tosc/1/99/5672
99;https://www.hribi.net/izlet/rudno_polje_velo_polje/1/99/10698
100;https://www.hribi.net/izlet/zadnjica_koca_na_dolicu/1/100/215
100;https://www.hribi.net/izlet/konec_ceste_na_pokljuki_koca_na_dolicu/1/100/216
100;https://www.hribi.net/izlet/zadnjica_koca_na_dolicu_cez_komar/1/100/2258
100;https://www.hribi.net/izlet/planina_blato_koca_na_dolicu_za_kopico/1/100/734
100;https://www.hribi.net/izlet/koca_pri_savici_koca_na_dolicu/1/100/744
100;https://www.hribi.net/izlet/dolina_krma_koca_na_dolicu/1/100/2843
100;https://www.hribi.net/izlet/aljazev_dom_v_vratih_koca_na_dolicu/1/100/6499
100;https://www.hribi.net/izlet/zadnjica_koca_na_dolicu_pot_mire_marko_debelakove/1/100/4113
100;https://www.hribi.net/izlet/planina_blato_koca_na_dolicu_cez_grintovico/1/100/2887
100;https://www.hribi.net/izlet/rudno_polje_koca_na_dolicu/1/100/9263
101;https://www.hribi.net/izlet/planina_blato_planina_krstenica_lovska_pot/1/101/53
101;https://www.hribi.net/izlet/stara_fuzina_planina_krstenica/1/101/1008
101;https://www.hribi.net/izlet/stara_fuzina_planina_krstenica_cez_planino_zgornja_grintovica/1/101/2826
102;https://www.hribi.net/izlet/koca_pri_savici_dom_na_komni/1/102/113
102;https://www.hribi.net/izlet/koca__pri_savici_dom_na_komni_cez_komarco/1/102/731
102;https://www.hribi.net/izlet/ski_hotel_vogel_dom_na_komni/1/102/165
102;https://www.hribi.net/izlet/pod_zjabci_dom_na_komni/1/102/3538
102;https://www.hribi.net/izlet/planina_blato_dom_na_komni_mimo_crnega_jezera/1/102/6186
102;https://www.hribi.net/izlet/dom_v_lepeni_dom_na_komni/1/102/7025
102;https://www.hribi.net/izlet/ukanc_dom_na_komni_skozi_raznovo_suho/1/102/7023
102;https://www.hribi.net/izlet/planina_blato_dom_na_komni_cez_stapce/1/102/6187
102;https://www.hribi.net/izlet/ukanc_dom_na_komni_cez_planino_zadnji_vogel/1/102/7872
102;https://www.hribi.net/izlet/ukanc_dom_na_komni_skozi_zagarjev_graben/1/102/7871
102;https://www.hribi.net/izlet/ukanc_dom_na_komni_cez_planino_za_migovcem/1/102/7868
102;https://www.hribi.net/izlet/planina_blato_dom_na_komni_cez_prode/1/102/8359
103;https://www.hribi.net/izlet/v_koncu_kalska_gora/3/103/56
103;https://www.hribi.net/izlet/zagana_pec_kalska_gora_lovska_pot/3/103/1835
103;https://www.hribi.net/izlet/suhadolnik_kalska_gora/3/103/672
103;https://www.hribi.net/izlet/dom_na_gospincu_kalska_gora_cez_dolgo_njivo/3/103/676
103;https://www.hribi.net/izlet/kriska_planina_kalska_gora_cez_planino_koren/3/103/673
103;https://www.hribi.net/izlet/kriska_planina_kalska_gora_cez_zvoh/3/103/674
103;https://www.hribi.net/izlet/dom_na_gospincu_kalska_gora_cez_zvoh/3/103/675
103;https://www.hribi.net/izlet/planina_jezerca_kalska_gora_cez_planino_koren/3/103/4588
103;https://www.hribi.net/izlet/planina_jezerca_kalska_gora_mimo_doma_na_krvavcu_in_cez_zvoh/3/103/4572
103;https://www.hribi.net/izlet/markova_raven_kalska_gora_po_markirani_poti/3/103/4593
103;https://www.hribi.net/izlet/kokra_roblek_kalska_gora_cez_kalce/3/103/6486
105;https://www.hribi.net/izlet/zadnjica_triglavska_vojasnica_viktorja_emanuela_iii_cez_dolic/1/105/274
105;https://www.hribi.net/izlet/zadnjica_triglavska_vojasnica_viktorja_emanuela_iii_cez_plemenice/1/105/197
105;https://www.hribi.net/izlet/planina_blato_triglavska_vojasnica_viktorja_emanuela_iii_po_dolini_za_kopico/1/105/736
105;https://www.hribi.net/izlet/aljazev_dom_v_vratih_triglavska_vojasnica_viktorja_emanuela_iii_cez_plemenice/1/105/10686
106;https://www.hribi.net/izlet/zadnjica_miselj_vrh_cez_dolic/1/106/1208
117;https://www.hribi.net/izlet/tacen_smarna_gora_cez_spodnjo_kuhinjo/5/117/2232
117;https://www.hribi.net/izlet/vikrce_smarna_gora_pogacnikova_pot/5/117/1002
117;https://www.hribi.net/izlet/smartno_smarna_gora_smartinska_pot/5/117/79
117;https://www.hribi.net/izlet/smartno_smarna_gora_partizanska_steza/5/117/3670
117;https://www.hribi.net/izlet/lipa_smarna_gora_pot_cez_peske/5/117/4269
117;https://www.hribi.net/izlet/vikrce_smarna_gora_westrova_pot/5/117/1001
117;https://www.hribi.net/izlet/tacen_sveti_jurij_smarna_gora_romarska_pot/5/117/3962
117;https://www.hribi.net/izlet/tacen_smarna_gora_partizanska_steza/5/117/3872
117;https://www.hribi.net/izlet/lipa_smarna_gora_po_cesti/5/117/4270
117;https://www.hribi.net/izlet/vikrce_smarna_gora_mazijeva_steza/5/117/3870
117;https://www.hribi.net/izlet/smartno_smarna_gora_pot_okrog_smarne_gore/5/117/3724
117;https://www.hribi.net/izlet/tacen_sveti_jurij_smarna_gora_partizanska_steza/5/117/3963
117;https://www.hribi.net/izlet/spodnje_pirnice_smarna_gora_ucna_pot/5/117/4403
117;https://www.hribi.net/izlet/vikrce_smarna_gora_cez_zatrep/5/117/3837
117;https://www.hribi.net/izlet/povodje_smarna_gora_partizanska_steza/5/117/3838
117;https://www.hribi.net/izlet/vikrce_smarna_gora_kovaceva_steza/5/117/4398
117;https://www.hribi.net/izlet/skarucna_smarna_gora/5/117/3839
117;https://www.hribi.net/izlet/spodnje_pirnice_smarna_gora_kovaceva_steza/5/117/4402
117;https://www.hribi.net/izlet/vikrce_smarna_gora_ucna_pot/5/117/4400
117;https://www.hribi.net/izlet/skarucna_smarna_gora_partizanska_steza/5/117/3841
117;https://www.hribi.net/izlet/skarucna_smarna_gora_cez_sedlo/5/117/3840
117;https://www.hribi.net/izlet/povodje_smarna_gora/5/117/3721
117;https://www.hribi.net/izlet/povodje_smarna_gora_cez_sedlo/5/117/3722
118;https://www.hribi.net/izlet/trnovec_legastja_dom_na_govejku_po_cesti/5/118/80
118;https://www.hribi.net/izlet/trnovec_dom_na_govejku/5/118/2308
119;https://www.hribi.net/izlet/topol_pri_medvodah_katarina_sveti_jakob/5/119/82
119;https://www.hribi.net/izlet/trnovec_legastja_sveti_jakob_juzna_pot/5/119/81
119;https://www.hribi.net/izlet/preska_sveti_jakob/5/119/2831
119;https://www.hribi.net/izlet/gabrje_sveti_jakob/5/119/2969
119;https://www.hribi.net/izlet/sora_sveti_jakob/5/119/2833
119;https://www.hribi.net/izlet/trnovec_legastja_sveti_jakob_severna_pot/5/119/4517
119;https://www.hribi.net/izlet/topol_pri_medvodah_katarina_sveti_jakob_mimo_domacije_na_vihri/5/119/4516
119;https://www.hribi.net/izlet/zlebe_sveti_jakob_cez_jeterbenk/5/119/4550
119;https://www.hribi.net/izlet/preval_sveti_jakob/5/119/4315
119;https://www.hribi.net/izlet/slavkov_dom_na_golem_brdu_sveti_jakob/5/119/7038
119;https://www.hribi.net/izlet/zlebe_sveti_jakob_cez_turnice/5/119/4548
119;https://www.hribi.net/izlet/preska_sveti_jakob_cez_jeterbenk/5/119/4549
119;https://www.hribi.net/izlet/preska_sveti_jakob_cez_turnice/5/119/4547
119;https://www.hribi.net/izlet/rakovnik_sveti_jakob_cez_breznik/5/119/7830
120;https://www.hribi.net/izlet/golnik_zavetisce_v_gozdu/3/120/83
120;https://www.hribi.net/izlet/krize_zavetisce_v_gozdu/3/120/4915
120;https://www.hribi.net/izlet/trzic_zavetisce_v_gozdu/3/120/6265
120;https://www.hribi.net/izlet/zalog_zavetisce_v_gozdu/3/120/7083
120;https://www.hribi.net/izlet/senicno_zavetisce_v_gozdu_polozna_pot/3/120/7010
120;https://www.hribi.net/izlet/pristava_zavetisce_v_gozdu/3/120/7776
120;https://www.hribi.net/izlet/senicno_zavetisce_v_gozdu_strma_pot/3/120/7012
121;https://www.hribi.net/izlet/gozd_koca_na_kriski_gori_lazja_pot/3/121/85
121;https://www.hribi.net/izlet/gozd_koca_na_kriski_gori_strma_pot/3/121/86
121;https://www.hribi.net/izlet/trzic_koca_na_kriski_gori/3/121/2172
121;https://www.hribi.net/izlet/golnik_koca_na_kriski_gori/3/121/2529
121;https://www.hribi.net/izlet/gozd_koca_na_kriski_gori_ovcja_pot/3/121/1116
121;https://www.hribi.net/izlet/krize_koca_na_kriski_gori_lazja_pot/3/121/4917
121;https://www.hribi.net/izlet/krize_koca_na_kriski_gori_strma_pot/3/121/4911
121;https://www.hribi.net/izlet/krize_koca_na_kriski_gori_ovcja_pot/3/121/4916
121;https://www.hribi.net/izlet/zalog_koca_na_kriski_gori/3/121/7474
122;https://www.hribi.net/izlet/selo_nad_polhovim_gradcem_tosc/5/122/87
122;https://www.hribi.net/izlet/topol_pri_medvodah_parkirisce_za_grmado_tosc_cez_grmado/5/122/89
122;https://www.hribi.net/izlet/polhov_gradec_bozna_tosc_cez_grmado/5/122/423
122;https://www.hribi.net/izlet/setnica_turisticna_kmetija_gonte_tosc/5/122/88
122;https://www.hribi.net/izlet/topol_pri_medvodah_parkirisce_za_grmado_tosc/5/122/424
122;https://www.hribi.net/izlet/polhov_gradec_bozna_tosc_skozi_mackov_graben/5/122/2437
122;https://www.hribi.net/izlet/dom_na_govejku_tosc/5/122/2731
122;https://www.hribi.net/izlet/setnica_rovtar_tosc_via_dida/5/122/2614
122;https://www.hribi.net/izlet/trnovec_tosc/5/122/4374
122;https://www.hribi.net/izlet/gabrje_tosc/5/122/5224
122;https://www.hribi.net/izlet/petacev_graben_tosc_mimo_sv_jedert/5/122/5467
122;https://www.hribi.net/izlet/sveta_barbara_logar_tosc_skozi_kozjekov_graben/5/122/7182
122;https://www.hribi.net/izlet/sveta_barbara_logar_tosc_mimo_kmetije_vodnik/5/122/7185
123;https://www.hribi.net/izlet/rasica_rasica_vrh_staneta_kosca_pes_pot/5/123/1906
123;https://www.hribi.net/izlet/dobeno_rasica_vrh_staneta_kosca/5/123/3260
123;https://www.hribi.net/izlet/grad_jablje_rasica_vrh_staneta_kosca/5/123/3258
123;https://www.hribi.net/izlet/rasica_rasica_vrh_staneta_kosca_po_cesti/5/123/90
123;https://www.hribi.net/izlet/povodje_rasica_vrh_staneta_kosca/5/123/3101
123;https://www.hribi.net/izlet/selo_pri_vodicah_rasica_vrh_staneta_kosca_stara_pot/5/123/4376
123;https://www.hribi.net/izlet/loka_rasica_vrh_staneta_kosca/5/123/3261
123;https://www.hribi.net/izlet/mengeska_koca_na_gobavici_rasica_vrh_staneta_kosca_spodnja_pot/5/123/6827
123;https://www.hribi.net/izlet/spodnje_dobeno_rasica_vrh_staneta_kosca/5/123/6828
123;https://www.hribi.net/izlet/mengeska_koca_na_gobavici_rasica_vrh_staneta_kosca_grebenska_pot/5/123/6826
123;https://www.hribi.net/izlet/selo_pri_vodicah_rasica_vrh_staneta_kosca_po_cesti/5/123/4377
123;https://www.hribi.net/izlet/phliski_bajer_rasica_vrh_staneta_kosca_grebenska_pot/5/123/6405
123;https://www.hribi.net/izlet/selo_pri_vodicah_rasica_vrh_staneta_kosca/5/123/6404
123;https://www.hribi.net/izlet/topole_rasica_vrh_staneta_kosca_grebenska_pot/5/123/6627
124;https://www.hribi.net/izlet/gozd_vrata/3/124/91
125;https://www.hribi.net/izlet/gozd_tolsti_vrh_lazja_pot_cez_krisko_goro/3/125/93
125;https://www.hribi.net/izlet/gozd_tolsti_vrh_skozi_jezo/3/125/92
125;https://www.hribi.net/izlet/dom_pod_storzicem_tolsti_vrh/3/125/1294
125;https://www.hribi.net/izlet/golnik_tolsti_vrh_cez_krisko_goro/3/125/2530
125;https://www.hribi.net/izlet/trzic_tolsti_vrh/3/125/2173
125;https://www.hribi.net/izlet/zalog_tolsti_vrh/3/125/2060
125;https://www.hribi.net/izlet/golnik_tolsti_vrh_skozi_jezo/3/125/2531
125;https://www.hribi.net/izlet/povlje_tolsti_vrh/3/125/5182
125;https://www.hribi.net/izlet/gozd_tolsti_vrh_strma_pot_cez_krisko_goro/3/125/4926
125;https://www.hribi.net/izlet/dom_pod_storzicem_tolsti_vrh_po_lovski_poti/3/125/3899
125;https://www.hribi.net/izlet/grahovse_tolsti_vrh_cez_plaz_pod_vrati/3/125/3891
125;https://www.hribi.net/izlet/gozd_tolsti_vrh_ovcja_pot_cez_krisko_goro/3/125/4927
125;https://www.hribi.net/izlet/krize_tolsti_vrh_strma_pot_cez_krisko_goro/3/125/4913
125;https://www.hribi.net/izlet/krize_tolsti_vrh_lazja_pot_cez_krisko_goro/3/125/4919
125;https://www.hribi.net/izlet/krize_tolsti_vrh_skozi_jezo/3/125/4920
125;https://www.hribi.net/izlet/krize_tolsti_vrh_ovcja_pot_cez_krisko_goro/3/125/4918
126;https://www.hribi.net/izlet/kranj_kalvarija_smarjetna_gora_po_cesti/21/126/94
126;https://www.hribi.net/izlet/kranj-strazisce_srotenturn_smarjetna_gora_vzhodna_pot/21/126/6182
126;https://www.hribi.net/izlet/kranj-strazisce_srotenturn_smarjetna_gora_zahodna_pot/21/126/6389
126;https://www.hribi.net/izlet/ticnica_smarjetna_gora_zimska_trasa/21/126/6744
126;https://www.hribi.net/izlet/kranj_kalvarija_smarjetna_gora_delno_po_pespoti/21/126/6181
126;https://www.hribi.net/izlet/kranj-strazisce_srotenturn_smarjetna_gora_po_kolovozu/21/126/6390
126;https://www.hribi.net/izlet/ticnica_smarjetna_gora_letna_trasa/21/126/10995
127;https://www.hribi.net/izlet/sviscaki_veliki_sneznik/26/127/952
127;https://www.hribi.net/izlet/kapetanova_bajta_veliki_sneznik/26/127/96
127;https://www.hribi.net/izlet/leskova_dolina_veliki_sneznik/26/127/2548
127;https://www.hribi.net/izlet/snezniska_grda_jama_veliki_sneznik_cez_mali_sneznik/26/127/953
127;https://www.hribi.net/izlet/gasperjev_hrib_veliki_sneznik/26/127/2546
127;https://www.hribi.net/izlet/sviscaki_veliki_sneznik_cez_mali_sneznik/26/127/5681
127;https://www.hribi.net/izlet/sezanje_veliki_sneznik/26/127/2549
127;https://www.hribi.net/izlet/sviscaki_veliki_sneznik_po_cesti/26/127/5677
127;https://www.hribi.net/izlet/grda_draga_veliki_sneznik_cez_mali_sneznik/26/127/5678
127;https://www.hribi.net/izlet/masun_veliki_sneznik/26/127/7932
128;https://www.hribi.net/izlet/ljubljana_podutik_tosko_celo/5/128/4369
128;https://www.hribi.net/izlet/ljubljana_sentvid_tosko_celo/5/128/3124
128;https://www.hribi.net/izlet/preval_tosko_celo/5/128/97
128;https://www.hribi.net/izlet/ljubljana_podutik_-_strnca_tosko_celo_mimo_brezarjevega_brezna/5/128/5835
128;https://www.hribi.net/izlet/sujica_na_gmajni_tosko_celo_ob_potoku_ostroznik/5/128/5947
128;https://www.hribi.net/izlet/sujica_na_gmajni_tosko_celo/5/128/6428
129;https://www.hribi.net/izlet/brezje_pri_trzicu_dobrca_po_robu/3/129/918
129;https://www.hribi.net/izlet/bistriska_planina_dobrca/3/129/100
129;https://www.hribi.net/izlet/hibje_dobrca_po_cesti/3/129/475
129;https://www.hribi.net/izlet/brezje_pri_trzicu_dobrca_po_robu_in_cez_lesansko_planino/3/129/98
129;https://www.hribi.net/izlet/brezje_pri_trzicu_dobrca_mimo_koce_na_dobrci/3/129/99
129;https://www.hribi.net/izlet/begunje_preska_dobrca/3/129/3167
129;https://www.hribi.net/izlet/trzic_dobrca/3/129/2906
129;https://www.hribi.net/izlet/podljubelj_lajb_dobrca/3/129/1284
129;https://www.hribi.net/izlet/tomincev_slap_dobrca/3/129/1283
129;https://www.hribi.net/izlet/draga_dobrca_cez_ledeno_trato/3/129/3163
129;https://www.hribi.net/izlet/zadnja_vas_dobrca/3/129/2426
129;https://www.hribi.net/izlet/bistrica_pri_trzicu_dobrca/3/129/4471
129;https://www.hribi.net/izlet/slatna_dobrca/3/129/2918
129;https://www.hribi.net/izlet/hudi_graben_dobrca_mimo_koce_na_dobrci/3/129/2916
129;https://www.hribi.net/izlet/brezje_pri_trzicu_dobrca_po_cesti/3/129/4478
129;https://www.hribi.net/izlet/ljubelj_dobrca_bornova_pot/3/129/6400
129;https://www.hribi.net/izlet/hudi_graben_dobrca/3/129/6897
129;https://www.hribi.net/izlet/hudi_graben_dobrca_cez_lesansko_planino/3/129/6894
130;https://www.hribi.net/izlet/bistriska_planina_koca_na_dobrci/3/130/920
130;https://www.hribi.net/izlet/brezje_pri_trzicu_koca_na_dobrci_po_robu/3/130/103
130;https://www.hribi.net/izlet/hibje_koca_na_dobrci_po_cesti/3/130/474
130;https://www.hribi.net/izlet/begunje_preska_koca_na_dobrci/3/130/3168
130;https://www.hribi.net/izlet/zadnja_vas_koca_na_dobrci/3/130/2425
130;https://www.hribi.net/izlet/tomincev_slap_koca_na_dobrci/3/130/1282
130;https://www.hribi.net/izlet/hudi_graben_koca_na_dobrci/3/130/2917
130;https://www.hribi.net/izlet/slatna_koca_na_dobrci/3/130/2919
130;https://www.hribi.net/izlet/draga_koca_na_dobrci_cez_ledeno_trato/3/130/3164
130;https://www.hribi.net/izlet/brezje_pri_trzicu_koca_na_dobrci_po_cesti/3/130/4477
130;https://www.hribi.net/izlet/bistrica_pri_trzicu_koca_na_dobrci/3/130/4473
130;https://www.hribi.net/izlet/podljubelj_lajb_koca_na_dobrci/3/130/1281
130;https://www.hribi.net/izlet/ljubelj_koca_na_dobrci_bornova_pot/3/130/6399
130;https://www.hribi.net/izlet/dom_v_dragi_koca_na_dobrci_cez_preval-o/3/130/6488
131;https://www.hribi.net/izlet/bistriska_planina_lesanska_planina/3/131/105
131;https://www.hribi.net/izlet/brezje_pri_trzicu_lesanska_planina_po_robu/3/131/104
131;https://www.hribi.net/izlet/trzic_lesanska_planina/3/131/2920
131;https://www.hribi.net/izlet/bistrica_pri_trzicu_lesanska_planina/3/131/4470
131;https://www.hribi.net/izlet/brezje_pri_trzicu_lesanska_planina_po_cesti/3/131/4476
131;https://www.hribi.net/izlet/hudi_graben_lesanska_planina/3/131/6893
132;https://www.hribi.net/izlet/koca_pri_savici_crno_jezero_cez_komarco/1/132/106
132;https://www.hribi.net/izlet/koca_pri__savici_crno_jezero_po_poti_na_komno/1/132/732
132;https://www.hribi.net/izlet/planina_blato_crno_jezero/1/132/2876
133;https://www.hribi.net/izlet/planina_blato_koca_pri_triglavskih_jezerih_cez_prode/1/133/110
133;https://www.hribi.net/izlet/koca_pri_savici_koca_pri_triglavskih_jezerih_cez_komarco/1/133/107
133;https://www.hribi.net/izlet/planina_blato_koca_pri_triglavskih_jezerih_cez_stapce/1/133/109
133;https://www.hribi.net/izlet/koca_pri_savici_koca_pri_triglavskih_jezerih_cez_komno/1/133/108
133;https://www.hribi.net/izlet/konec_ceste_na_vogar_koca_pri_triglavskih_jezerih_cez_prode/1/133/1085
133;https://www.hribi.net/izlet/stara_fuzina_koca_pri_triglavskih_jezerih_cez_vogar_in_stapce/1/133/111
133;https://www.hribi.net/izlet/konec_ceste_na_vogar_koca_pri_triglavskih_jezerih_cez_stapce/1/133/4147
133;https://www.hribi.net/izlet/pod_zjabci_koca_pri_triglavskih_jezerih/1/133/4091
134;https://www.hribi.net/izlet/mace_dom_na_kaliscu/3/134/112
134;https://www.hribi.net/izlet/lasko_obracalisce_nad_vasjo_dom_na_kaliscu/3/134/986
134;https://www.hribi.net/izlet/jekarica_dom_na_kaliscu/3/134/1037
134;https://www.hribi.net/izlet/baselj_dom_na_kaliscu/3/134/4771
134;https://www.hribi.net/izlet/mace_dom_na_kaliscu_cez_kozjek/3/134/2663
134;https://www.hribi.net/izlet/baselj_dom_na_kaliscu_mimo_bolnice_kosuta/3/134/4900
134;https://www.hribi.net/izlet/mace_dom_na_kaliscu_po_dolini_suhe/3/134/2664
134;https://www.hribi.net/izlet/baselj_dom_na_kaliscu_po_gozdni_cesti/3/134/4773
134;https://www.hribi.net/izlet/mace_dom_na_kaliscu_po_cesti/3/134/4892
134;https://www.hribi.net/izlet/mace__dom_na_kaliscu_mimo_sv_miklavza/3/134/4897
134;https://www.hribi.net/izlet/babni_vrt_dom_na_kaliscu_mimo_sv_lovrenca/3/134/4898
134;https://www.hribi.net/izlet/lasko_dom_na_kaliscu_mimo_sv_lovrenca/3/134/5385
134;https://www.hribi.net/izlet/baselj_dom_na_kaliscu_mimo_sv_lovrenca/3/134/5388
134;https://www.hribi.net/izlet/povlje_dom_na_kaliscu/3/134/5405
134;https://www.hribi.net/izlet/potoce_dom_na_kaliscu_mimo_sv_jakoba_pod_potosko_goro_in_cez_babo/3/134/5359
134;https://www.hribi.net/izlet/dom_pod_storzicem_dom_na_kaliscu_cez_javorniski_preval/3/134/7911
134;https://www.hribi.net/izlet/spodnja_kokra_dom_na_kaliscu/3/134/5365
134;https://www.hribi.net/izlet/dom_pod_storzicem_dom_na_kaliscu_mimo_krnicarjeve_koce_na_planini_javornik/3/134/8112
134;https://www.hribi.net/izlet/mhe_zabukovec_dom_na_kaliscu/3/134/5698
134;https://www.hribi.net/izlet/spodnja_kokra_dom_na_kaliscu_cez_babo/3/134/5364
134;https://www.hribi.net/izlet/baselj_dom_na_kaliscu_po_neoznaceni_poti/3/134/7402
135;https://www.hribi.net/izlet/gabrovo_lubnik/21/135/114
135;https://www.hribi.net/izlet/breznica_lubnik/21/135/815
135;https://www.hribi.net/izlet/skofja_loka__vincarje_lubnik_grebenska_pot/21/135/2483
135;https://www.hribi.net/izlet/skofja_loka_lubnik_mimo_starega_gradu/21/135/3156
135;https://www.hribi.net/izlet/skofja_loka_lubnik_cez_luzo/21/135/3157
135;https://www.hribi.net/izlet/praprotno_lubnik/21/135/3593
135;https://www.hribi.net/izlet/skofja_loka_najdihojca_lubnik_po_severozahodnem_grebenu___kurirska_pot/21/135/7902
135;https://www.hribi.net/izlet/skofja_loka_najdihojca_lubnik_vzhodni_raz/21/135/7967
135;https://www.hribi.net/izlet/poljane_nad_skofjo_loko_lubnik_cez_gabrsko_goro/21/135/6630
135;https://www.hribi.net/izlet/na_poklonu_lubnik/21/135/6631
136;https://www.hribi.net/izlet/visoko_kurescek/26/136/115
136;https://www.hribi.net/izlet/zapotok_kurescek/26/136/264
136;https://www.hribi.net/izlet/zelimlje_kurescek/26/136/5336
136;https://www.hribi.net/izlet/pirman_kurescek/26/136/5333
136;https://www.hribi.net/izlet/visoko_mali_kurescek_kurescek/26/136/5576
137;https://www.hribi.net/izlet/konec_ceste_na_pokljuki_planina_konjscica/1/137/116
137;https://www.hribi.net/izlet/rudno_polje_planina_konjscica/1/137/5005
137;https://www.hribi.net/izlet/uskovnica_razpotje_planina_konjscica/1/137/5547
137;https://www.hribi.net/izlet/uskovnica_lom_planina_konjscica/1/137/5543
137;https://www.hribi.net/izlet/srednja_vas_planina_konjscica_za_ribnico/1/137/5546
138;https://www.hribi.net/izlet/konec_ceste_na_pokljuki_studorski_preval/1/138/117
138;https://www.hribi.net/izlet/rudno_polje_studorski_preval/1/138/10692
138;https://www.hribi.net/izlet/uskovnica_lom_studorski_preval_cez_jezerce/1/138/10707
138;https://www.hribi.net/izlet/uskovnica_razpotje_studorski_preval_cez_jezerce/1/138/10705
138;https://www.hribi.net/izlet/uskovnica_lom_studorski_preval_cez_planino_spodnji_tosc/1/138/10706
138;https://www.hribi.net/izlet/uskovnica_razpotje_studorski_preval_cez_planino_spodnji_tosc/1/138/10704
139;https://www.hribi.net/izlet/konec_ceste_na_pokljuki_vodnikov_dom_na_velem_polju/1/139/118
139;https://www.hribi.net/izlet/rudno_polje_vodnikov_dom_na_velem_polju/1/139/1096
139;https://www.hribi.net/izlet/dolina_krma_vodnikov_dom_na_velem_polju/1/139/120
139;https://www.hribi.net/izlet/stara_fuzina_vodnikov_dom_na_velem_polju/1/139/119
139;https://www.hribi.net/izlet/uskovnica_razpotje_vodnikov_dom_na_velem_polju_cez_planino_spodnji_tosc/1/139/764
139;https://www.hribi.net/izlet/planina_blato_vodnikov_dom_na_velem_polju_cez_grintovico/1/139/2867
139;https://www.hribi.net/izlet/uskovnica_lom_vodnikov_dom_na_velem_polju_cez_planino_spodnji_tosc/1/139/5624
139;https://www.hribi.net/izlet/srednja_vas_vodnikov_dom_na_velem_polju_za_ribnico_in_cez_planino_spodnji_tosc/1/139/5625
140;https://www.hribi.net/izlet/planina_blato_koca_na_planini_pri_jezeru/1/140/121
140;https://www.hribi.net/izlet/stara_fuzina_koca_na_planini_pri_jezeru/1/140/3866
140;https://www.hribi.net/izlet/planina_blato_koca_na_planini_pri_jezeru_cez_planino_v_lazu/1/140/529
140;https://www.hribi.net/izlet/planina_blato_koca_na_planini_pri_jezeru_strma_pot/1/140/2640
140;https://www.hribi.net/izlet/stara_fuzina_koca_na_planini_pri_jezeru_mimo_planine_vodicni_vrh/1/140/3865
140;https://www.hribi.net/izlet/koca_pri_savici_koca_na_planini_pri_jezeru_cez_planino_visevnik/1/140/8254
146;https://www.hribi.net/izlet/planina_podvezak_ojstrica_cez_malo_ojstrico/3/146/632
146;https://www.hribi.net/izlet/planina_podvezak_ojstrica_mimo_kocbekovega_doma/3/146/228
146;https://www.hribi.net/izlet/na_razpotju_ojstrica_kopinskova_pot/3/146/1725
146;https://www.hribi.net/izlet/robanov_kot_ojstrica_cez_malo_ojstrico/3/146/1832
146;https://www.hribi.net/izlet/dom_planincev_v_logarski_dolini_ojstrica_kopinskova_pot/3/146/4776
146;https://www.hribi.net/izlet/na_razpotju_ojstrica_cez_skarje/3/146/1726
146;https://www.hribi.net/izlet/dom_planincev_v_logarski_dolini_ojstrica_cez_skarje/3/146/4782
146;https://www.hribi.net/izlet/pred_belo_ojstrica/3/146/2605
146;https://www.hribi.net/izlet/planina_ravne_ojstrica_cez_malo_ojstrico/3/146/2330
146;https://www.hribi.net/izlet/pred_belo_ojstrica_cez_skok_in_sraj_pesek/3/146/5464
146;https://www.hribi.net/izlet/kraljev_dol_ojstrica_cez_malo_ojstrico/3/146/5184
146;https://www.hribi.net/izlet/robanov_kot_ojstrica_mimo_kocbekovega_doma/3/146/5950
146;https://www.hribi.net/izlet/lovska_koca_na_brezicih_ojstrica_lovska_pot/3/146/2881
146;https://www.hribi.net/izlet/planina_ravne_ojstrica_cez_dolgo_trato_in_mimo_kocbekovega_doma/3/146/4065
146;https://www.hribi.net/izlet/kraljev_dol_ojstrica_mimo_kocbekovega_doma/3/146/5222
146;https://www.hribi.net/izlet/planina_ravne_ojstrica_cez_dolgo_trato_in_malo_ojstrico/3/146/4066
147;https://www.hribi.net/izlet/prtovc_krekova_koca_na_ratitovcu_cez_razor/21/147/222
147;https://www.hribi.net/izlet/prtovc_krekova_koca_na_ratitovcu_cez_povden/21/147/604
147;https://www.hribi.net/izlet/pecana_krekova_koca_na_ratitovcu/21/147/809
147;https://www.hribi.net/izlet/povden_krekova_koca_na_ratitovcu/21/147/605
147;https://www.hribi.net/izlet/zgornje_danje_krekova_koca_na_ratitovcu/21/147/964
147;https://www.hribi.net/izlet/soriska_pec_krekova_koca_na_ratitovcu/21/147/804
147;https://www.hribi.net/izlet/torka_krekova_koca_na_ratitovcu/21/147/3304
147;https://www.hribi.net/izlet/prtovc_krekova_koca_na_ratitovcu_cez_razor_in_vratca/21/147/606
147;https://www.hribi.net/izlet/ledine_krekova_koca_na_ratitovcu_cez_planino_klom/21/147/2773
147;https://www.hribi.net/izlet/zali_log_krekova_koca_na_ratitovcu/21/147/2490
147;https://www.hribi.net/izlet/jesenovec_krekova_koca_na_ratitovcu_cez_razor/21/147/2486
147;https://www.hribi.net/izlet/bohinjsko_sedlo_krekova_koca_na_ratitovcu/21/147/3559
147;https://www.hribi.net/izlet/ledine_krekova_koca_na_ratitovcu_cez_kosmati_vrh/21/147/2776
147;https://www.hribi.net/izlet/bitenjska_planina_krekova_koca_na_ratitovcu/21/147/3887
147;https://www.hribi.net/izlet/gozdarska_koca_rovtarica_krekova_koca_na_ratitovcu/21/147/3725
147;https://www.hribi.net/izlet/razglednik_krekova_koca_na_ratitovcu/21/147/4321
147;https://www.hribi.net/izlet/rudenska_grapa_krekova_koca_na_ratitovcu/21/147/3733
147;https://www.hribi.net/izlet/podkorita_krekova_koca_na_ratitovcu/21/147/3880
147;https://www.hribi.net/izlet/spodnje_danje_krekova_koca_na_ratitovcu/21/147/5669
147;https://www.hribi.net/izlet/rotek_krekova_koca_na_ratitovcu/21/147/5663
147;https://www.hribi.net/izlet/podrost_krekova_koca_na_ratitovcu/21/147/6858
148;https://www.hribi.net/izlet/planina_loka_velika_raduha/3/148/230
148;https://www.hribi.net/izlet/bukovnik_velika_raduha_plezalna_pot/3/148/1195
148;https://www.hribi.net/izlet/snezna_jama_velika_raduha/3/148/738
148;https://www.hribi.net/izlet/bukovnik_velika_raduha_cez_durce/3/148/1196
148;https://www.hribi.net/izlet/radusnik_velika_raduha/3/148/3004
148;https://www.hribi.net/izlet/luce_velika_raduha_mimo_koce_na_loki_pod_raduho/3/148/2551
148;https://www.hribi.net/izlet/rogovilec_velika_raduha_mimo_grohata_po_plezalni_poti/3/148/2299
148;https://www.hribi.net/izlet/planina_vodol_velika_raduha/3/148/3375
148;https://www.hribi.net/izlet/rogovilec_velika_raduha_preko_planine_arta/3/148/2291
148;https://www.hribi.net/izlet/planina_kosmaceve_rastke_velika_raduha/3/148/3374
148;https://www.hribi.net/izlet/bistra_velika_raduha/3/148/2558
148;https://www.hribi.net/izlet/raduha_struge_velika_raduha/3/148/11020
149;https://www.hribi.net/izlet/dom_pod_storzicem_veliki_javornik_zeniklovec/11/149/866
149;https://www.hribi.net/izlet/grahovse_veliki_javornik_zeniklovec/11/149/864
149;https://www.hribi.net/izlet/trziski_graben_veliki_javornik_zeniklovec/11/149/3576
149;https://www.hribi.net/izlet/planina_vetrh_veliki_javornik_zeniklovec/11/149/6439
149;https://www.hribi.net/izlet/grahovse_veliki_javornik_zeniklovec_mimo_rekarja/11/149/7990
150;https://www.hribi.net/izlet/planina_kuhinja_krn/1/150/280
150;https://www.hribi.net/izlet/dom_v_lepeni_krn/1/150/281
150;https://www.hribi.net/izlet/dreznica_krn_pot_silva_korena/1/150/1073
150;https://www.hribi.net/izlet/koca_pri_savici_krn_mimo_krnskega_jezera/1/150/2352
150;https://www.hribi.net/izlet/planina_kuhinja_krn_mimo_jezera_v_luznici/1/150/2364
150;https://www.hribi.net/izlet/dreznica_krn_juzna_pot/1/150/1247
150;https://www.hribi.net/izlet/planina_kuhinja_krn_cez_krnsko_skrbino/1/150/5437
150;https://www.hribi.net/izlet/koca_pri_savici_krn_cez_prehodce/1/150/4013
150;https://www.hribi.net/izlet/krn_krn_cez_planino_sleme/1/150/3230
150;https://www.hribi.net/izlet/planina_polog_krn_cez_prehodce/1/150/2795
150;https://www.hribi.net/izlet/planina_polog_krn_cez_planino_sleme/1/150/2793
150;https://www.hribi.net/izlet/planina_zaplec_krn/1/150/9828
150;https://www.hribi.net/izlet/tolminske_ravne_krn/1/150/9411
150;https://www.hribi.net/izlet/dreznica_krn_mimo_italijanske_kapelice_na_planici/1/150/10415
151;https://www.hribi.net/izlet/planina_blato_mala_ticarica_cez_stapce/1/151/288
151;https://www.hribi.net/izlet/koca_pri_savici_mala_ticarica/1/151/716
151;https://www.hribi.net/izlet/konec_ceste_na_vogar_mala_ticarica_cez_stapce/1/151/1095
151;https://www.hribi.net/izlet/planina_blato_mala_ticarica_snezni_pristop/1/151/2042
152;https://www.hribi.net/izlet/poljana_zavrsnica_potoska_planina_mimo_valvasorjevega_doma/11/152/3515
152;https://www.hribi.net/izlet/poljana_zavrsnica_potoska_planina_po_cesti/11/152/808
152;https://www.hribi.net/izlet/koroska_bela_potoska_planina_cez_spodnje_rovte/11/152/5253
152;https://www.hribi.net/izlet/koroska_bela_rc_kres_potoska_planina_lovska_pot_cez_skalo/11/152/5259
153;https://www.hribi.net/izlet/planina_kuk_tolminski_kuk/1/153/282
153;https://www.hribi.net/izlet/tolminske_ravne_tolminski_kuk_mimo_planine_kal/1/153/7835
153;https://www.hribi.net/izlet/koca_pri_savici_tolminski_kuk_cez_vrh_planje/1/153/697
153;https://www.hribi.net/izlet/tolminske_ravne_tolminski_kuk_cez_planino_razor/1/153/6194
153;https://www.hribi.net/izlet/koca_pri_savici_tolminski_kuk_direktna_pot/1/153/700
153;https://www.hribi.net/izlet/koca_pri_savici_tolminski_kuk_mimo_doma_na_komni_in_cez_skrbino/1/153/3473
153;https://www.hribi.net/izlet/ski_hotel_vogel_tolminski_kuk/1/153/3487
153;https://www.hribi.net/izlet/ukanc_tolminski_kuk/1/153/3479
153;https://www.hribi.net/izlet/planina_polog_tolminski_kuk_cez_planino_dobrenjscico/1/153/2800
153;https://www.hribi.net/izlet/kneske_ravne_tolminski_kuk_cez_skrbino/1/153/6941
153;https://www.hribi.net/izlet/tolminske_ravne_tolminski_kuk_po_dolini_pod_plosco/1/153/9304
154;https://www.hribi.net/izlet/planina_dol_rzenik_zahodna_pot/3/154/232
154;https://www.hribi.net/izlet/planina_dol_rzenik_vzhodna_pot/3/154/2588
154;https://www.hribi.net/izlet/kraljev_hrib_rzenik_zahodna_pot/3/154/5991
155;https://www.hribi.net/izlet/dolina_kot_cmir/1/155/276
155;https://www.hribi.net/izlet/aljazev_dom_v_vratih_cmir_tominskova_pot/1/155/689
155;https://www.hribi.net/izlet/aljazev_dom_v_vratih_cmir_cez_prag/1/155/688
155;https://www.hribi.net/izlet/dolina_krma_cmir/1/155/6251
156;https://www.hribi.net/izlet/planina_blato_planina_dedno_polje/1/156/292
156;https://www.hribi.net/izlet/konec_ceste_na_vogar_planina_dedno_polje_mimo_grive/1/156/6190
156;https://www.hribi.net/izlet/konec_ceste_na_vogar_planina_dedno_polje_cez_kristofojco/1/156/6191
157;https://www.hribi.net/izlet/planina_blato_planina_ovcarija/1/157/298
157;https://www.hribi.net/izlet/konec_ceste_na_vogar_planina_ovcarija/1/157/1084
157;https://www.hribi.net/izlet/koca_pri_savici_planina_ovcarija/1/157/2639
157;https://www.hribi.net/izlet/planina_blato_planina_ovcarija_cez_planino_visevnik/1/157/8315
158;https://www.hribi.net/izlet/ravne_oroznova_koca_na_planini_za_liscem/1/158/300
158;https://www.hribi.net/izlet/bohinjska_bistrica_oroznova_koca_na_planini_za_liscem/1/158/6520
158;https://www.hribi.net/izlet/ravne_oroznova_koca_na_planini_za_liscem_po_drci/1/158/3925
158;https://www.hribi.net/izlet/polje_oroznova_koca_na_planini_za_liscem/1/158/3928
162;https://www.hribi.net/izlet/dom_v_lepeni_dom_pri_krnskih_jezerih/1/162/290
162;https://www.hribi.net/izlet/koca_pri_savici_dom_pri_krnskih_jezerih/1/162/4011
163;https://www.hribi.net/izlet/dom_v_lepeni_krnsko_jezero/1/163/291
163;https://www.hribi.net/izlet/koca_pri_savici_krnsko_jezero/1/163/4010
164;https://www.hribi.net/izlet/zadnjica_pogacnikov_dom_na_kriskih_podih/1/164/268
164;https://www.hribi.net/izlet/aljazev_dom_v_vratih_pogacnikov_dom_na_kriskih_podih_cez_sovatno/1/164/289
164;https://www.hribi.net/izlet/ruski_kriz_pogacnikov_dom_na_kriskih_podih_cez_krisko_steno/1/164/759
164;https://www.hribi.net/izlet/pisnica_pogacnikov_dom_na_kriskih_podih/1/164/6549
165;https://www.hribi.net/izlet/zadnjica_spodnje_krisko_jezero/1/165/366
166;https://www.hribi.net/izlet/koca_pod_slapom_rinka_orlovo_gnezdo_slap_rinka/3/166/239
167;https://www.hribi.net/izlet/koca_pod_slapom_rinka_dom_na_okreslju/3/167/244
167;https://www.hribi.net/izlet/koca_pod_slapom_rinka_dom_na_okreslju_pastirska_pot/3/167/7056
168;https://www.hribi.net/izlet/kranjski_rak_kapela_marije_snezne_velika_planina_spodaj_po_cesti/3/168/558
168;https://www.hribi.net/izlet/za_usivcem_kapela_marije_snezne_velika_planina/3/168/3488
168;https://www.hribi.net/izlet/hotel_simnovec_kapela_marije_snezne_velika_planina/3/168/238
168;https://www.hribi.net/izlet/stahovica_kapela_marije_snezne_velika_planina/3/168/2514
168;https://www.hribi.net/izlet/za_usivcem_kapela_marije_snezne_velika_planina_cez_malo_planino/3/168/3495
168;https://www.hribi.net/izlet/kranjski_rak__kapela_marije_snezne_velika_planina_pespot/3/168/4978
168;https://www.hribi.net/izlet/kraljev_hrib_kapela_marije_snezne_velika_planina_preko_skorence_kacjeka_in_gamsovih_strez/3/168/2517
168;https://www.hribi.net/izlet/kranjski_rak_kapela_marije_snezne_velika_planina_cez_seliski_rob/3/168/4975
169;https://www.hribi.net/izlet/kranjski_rak_gradisce_velika_planina_spodaj_po_cesti/3/169/561
169;https://www.hribi.net/izlet/planina_dol_gradisce_velika_planina/3/169/2594
169;https://www.hribi.net/izlet/stahovica_gradisce_velika_planina/3/169/2513
169;https://www.hribi.net/izlet/kranjski_rak__gradisce_velika_planina_pespot/3/169/4977
169;https://www.hribi.net/izlet/kraljev_hrib_gradisce_velika_planina/3/169/1772
169;https://www.hribi.net/izlet/za_usivcem_gradisce_velika_planina_cez_malo_planino/3/169/3496
169;https://www.hribi.net/izlet/za_usivcem_gradisce_velika_planina/3/169/3489
169;https://www.hribi.net/izlet/hotel_simnovec_gradisce_velika_planina/3/169/236
169;https://www.hribi.net/izlet/kraljev_hrib_gradisce_velika_planina_cez_rigelj/3/169/3149
169;https://www.hribi.net/izlet/kranjski_rak_gradisce_velika_planina_cez_seliski_rob/3/169/4976
169;https://www.hribi.net/izlet/kraljev_hrib_gradisce_velika_planina_preko_skorence_kacjeka_in_gamsovih_strez/3/169/2518
169;https://www.hribi.net/izlet/kraljev_hrib_gradisce_velika_planina_cez_sivnik_in_rigelj/3/169/4557
170;https://www.hribi.net/izlet/kranjski_rak_domzalski_dom_na_mali_planini_spodaj_po_cesti/3/170/345
170;https://www.hribi.net/izlet/hotel_simnovec_domzalski_dom_na_mali_planini_over_gradisce/3/170/243
170;https://www.hribi.net/izlet/stahovica_domzalski_dom_na_mali_planini/3/170/2512
170;https://www.hribi.net/izlet/za_usivcem_domzalski_dom_na_mali_planini/3/170/3493
170;https://www.hribi.net/izlet/kranjski_rak__domzalski_dom_na_mali_planini_pespot/3/170/4979
170;https://www.hribi.net/izlet/kraljev_hrib_domzalski_dom_na_mali_planini_preko_skorence_kacjeka_in_gamsovih_strez/3/170/2516
170;https://www.hribi.net/izlet/kranjski_rak_domzalski_dom_na_mali_planini_cez_seliski_rob/3/170/4973
171;https://www.hribi.net/izlet/planina_blato_jezero_v_ledvicah_cez_stapce/1/171/715
171;https://www.hribi.net/izlet/koca_pri_savici_jezero_v_ledvicah/1/171/253
171;https://www.hribi.net/izlet/planina_blato_jezero_v_ledvicah_cez_prode/1/171/8299
172;https://www.hribi.net/izlet/planina_blato_rjavo_jezero_po_dolini_za_kopico/1/172/712
172;https://www.hribi.net/izlet/koca_pri_savici_rjavo_jezero/1/172/293
172;https://www.hribi.net/izlet/planina__blato_rjavo_jezero_cez_stapce/1/172/711
172;https://www.hribi.net/izlet/planina_blato_rjavo_jezero_cez_prode/1/172/8311
172;https://www.hribi.net/izlet/zadnjica_rjavo_jezero/1/172/10688
173;https://www.hribi.net/izlet/planina_blato_zeleno_jezero_po_dolini_za_kopico/1/173/713
173;https://www.hribi.net/izlet/koca_pri_savici_zeleno_jezero/1/173/295
173;https://www.hribi.net/izlet/planina__blato_zeleno_jezero_cez_stapce/1/173/714
173;https://www.hribi.net/izlet/planina_blato_zeleno_jezero_cez_prode/1/173/8312
174;https://www.hribi.net/izlet/loke_zajceva_koca/25/174/490
174;https://www.hribi.net/izlet/loke_zajceva_koca_cez_krvavico/25/174/3741
175;https://www.hribi.net/izlet/zadnjica_zasavska_koca_na_prehodavcih/1/175/284
175;https://www.hribi.net/izlet/trenta_zasavska_koca_na_prehodavcih/1/175/1304
175;https://www.hribi.net/izlet/planina_blato_zasavska_koca_na_prehodavcih_po_dolini_za_kopico/1/175/287
175;https://www.hribi.net/izlet/koca_pri_savici_zasavska_koca_na_prehodavcih/1/175/283
175;https://www.hribi.net/izlet/planina_blato_zasavska_koca_na_prehodavcih_cez_prode/1/175/285
175;https://www.hribi.net/izlet/planina_blato_zasavska_koca_na_prehodavcih_cez_stapce/1/175/286
175;https://www.hribi.net/izlet/zadnjica_zasavska_koca_na_prehodavcih_pot_mire_marko_debelakove/1/175/4112
176;https://www.hribi.net/izlet/crni_kal_blegos_po_cesti_in_mimo_koce/21/176/308
176;https://www.hribi.net/izlet/crni_kal_blegos_direktna_pot/21/176/636
176;https://www.hribi.net/izlet/leskovica_blegos/21/176/637
176;https://www.hribi.net/izlet/cabrace_blegos/21/176/2161
176;https://www.hribi.net/izlet/martinj_vrh_blegos/21/176/2167
176;https://www.hribi.net/izlet/laze_blegos/21/176/2673
176;https://www.hribi.net/izlet/volaka_blegos/21/176/2568
176;https://www.hribi.net/izlet/tuskov_gric_blegos_cez_crni_vrh/21/176/2570
176;https://www.hribi.net/izlet/crni_kal_blegos_cez_prvo_ravan/21/176/6152
176;https://www.hribi.net/izlet/zali_log_blegos_cez_potok/21/176/3152
176;https://www.hribi.net/izlet/zali_log_blegos_cez_crni_kal/21/176/3151
176;https://www.hribi.net/izlet/leskovica_blegos_po_neoznaceni_poti/21/176/6155
176;https://www.hribi.net/izlet/volaka_blegos_po_neoznaceni_poti/21/176/6156
177;https://www.hribi.net/izlet/crni_kal_koca_na_blegosu_po_cesti/21/177/309
177;https://www.hribi.net/izlet/leskovica_koca_na_blegosu/21/177/640
177;https://www.hribi.net/izlet/laze_koca_na_blegosu/21/177/2676
177;https://www.hribi.net/izlet/volaka_koca_na_blegosu/21/177/2567
177;https://www.hribi.net/izlet/zali_log_koca_na_blegosu_cez_potok/21/177/3153
177;https://www.hribi.net/izlet/tuskov_gric_koca_na_blegosu_cez_crni_vrh/21/177/2571
177;https://www.hribi.net/izlet/crni_kal_koca_na_blegosu_cez_prvo_ravan/21/177/6153
177;https://www.hribi.net/izlet/cabrace_koca_na_blegosu/21/177/6158
178;https://www.hribi.net/izlet/dom_v_iskem_vintgarju_krim/26/178/2325
178;https://www.hribi.net/izlet/iska_krim/26/178/3462
178;https://www.hribi.net/izlet/rakitna_krim/26/178/3002
178;https://www.hribi.net/izlet/jezero_krim_mimo_ledenice/26/178/1306
178;https://www.hribi.net/izlet/zamlake_krim/26/178/4871
178;https://www.hribi.net/izlet/mesnice_krim_po_cesti/26/178/266
178;https://www.hribi.net/izlet/polharski_dom_krim_krim/26/178/4985
178;https://www.hribi.net/izlet/dom_v_iskem_vintgarju_krim_strma_pot/26/178/3464
178;https://www.hribi.net/izlet/strahomer_krim_cez_strmec/26/178/1380
178;https://www.hribi.net/izlet/preserje_krim/26/178/1305
178;https://www.hribi.net/izlet/jezero_krim_mimo_domacije_spelin/26/178/2972
178;https://www.hribi.net/izlet/strahomer_krim_cez_kramarco/26/178/2160
178;https://www.hribi.net/izlet/tomiselj_krim/26/178/2433
178;https://www.hribi.net/izlet/dolenja_brezovica_krim/26/178/3115
178;https://www.hribi.net/izlet/vrbljene_krim/26/178/2432
178;https://www.hribi.net/izlet/lovska_koca_plehanov_laz_krim/26/178/2661
179;https://www.hribi.net/izlet/kriska_planina_dom_na_krvavcu/3/179/233
179;https://www.hribi.net/izlet/planina_jezerca_dom_na_krvavcu/3/179/4561
179;https://www.hribi.net/izlet/dom_na_gospincu_dom_na_krvavcu/3/179/665
183;https://www.hribi.net/izlet/ravenska_kocna_ceska_koca_na_spodnjih_ravneh_mimo_zicnice/3/183/224
183;https://www.hribi.net/izlet/ravenska_kocna_ceska_koca_na_spodnjih_ravneh_cez_stularjevo_planino/3/183/1173
183;https://www.hribi.net/izlet/ravenska_kocna_ceska_koca_na_spodnjih_ravneh_ferata/3/183/5102
183;https://www.hribi.net/izlet/makekova_kocna_ceska_koca_na_spodnjih_ravneh/3/183/1174
183;https://www.hribi.net/izlet/ravenska_kocna_ceska_koca_na_spodnjih_ravneh_umik_zrela/3/183/2670
184;https://www.hribi.net/izlet/stara_fuzina_kosijev_dom_na_vogarju/1/184/299
185;https://www.hribi.net/izlet/cesnjice_v_tuhinju_zavetisce_na_biba_planini_po_cesti/3/185/247
185;https://www.hribi.net/izlet/lipa_zavetisce_na_biba_planini/3/185/2371
185;https://www.hribi.net/izlet/okrog_pri_motniku_zavetisce_na_biba_planini/3/185/5747
186;https://www.hribi.net/izlet/psevo_sveti_jost_nad_kranjem_sodarjeva_pot_po_stopnicah/21/186/1333
186;https://www.hribi.net/izlet/zabukovje_sveti_jost_nad_kranjem/21/186/1334
186;https://www.hribi.net/izlet/rakovica_sveti_jost_nad_kranjem/21/186/3042
186;https://www.hribi.net/izlet/javornik_sveti_jost_nad_kranjem/21/186/311
186;https://www.hribi.net/izlet/cepulje_sveti_jost_nad_kranjem/21/186/5745
186;https://www.hribi.net/izlet/zgornja_besnica_podrovnik_sveti_jost_nad_kranjem_mimo_gabra/21/186/3047
186;https://www.hribi.net/izlet/ticnica_sveti_jost_nad_kranjem_pot_prijateljev_sv_josta_mimo_kapelice/21/186/6743
186;https://www.hribi.net/izlet/psevo_sveti_jost_nad_kranjem_sodarjeva_pot_na_klopca/21/186/6739
186;https://www.hribi.net/izlet/psevo_sveti_jost_nad_kranjem_sodarjeva_pot_mimo_kapelice/21/186/6740
186;https://www.hribi.net/izlet/ticnica_sveti_jost_nad_kranjem_pot_prijateljev_sv_josta_po_stopnicah/21/186/6741
186;https://www.hribi.net/izlet/ticnica_sveti_jost_nad_kranjem_pot_prijateljev_sv_josta_na_klopca/21/186/6742
186;https://www.hribi.net/izlet/spodnje_bitnje_sveti_jost_nad_kranjem_po_dolini_potoka_suha/21/186/7635
187;https://www.hribi.net/izlet/preval_koca_na_starem_vrhu/21/187/310
187;https://www.hribi.net/izlet/javorje_koca_na_starem_vrhu/21/187/7330
188;https://www.hribi.net/izlet/sora_osolnik_cez_hom/5/188/467
188;https://www.hribi.net/izlet/dom_na_govejku_osolnik/5/188/2734
188;https://www.hribi.net/izlet/trnovec_osolnik_po_cesti/5/188/1068
188;https://www.hribi.net/izlet/pustal_osolnik/5/188/2814
188;https://www.hribi.net/izlet/sora_osolnik_po_pespoti/5/188/6736
188;https://www.hribi.net/izlet/sora_osolnik_po_cesti/5/188/314
188;https://www.hribi.net/izlet/trnovec_osolnik_skozi_mavski_graben/5/188/6780
188;https://www.hribi.net/izlet/trnovec_osolnik_skozi_govejski_graben/5/188/6785
188;https://www.hribi.net/izlet/gostece_osolnik_cez_vidmovec/5/188/6737
188;https://www.hribi.net/izlet/sveta_barbara_nova_hrastnica_osolnik/5/188/7565
188;https://www.hribi.net/izlet/pustal_na_dobravi_osolnik/5/188/7563
188;https://www.hribi.net/izlet/hosta_osolnik/5/188/7561
189;https://www.hribi.net/izlet/kranjski_rak_dom_na_kisovcu_po_cesti/3/189/241
189;https://www.hribi.net/izlet/stahovica_dom_na_kisovcu/3/189/1632
189;https://www.hribi.net/izlet/zaga_dom_na_kisovcu_cez_strmino/3/189/2997
189;https://www.hribi.net/izlet/predkonjska_dom_na_kisovcu_skozi_konjsko_dolino/3/189/4728
190;https://www.hribi.net/izlet/grahovse_dom_pod_storzicem_po_cesti/3/190/240
190;https://www.hribi.net/izlet/grahovse_dom_pod_storzicem_pespot/3/190/3896
190;https://www.hribi.net/izlet/trzic_slap_dom_pod_storzicem/3/190/6879
191;https://www.hribi.net/izlet/cerknica_dom_na_slivnici/26/191/331
191;https://www.hribi.net/izlet/radlek_dom_na_slivnici/26/191/3974
191;https://www.hribi.net/izlet/grahovo_dom_na_slivnici/26/191/10883
191;https://www.hribi.net/izlet/martinjak_dom_na_slivnici/26/191/10884
191;https://www.hribi.net/izlet/radlek_dom_na_slivnici/26/191/10901
192;https://www.hribi.net/izlet/lontovz_kum_pes_pot/25/192/812
192;https://www.hribi.net/izlet/zidani_most_kum_skozi_skratovo_dolino_stara_pot_-_uradno_zaprta!/25/192/2247
192;https://www.hribi.net/izlet/trbovlje_kum_cez_cebulovo_dolino/25/192/1534
192;https://www.hribi.net/izlet/sopota_kum_nezina_pot/25/192/8128
192;https://www.hribi.net/izlet/lontovz_kum_po_cesti/25/192/317
192;https://www.hribi.net/izlet/zidani_most_kum_skozi_skratovo_dolino_nova_pot/25/192/5878
192;https://www.hribi.net/izlet/hrastnik_podkraj_kum_cez_matco/25/192/5875
192;https://www.hribi.net/izlet/zagorje_ob_savi__kum_cez_zavrsje_in_cebulovo_dolino/25/192/5293
192;https://www.hribi.net/izlet/radece_kum/25/192/9761
192;https://www.hribi.net/izlet/dolina_sopote_zagrad_kum/25/192/9768
193;https://www.hribi.net/izlet/zavetisce_na_biba_planini_dom_na_menini_planini/3/193/246
193;https://www.hribi.net/izlet/gornji_grad_dom_na_menini_planini_cez_borovnico_in_ovcji_stan/3/193/658
193;https://www.hribi.net/izlet/gornji_grad_dom_na_menini_planini_mimo_semprimoznika_in_cez_ovcji_stan/3/193/1904
193;https://www.hribi.net/izlet/golice_dom_na_menini_planini/3/193/2948
193;https://www.hribi.net/izlet/okrog_pri_motniku_dom_na_menini_planini_cez_biba_planino/3/193/5748
193;https://www.hribi.net/izlet/lipa_dom_na_menini_planini/3/193/2372
193;https://www.hribi.net/izlet/crnivec_dom_na_menini_planini/3/193/3439
193;https://www.hribi.net/izlet/cesnjice_v_tuhinju_dom_na_menini_planini/3/193/5753
193;https://www.hribi.net/izlet/okrog_pri_motniku_dom_na_menini_planini_cez_oseke_in_vrh_drc/3/193/5751
193;https://www.hribi.net/izlet/tirosek_nova_stifta_dom_na_menini_planini/3/193/3443
193;https://www.hribi.net/izlet/hrusevka_dom_na_menini_planini/3/193/3533
193;https://www.hribi.net/izlet/bela_pec_dom_na_menini_planini_cez_ovcje_jame/3/193/6258
193;https://www.hribi.net/izlet/gornji_grad_dom_na_menini_planini_mimo_strmcnika_in_jame_jespe/3/193/9661
193;https://www.hribi.net/izlet/bela_pec_dom_na_menini_planini_mimo_vrha_seduc/3/193/6247
193;https://www.hribi.net/izlet/gornji_grad_dom_na_menini_planini_cez_borovnico_in_mimo_jame_jespa/3/193/9665
193;https://www.hribi.net/izlet/gornji_grad_dom_na_menini_planini_mimo_semprimoznika_in_jame_jespe/3/193/9668
194;https://www.hribi.net/izlet/dom_v_dragi_tomceva_koca_na_poljski_planini/11/194/302
194;https://www.hribi.net/izlet/begunje_tomceva_koca_na_poljski_planini_mimo_svetega_petra/11/194/1941
194;https://www.hribi.net/izlet/tinckova_koca_tomceva_koca_na_poljski_planini/11/194/3990
194;https://www.hribi.net/izlet/na_jezercih_tomceva_koca_na_poljski_planini/11/194/3993
194;https://www.hribi.net/izlet/begunje_krpin_tomceva_koca_na_poljski_planini_skozi_sotesko_blatnice/11/194/7559
194;https://www.hribi.net/izlet/ljubelj_tomceva_koca_na_poljski_planini_bornova_pot/11/194/6387
194;https://www.hribi.net/izlet/zavrsnica_pri_zagi_tomceva_koca_na_poljski_planini_cez_preval_kalisca/11/194/7568
194;https://www.hribi.net/izlet/podljubelj_lajb_tomceva_koca_na_poljski_planini/11/194/6470
195;https://www.hribi.net/izlet/tomceva_koca_na_poljski_planini_roblekov_dom_na_begunjscici/11/195/305
195;https://www.hribi.net/izlet/dom_v_dragi_roblekov_dom_na_begunjscici/11/195/3982
195;https://www.hribi.net/izlet/ljubelj_roblekov_dom_na_begunjscici_cez_preval-o/11/195/610
195;https://www.hribi.net/izlet/ljubelj_roblekov_dom_na_begunjscici_cez_zelenico/11/195/617
195;https://www.hribi.net/izlet/tinckova_koca_roblekov_dom_na_begunjscici/11/195/2253
195;https://www.hribi.net/izlet/dom_v_dragi_roblekov_dom_na_begunjscici_cez_preval-o/11/195/2135
195;https://www.hribi.net/izlet/podljubelj_lajb_roblekov_dom_na_begunjscici/11/195/611
195;https://www.hribi.net/izlet/na_jezercih_roblekov_dom_na_begunjscici/11/195/3995
195;https://www.hribi.net/izlet/tinckova_koca_roblekov_dom_na_begunjscici_cez_poljsko_planino/11/195/3991
196;https://www.hribi.net/izlet/planina_pod_golico_betel_koca_na_golici/11/196/304
196;https://www.hribi.net/izlet/krizovec_koca_na_golici/11/196/2574
196;https://www.hribi.net/izlet/dom_pristava_v_javorniskem_rovtu_koca_na_golici/11/196/3807
196;https://www.hribi.net/izlet/planina_pod_golico_betel_koca_na_golici_zimska_pot/11/196/1922
196;https://www.hribi.net/izlet/planina_pod_golico_koca_na_golici_mimo_ovcarske_koce/11/196/2105
197;https://www.hribi.net/izlet/aljazev_dom_v_vratih_luknja/1/197/296
197;https://www.hribi.net/izlet/zadnjica_luknja/1/197/297
198;https://www.hribi.net/izlet/koca_pri_savici_koca_pod_bogatinom/1/198/301
198;https://www.hribi.net/izlet/pod_zjabci_koca_pod_bogatinom/1/198/3537
198;https://www.hribi.net/izlet/dom_v_lepeni_koca_pod_bogatinom/1/198/7024
199;https://www.hribi.net/izlet/planina_podvezak_kocbekov_dom_na_korosici/3/199/237
199;https://www.hribi.net/izlet/robanov_kot_kocbekov_dom_na_korosici/3/199/1831
199;https://www.hribi.net/izlet/za_loncem_kocbekov_dom_na_korosici/3/199/1264
199;https://www.hribi.net/izlet/pred_belo_kocbekov_dom_na_korosici/3/199/1100
199;https://www.hribi.net/izlet/kraljev_dol_kocbekov_dom_na_korosici_cez_planino_vodole/3/199/2251
199;https://www.hribi.net/izlet/planina_podvezak_kocbekov_dom_na_korosici_mimo_vodotocnega_jezera/3/199/2883
199;https://www.hribi.net/izlet/planina_ravne_kocbekov_dom_na_korosici/3/199/2362
199;https://www.hribi.net/izlet/lovska_koca_na_brezicih_kocbekov_dom_na_korosici_cez_desko/3/199/2882
199;https://www.hribi.net/izlet/planina_ravne_kocbekov_dom_na_korosici_cez_dolgo_trato/3/199/4059
199;https://www.hribi.net/izlet/lovska_koca_na_brezicih_kocbekov_dom_na_korosici_lovska_pot/3/199/2879
199;https://www.hribi.net/izlet/planina_ravne_kocbekov_dom_na_korosici_preko_vrtac_in_mimo_kocbekovega_zavetisca/3/199/4231
199;https://www.hribi.net/izlet/planina_ravne_kocbekov_dom_na_korosici_preko_vrtac/3/199/4229
199;https://www.hribi.net/izlet/planina_ravne_kocbekov_dom_na_korosici_cez_dleskovec/3/199/4055
200;https://www.hribi.net/izlet/dom_trilobit_struska/11/200/1032
200;https://www.hribi.net/izlet/krizovec_struska_cez_sedlo_kocna/11/200/249
200;https://www.hribi.net/izlet/krizovec_struska_po_cesti/11/200/1033
200;https://www.hribi.net/izlet/dom_pristava_v_javorniskem_rovtu_struska_cez_dobravske_rovte/11/200/3452
200;https://www.hribi.net/izlet/planina_pod_golico_betel_struska/11/200/1931
200;https://www.hribi.net/izlet/rute_zavrh___barental_struska_cez_medvedjak/11/200/1758
200;https://www.hribi.net/izlet/dom_pristava_v_javorniskem_rovtu_struska_cez_sedlo_kocna/11/200/3799
200;https://www.hribi.net/izlet/dom_pristava_v_javorniskem_rovtu_struska_po_cesti/11/200/3802
201;https://www.hribi.net/izlet/krizovec_belska_planina_svecica_cez_sedlo_kocna/11/201/250
201;https://www.hribi.net/izlet/dom_pristava_v_javorniskem_rovtu_belska_planina_svecica_cez_sedlo_kocna/11/201/3800
201;https://www.hribi.net/izlet/krizovec_belska_planina_svecica_po_cesti/11/201/1035
201;https://www.hribi.net/izlet/planina_pod_golico_betel_belska_planina_svecica/11/201/1930
201;https://www.hribi.net/izlet/dom_pristava_v_javorniskem_rovtu_belska_planina_svecica_po_cesti/11/201/3801
202;https://www.hribi.net/izlet/krizovec_pusti_rovt/11/202/251
202;https://www.hribi.net/izlet/dom_pristava_v_javorniskem_rovtu_pusti_rovt/11/202/3798
203;https://www.hribi.net/izlet/dolina_kot_dom_valentina_stanica_pod_triglavom/1/203/252
203;https://www.hribi.net/izlet/dolina_krma_dom_valentina_stanica_pod_triglavom/1/203/279
203;https://www.hribi.net/izlet/aljazev_dom_v_vratih_dom_valentina_stanica_pod_triglavom_tominskova_pot/1/203/278
203;https://www.hribi.net/izlet/aljazev_dom_v_vratih_dom_valentina_stanica_pod_triglavom_cez_prag/1/203/277
203;https://www.hribi.net/izlet/konec_ceste_na_pokljuki_dom_valentina_stanica_pod_triglavom/1/203/3311
203;https://www.hribi.net/izlet/dolina_krma_dom_valentina_stanica_pod_triglavom_skozi_travno_dolino/1/203/3315
203;https://www.hribi.net/izlet/turkov_rovt_vrata_dom_valentina_stanica_pod_triglavom_snezni_pristop/1/203/934
203;https://www.hribi.net/izlet/uskovnica_lom_dom_valentina_stanica_pod_triglavom_cez_planino_spodnji_tosc/1/203/6238
203;https://www.hribi.net/izlet/stara_fuzina_dom_valentina_stanica_pod_triglavom/1/203/8239
203;https://www.hribi.net/izlet/uskovnica_razpotje_dom_valentina_stanica_pod_triglavom_cez_planino_spodnji_tosc/1/203/6484
203;https://www.hribi.net/izlet/rudno_polje_dom_valentina_stanica_pod_triglavom/1/203/10164
203;https://www.hribi.net/izlet/dolina_kot_dom_valentina_stanica_pod_triglavom_pot_lojzeta_rekarja/1/203/10757
204;https://www.hribi.net/izlet/zgornja_sorica_koca_na_soriski_planini/1/204/2144
204;https://www.hribi.net/izlet/bohinjsko_sedlo_koca_na_soriski_planini/1/204/254
204;https://www.hribi.net/izlet/bohinjska_bistrica_koca_na_soriski_planini/1/204/6865
204;https://www.hribi.net/izlet/nomenj_koca_na_soriski_planini_cez_planino_strmne/1/204/6864
205;https://www.hribi.net/izlet/bohinjsko_sedlo_mozic_mimo_lajnarja/1/205/627
205;https://www.hribi.net/izlet/bohinjsko_sedlo_mozic_direktna_pot/1/205/255
205;https://www.hribi.net/izlet/vrh_bace_mozic/1/205/1322
205;https://www.hribi.net/izlet/petrovo_brdo_mozic_cez_vrh_bace/1/205/2505
205;https://www.hribi.net/izlet/petrovo_brdo_mozic_mimo_lajnarja/1/205/2507
205;https://www.hribi.net/izlet/podbrdo_mozic/1/205/3596
205;https://www.hribi.net/izlet/kozji_hrbet_mozic/1/205/628
205;https://www.hribi.net/izlet/podbrdo_mozic_mimo_lajnarja/1/205/7962
206;https://www.hribi.net/izlet/pisnica_koca_v_krnici/1/206/257
206;https://www.hribi.net/izlet/ruski_kriz_koca_v_krnici/1/206/256
206;https://www.hribi.net/izlet/ruski_kriz_koca_v_krnici_po_gozdni_stezi/1/206/2657
207;https://www.hribi.net/izlet/povlje_velika_poljana_dolenceva_pot/3/207/901
207;https://www.hribi.net/izlet/dom_pod_storzicem_velika_poljana_po_cesti/3/207/259
207;https://www.hribi.net/izlet/povlje_velika_poljana_cez_planino_javornik/3/207/902
207;https://www.hribi.net/izlet/zalog_velika_poljana_cez_malo_poljano/3/207/2062
207;https://www.hribi.net/izlet/dom_pod_storzicem_velika_poljana_pespot/3/207/3908
207;https://www.hribi.net/izlet/zalog_velika_poljana_direktna_pot/3/207/2061
207;https://www.hribi.net/izlet/povlje_velika_poljana/3/207/5183
207;https://www.hribi.net/izlet/povlje_velika_poljana_cez_malo_poljano/3/207/5973
207;https://www.hribi.net/izlet/gozd_velika_poljana/3/207/4929
207;https://www.hribi.net/izlet/povlje_velika_poljana_po_kolovozu/3/207/5186
207;https://www.hribi.net/izlet/krize_velika_poljana/3/207/4923
208;https://www.hribi.net/izlet/dom_pod_storzicem_mala_poljana_po_cesti/3/208/260
208;https://www.hribi.net/izlet/povlje_mala_poljana/3/208/5181
208;https://www.hribi.net/izlet/zalog_mala_poljana/3/208/2059
208;https://www.hribi.net/izlet/dom_pod_storzicem_mala_poljana_pespot/3/208/3897
208;https://www.hribi.net/izlet/gozd_mala_poljana/3/208/4930
208;https://www.hribi.net/izlet/krize_mala_poljana/3/208/4921
209;https://www.hribi.net/izlet/petrovo_brdo_porezen/21/209/306
209;https://www.hribi.net/izlet/lovska_koca_davca_porezen/21/209/1102
209;https://www.hribi.net/izlet/cimprovka_davca_porezen_po_cesti/21/209/1103
209;https://www.hribi.net/izlet/podhocar_porezen/21/209/5321
209;https://www.hribi.net/izlet/hudajuzna_porezen/21/209/2046
209;https://www.hribi.net/izlet/raspet_porezen_po_grebenu_cimprovke/21/209/3852
209;https://www.hribi.net/izlet/poce_porezen_strma_pot/21/209/4958
209;https://www.hribi.net/izlet/tuskov_gric_porezen_po_cesti/21/209/3627
209;https://www.hribi.net/izlet/poce_porezen_polozna_pot/21/209/4960
209;https://www.hribi.net/izlet/podbrdo_porezen/21/209/5341
209;https://www.hribi.net/izlet/cerkno_porezen_strma_pot/21/209/4949
209;https://www.hribi.net/izlet/cerkno_porezen_polozna_pot/21/209/4957
209;https://www.hribi.net/izlet/podbrdo_porezen_mimo_doma_na_poreznu/21/209/5344
209;https://www.hribi.net/izlet/preval_vrh_ravni_porezen/21/209/5784
209;https://www.hribi.net/izlet/jesenica_porezen/21/209/5777
209;https://www.hribi.net/izlet/dolenji_novaki_porezen/21/209/7043
209;https://www.hribi.net/izlet/preval_vrh_ravni_porezen_mimo_doma_na_poreznu/21/209/5787
209;https://www.hribi.net/izlet/cerkno_porezen_cez_labinjske_lehe/21/209/7891
209;https://www.hribi.net/izlet/poce_porezen_cez_labinjske_lehe/21/209/7877
209;https://www.hribi.net/izlet/jesenica_porezen_mimo_doma_na_poreznu/21/209/5780
209;https://www.hribi.net/izlet/poce_porezen_zimska_smer/21/209/7878
210;https://www.hribi.net/izlet/vrsic_zavetisce_pod_spickom/1/210/567
210;https://www.hribi.net/izlet/zadnja_trenta_flori_zavetisce_pod_spickom/1/210/261
210;https://www.hribi.net/izlet/bavsica_zavetisce_pod_spickom/1/210/2304
210;https://www.hribi.net/izlet/loska_koritnica_zavetisce_pod_spickom/1/210/2300
211;https://www.hribi.net/izlet/poldov_rovt_vrata_bivak_na_jezerih/1/211/262
214;https://www.hribi.net/izlet/vace_zasavska_sveta_gora/25/214/3037
214;https://www.hribi.net/izlet/rovisce_zasavska_sveta_gora_pes_pot/25/214/813
214;https://www.hribi.net/izlet/krace_zasavska_sveta_gora/25/214/3648
214;https://www.hribi.net/izlet/rovisce_zasavska_sveta_gora_po_cesti/25/214/318
214;https://www.hribi.net/izlet/mlinse_zasavska_sveta_gora/25/214/3640
214;https://www.hribi.net/izlet/vace_zasavska_sveta_gora_po_grebenu/25/214/7740
214;https://www.hribi.net/izlet/vidrga_zasavska_sveta_gora_po_gozdni_stezi/25/214/7742
214;https://www.hribi.net/izlet/vace_zasavska_sveta_gora_po_pobocju/25/214/7737
214;https://www.hribi.net/izlet/vidrga_zasavska_sveta_gora_po_kolovozu/25/214/7744
215;https://www.hribi.net/izlet/vrcice_dom_na_mirni_gori_po_cesti/25/215/312
215;https://www.hribi.net/izlet/vrcice_dom_na_mirni_gori_cez_planino/25/215/3548
215;https://www.hribi.net/izlet/planina_dom_na_mirni_gori/25/215/3551
215;https://www.hribi.net/izlet/vrcice_dom_na_mirni_gori_cez_skrilj/25/215/3546
216;https://www.hribi.net/izlet/aljazev_dom_v_vratih_bivak_na_rusju/1/216/269
217;https://www.hribi.net/izlet/lovska_koca_davca_dom_na_poreznu/21/217/2492
217;https://www.hribi.net/izlet/petrovo_brdo_dom_na_poreznu/21/217/307
217;https://www.hribi.net/izlet/cimprovka_davca_dom_na_poreznu_po_cesti/21/217/2493
217;https://www.hribi.net/izlet/tuskov_gric_dom_na_poreznu_po_cesti/21/217/3629
217;https://www.hribi.net/izlet/raspet_dom_na_poreznu_po_grebenu_cimprovke/21/217/3853
217;https://www.hribi.net/izlet/podhocar_dom_na_poreznu/21/217/5323
217;https://www.hribi.net/izlet/poce_dom_na_poreznu_polozna_pot/21/217/4961
217;https://www.hribi.net/izlet/cerkno_dom_na_poreznu_polozna_pot/21/217/4956
217;https://www.hribi.net/izlet/poce_dom_na_poreznu_strma_pot/21/217/4959
217;https://www.hribi.net/izlet/cerkno_dom_na_poreznu_strma_pot/21/217/4955
217;https://www.hribi.net/izlet/podbrdo_dom_na_poreznu/21/217/5343
217;https://www.hribi.net/izlet/podbrdo_dom_na_poreznu_cez_vrh_porezna/21/217/5342
217;https://www.hribi.net/izlet/dolenji_novaki_dom_na_poreznu/21/217/7044
217;https://www.hribi.net/izlet/preval_vrh_ravni_dom_na_poreznu/21/217/5786
217;https://www.hribi.net/izlet/jesenica_dom_na_poreznu/21/217/5779
217;https://www.hribi.net/izlet/jesenica_dom_na_poreznu_cez_vrh_porezna/21/217/5778
217;https://www.hribi.net/izlet/preval_vrh_ravni_dom_na_poreznu_cez_vrh_porezna/21/217/5785
217;https://www.hribi.net/izlet/cerkno_dom_na_poreznu_cez_labinjske_lehe/21/217/7892
217;https://www.hribi.net/izlet/poce_dom_na_poreznu_cez_labinjske_lehe/21/217/7881
217;https://www.hribi.net/izlet/poce_dom_na_poreznu_zimska_smer/21/217/7882
218;https://www.hribi.net/izlet/gozd_martuljek_spodnji_martuljkov_slap/1/218/319
219;https://www.hribi.net/izlet/gozd_martuljek_ingotova_koca_na_planini_jesenje_ob_reki/1/219/320
219;https://www.hribi.net/izlet/gozd_martuljek_ingotova_koca_na_planini_jesenje_po_kolovozu/1/219/321
220;https://www.hribi.net/izlet/gozd_martuljek_zgornji_martuljkov_slap_ob_reki_in_mimo_koce/1/220/322
220;https://www.hribi.net/izlet/gozd_martuljek_zgornji_martuljkov_slap_po_kolovozu/1/220/323
221;https://www.hribi.net/izlet/planina_blato_kovaciceva_glava_snezni_pristop/1/221/324
222;https://www.hribi.net/izlet/stara_fuzina_slap_suha_po_cesti/1/222/325
223;https://www.hribi.net/izlet/matizovec_dom_na_kofcah/11/223/326
223;https://www.hribi.net/izlet/mrzli_studenec_dom_na_kofcah/11/223/765
223;https://www.hribi.net/izlet/globoka_dolina_dom_na_kofcah/11/223/2851
223;https://www.hribi.net/izlet/dolina_dom_na_kofcah/11/223/3361
223;https://www.hribi.net/izlet/podljubelj_dom_na_kofcah_cez_kal/11/223/3832
223;https://www.hribi.net/izlet/zavetisce_na_planini_sija_dom_na_kofcah/11/223/497
223;https://www.hribi.net/izlet/dolina_dom_na_kofcah_mimo_kapelice/11/223/3362
223;https://www.hribi.net/izlet/podljubelj_dom_na_kofcah_mimo_matizovca/11/223/3615
223;https://www.hribi.net/izlet/trzic_dom_na_kofcah_cez_kamnek/11/223/3829
223;https://www.hribi.net/izlet/podljubelj_dom_na_kofcah_cez_kal_in_mimo_kapelice/11/223/3833
223;https://www.hribi.net/izlet/trzic_dom_na_kofcah_cez_kamnek_in_mimo_kapelice/11/223/3830
223;https://www.hribi.net/izlet/podljubelj_pod_kosuto_dom_na_kofcah_mimo_jezera_pri_cezov/11/223/7553
223;https://www.hribi.net/izlet/pod_krnico_dom_na_kofcah/11/223/4191
224;https://www.hribi.net/izlet/vrsic_mala_mojstrovka_hanzova_pot/1/224/1148
224;https://www.hribi.net/izlet/vrsic_mala_mojstrovka_juzna_pot/1/224/328
224;https://www.hribi.net/izlet/vrsic_mala_mojstrovka_cez_sitno_glavo/1/224/1680
224;https://www.hribi.net/izlet/nc_planica_mala_mojstrovka_skozi_grlo/1/224/3340
224;https://www.hribi.net/izlet/erjavceva_koca_na_vrsicu_mala_mojstrovka_hanzova_pot/1/224/5128
225;https://www.hribi.net/izlet/ravenska_kocna_kranjska_koca_na_ledinah_slovenska_pot/3/225/341
225;https://www.hribi.net/izlet/ravenska_kocna_kranjska_koca_na_ledinah_lovska_pot/3/225/329
225;https://www.hribi.net/izlet/ravenska_kocna_kranjska_koca_na_ledinah_mimo_ceske_koce/3/225/2671
225;https://www.hribi.net/izlet/ravenska_kocna_kranjska_koca_na_ledinah_skozi_zrelo/3/225/342
226;https://www.hribi.net/izlet/slavkov_dom_na_golem_brdu_jeterbenk/5/226/1403
226;https://www.hribi.net/izlet/topol_pri_medvodah_katarina_jeterbenk/5/226/330
226;https://www.hribi.net/izlet/zlebe_jeterbenk_zahodna_pot/5/226/1404
226;https://www.hribi.net/izlet/gabrje_jeterbenk/5/226/2968
226;https://www.hribi.net/izlet/zlebe_jeterbenk_cez_turnice/5/226/4529
226;https://www.hribi.net/izlet/zlebe_jeterbenk_po_grebenu/5/226/4532
226;https://www.hribi.net/izlet/preska_jeterbenk_po_grebenu/5/226/4530
226;https://www.hribi.net/izlet/preval_jeterbenk/5/226/4316
226;https://www.hribi.net/izlet/trnovec_legastja_jeterbenk/5/226/4553
226;https://www.hribi.net/izlet/preska_jeterbenk_cez_turnice/5/226/4528
227;https://www.hribi.net/izlet/cerknica_slivnica/26/227/867
227;https://www.hribi.net/izlet/martinjak_slivnica/26/227/1982
227;https://www.hribi.net/izlet/grahovo_slivnica/26/227/2370
227;https://www.hribi.net/izlet/brezje_slivnica_po_cesti/26/227/332
227;https://www.hribi.net/izlet/radlek_slivnica/26/227/3973
227;https://www.hribi.net/izlet/cerknica_dom_starejsih_obcanov_slivnica_zatrepi_-_slivnica/26/227/7980
228;https://www.hribi.net/izlet/kranjska_gora_zelenci/1/228/4284
228;https://www.hribi.net/izlet/okrepcevalnica_zelenci/1/228/333
228;https://www.hribi.net/izlet/ratece_zelenci/1/228/5657
229;https://www.hribi.net/izlet/moznica_pocitniski_dom_v_moznici_po_cesti/1/229/334
230;https://www.hribi.net/izlet/trdnjava_kluze_mladinski_izobrazevalni_center_v_bavsici_po_cesti/1/230/335
231;https://www.hribi.net/izlet/bavsica_logje/1/231/336
232;https://www.hribi.net/izlet/pluzna_slap_virje/1/232/337
233;https://www.hribi.net/izlet/log_pod_mangartom_slap_parabola/1/233/338
234;https://www.hribi.net/izlet/pluzna_izvir_glijuna/1/234/339
235;https://www.hribi.net/izlet/zicnica_golobar_korita_soce_pri_krsovcu/1/235/340
236;https://www.hribi.net/izlet/ljubelj_koca_vrtaca/11/236/343
237;https://www.hribi.net/izlet/krivcevo_jarski_dom_na_mali_planini/3/237/1821
237;https://www.hribi.net/izlet/kranjski_rak_jarski_dom_na_mali_planini_spodaj_po_cesti/3/237/344
237;https://www.hribi.net/izlet/za_usivcem_jarski_dom_na_mali_planini/3/237/3492
237;https://www.hribi.net/izlet/kranjski_rak__jarski_dom_na_mali_planini_pespot/3/237/4980
237;https://www.hribi.net/izlet/kranjski_rak_jarski_dom_na_mali_planini_cez_seliski_rob/3/237/4972
238;https://www.hribi.net/izlet/potoce_planinska_koca_iskra_na_jakobu_po_markirani_poti/3/238/346
238;https://www.hribi.net/izlet/preddvor_planinska_koca_iskra_na_jakobu_juhantova_pot/3/238/5048
238;https://www.hribi.net/izlet/preddvor_planinska_koca_iskra_na_jakobu_po_markirani_poti/3/238/5045
238;https://www.hribi.net/izlet/potoce_planinska_koca_iskra_na_jakobu_po_kolovozu/3/238/834
238;https://www.hribi.net/izlet/potoce_planinska_koca_iskra_na_jakobu_juhantova_pot/3/238/4285
238;https://www.hribi.net/izlet/potoce_planinska_koca_iskra_na_jakobu_mimo_francijeve_koce/3/238/840
238;https://www.hribi.net/izlet/preddvor_planinska_koca_iskra_na_jakobu_mimo_planinske_koce_pri_franciju/3/238/5046
238;https://www.hribi.net/izlet/potoce_planinska_koca_iskra_na_jakobu_po_cesti/3/238/5352
239;https://www.hribi.net/izlet/matizovec_toplar/11/239/347
239;https://www.hribi.net/izlet/mrzli_studenec_toplar/11/239/768
239;https://www.hribi.net/izlet/zavetisce_na_planini_sija_toplar_kacja_pot/11/239/767
240;https://www.hribi.net/izlet/vrsic_slemenova_spica/1/240/348
240;https://www.hribi.net/izlet/nc_planica_slemenova_spica_mimo_crnih_vod/1/240/1228
240;https://www.hribi.net/izlet/nc_planica_slemenova_spica_skozi_grlo/1/240/1232
240;https://www.hribi.net/izlet/erjavceva_koca_na_vrsicu_slemenova_spica/1/240/5125
240;https://www.hribi.net/izlet/jasna_slemenova_spica_skozi_dolino_male_pisnice/1/240/5771
240;https://www.hribi.net/izlet/koca_pri_izviru_soce_slemenova_spica/1/240/5129
241;https://www.hribi.net/izlet/aljazev_dom_v_vratih_bivak_pod_luknjo/1/241/349
242;https://www.hribi.net/izlet/koca_pri_pericniku_aljazev_dom_v_vratih_pot_triglavske_bistrice/1/242/350
243;https://www.hribi.net/izlet/planina_blato_planina_v_lazu/1/243/351
243;https://www.hribi.net/izlet/planina_blato_planina_v_lazu_cez_planino_pri_jezeru/1/243/530
244;https://www.hribi.net/izlet/mace_srednji_vrh_cez_kozjek_in_dolgo_njivo/3/244/352
244;https://www.hribi.net/izlet/mace_srednji_vrh_macenska_pot_in_cez_dolgo_njivo/3/244/2376
244;https://www.hribi.net/izlet/mace_srednji_vrh_macenska_pot_in_cez_cjanovco/3/244/2334
244;https://www.hribi.net/izlet/spodnja_kokra_srednji_vrh/3/244/846
244;https://www.hribi.net/izlet/potoce_srednji_vrh_mimo_sv_jakoba_pod_potosko_goro_in_cez_babo/3/244/5357
244;https://www.hribi.net/izlet/mace_srednji_vrh_cez_kozjek_in_cjanovco/3/244/5370
244;https://www.hribi.net/izlet/spodnja_kokra_srednji_vrh_cez_babo/3/244/5362
245;https://www.hribi.net/izlet/mace_planina_dolga_njiva_cez_kozjek/3/245/353
245;https://www.hribi.net/izlet/mace_planina_dolga_njiva_macenska_pot/3/245/2377
245;https://www.hribi.net/izlet/spodnja_kokra_planina_dolga_njiva/3/245/5411
245;https://www.hribi.net/izlet/spodnja_kokra_planina_dolga_njiva_cez_babo/3/245/5412
246;https://www.hribi.net/izlet/stara_fuzina_planina_spodnja_grintovica/1/246/355
246;https://www.hribi.net/izlet/planina_blato_planina_spodnja_grintovica/1/246/2866
247;https://www.hribi.net/izlet/stara_fuzina_planina_zgornja_grintovica/1/247/356
247;https://www.hribi.net/izlet/planina_blato_planina_zgornja_grintovica/1/247/2865
248;https://www.hribi.net/izlet/jermanca_pri_pastirjih/3/248/357
249;https://www.hribi.net/izlet/crnivec_kranjska_reber/3/249/2448
249;https://www.hribi.net/izlet/volovljek_kranjska_reber/3/249/358
249;https://www.hribi.net/izlet/kalise_kranjska_reber/3/249/5168
249;https://www.hribi.net/izlet/volovljek_kranjska_reber_po_neoznaceni_poti/3/249/5170
249;https://www.hribi.net/izlet/mackin_kot_enci_kranjska_reber/3/249/6061
250;https://www.hribi.net/izlet/volovljek_kasna_planina/3/250/359
250;https://www.hribi.net/izlet/crnivec_kasna_planina/3/250/6057
250;https://www.hribi.net/izlet/mackin_kot_enci_kasna_planina/3/250/6060
251;https://www.hribi.net/izlet/grahovse_koca_pr_zdravc_po_cesti/11/251/360
251;https://www.hribi.net/izlet/dom_pod_storzicem_koca_pr_zdravc_cez_gabercev_rovt/11/251/3966
251;https://www.hribi.net/izlet/dom_pod_storzicem_koca_pr_zdravc_cez_javorniski_preval/11/251/3968
251;https://www.hribi.net/izlet/planina_vetrh_koca_pr_zdravc/11/251/6437
251;https://www.hribi.net/izlet/grahovse_koca_pr_zdravc_mimo_rekarja/11/251/7986
252;https://www.hribi.net/izlet/planina_pod_golico_betel_golica/11/252/361
252;https://www.hribi.net/izlet/krizovec_golica_mimo_koce_na_golici/11/252/2575
252;https://www.hribi.net/izlet/planina_pod_golico_betel_golica_cez_sedlo_suha/11/252/737
252;https://www.hribi.net/izlet/krizovec_golica_po_grebenu/11/252/2576
252;https://www.hribi.net/izlet/planina_pod_golico_betel_golica_zimska_pot/11/252/1921
252;https://www.hribi.net/izlet/dom_pristava_v_javorniskem_rovtu_golica_mimo_koce_na_golici/11/252/3806
252;https://www.hribi.net/izlet/dom_pristava_v_javorniskem_rovtu_golica_po_grebenu/11/252/3805
252;https://www.hribi.net/izlet/planina_pod_golico_golica_mimo_ovcarske_koce_-_vzhodna_pot/11/252/2106
252;https://www.hribi.net/izlet/planina_pod_golico_golica_mimo_ovcarske_koce_-_zahodna_pot/11/252/2104
252;https://www.hribi.net/izlet/podrozca___rosenbach_golica_skozi_medji_dol/11/252/6456
252;https://www.hribi.net/izlet/podrozca___rosenbach_golica_cez_planino_kladje/11/252/6459
252;https://www.hribi.net/izlet/tale___tallach_golica_cez_planino_kladje/11/252/6461
253;https://www.hribi.net/izlet/dolina_krma_planina_zgornja_krma/1/253/362
254;https://www.hribi.net/izlet/konec_ceste_na_vogar_prsivec_direktna_pot/1/254/363
254;https://www.hribi.net/izlet/planina_blato_prsivec/1/254/859
254;https://www.hribi.net/izlet/stara_fuzina_prsivec_direktna_pot/1/254/858
254;https://www.hribi.net/izlet/konec_ceste_na_vogar_prsivec_cez_planino_visevnik/1/254/1873
254;https://www.hribi.net/izlet/koca_pri_savici_prsivec/1/254/1874
254;https://www.hribi.net/izlet/planina_blato_prsivec/1/254/2252
254;https://www.hribi.net/izlet/ukanc_prsivec_ferata_ozarjeni_kamen/1/254/7413
255;https://www.hribi.net/izlet/planina_blato_planina_visevnik/1/255/364
255;https://www.hribi.net/izlet/konec_ceste_na_vogar_planina_visevnik/1/255/1083
255;https://www.hribi.net/izlet/koca_pri_savici_planina_visevnik/1/255/1875
255;https://www.hribi.net/izlet/planina_blato_planina_visevnik_cez_kristofojco/1/255/3868
256;https://www.hribi.net/izlet/rudno_polje_mali_draski_vrh_cez_visevnik/1/256/620
256;https://www.hribi.net/izlet/rudno_polje_mali_draski_vrh_cez_kacji_rob/1/256/365
256;https://www.hribi.net/izlet/konec_ceste_na_pokljuki_mali_draski_vrh/1/256/3274
256;https://www.hribi.net/izlet/rudno_polje_mali_draski_vrh_cez_jezerce_in_srenjski_preval/1/256/5009
256;https://www.hribi.net/izlet/rudno_polje_mali_draski_vrh_skozi_zgornji_razor/1/256/3270
256;https://www.hribi.net/izlet/uskovnica_lom_mali_draski_vrh/1/256/5602
256;https://www.hribi.net/izlet/uskovnica_razpotje_mali_draski_vrh/1/256/5601
256;https://www.hribi.net/izlet/srednja_vas_mali_draski_vrh_za_ribnico/1/256/5603
257;https://www.hribi.net/izlet/aljazev_dom_v_vratih_kriz_mimo_bivaka_na_rusju/1/257/372
257;https://www.hribi.net/izlet/zadnjica_kriz_cez_bovska_vratica/1/257/367
257;https://www.hribi.net/izlet/aljazev_dom_v_vratih_kriz_cez_sovatno/1/257/371
257;https://www.hribi.net/izlet/ruski_kriz_kriz/1/257/373
257;https://www.hribi.net/izlet/zadnjica_kriz_cez_dovska_vrata/1/257/683
257;https://www.hribi.net/izlet/aljazev_dom_v_vratih_kriz_cez_stenarska_vratca/1/257/2859
257;https://www.hribi.net/izlet/pisnica_kriz/1/257/6548
258;https://www.hribi.net/izlet/zadnjica_zgornje_krisko_jezero/1/258/374
258;https://www.hribi.net/izlet/aljazev_dom_v_vratih_zgornje_krisko_jezero_cez_sovatno_in_mimo_pogacnikovega_doma/1/258/375
259;https://www.hribi.net/izlet/planina_blato_jezerski_stog/1/259/376
259;https://www.hribi.net/izlet/stara_fuzina_jezerski_stog_cez_planino_krstenica_in_jezerski_preval/1/259/1009
259;https://www.hribi.net/izlet/stara_fuzina_jezerski_stog_cez_planino_pod_miselj_vrhom/1/259/1012
259;https://www.hribi.net/izlet/konec_ceste_na_pokljuki_jezerski_stog/1/259/6230
259;https://www.hribi.net/izlet/planina_blato_jezerski_stog_cez_planino_pod_miselj_vrhom/1/259/5245
259;https://www.hribi.net/izlet/uskovnica_lom_jezerski_stog_cez_planino_spodnji_tosc/1/259/6274
260;https://www.hribi.net/izlet/planina_blato_planina_jezerce/1/260/377
260;https://www.hribi.net/izlet/stara_fuzina_planina_jezerce/1/260/1010
261;https://www.hribi.net/izlet/vrsic_postarski_dom_na_vrsicu/1/261/378
261;https://www.hribi.net/izlet/koca_na_gozdu_postarski_dom_na_vrsicu_po_stari_cesti/1/261/3011
261;https://www.hribi.net/izlet/koca_pri_izviru_soce_postarski_dom_na_vrsicu/1/261/3578
261;https://www.hribi.net/izlet/erjavceva_koca_na_vrsicu_postarski_dom_na_vrsicu_po_stari_cesti/1/261/5133
261;https://www.hribi.net/izlet/tonkina_koca_na_vrsicu_postarski_dom_na_vrsicu_po_stari_cesti/1/261/5131
261;https://www.hribi.net/izlet/erjavceva_koca_na_vrsicu_postarski_dom_na_vrsicu_po_pespoti/1/261/6116
262;https://www.hribi.net/izlet/nc_planica_ticarjev_dom_na_vrsicu/1/262/379
262;https://www.hribi.net/izlet/erjavceva_koca_na_vrsicu_ticarjev_dom_na_vrsicu/1/262/390
262;https://www.hribi.net/izlet/koca_pri_izviru_soce_ticarjev_dom_na_vrsicu/1/262/3577
262;https://www.hribi.net/izlet/vrsic_ticarjev_dom_na_vrsicu/1/262/10775
263;https://www.hribi.net/izlet/medvedova_konta_brda_zahodna_pot/1/263/380
263;https://www.hribi.net/izlet/medvedova_konta_brda_vzhodna_pot/1/263/796
263;https://www.hribi.net/izlet/dolina_krma_brda/1/263/1212
263;https://www.hribi.net/izlet/planina_zajavornik_brda_vzhodna_pot/1/263/3008
263;https://www.hribi.net/izlet/sport_hotel_brda_vzhodna_pot/1/263/3013
263;https://www.hribi.net/izlet/rudno_polje_brda_vzhodna_pot/1/263/6451
263;https://www.hribi.net/izlet/pri_rupah_brda_vzhodna_pot/1/263/6454
263;https://www.hribi.net/izlet/rudno_polje_brda_zahodna_pot/1/263/6452
263;https://www.hribi.net/izlet/pri_rupah_brda_zahodna_pot/1/263/6453
264;https://www.hribi.net/izlet/polhov_gradec_blagajev_grad_polhograjska_gora_sveti_lovrenc/5/264/1393
264;https://www.hribi.net/izlet/praproce_polhograjska_gora_sveti_lovrenc_polozna_pot/5/264/381
264;https://www.hribi.net/izlet/brise_polhograjska_gora_sveti_lovrenc_strma_pot/5/264/3402
264;https://www.hribi.net/izlet/brise_polhograjska_gora_sveti_lovrenc_polozna_pot/5/264/3403
264;https://www.hribi.net/izlet/praproce_polhograjska_gora_sveti_lovrenc_strma_pot/5/264/2438
264;https://www.hribi.net/izlet/polhov_gradec_blagajev_grad_polhograjska_gora_sveti_lovrenc_mimo_grajskega_vodnega_zajetja/5/264/5611
264;https://www.hribi.net/izlet/zalog_polhograjska_gora_sveti_lovrenc_polozna_pot/5/264/4452
264;https://www.hribi.net/izlet/zalog_polhograjska_gora_sveti_lovrenc_strma_pot/5/264/4450
264;https://www.hribi.net/izlet/polhov_gradec_blagajev_grad_polhograjska_gora_sveti_lovrenc_po_kolovozu/5/264/5612
267;https://www.hribi.net/izlet/spodnja_kokra_javorov_vrh/3/267/384
267;https://www.hribi.net/izlet/potoce_javorov_vrh_direktna_pot/3/267/839
267;https://www.hribi.net/izlet/potoce_javorov_vrh_cez_potosko_goro/3/267/838
267;https://www.hribi.net/izlet/potoce_javorov_vrh_mimo_sv_jakoba_pod_potosko_goro_in_cez_babo/3/267/5355
267;https://www.hribi.net/izlet/mace_javorov_vrh_macenska_pot/3/267/5366
267;https://www.hribi.net/izlet/spodnja_kokra_javorov_vrh_cez_babo/3/267/5360
267;https://www.hribi.net/izlet/mace_javorov_vrh_cez_kozjek/3/267/5368
268;https://www.hribi.net/izlet/spodnja_kokra_dom_cemsenik/3/268/385
269;https://www.hribi.net/izlet/pisnica_mihov_dom_na_vrsicu/1/269/386
270;https://www.hribi.net/izlet/mihov_dom_na_vrsicu_koca_na_gozdu/1/270/387
271;https://www.hribi.net/izlet/mihov_dom_na_vrsicu_ruska_kapelica/1/271/388
272;https://www.hribi.net/izlet/mihov_dom_na_vrsicu_erjavceva_koca_na_vrsicu_pes_pot/1/272/389
272;https://www.hribi.net/izlet/tonkina_koca_na_vrsicu_erjavceva_koca_na_vrsicu/1/272/5124
273;https://www.hribi.net/izlet/vrsic_sitna_glava/1/273/391
274;https://www.hribi.net/izlet/jekarica_baseljski_vrh/3/274/1036
274;https://www.hribi.net/izlet/mace_baseljski_vrh/3/274/392
274;https://www.hribi.net/izlet/lasko_obracalisce_nad_vasjo_baseljski_vrh/3/274/990
274;https://www.hribi.net/izlet/baselj_baseljski_vrh/3/274/4902
274;https://www.hribi.net/izlet/mace_baseljski_vrh_po_dolini_suhe/3/274/2666
274;https://www.hribi.net/izlet/mace_baseljski_vrh_po_dolini_suhe_in_cez_kalisce/3/274/4904
274;https://www.hribi.net/izlet/baselj_baseljski_vrh_mimo_bolnice_kosuta/3/274/4901
274;https://www.hribi.net/izlet/babni_vrt_baseljski_vrh_mimo_sv_lovrenca/3/274/4893
274;https://www.hribi.net/izlet/mace_baseljski_vrh_cez_kozjek/3/274/4905
274;https://www.hribi.net/izlet/povlje_baseljski_vrh/3/274/4903
274;https://www.hribi.net/izlet/dom_pod_storzicem_baseljski_vrh_cez_javorniski_preval/3/274/7910
274;https://www.hribi.net/izlet/lasko_baseljski_vrh_mimo_sv_lovrenca/3/274/5398
274;https://www.hribi.net/izlet/spodnja_kokra_baseljski_vrh/3/274/5400
274;https://www.hribi.net/izlet/mhe_zabukovec_baseljski_vrh/3/274/5696
274;https://www.hribi.net/izlet/baselj_baseljski_vrh_mimo_sv_lovrenca/3/274/5401
274;https://www.hribi.net/izlet/spodnja_kokra_baseljski_vrh_cez_babo/3/274/5399
275;https://www.hribi.net/izlet/ravne_dovska_baba_pes_pot/11/275/393
275;https://www.hribi.net/izlet/dovje_dovska_baba/11/275/2116
275;https://www.hribi.net/izlet/ravne_dovska_baba_po_cesti/11/275/394
275;https://www.hribi.net/izlet/erjavcev_rovt_dovska_baba_direktna_pot/11/275/2622
275;https://www.hribi.net/izlet/erjavcev_rovt_dovska_baba_cez_brvog/11/275/2620
275;https://www.hribi.net/izlet/rogarjev_rovt_dovska_baba_cez_rozco_in_hruski_vrh/11/275/6142
275;https://www.hribi.net/izlet/dovje_dovska_baba_cez_blazcevo_skalo/11/275/7814
275;https://www.hribi.net/izlet/podrozca___rosenbach_dovska_baba_cez_hruski_vrh/11/275/6138
275;https://www.hribi.net/izlet/podrozca___rosenbach_dovska_baba_cez_koprivnjak/11/275/6140
276;https://www.hribi.net/izlet/ravne_planina_dovska_rozca_pes_pot/11/276/395
276;https://www.hribi.net/izlet/dovje_planina_dovska_rozca/11/276/2117
276;https://www.hribi.net/izlet/ravne_planina_dovska_rozca_po_cesti/11/276/396
276;https://www.hribi.net/izlet/erjavcev_rovt_planina_dovska_rozca_cez_brvog/11/276/2617
276;https://www.hribi.net/izlet/erjavcev_rovt_planina_dovska_rozca_direktna_pot/11/276/2621
276;https://www.hribi.net/izlet/dovje_planina_dovska_rozca_cez_blazcevo_skalo/11/276/7813
277;https://www.hribi.net/izlet/ljubelj_srednji_vrh_nad_zavrsnico_mimo_izvira_zavrsnice/11/277/615
277;https://www.hribi.net/izlet/tinckova_koca_srednji_vrh_nad_zavrsnico_cez_smokusko_planino/11/277/397
277;https://www.hribi.net/izlet/ljubelj_srednji_vrh_nad_zavrsnico_po_pobocju_vrtace/11/277/1790
277;https://www.hribi.net/izlet/tinckova_koca_srednji_vrh_nad_zavrsnico_skozi_zagon/11/277/6433
278;https://www.hribi.net/izlet/tinckova_koca_dom_pri_izviru_zavrsnice/11/278/398
278;https://www.hribi.net/izlet/ljubelj_dom_pri_izviru_zavrsnice/11/278/614
279;https://www.hribi.net/izlet/planina_blato_slatna/1/279/399
279;https://www.hribi.net/izlet/planina__blato_slatna_cez_kredo/1/279/795
279;https://www.hribi.net/izlet/konec_ceste_na_vogar_slatna_mimo_grive/1/279/6249
280;https://www.hribi.net/izlet/planina__blato_kreda_direktna_pot/1/280/794
280;https://www.hribi.net/izlet/planina_blato_kreda_cez_slatno/1/280/400
281;https://www.hribi.net/izlet/kanonir_kozji_vrh/3/281/401
283;https://www.hribi.net/izlet/smrecje_pecovnik_kota_1668_po_cesti/11/283/403
283;https://www.hribi.net/izlet/jezerski_vrh_pecovnik_kota_1668/11/283/5737
284;https://www.hribi.net/izlet/ravenska_kocna_vratca_mimo_zicnice/3/284/404
284;https://www.hribi.net/izlet/ravenska_kocna_vratca_cez_stularjevo_planino/3/284/5530
284;https://www.hribi.net/izlet/ravenska_kocna_vratca_po_ferati/3/284/5529
284;https://www.hribi.net/izlet/ravenska_kocna_vratca_umik_zrela/3/284/5528
284;https://www.hribi.net/izlet/makekova_kocna_vratca/3/284/6485
285;https://www.hribi.net/izlet/nc_planica_kotovo_sedlo_mimo_bivaka/1/285/405
285;https://www.hribi.net/izlet/nc_planica_kotovo_sedlo_po_meliscu/1/285/4158
286;https://www.hribi.net/izlet/nc_planica_dom_v_tamarju_po_cesti/1/286/406
286;https://www.hribi.net/izlet/nc_planica_dom_v_tamarju_po_pespoti/1/286/7308
286;https://www.hribi.net/izlet/podkoren_kolovrati_dom_v_tamarju/1/286/7310
288;https://www.hribi.net/izlet/planina_podvezak_vodotocno_jezero_veza/3/288/408
288;https://www.hribi.net/izlet/za_loncem_vodotocno_jezero_veza/3/288/1265
288;https://www.hribi.net/izlet/lovska_koca_na_brezicih_vodotocno_jezero_veza_pod_lastovcem_prek_starih_stal/3/288/2319
288;https://www.hribi.net/izlet/lovska_koca_na_brezicih_vodotocno_jezero_veza_cez_desko/3/288/2643
289;https://www.hribi.net/izlet/planina_dol_konj/3/289/409
289;https://www.hribi.net/izlet/pred_belo_konj/3/289/1262
289;https://www.hribi.net/izlet/kraljev_hrib_konj/3/289/2584
289;https://www.hribi.net/izlet/kopisca_konj_martinj_steza/3/289/2607
290;https://www.hribi.net/izlet/bohinjsko_sedlo_slatnik_severozahodni_vrh_mimo_lajnarja/1/290/626
290;https://www.hribi.net/izlet/bohinjsko_sedlo_slatnik_severozahodni_vrh_direktna_pot/1/290/410
290;https://www.hribi.net/izlet/podbrdo_slatnik_severozahodni_vrh/1/290/3597
290;https://www.hribi.net/izlet/petrovo_brdo_slatnik_severozahodni_vrh_mimo_lajnarja/1/290/2508
290;https://www.hribi.net/izlet/podbrdo_slatnik_severozahodni_vrh_mimo_lajnarja/1/290/7961
291;https://www.hribi.net/izlet/pri_rupah_vrh_razora/1/291/411
291;https://www.hribi.net/izlet/planina_zajavornik_vrh_razora/1/291/3027
291;https://www.hribi.net/izlet/sport_hotel_vrh_razora/1/291/3030
292;https://www.hribi.net/izlet/konec_ceste_na_pokljuki_planina_pod_miselj_vrhom/1/292/412
292;https://www.hribi.net/izlet/stara_fuzina_planina_pod_miselj_vrhom/1/292/1023
292;https://www.hribi.net/izlet/planina_blato_planina_pod_miselj_vrhom_cez_planino_spodnja_grintovica/1/292/5243
292;https://www.hribi.net/izlet/rudno_polje_planina_pod_miselj_vrhom/1/292/8363
292;https://www.hribi.net/izlet/uskovnica_razpotje_planina_pod_miselj_vrhom_cez_planino_spodnji_tosc/1/292/5673
292;https://www.hribi.net/izlet/uskovnica_lom_planina_pod_miselj_vrhom_cez_planino_spodnji_tosc/1/292/5682
292;https://www.hribi.net/izlet/srednja_vas_planina_pod_miselj_vrhom_za_ribnico_in_cez_planino_spodnji_tosc/1/292/5689
293;https://www.hribi.net/izlet/planina_pungrat_skrbina/11/293/413
294;https://www.hribi.net/izlet/ljubelj_koca_na_planini_preval-a_bornova_pot/11/294/414
294;https://www.hribi.net/izlet/podljubelj_lajb_koca_na_planini_preval-a/11/294/1280
294;https://www.hribi.net/izlet/dom_v_dragi_koca_na_planini_preval-a_cez_luknjo/11/294/2076
294;https://www.hribi.net/izlet/dom_v_dragi_koca_na_planini_preval-a_po_cesti/11/294/415
295;https://www.hribi.net/izlet/makekova_kocna_veliki_vrh/3/295/417
296;https://www.hribi.net/izlet/pod_krnico_tolsta_kosuta_-_vzhodni_vrh/11/296/418
297;https://www.hribi.net/izlet/pod_krnico_planina_zgornja_dolga_njiva/11/297/419
297;https://www.hribi.net/izlet/matizovec_planina_zgornja_dolga_njiva/11/297/4183
298;https://www.hribi.net/izlet/pod_krnico_planina_spodnja_dolga_njiva/11/298/420
298;https://www.hribi.net/izlet/medvodje_planina_spodnja_dolga_njiva/11/298/7755
298;https://www.hribi.net/izlet/matizovec_planina_spodnja_dolga_njiva/11/298/4182
298;https://www.hribi.net/izlet/medvodje_planina_spodnja_dolga_njiva_mimo_planine_brsnina/11/298/7781
299;https://www.hribi.net/izlet/polhov_gradec_bozna_sveta_ursula_setnica/5/299/425
299;https://www.hribi.net/izlet/polhov_gradec_sveta_ursula_setnica_cez_ravnek/5/299/5273
300;https://www.hribi.net/izlet/pod_krnico_plesivec/11/300/426
300;https://www.hribi.net/izlet/smrecje_plesivec_po_cesti/11/300/899
300;https://www.hribi.net/izlet/jezerski_vrh_plesivec/11/300/5735
301;https://www.hribi.net/izlet/pod_krnico_mala_kosuta/11/301/427
301;https://www.hribi.net/izlet/matizovec_mala_kosuta/11/301/4184
302;https://www.hribi.net/izlet/ratece_pec_tromeja_pes_pot/11/302/856
302;https://www.hribi.net/izlet/ratece_pec_tromeja_po_cesti/11/302/428
302;https://www.hribi.net/izlet/korensko_sedlo_pec_tromeja_po_markirani_poti/11/302/6203
302;https://www.hribi.net/izlet/pri_jalnu___fusine_laghi_pec_tromeja/11/302/4245
302;https://www.hribi.net/izlet/ratece_pec_tromeja_vzhodna_pot_mimo_bivaka_in_po_pespoti/11/302/5651
302;https://www.hribi.net/izlet/ratece_pec_tromeja_vzhodna_pot_mimo_bivaka_in_po_mulatjeri/11/302/5652
302;https://www.hribi.net/izlet/ratece_pec_tromeja_zahodna_pot_mimo_bivaka_in_po_pespoti/11/302/5655
302;https://www.hribi.net/izlet/ratece_pec_tromeja_zahodna_pot_mimo_bivaka_in_po_mulatjeri/11/302/5656
302;https://www.hribi.net/izlet/polja_pec_tromeja_cez_petelinjek/11/302/6209
302;https://www.hribi.net/izlet/polja_pec_tromeja_mimo_kalisja/11/302/6211
303;https://www.hribi.net/izlet/ratece_dom_na_tromeji_po_cesti/11/303/429
303;https://www.hribi.net/izlet/ratece_dom_na_tromeji_pespot/11/303/3618
304;https://www.hribi.net/izlet/planina_podvezak_deska_veza/3/304/2646
304;https://www.hribi.net/izlet/lovska_koca_na_brezicih_deska_veza/3/304/2641
304;https://www.hribi.net/izlet/planina_podvezak_deska_veza_snezni_pristop/3/304/430
304;https://www.hribi.net/izlet/za_loncem_deska_veza/3/304/1267
305;https://www.hribi.net/izlet/planina_podvezak_tolsti_vrh_veza/3/305/2645
305;https://www.hribi.net/izlet/planina_podvezak_tolsti_vrh_veza_snezni_pristop/3/305/431
305;https://www.hribi.net/izlet/za_loncem_tolsti_vrh_veza/3/305/1266
305;https://www.hribi.net/izlet/lovska_koca_na_brezicih_tolsti_vrh_veza_cez_desko/3/305/2642
306;https://www.hribi.net/izlet/planina_podvezak_planina_podvezak/3/306/432
306;https://www.hribi.net/izlet/planica_planinsek_planina_podvezak/3/306/4232
307;https://www.hribi.net/izlet/streliska_ulica_ljubljanski_grad_po_cesti/5/307/433
307;https://www.hribi.net/izlet/prule_ljubljanski_grad_po_kolovozu/5/307/434
307;https://www.hribi.net/izlet/vodnikov_trg_ljubljanski_grad/5/307/4408
307;https://www.hribi.net/izlet/roska_cesta_ljubljanski_grad/5/307/3863
307;https://www.hribi.net/izlet/streliska_ulica_ljubljanski_grad_po_ulici_na_stolbi/5/307/4409
308;https://www.hribi.net/izlet/mojstrana_vrtaska_planina/1/308/435
308;https://www.hribi.net/izlet/plaz_crlovec_vrtaska_planina/1/308/6988
309;https://www.hribi.net/izlet/valvasorjev_dom_presernova_koca_na_stolu_zirovniska_pot/11/309/437
309;https://www.hribi.net/izlet/valvasorjev_dom_presernova_koca_na_stolu_zabreska_pot/11/309/436
309;https://www.hribi.net/izlet/ljubelj_presernova_koca_na_stolu_zgornja_pot/11/309/2523
309;https://www.hribi.net/izlet/poljana_zavrsnica_presernova_koca_na_stolu_zirovniska_pot/11/309/3522
309;https://www.hribi.net/izlet/ljubelj_presernova_koca_na_stolu_mimo_vatelce_oz_sklede/11/309/4073
309;https://www.hribi.net/izlet/poljana_zavrsnica_presernova_koca_na_stolu_zabreska_pot/11/309/3523
309;https://www.hribi.net/izlet/podnar___bodenbauer_presernova_koca_na_stolu_cez_melisce/11/309/4087
309;https://www.hribi.net/izlet/razpotje_vragovec_presernova_koca_na_stolu_cez_zabresko_planino/11/309/5631
309;https://www.hribi.net/izlet/podnar___bodenbauer_presernova_koca_na_stolu_cez_karweg/11/309/4081
309;https://www.hribi.net/izlet/trate___johannsenruhe_presernova_koca_na_stolu_mimo_celovske_koce/11/309/5025
309;https://www.hribi.net/izlet/podnar___bodenbauer_presernova_koca_na_stolu/11/309/5023
309;https://www.hribi.net/izlet/vgriz___ogris_presernova_koca_na_stolu/11/309/5024
309;https://www.hribi.net/izlet/tinckova_koca_presernova_koca_na_stolu_mimo_lovske_koce_nad_doslovsko_planino/11/309/6279
309;https://www.hribi.net/izlet/razpotje_vragovec_presernova_koca_na_stolu_cez_doslovsko_planino_in_mimo_lovske_koce/11/309/5635
310;https://www.hribi.net/izlet/javorje_rodica_markirana_pot/1/310/438
310;https://www.hribi.net/izlet/rutarski_gozd_rodica/1/310/1858
310;https://www.hribi.net/izlet/ski_hotel_vogel_rodica/1/310/746
310;https://www.hribi.net/izlet/ravne_rodica_cez_crno_prst/1/310/1848
310;https://www.hribi.net/izlet/ribcev_laz_rodica_preko_sedla_cez_suho/1/310/3317
310;https://www.hribi.net/izlet/javorje_rodica_cez_lepo_suho/1/310/3319
310;https://www.hribi.net/izlet/grant_rodica/1/310/6123
310;https://www.hribi.net/izlet/ribcev_laz_rodica_cez_lepo_suho/1/310/3318
310;https://www.hribi.net/izlet/strzisce_rodica/1/310/6124
310;https://www.hribi.net/izlet/kneske_ravne_proscek_rodica/1/310/9779
311;https://www.hribi.net/izlet/ribcev_laz_planina_suha/1/311/3316
311;https://www.hribi.net/izlet/javorje_planina_suha/1/311/439
311;https://www.hribi.net/izlet/pod_debelo_glavo_konec_ceste_planina_suha_mimo_lovske_koce/1/311/4515
311;https://www.hribi.net/izlet/pod_debelo_glavo_planina_suha/1/311/4513
311;https://www.hribi.net/izlet/vodel_planina_suha/1/311/5964
312;https://www.hribi.net/izlet/rozna_dolina_sisenski_hrib_roznik_cez_cankarjev_vrh/5/312/441
312;https://www.hribi.net/izlet/tivoli_sisenski_hrib_roznik_po_cesti/5/312/440
312;https://www.hribi.net/izlet/ljubljana_koseze_sisenski_hrib_roznik_po_cesti/5/312/5511
313;https://www.hribi.net/izlet/tivoli_cankarjev_vrh_roznik_po_cesti/5/313/442
313;https://www.hribi.net/izlet/rozna_dolina_cankarjev_vrh_roznik_po_cesti/5/313/443
313;https://www.hribi.net/izlet/ljubljana_koseze_cankarjev_vrh_roznik_po_pespoti/5/313/5510
313;https://www.hribi.net/izlet/ljubljana_koseze_cankarjev_vrh_roznik_po_cesti/5/313/5509
314;https://www.hribi.net/izlet/zgornje_jezersko_virnikov_grintovec/11/314/444
314;https://www.hribi.net/izlet/murnovo_virnikov_grintovec_pot_ni_vec_prehodna!/11/314/2369
314;https://www.hribi.net/izlet/jezerski_vrh_virnikov_grintovec/11/314/3140
314;https://www.hribi.net/izlet/korte___trogern_virnikov_grintovec/11/314/3556
314;https://www.hribi.net/izlet/plansarsko_jezero_virnikov_grintovec/11/314/5959
314;https://www.hribi.net/izlet/jezerska_slatina_virnikov_grintovec/11/314/5958
315;https://www.hribi.net/izlet/pod_krnico_tolsta_kosuta_-_zahodni_vrh/11/315/445
316;https://www.hribi.net/izlet/kriska_planina_vrh_korena_cez_planino_koren/3/316/446
316;https://www.hribi.net/izlet/kriska_planina_vrh_korena_cez_zvoh/3/316/663
316;https://www.hribi.net/izlet/planina_jezerca_vrh_korena_cez_planino_koren/3/316/4586
316;https://www.hribi.net/izlet/markova_raven_vrh_korena_po_oznaceni_poti/3/316/1082
316;https://www.hribi.net/izlet/dom_na_gospincu_vrh_korena_cez_dolgo_njivo/3/316/662
316;https://www.hribi.net/izlet/dom_na_gospincu_vrh_korena_cez_zvoh/3/316/661
316;https://www.hribi.net/izlet/planina_jezerca_vrh_korena_mimo_doma_na_krvavcu/3/316/4570
316;https://www.hribi.net/izlet/kokra_podlebelca_vrh_korena/3/316/1777
316;https://www.hribi.net/izlet/kokra_roblek_vrh_korena/3/316/6477
317;https://www.hribi.net/izlet/kriska_planina_planina_koren/3/317/447
317;https://www.hribi.net/izlet/markova_raven_planina_koren_po_oznaceni_poti/3/317/1079
317;https://www.hribi.net/izlet/planina_jezerca_planina_koren/3/317/4581
317;https://www.hribi.net/izlet/markova_raven_planina_koren_po_neoznaceni_poti/3/317/1081
318;https://www.hribi.net/izlet/dom_na_gospincu_kalski_greben_cez_dolgo_njivo/3/318/669
318;https://www.hribi.net/izlet/kriska_planina_kalski_greben_cez_planino_koren/3/318/448
318;https://www.hribi.net/izlet/v_koncu_kalski_greben/3/318/664
318;https://www.hribi.net/izlet/suhadolnik_kalski_greben/3/318/670
318;https://www.hribi.net/izlet/planina_jezerca_kalski_greben_cez_planino_koren/3/318/4589
318;https://www.hribi.net/izlet/kokra_podlebelca_kalski_greben/3/318/1778
318;https://www.hribi.net/izlet/zagana_pec_kalski_greben_lovska_pot/3/318/1834
318;https://www.hribi.net/izlet/kriska_planina_kalski_greben_cez_zvoh/3/318/667
318;https://www.hribi.net/izlet/dom_na_gospincu_kalski_greben_cez_zvoh/3/318/668
318;https://www.hribi.net/izlet/kokra_roblek_kalski_greben/3/318/6478
318;https://www.hribi.net/izlet/planina_jezerca_kalski_greben_mimo_doma_na_krvavcu_in_cez_zvoh/3/318/4571
318;https://www.hribi.net/izlet/zagana_pec_kalski_greben_cez_skrbino/3/318/2630
318;https://www.hribi.net/izlet/markova_raven_kalski_greben_po_markirani_poti/3/318/4592
319;https://www.hribi.net/izlet/kriska_planina_kompotela/3/319/449
319;https://www.hribi.net/izlet/planina_jezerca_kompotela/3/319/4584
319;https://www.hribi.net/izlet/markova_raven_kompotela_po_oznaceni_poti/3/319/1080
320;https://www.hribi.net/izlet/kriska_planina_mokrica_cez_kompotelo/3/320/450
320;https://www.hribi.net/izlet/markova_raven_mokrica_po_oznaceni_poti/3/320/1078
320;https://www.hribi.net/izlet/planina_jezerca_mokrica_cez_kompotelo/3/320/4585
320;https://www.hribi.net/izlet/planina_jezerca_mokrica_cez_kosutno/3/320/7417
321;https://www.hribi.net/izlet/dolina_kot_visoka_vrbanova_spica_pot_lojzeta_rekarja/1/321/1210
321;https://www.hribi.net/izlet/dolina_kot_visoka_vrbanova_spica_mimo_stanicevega_doma/1/321/451
321;https://www.hribi.net/izlet/dolina_krma_visoka_vrbanova_spica/1/321/811
321;https://www.hribi.net/izlet/aljazev_dom_v_vratih_visoka_vrbanova_spica_cez_prag/1/321/787
321;https://www.hribi.net/izlet/konec_ceste_na_pokljuki_visoka_vrbanova_spica/1/321/3313
321;https://www.hribi.net/izlet/turkov_rovt_vrata_visoka_vrbanova_spica_snezni_pristop/1/321/933
321;https://www.hribi.net/izlet/aljazev_dom_v_vratih_visoka_vrbanova_spica_tominskova_pot/1/321/10683
322;https://www.hribi.net/izlet/ljubelj_koca_na_ljubelju/11/322/452
322;https://www.hribi.net/izlet/bucan_koca_na_ljubelju_po_cesti/11/322/2981
322;https://www.hribi.net/izlet/koncentracijsko_taborisce_koca_na_ljubelju/11/322/7976
323;https://www.hribi.net/izlet/planina_blato_ogradi/1/323/453
323;https://www.hribi.net/izlet/planina_blato_ogradi_cez_planino_krstenica/1/323/5188
323;https://www.hribi.net/izlet/stara_fuzina_ogradi/1/323/5990
324;https://www.hribi.net/izlet/planina_ravne_kapelica_na_molicki_planini_kocbekovo_zavetisce_pod_ojstrico_cez_zelene_trate/3/324/454
324;https://www.hribi.net/izlet/planina_podvezak_kapelica_na_molicki_planini_kocbekovo_zavetisce_pod_ojstrico_cez_prag/3/324/634
324;https://www.hribi.net/izlet/robanov_kot_kapelica_na_molicki_planini_kocbekovo_zavetisce_pod_ojstrico/3/324/1827
324;https://www.hribi.net/izlet/planina_ravne_kapelica_na_molicki_planini_kocbekovo_zavetisce_pod_ojstrico_cez_dolgo_trato/3/324/4056
324;https://www.hribi.net/izlet/kraljev_dol_kapelica_na_molicki_planini_kocbekovo_zavetisce_pod_ojstrico_cez_planino_vodole/3/324/6268
324;https://www.hribi.net/izlet/planina_ravne_kapelica_na_molicki_planini_kocbekovo_zavetisce_pod_ojstrico_preko_vrtac/3/324/4230
324;https://www.hribi.net/izlet/planina_ravne_kapelica_na_molicki_planini_kocbekovo_zavetisce_pod_ojstrico_cez_dleskovec/3/324/4054
325;https://www.hribi.net/izlet/koca_pri_savici_lanzevica_cez_bogatinsko_sedlo/1/325/455
325;https://www.hribi.net/izlet/koca_pri_savici_lanzevica_cez_lepo_komno/1/325/1151
325;https://www.hribi.net/izlet/pod_zjabci_lanzevica_po_rapalski_meji/1/325/3535
325;https://www.hribi.net/izlet/pod_zjabci_lanzevica_cez_lepo_komno/1/325/3536
325;https://www.hribi.net/izlet/dom_v_lepeni_lanzevica_cez_bogatinsko_sedlo/1/325/5014
325;https://www.hribi.net/izlet/dom_v_lepeni_lanzevica_mimo_velike_babe/1/325/7019
326;https://www.hribi.net/izlet/koca_pri_savici_bogatin_cez_bogatinsko_sedlo/1/326/456
326;https://www.hribi.net/izlet/koca_pri_savici_bogatin_cez_planino_govnjac/1/326/696
326;https://www.hribi.net/izlet/dom_v_lepeni_bogatin_cez_bogatinsko_sedlo/1/326/5028
326;https://www.hribi.net/izlet/planina_polog_bogatin_cez_prehodce/1/326/2801
327;https://www.hribi.net/izlet/koca_pri_savici_mahavscek_cez_vrh_bogatina/1/327/457
327;https://www.hribi.net/izlet/koca_pri_savici_mahavscek_cez_planino_govnjac/1/327/695
327;https://www.hribi.net/izlet/planina_polog_mahavscek_cez_planino_dobrenjscico/1/327/2809
327;https://www.hribi.net/izlet/dom_v_lepeni_mahavscek_cez_bogatinsko_sedlo/1/327/5063
327;https://www.hribi.net/izlet/planina_polog_mahavscek_cez_prehodce/1/327/2810
327;https://www.hribi.net/izlet/tolminske_ravne_mahavscek_cez_planino_dobrenjscico/1/327/9338
328;https://www.hribi.net/izlet/gozdec_dom_petra_skalarja_na_kaninu/1/328/458
328;https://www.hribi.net/izlet/d_postaja_dom_petra_skalarja_na_kaninu/1/328/591
328;https://www.hribi.net/izlet/d_postaja_dom_petra_skalarja_na_kaninu_cez_vrh_osojnic/1/328/7457
329;https://www.hribi.net/izlet/planina_kuhinja_planina_leskovca_po_cesti/1/329/459
330;https://www.hribi.net/izlet/planina_kuhinja_jezero_v_luznici/1/330/460
330;https://www.hribi.net/izlet/krn_jezero_v_luznici_cez_planino_sleme/1/330/3227
330;https://www.hribi.net/izlet/planina_polog_jezero_v_luznici/1/330/2790
331;https://www.hribi.net/izlet/pod_krnico_kosutnikov_turn_zahodna_pot/11/331/461
331;https://www.hribi.net/izlet/koca_pod_kosuto_kosutnikov_turn_cez_cjajnik/11/331/1793
331;https://www.hribi.net/izlet/koca_pod_kosuto_kosutnikov_turn_otk_steig_neu/11/331/1791
331;https://www.hribi.net/izlet/pod_krnico_kosutnikov_turn_vzhodna_pot/11/331/1216
331;https://www.hribi.net/izlet/sele_pri_cerkvi___zell_-_pfarre_kosutnikov_turn_otk_steig_neu/11/331/4485
331;https://www.hribi.net/izlet/sele_pri_cerkvi___zell_-_pfarre_kosutnikov_turn_cez_cjajnik/11/331/4484
331;https://www.hribi.net/izlet/ridovc___ridovcsage_kosutnikov_turn_ob_mrzlem_potoku_in_cez_cjajnik/11/331/4488
331;https://www.hribi.net/izlet/ridovc___ridovcsage_kosutnikov_turn_ob_mrzlem_potoku_in_po_otk_steig_neu/11/331/4490
332;https://www.hribi.net/izlet/mojstrana_sleme/1/332/462
332;https://www.hribi.net/izlet/plaz_crlovec_sleme_zgornja_pot/1/332/6991
332;https://www.hribi.net/izlet/plaz_crlovec_sleme_cez_vrtasko_planino/1/332/6994
333;https://www.hribi.net/izlet/vrzdenec_kozljek/5/333/1977
333;https://www.hribi.net/izlet/samotorica_kozljek/5/333/463
333;https://www.hribi.net/izlet/ljubljanica_kozljek/5/333/2538
333;https://www.hribi.net/izlet/mala_voda_kozljek/5/333/2537
334;https://www.hribi.net/izlet/horjul_koreno_polozna_pot/5/334/1390
334;https://www.hribi.net/izlet/preval_prosca_koreno_polozna_pot/5/334/464
334;https://www.hribi.net/izlet/polhov_gradec_koreno/5/334/2456
334;https://www.hribi.net/izlet/vrzdenec_koreno_mimo_svetega_mihaela/5/334/1978
334;https://www.hribi.net/izlet/brise_koreno/5/334/2457
334;https://www.hribi.net/izlet/horjul_koreno_strma_pot/5/334/4151
334;https://www.hribi.net/izlet/preval_prosca_koreno_strma_pot/5/334/1389
334;https://www.hribi.net/izlet/mala_voda_koreno/5/334/5434
334;https://www.hribi.net/izlet/zaklanec_koreno/5/334/8694
334;https://www.hribi.net/izlet/srednja_vas_pri_polhovem_gradcu_koreno/5/334/10228
335;https://www.hribi.net/izlet/sora_hom/5/335/465
335;https://www.hribi.net/izlet/sora_hom_po_cesti/5/335/466
335;https://www.hribi.net/izlet/sora_hom_poloznejsa_pot/5/335/4433
335;https://www.hribi.net/izlet/sora_hom_strma_mimo_pokopalisca/5/335/4533
336;https://www.hribi.net/izlet/koca_pod_slapom_rinka_ledinski_vrh/3/336/1112
336;https://www.hribi.net/izlet/ravenska_kocna_ledinski_vrh_slovenska_pot/3/336/564
336;https://www.hribi.net/izlet/ravenska_kocna_ledinski_vrh_lovska_pot/3/336/468
336;https://www.hribi.net/izlet/belska_kocna_ledinski_vrh/3/336/1654
336;https://www.hribi.net/izlet/ravenska_kocna_ledinski_vrh_skozi_zrelo/3/336/5524
337;https://www.hribi.net/izlet/jekarica_praprotnikova_koca/3/337/469
337;https://www.hribi.net/izlet/mhe_zabukovec_praprotnikova_koca/3/337/5694
338;https://www.hribi.net/izlet/kriska_planina_planina_kosutna/3/338/470
338;https://www.hribi.net/izlet/markova_raven_planina_kosutna_po_oznaceni_poti/3/338/1092
338;https://www.hribi.net/izlet/planina_jezerca_planina_kosutna/3/338/4582
339;https://www.hribi.net/izlet/rudno_polje_debeli_vrh_nad_lipanco_cez_kacji_rob/1/339/1146
339;https://www.hribi.net/izlet/medvedova_konta_debeli_vrh_nad_lipanco/1/339/471
339;https://www.hribi.net/izlet/planina_zajavornik_debeli_vrh_nad_lipanco/1/339/3028
339;https://www.hribi.net/izlet/rudno_polje_debeli_vrh_nad_lipanco_skozi_zgornji_razor/1/339/3271
339;https://www.hribi.net/izlet/sport_hotel_debeli_vrh_nad_lipanco/1/339/3031
339;https://www.hribi.net/izlet/rudno_polje_debeli_vrh_nad_lipanco_mimo_blejske_koce/1/339/10754
340;https://www.hribi.net/izlet/gozd_martuljek_bivak_pod_spikom_direktna_pot/1/340/473
340;https://www.hribi.net/izlet/gozd_martuljek_bivak_pod_spikom_ob_reki/1/340/472
341;https://www.hribi.net/izlet/krnica_planina_klek/1/341/2581
341;https://www.hribi.net/izlet/strmec_planina_klek/1/341/477
342;https://www.hribi.net/izlet/rudno_polje_koca_na_uskovnici/1/342/4319
342;https://www.hribi.net/izlet/srednja_vas_koca_na_uskovnici_cez_lom/1/342/2434
342;https://www.hribi.net/izlet/uskovnica_razpotje_koca_na_uskovnici/1/342/478
342;https://www.hribi.net/izlet/stara_fuzina_koca_na_uskovnici_cez_planino_blatce/1/342/6884
342;https://www.hribi.net/izlet/srednja_vas_koca_na_uskovnici_za_ribnico/1/342/5541
342;https://www.hribi.net/izlet/stara_fuzina_koca_na_uskovnici_skozi_voje/1/342/6882
342;https://www.hribi.net/izlet/uskovnica_lom_koca_na_uskovnici/1/342/5542
343;https://www.hribi.net/izlet/matizovec_kofce_gora/11/343/479
343;https://www.hribi.net/izlet/mrzli_studenec_kofce_gora/11/343/769
343;https://www.hribi.net/izlet/zavetisce_na_planini_sija_kofce_gora_kacja_pot/11/343/770
343;https://www.hribi.net/izlet/globoka_dolina_kofce_gora/11/343/2854
343;https://www.hribi.net/izlet/dolina_kofce_gora/11/343/5230
343;https://www.hribi.net/izlet/dolina_kofce_gora_mimo_kapelice/11/343/5229
344;https://www.hribi.net/izlet/matizovec_veliko_kladivo/11/344/480
344;https://www.hribi.net/izlet/mrzli_studenec_veliko_kladivo/11/344/776
344;https://www.hribi.net/izlet/zavetisce_na_planini_sija_veliko_kladivo_direktna_pot/11/344/778
344;https://www.hribi.net/izlet/planina_pungrat_veliko_kladivo/11/344/1637
344;https://www.hribi.net/izlet/zavetisce_na_planini_sija_veliko_kladivo_kacja_pot/11/344/777
344;https://www.hribi.net/izlet/globoka_dolina_veliko_kladivo/11/344/2885
344;https://www.hribi.net/izlet/dolina_veliko_kladivo/11/344/5239
344;https://www.hribi.net/izlet/dolina_veliko_kladivo_mimo_kapelice/11/344/5240
345;https://www.hribi.net/izlet/kosmacev_preval_crna_gora/1/345/481
346;https://www.hribi.net/izlet/grahovse_bela_pec_cez_borst/11/346/482
346;https://www.hribi.net/izlet/dom_pod_storzicem_bela_pec/11/346/3967
346;https://www.hribi.net/izlet/grahovse_bela_pec_cez_rot/11/346/862
346;https://www.hribi.net/izlet/grahovse_bela_pec_mimo_tica/11/346/2980
346;https://www.hribi.net/izlet/grahovse_bela_pec_pod_steno/11/346/860
346;https://www.hribi.net/izlet/dom_pod_storzicem_bela_pec_cez_javorniski_preval/11/346/3969
346;https://www.hribi.net/izlet/planina_vetrh_bela_pec_mimo_koce_pr_zdravc/11/346/6441
346;https://www.hribi.net/izlet/na_kopis_bela_pec_cez_konjsci/11/346/8429
346;https://www.hribi.net/izlet/grahovse_bela_pec_mimo_rekarja/11/346/7991
346;https://www.hribi.net/izlet/trzic_bela_pec_cez_potarje_in_sp_konsco/11/346/8420
347;https://www.hribi.net/izlet/grahovse_planina_spodnja_konjscica_mimo_pavslna/11/347/483
347;https://www.hribi.net/izlet/grahovse_planina_spodnja_konjscica_mimo_uskovca/11/347/2978
347;https://www.hribi.net/izlet/na_kopis_planina_spodnja_konjscica_po_cesti/11/347/5462
347;https://www.hribi.net/izlet/na_kopis_planina_spodnja_konjscica_mimo_tica/11/347/8410
347;https://www.hribi.net/izlet/trzic_planina_spodnja_konjscica_cez_potarje/11/347/8411
348;https://www.hribi.net/izlet/krizovec_pticji_vrh/11/348/484
348;https://www.hribi.net/izlet/dom_pristava_v_javorniskem_rovtu_pticji_vrh/11/348/3803
349;https://www.hribi.net/izlet/konec_ceste_lepenatka/3/349/485
349;https://www.hribi.net/izlet/leska_gmajna_lepenatka/3/349/2123
349;https://www.hribi.net/izlet/gornji_grad_lepenatka_cez_kal/3/349/3121
349;https://www.hribi.net/izlet/gornji_grad_lepenatka_po_grebenu/3/349/3123
349;https://www.hribi.net/izlet/crnivec_lepenatka/3/349/6058
349;https://www.hribi.net/izlet/volovljek_lepenatka/3/349/5755
349;https://www.hribi.net/izlet/mackin_kot_enci_lepenatka_cez_sedlo_kunsperk/3/349/6062
349;https://www.hribi.net/izlet/podvolovljek_petkov_graben_lepenatka/3/349/5763
349;https://www.hribi.net/izlet/podvolovljek_petkov_graben_lepenatka_mimo_bivaka_na_kalu/3/349/5769
349;https://www.hribi.net/izlet/volovljek_lepenatka_mimo_bivaka_na_kalu/3/349/5759
350;https://www.hribi.net/izlet/konec_ceste_bivak_na_kalu/3/350/486
350;https://www.hribi.net/izlet/gornji_grad_bivak_na_kalu/3/350/3122
350;https://www.hribi.net/izlet/crnivec_bivak_na_kalu/3/350/6122
350;https://www.hribi.net/izlet/podvolovljek_petkov_graben_bivak_na_kalu_cez_lepenatko/3/350/5764
350;https://www.hribi.net/izlet/volovljek_bivak_na_kalu_cez_lepenatko/3/350/5761
350;https://www.hribi.net/izlet/podvolovljek_petkov_graben_bivak_na_kalu/3/350/5768
350;https://www.hribi.net/izlet/volovljek_bivak_na_kalu/3/350/5758
351;https://www.hribi.net/izlet/molnarjev_breg_kamniski_vrh/3/351/785
351;https://www.hribi.net/izlet/klemencevo_kamniski_vrh_ob_korosaskih_slapovih/3/351/1596
351;https://www.hribi.net/izlet/slevo_kamniski_vrh_direktna_pot/3/351/487
351;https://www.hribi.net/izlet/klemencevo_kamniski_vrh_po_jugozahodnem_pobocju/3/351/2656
351;https://www.hribi.net/izlet/slevo_kamniski_vrh_mimo_lovske_koce/3/351/1329
351;https://www.hribi.net/izlet/molnarjev_breg_kamniski_vrh_cez_planino_osredek/3/351/5725
351;https://www.hribi.net/izlet/kajfezev_rob_kamniski_vrh/3/351/2084
351;https://www.hribi.net/izlet/iverje_kamniski_vrh_cez_hude_konce/3/351/3246
351;https://www.hribi.net/izlet/iverje_kamniski_vrh_ob_potoku/3/351/3162
351;https://www.hribi.net/izlet/klemencevo_kamniski_vrh/3/351/8953
351;https://www.hribi.net/izlet/molnarjev_breg_kamniski_vrh_po_cesti/3/351/5726
352;https://www.hribi.net/izlet/molnarjev_breg_planina_osredek/3/352/786
352;https://www.hribi.net/izlet/klemencevo_planina_osredek_ob_korosaskih_slapovih/3/352/1580
352;https://www.hribi.net/izlet/slevo_planina_osredek/3/352/488
352;https://www.hribi.net/izlet/molnarjev_breg_planina_osredek_po_cesti/3/352/5724
353;https://www.hribi.net/izlet/nomenj_slap_grmecica/21/353/3875
353;https://www.hribi.net/izlet/log_v_bohinju_slap_grmecica/21/353/489
353;https://www.hribi.net/izlet/bohinjska_bistrica_zelezniska_postaja_slap_grmecica/21/353/5868
353;https://www.hribi.net/izlet/podkorita_slap_grmecica/21/353/3874
354;https://www.hribi.net/izlet/dol_bukovec/11/354/652
355;https://www.hribi.net/izlet/loke_krvavica_skozi_okno/25/355/491
355;https://www.hribi.net/izlet/loke_krvavica_mimo_zajceve_koce/25/355/294
356;https://www.hribi.net/izlet/jekarica_mali_grintovec/3/356/1038
356;https://www.hribi.net/izlet/mace_mali_grintovec_cez_baseljski_vrh/3/356/492
356;https://www.hribi.net/izlet/mace_mali_grintovec_cez_kozjek_in_dolgo_njivo/3/356/493
356;https://www.hribi.net/izlet/lasko_obracalisce_nad_vasjo_mali_grintovec_cez_baseljski_vrh/3/356/991
356;https://www.hribi.net/izlet/mace_mali_grintovec_po_dolini_suhe/3/356/2665
356;https://www.hribi.net/izlet/mace_mali_grintovec_macenska_pot_in_cez_dolgo_njivo/3/356/5403
356;https://www.hribi.net/izlet/lasko_obracalisce_nad_vasjo_mali_grintovec_mimo_doma_na_kaliscu/3/356/5700
356;https://www.hribi.net/izlet/mace_mali_grintovec_mimo_doma_na_kaliscu/3/356/5699
356;https://www.hribi.net/izlet/baselj_mali_grintovec_cez_baseljski_vrh/3/356/5406
356;https://www.hribi.net/izlet/kanonir_mali_grintovec_cez_licjanovec/3/356/5692
356;https://www.hribi.net/izlet/spodnja_kokra_mali_grintovec/3/356/5413
356;https://www.hribi.net/izlet/spodnja_kokra_mali_grintovec_cez_babo/3/356/5414
356;https://www.hribi.net/izlet/baselj_mali_grintovec_mimo_bolnice_kosuta_in_cez_baseljski_vrh/3/356/5408
356;https://www.hribi.net/izlet/baselj_mali_grintovec_mimo_doma_na_kaliscu/3/356/5702
356;https://www.hribi.net/izlet/baselj_mali_grintovec_mimo_sv_lovrenca_in_cez_baseljski_vrh/3/356/5410
356;https://www.hribi.net/izlet/povlje_mali_grintovec_cez_baseljski_vrh/3/356/5404
356;https://www.hribi.net/izlet/lasko_mali_grintovec_mimo_sv_lovrenca/3/356/5407
356;https://www.hribi.net/izlet/babni_vrt_mali_grintovec_mimo_sv_lovrenca_in_cez_baseljski_vrh/3/356/5409
356;https://www.hribi.net/izlet/baselj_mali_grintovec_mimo_bolnice_kosuta_in_doma_na_kaliscu/3/356/5706
356;https://www.hribi.net/izlet/mhe_zabukovec_mali_grintovec/3/356/5697
356;https://www.hribi.net/izlet/povlje_mali_grintovec/3/356/5703
356;https://www.hribi.net/izlet/mace_mali_grintovec_mimo_sv_miklavza_in_doma_na_kaliscu/3/356/5704
356;https://www.hribi.net/izlet/baselj_mali_grintovec_mimo_sv_lovrenca/3/356/5701
356;https://www.hribi.net/izlet/babni_vrt_mali_grintovec_mimo_sv_lovrenca/3/356/5705
357;https://www.hribi.net/izlet/pred_belo_slap_orglice/3/357/494
358;https://www.hribi.net/izlet/planina_podvezak_lucki_dedec_mimo_kocbekovega_doma/3/358/635
358;https://www.hribi.net/izlet/lovska_koca_na_brezicih_lucki_dedec_lovska_pot/3/358/2176
358;https://www.hribi.net/izlet/pred_belo_lucki_dedec/3/358/2783
358;https://www.hribi.net/izlet/planina_ravne_lucki_dedec_cez_dolgo_trato/3/358/4062
358;https://www.hribi.net/izlet/robanov_kot_lucki_dedec_mimo_kocbekovega_doma/3/358/6196
358;https://www.hribi.net/izlet/planina_ravne_lucki_dedec/3/358/5073
359;https://www.hribi.net/izlet/matizovec_zavetisce_na_planini_sija/11/359/496
359;https://www.hribi.net/izlet/pod_krnico_zavetisce_na_planini_sija/11/359/4189
359;https://www.hribi.net/izlet/mhe_zali_potok_zavetisce_na_planini_sija/11/359/6528
360;https://www.hribi.net/izlet/planina_pod_golico_hruski_vrh/11/360/2088
360;https://www.hribi.net/izlet/ravne_hruski_vrh_direktna_pot/11/360/500
360;https://www.hribi.net/izlet/rogarjev_rovt_hruski_vrh_cez_hrusko_planino/11/360/2349
360;https://www.hribi.net/izlet/ravne_hruski_vrh_cez_dovsko_babo/11/360/498
360;https://www.hribi.net/izlet/martincev_rovt_hruski_vrh/11/360/1042
360;https://www.hribi.net/izlet/hrusica_hruski_vrh_cez_cesnjevec_in_hrusko_planino/11/360/5118
360;https://www.hribi.net/izlet/rogarjev_rovt_hruski_vrh_cez_rozco/11/360/6141
360;https://www.hribi.net/izlet/podrozca___rosenbach_hruski_vrh/11/360/6137
360;https://www.hribi.net/izlet/podrozca___rosenbach_hruski_vrh_cez_koprivnjak/11/360/6139
361;https://www.hribi.net/izlet/planina_pod_golico_rozca/11/361/2087
361;https://www.hribi.net/izlet/ravne_rozca_cez_hruski_vrh/11/361/504
361;https://www.hribi.net/izlet/rogarjev_rovt_rozca/11/361/3587
361;https://www.hribi.net/izlet/martincev_rovt_rozca/11/361/955
361;https://www.hribi.net/izlet/ravne_rozca_direktna_pot/11/361/506
361;https://www.hribi.net/izlet/podrozca___rosenbach_rozca/11/361/6135
362;https://www.hribi.net/izlet/planina_pod_golico_klek_cez_rozco/11/362/2090
362;https://www.hribi.net/izlet/martincev_rovt_klek/11/362/956
362;https://www.hribi.net/izlet/rogarjev_rovt_klek/11/362/3586
362;https://www.hribi.net/izlet/ravne_klek_cez_hruski_vrh/11/362/505
362;https://www.hribi.net/izlet/planina_pod_golico_klek_mimo_ovcarske_koce/11/362/2102
362;https://www.hribi.net/izlet/ravne_klek_direktna_pot/11/362/507
362;https://www.hribi.net/izlet/planina_pod_golico_klek_mimo_lovske_koce_muzgovca/11/362/2100
362;https://www.hribi.net/izlet/podrozca___rosenbach_klek/11/362/6136
363;https://www.hribi.net/izlet/ljubelj_palec/11/363/508
363;https://www.hribi.net/izlet/tinckova_koca_palec/11/363/2603
363;https://www.hribi.net/izlet/tinckova_koca_palec_skozi_zagon/11/363/6436
364;https://www.hribi.net/izlet/ravenska_kocna_goli_vrh_slovenska_pot/3/364/509
364;https://www.hribi.net/izlet/ravenska_kocna_goli_vrh_avstrijska_pot/3/364/798
364;https://www.hribi.net/izlet/belska_kocna_goli_vrh/3/364/2171
365;https://www.hribi.net/izlet/srednji_vrh_vosca/11/365/855
365;https://www.hribi.net/izlet/jurezeva_planina_vosca/11/365/510
365;https://www.hribi.net/izlet/srednji_vrh_vosca_cez_jurezevo_planino/11/365/2961
365;https://www.hribi.net/izlet/log_vosca/11/365/854
365;https://www.hribi.net/izlet/srnjak_vosca/11/365/3542
365;https://www.hribi.net/izlet/srednji_vrh_vosca_cez_zajcnik/11/365/2960
366;https://www.hribi.net/izlet/srednji_vrh_trupejevo_poldne_cez_zeleznico/11/366/1274
366;https://www.hribi.net/izlet/zeleznica_trupejevo_poldne/11/366/511
366;https://www.hribi.net/izlet/srednji_vrh_trupejevo_poldne_cez_grajsco/11/366/1275
366;https://www.hribi.net/izlet/srednji_vrh_trupejevo_poldne_po_dolini_potoka_zlebnica/11/366/5686
366;https://www.hribi.net/izlet/zapornica_belca_trupejevo_poldne_po_cesti/11/366/512
366;https://www.hribi.net/izlet/srednji_vrh_trupejevo_poldne_cez_blekovo_planino/11/366/5683
366;https://www.hribi.net/izlet/grpice___korpitch_trupejevo_poldne_cez_blekovo_planino/11/366/5688
366;https://www.hribi.net/izlet/zuzalce___susalitch_trupejevo_poldne_cez_blekovo_planino/11/366/5687
367;https://www.hribi.net/izlet/srednji_vrh_kresisce_cez_grajsco/11/367/1276
367;https://www.hribi.net/izlet/baumgartnerhof_kresisce_plezalna_pot/11/367/3326
367;https://www.hribi.net/izlet/zapornica_belca_kresisce_po_cesti/11/367/513
367;https://www.hribi.net/izlet/baumgartnerhof_kresisce/11/367/3327
368;https://www.hribi.net/izlet/zapornica_belca_mojstrovica/11/368/514
368;https://www.hribi.net/izlet/zapornica_belca_mojstrovica_cez_basinov_breg/11/368/2929
369;https://www.hribi.net/izlet/stenge_visoki_vrh_mimo_vretovega_vrha/11/369/2928
369;https://www.hribi.net/izlet/zapornica_belca_visoki_vrh_po_cesti/11/369/515
369;https://www.hribi.net/izlet/zapornica_belca_visoki_vrh_cez_basinov_breg/11/369/2930
370;https://www.hribi.net/izlet/makekova_kocna_slap_cedca/3/370/516
371;https://www.hribi.net/izlet/kraljev_hrib_planina_konjscica_velika_planina/3/371/517
371;https://www.hribi.net/izlet/planina_dol_planina_konjscica_velika_planina/3/371/2593
372;https://www.hribi.net/izlet/kraljev_hrib_koritni_vrh_velika_planina/3/372/518
372;https://www.hribi.net/izlet/planina_dol_koritni_vrh_velika_planina/3/372/6338
373;https://www.hribi.net/izlet/vrh_bace_kobla/1/373/519
373;https://www.hribi.net/izlet/bohinjsko_sedlo_kobla/1/373/4018
373;https://www.hribi.net/izlet/petrovo_brdo_kobla/1/373/3602
373;https://www.hribi.net/izlet/podbrdo_kobla/1/373/3584
374;https://www.hribi.net/izlet/planina_kuhinja_batognica/1/374/520
374;https://www.hribi.net/izlet/planina_kuhinja_batognica_mimo_jezera_v_luznici/1/374/2361
374;https://www.hribi.net/izlet/dom_v_lepeni_batognica_cez_krnsko_skrbino/1/374/574
374;https://www.hribi.net/izlet/krn_batognica_cez_planino_sleme/1/374/3229
374;https://www.hribi.net/izlet/dom_v_lepeni_batognica_cez_prag/1/374/586
374;https://www.hribi.net/izlet/koca_pri_savici_batognica_cez_prehodce/1/374/4012
374;https://www.hribi.net/izlet/planina_polog_batognica_cez_prehodce/1/374/2794
374;https://www.hribi.net/izlet/koca_pri_savici_batognica_mimo_krnskega_jezera_in_cez_krnsko_skrbino/1/374/5441
374;https://www.hribi.net/izlet/planina_polog_batognica_cez_planino_sleme/1/374/2792
374;https://www.hribi.net/izlet/tolminske_ravne_batognica/1/374/9403
374;https://www.hribi.net/izlet/dreznica_batognica_juzna_pot/1/374/10418
374;https://www.hribi.net/izlet/koca_pri_savici_batognica_mimo_krnskega_jezera_in_cez_prag/1/374/10743
375;https://www.hribi.net/izlet/sotocje_male_in_velike_bozne_sveti_lenart/5/375/521
376;https://www.hribi.net/izlet/urbas_vajnez/11/376/522
376;https://www.hribi.net/izlet/valvasorjev_dom_pod_stolom_vajnez/11/376/4032
376;https://www.hribi.net/izlet/dom_trilobit_vajnez_po_skalaski_poti_in_cez_mali_vrh/11/376/2318
376;https://www.hribi.net/izlet/dom_trilobit_vajnez_cez_rido/11/376/1896
376;https://www.hribi.net/izlet/olipova_planina_vajnez_cez_hrasensko_planino/11/376/740
377;https://www.hribi.net/izlet/urbas_bivak_na_belscici/11/377/523
377;https://www.hribi.net/izlet/olipova_planina_bivak_na_belscici_cez_hrasensko_planino/11/377/741
378;https://www.hribi.net/izlet/planina_blato_prevalski_stog_cez_adama_in_evo/1/378/1272
378;https://www.hribi.net/izlet/planina_blato_prevalski_stog/1/378/524
378;https://www.hribi.net/izlet/konec_ceste_na_pokljuki_prevalski_stog/1/378/2825
378;https://www.hribi.net/izlet/stara_fuzina_prevalski_stog_cez_planino_krstenica_in_miseljski_preval/1/378/2886
378;https://www.hribi.net/izlet/rudno_polje_prevalski_stog/1/378/8362
379;https://www.hribi.net/izlet/planina_ravne_planina_polsak/3/379/525
380;https://www.hribi.net/izlet/planina_ravne_dleskovec_po_juznih_pobocjih/3/380/526
381;https://www.hribi.net/izlet/valvasorjev_dom_pod_stolom_zirovniska_planina/11/381/527
381;https://www.hribi.net/izlet/tinckova_koca_zirovniska_planina/11/381/2716
382;https://www.hribi.net/izlet/poljana_zavrsnica_valvasorjev_dom_pod_stolom_skozi_gozd/11/382/2380
382;https://www.hribi.net/izlet/poljana_zavrsnica_valvasorjev_dom_pod_stolom_po_cesti/11/382/528
382;https://www.hribi.net/izlet/koroska_bela_jesenice_valvasorjev_dom_pod_stolom/11/382/2124
382;https://www.hribi.net/izlet/tinckova_koca_valvasorjev_dom_pod_stolom/11/382/2715
383;https://www.hribi.net/izlet/planina_blato_debeli_vrh_cez_planino_v_lazu/1/383/531
383;https://www.hribi.net/izlet/planina_blato_debeli_vrh_cez_planino_krstenico/1/383/10715
384;https://www.hribi.net/izlet/planina_blato_zadnji_vogel_snezni_pristop/1/384/532
385;https://www.hribi.net/izlet/planina_blato_velika_zelnarica_po_dolini_za_kopico/1/385/533
385;https://www.hribi.net/izlet/planina__blato_velika_zelnarica_cez_stapce/1/385/728
385;https://www.hribi.net/izlet/koca_pri_savici_velika_zelnarica_cez_vrata/1/385/726
385;https://www.hribi.net/izlet/koca_pri_savici_velika_zelnarica_cez_stapce/1/385/727
385;https://www.hribi.net/izlet/konec_ceste_na_vogar_velika_zelnarica_cez_stapce/1/385/10732
386;https://www.hribi.net/izlet/vrsic_velika_mojstrovka_vzhodni_vrh_juzna_pot/1/386/534
386;https://www.hribi.net/izlet/vrsic_velika_mojstrovka_vzhodni_vrh_vzhodni_pristop/1/386/10699
386;https://www.hribi.net/izlet/vrsic_velika_mojstrovka_vzhodni_vrh/1/386/10770
386;https://www.hribi.net/izlet/vrsic_velika_mojstrovka_vzhodni_vrh_cez_sitno_glavo/1/386/10771
387;https://www.hribi.net/izlet/koca_pod_slapom_rinka_koroska_rinka_kriz/3/387/1741
387;https://www.hribi.net/izlet/ravenska_kocna_koroska_rinka_kriz_slovenska_pot/3/387/2599
387;https://www.hribi.net/izlet/v_koncu_koroska_rinka_kriz_cez_zmavcarje/3/387/535
387;https://www.hribi.net/izlet/koca_pod_slapom_rinka_koroska_rinka_kriz_skozi_turski_zleb/3/387/1742
387;https://www.hribi.net/izlet/ravenska_kocna_koroska_rinka_kriz_skozi_zrelo/3/387/5504
387;https://www.hribi.net/izlet/belska_kocna_koroska_rinka_kriz/3/387/2600
387;https://www.hribi.net/izlet/ravenska_kocna_koroska_rinka_kriz_lovska_pot/3/387/5505
388;https://www.hribi.net/izlet/v_koncu_stajerska_rinka_cez_zmavcarje/3/388/536
388;https://www.hribi.net/izlet/koca_pod_slapom_rinka_stajerska_rinka_skozi_turski_zleb/3/388/2602
388;https://www.hribi.net/izlet/ravenska_kocna_stajerska_rinka_slovenska_pot/3/388/5506
388;https://www.hribi.net/izlet/ravenska_kocna_stajerska_rinka_skozi_zrelo/3/388/5513
388;https://www.hribi.net/izlet/ravenska_kocna_stajerska_rinka_lovska_pot/3/388/5514
389;https://www.hribi.net/izlet/v_koncu_bivak_pod_skuto_cez_zmavcarje/3/389/537
390;https://www.hribi.net/izlet/v_koncu_bivak_pod_grintovcem_cez_kokrsko_sedlo/3/390/539
390;https://www.hribi.net/izlet/v__koncu_bivak_pod_grintovcem_cez_gamsov_skret/3/390/747
390;https://www.hribi.net/izlet/suhadolnik_bivak_pod_grintovcem/3/390/650
391;https://www.hribi.net/izlet/koca_pod_slapom_rinka_turska_gora_skozi_turski_zleb/3/391/1792
391;https://www.hribi.net/izlet/jermanca_turska_gora_cez_kamnisko_sedlo/3/391/576
391;https://www.hribi.net/izlet/koca_pod_slapom_rinka__turska_gora_cez_kotlice/3/391/575
391;https://www.hribi.net/izlet/v_koncu_turska_gora_cez_zmavcarje/3/391/540
391;https://www.hribi.net/izlet/suhadolnik_turska_gora/3/391/7270
392;https://www.hribi.net/izlet/most_boka_slap_boka_do_razgledne_tocke/1/392/1180
392;https://www.hribi.net/izlet/most_boka_slap_boka_po_strugi/1/392/541
392;https://www.hribi.net/izlet/hotel_boka_slap_boka_do_zgornje_razgledne_tocke/1/392/10470
393;https://www.hribi.net/izlet/log_pod_mangartom_rudnik_gorejca/1/393/542
394;https://www.hribi.net/izlet/mojstrana_jerebikovec/1/394/543
394;https://www.hribi.net/izlet/ravne_jerebikovec/1/394/1091
394;https://www.hribi.net/izlet/mojstrana_jerebikovec_cez_pobocje_na_tnalu/1/394/7866
394;https://www.hribi.net/izlet/planina_spodnji_kozjek_jerebikovec/1/394/7592
395;https://www.hribi.net/izlet/dom_trilobit_izvir_javornika/11/395/544
396;https://www.hribi.net/izlet/kobarid_tonovcov_grad_pri_kobaridu/1/396/545
397;https://www.hribi.net/izlet/konec_ceste_na_pokljuki_veliki_draski_vrh/1/397/546
397;https://www.hribi.net/izlet/rudno_polje_veliki_draski_vrh_cez_kacji_rob/1/397/3266
397;https://www.hribi.net/izlet/rudno_polje_veliki_draski_vrh_cez_jezerce_in_studorski_preval/1/397/5069
397;https://www.hribi.net/izlet/uskovnica_razpotje_veliki_draski_vrh_cez_planino_spodnji_tosc/1/397/805
397;https://www.hribi.net/izlet/konec_ceste_na_pokljuki__veliki_draski_vrh_pot_cez_severni_raz/1/397/2827
397;https://www.hribi.net/izlet/uskovnica_razpotje_veliki_draski_vrh_cez_jezerce_in_studorski_preval/1/397/5616
397;https://www.hribi.net/izlet/uskovnica_lom_veliki_draski_vrh_cez_jezerce_in_studorski_preval/1/397/5617
397;https://www.hribi.net/izlet/uskovnica_lom_veliki_draski_vrh_cez_planino_spodnji_tosc/1/397/5618
397;https://www.hribi.net/izlet/srednja_vas_veliki_draski_vrh_za_ribnico_in_cez_planino_spodnji_tosc/1/397/5619
397;https://www.hribi.net/izlet/srednja_vas_veliki_draski_vrh_za_ribnico_cez_jezerce_in_studorski_preval/1/397/5620
399;https://www.hribi.net/izlet/gostisce_pekel_soteska_pekel_3_slap/26/399/548
402;https://www.hribi.net/izlet/plaz_crlovec_kukova_spica_cez_gulce/1/402/551
402;https://www.hribi.net/izlet/plaz_crlovec_kukova_spica_cez_jv_raz/1/402/4633
403;https://www.hribi.net/izlet/kobarid_slap_veliki_kozjak/1/403/553
404;https://www.hribi.net/izlet/kobarid_slap_mali_kozjak/1/404/552
405;https://www.hribi.net/izlet/cezsoca_dolina_skratov/1/405/554
406;https://www.hribi.net/izlet/cezsoca_slap_slatenik/1/406/555
407;https://www.hribi.net/izlet/zadnjica_belopotoski_slap/1/407/556
408;https://www.hribi.net/izlet/planina_dol_planina_rzenik/3/408/562
408;https://www.hribi.net/izlet/kraljev_hrib_planina_rzenik/3/408/2586
409;https://www.hribi.net/izlet/planina_loka_koca_na_loki_pod_raduho/3/409/565
409;https://www.hribi.net/izlet/planina_vodol_koca_na_loki_pod_raduho/3/409/3376
409;https://www.hribi.net/izlet/radusnik_koca_na_loki_pod_raduho/3/409/3005
409;https://www.hribi.net/izlet/luce_koca_na_loki_pod_raduho/3/409/2550
409;https://www.hribi.net/izlet/planina_kosmaceve_rastke_koca_na_loki_pod_raduho/3/409/3373
409;https://www.hribi.net/izlet/bistra_koca_na_loki_pod_raduho/3/409/2557
409;https://www.hribi.net/izlet/raduha_struge_koca_na_loki_pod_raduho/3/409/11003
410;https://www.hribi.net/izlet/planina_kuhinja_gomisckovo_zavetisce_na_krnu/1/410/572
410;https://www.hribi.net/izlet/dom_v_lepeni_gomisckovo_zavetisce_na_krnu/1/410/573
410;https://www.hribi.net/izlet/dreznica_gomisckovo_zavetisce_na_krnu_pot_silva_korena/1/410/4143
410;https://www.hribi.net/izlet/planina_kuhinja_gomisckovo_zavetisce_na_krnu_cez_krnsko_skrbino/1/410/5438
410;https://www.hribi.net/izlet/dreznica_gomisckovo_zavetisce_na_krnu_juzna_pot/1/410/4144
410;https://www.hribi.net/izlet/tolminske_ravne_gomisckovo_zavetisce_na_krnu/1/410/9423
410;https://www.hribi.net/izlet/dreznica_gomisckovo_zavetisce_na_krnu_mimo_italijanske_kapele_na_planici/1/410/10416
410;https://www.hribi.net/izlet/koca_pri_savici_gomisckovo_zavetisce_na_krnu_mimo_krnskega_jezera/1/410/10740
410;https://www.hribi.net/izlet/koca_pri_savici_gomisckovo_zavetisce_na_krnu_cez_prehodce/1/410/10744
411;https://www.hribi.net/izlet/planina_polog_javorca_po_cesti/1/411/579
412;https://www.hribi.net/izlet/planina_polog_izvir_tolminke/1/412/580
412;https://www.hribi.net/izlet/planina_polog_izvir_tolminke_cez_planino_prode/1/412/10288
413;https://www.hribi.net/izlet/planina_polog_zicnica_cez_tolminko/1/413/581
414;https://www.hribi.net/izlet/trdnjava_kluze_rombon/1/414/1179
414;https://www.hribi.net/izlet/zavrzelno_rombon/1/414/582
414;https://www.hribi.net/izlet/d_postaja_rombon/1/414/1183
414;https://www.hribi.net/izlet/nevejski_preval_rombon_pot_636/1/414/4168
414;https://www.hribi.net/izlet/nevejski_preval_rombon_po_smucarski_progi/1/414/4169
415;https://www.hribi.net/izlet/zavrzelno_cukla/1/415/583
416;https://www.hribi.net/izlet/zavrzelno_planina_goricica/1/416/584
416;https://www.hribi.net/izlet/cesta_bovec_-_b_postaja_celo_planina_goricica/1/416/8107
417;https://www.hribi.net/izlet/dom_v_lepeni_planina_na_polju/1/417/585
417;https://www.hribi.net/izlet/koca_pri_savici_planina_na_polju/1/417/10739
418;https://www.hribi.net/izlet/planina_kuhinja_vrh_nad_peski/1/418/2357
418;https://www.hribi.net/izlet/dom_v_lepeni_vrh_nad_peski_cez_prag/1/418/587
418;https://www.hribi.net/izlet/planina_polog_vrh_nad_peski_cez_prehodce/1/418/3263
418;https://www.hribi.net/izlet/krn_vrh_nad_peski_cez_planino_sleme/1/418/3231
418;https://www.hribi.net/izlet/planina_polog_vrh_nad_peski_cez_planino_sleme/1/418/3255
418;https://www.hribi.net/izlet/koca_pri_savici_vrh_nad_peski_cez_prehodce/1/418/4009
418;https://www.hribi.net/izlet/tolminske_ravne_vrh_nad_peski/1/418/9388
419;https://www.hribi.net/izlet/kal-koritnica_svinjak/1/419/588
420;https://www.hribi.net/izlet/bele_vode_jerebica/1/420/5007
420;https://www.hribi.net/izlet/moznica_jerebica/1/420/589
421;https://www.hribi.net/izlet/b_postaja_planina_krnica/1/421/593
421;https://www.hribi.net/izlet/cesta_bovec_-_b_postaja_celo_planina_krnica/1/421/8105
421;https://www.hribi.net/izlet/b_postaja_kaninske_zicnice_celo_planina_krnica_spodnja_pot/1/421/8106
422;https://www.hribi.net/izlet/d_postaja_konjc/1/422/595
422;https://www.hribi.net/izlet/gozdec_konjc/1/422/594
423;https://www.hribi.net/izlet/zadnjica_planja/1/423/596
423;https://www.hribi.net/izlet/vrsic_planja/1/423/762
423;https://www.hribi.net/izlet/aljazev_dom_v_vratih_planja_cez_sovatno/1/423/710
423;https://www.hribi.net/izlet/ruski_kriz_planja_cez_krisko_steno/1/423/761
424;https://www.hribi.net/izlet/zgornja_trenta__furlan_korita_mlinarice/1/424/597
425;https://www.hribi.net/izlet/koca_pri_izviru_soce_izvir_soce/1/425/598
426;https://www.hribi.net/izlet/vrsic_vrsic_vrh/1/426/599
426;https://www.hribi.net/izlet/koca_na_gozdu_vrsic_vrh_po_stari_cesti/1/426/3012
426;https://www.hribi.net/izlet/tonkina_koca_na_vrsicu_vrsic_vrh/1/426/5132
426;https://www.hribi.net/izlet/koca_pri_izviru_soce_vrsic_vrh/1/426/3579
427;https://www.hribi.net/izlet/lepena_velika_korita_soce/1/427/600
428;https://www.hribi.net/izlet/moznica_korita_moznice_nemclje/1/428/601
429;https://www.hribi.net/izlet/pecol_rifugio_di_brazza/1/429/602
430;https://www.hribi.net/izlet/scicchizza_zgornje_mangartsko_jezero/1/430/603
430;https://www.hribi.net/izlet/mp_ratece_zgornje_mangartsko_jezero/1/430/5418
430;https://www.hribi.net/izlet/ahlete___aclete_zgornje_mangartsko_jezero/1/430/7148
431;https://www.hribi.net/izlet/ljubelj_begunjska_vrtaca_lenuhova_grapa/11/431/4770
431;https://www.hribi.net/izlet/ljubelj_begunjska_vrtaca_cez_preval-o/11/431/612
431;https://www.hribi.net/izlet/dom_v_dragi_begunjska_vrtaca/11/431/3984
431;https://www.hribi.net/izlet/podljubelj_lajb_begunjska_vrtaca/11/431/613
432;https://www.hribi.net/izlet/preval_stari_vrh/21/432/618
432;https://www.hribi.net/izlet/javorje_stari_vrh_mimo_koce_na_starem_vrhu/21/432/7332
432;https://www.hribi.net/izlet/javorje_stari_vrh_cez_prehode/21/432/7333
433;https://www.hribi.net/izlet/koca_pod_slapom_rinka_mrzla_gora/3/433/1181
433;https://www.hribi.net/izlet/matkov_kot_mrzla_gora_pot_po_vzhodnem_grebenu/3/433/3622
433;https://www.hribi.net/izlet/ravenska_kocna_mrzla_gora_slovenska_pot/3/433/621
433;https://www.hribi.net/izlet/kapela_kristusa_kralja_v_logarski_dolini_mrzla_gora_greben_orlovec_matkovo_okno_mrzla_gora/3/433/4807
433;https://www.hribi.net/izlet/matkov_kot_mrzla_gora_preko_matkove_krnice_in_krnicke_gore/3/433/5334
433;https://www.hribi.net/izlet/belska_kocna_mrzla_gora/3/433/2708
433;https://www.hribi.net/izlet/ravenska_kocna_mrzla_gora_skozi_zrelo/3/433/5515
433;https://www.hribi.net/izlet/ravenska_kocna_mrzla_gora_lovska_pot/3/433/5516
434;https://www.hribi.net/izlet/bohinjsko_sedlo_dravh_cez_lajnar/1/434/623
434;https://www.hribi.net/izlet/zgornja_sorica_dravh/1/434/2143
434;https://www.hribi.net/izlet/bohinjsko_sedlo_dravh_direktna_pot/1/434/622
435;https://www.hribi.net/izlet/bohinjsko_sedlo_lajnar_oznacena_pot/1/435/624
435;https://www.hribi.net/izlet/zgornja_sorica_lajnar/1/435/1031
435;https://www.hribi.net/izlet/petrovo_brdo_lajnar/1/435/2506
435;https://www.hribi.net/izlet/bohinjsko_sedlo_lajnar_neoznacena_pot/1/435/625
435;https://www.hribi.net/izlet/podbrdo_lajnar/1/435/7958
436;https://www.hribi.net/izlet/kozji_hrbet_planina_za_savnikom/1/436/629
437;https://www.hribi.net/izlet/bohinjsko_sedlo_savnik_mimo_lajnarja/1/437/631
437;https://www.hribi.net/izlet/bohinjsko_sedlo_savnik/1/437/3025
437;https://www.hribi.net/izlet/podbrdo_savnik/1/437/3595
437;https://www.hribi.net/izlet/vrh_bace_savnik/1/437/1317
437;https://www.hribi.net/izlet/kozji_hrbet_savnik/1/437/630
437;https://www.hribi.net/izlet/petrovo_brdo_savnik/1/437/2503
438;https://www.hribi.net/izlet/planina_podvezak_veliki_vrh_veza_cez_prag/3/438/633
438;https://www.hribi.net/izlet/planina_ravne_veliki_vrh_veza_cez_zelene_trate/3/438/1241
438;https://www.hribi.net/izlet/planina_ravne_veliki_vrh_veza_cez_dolgo_trato/3/438/4061
438;https://www.hribi.net/izlet/planina_ravne_veliki_vrh_veza_cez_dleskovec/3/438/4052
438;https://www.hribi.net/izlet/kraljev_dol_veliki_vrh_veza_cez_planino_vodole/3/438/8478
439;https://www.hribi.net/izlet/crni_kal_zavetisce_gorske_straze_na_jelencih/21/439/641
439;https://www.hribi.net/izlet/leskovica_zavetisce_gorske_straze_na_jelencih/21/439/638
439;https://www.hribi.net/izlet/volaka_zavetisce_gorske_straze_na_jelencih/21/439/2566
440;https://www.hribi.net/izlet/crni_kal_koprivnik_spodnja_pot/21/440/642
440;https://www.hribi.net/izlet/crni_kal_koprivnik_cez_romovec/21/440/2163
440;https://www.hribi.net/izlet/zali_log_koprivnik/21/440/3150
440;https://www.hribi.net/izlet/brdo_koprivnik/21/440/643
440;https://www.hribi.net/izlet/preval_koprivnik/21/440/7337
440;https://www.hribi.net/izlet/javorje_koprivnik_cez_brdo/21/440/7804
440;https://www.hribi.net/izlet/preval_hlevisce_koprivnik_cez_brdo/21/440/7805
441;https://www.hribi.net/izlet/preval_hlevisce_cerkev_marijinega_vnebovzetja_gora_po_cesti/21/441/644
441;https://www.hribi.net/izlet/malenski_vrh_cerkev_marijinega_vnebovzetja_gora/21/441/7154
441;https://www.hribi.net/izlet/dolencice_cerkev_marijinega_vnebovzetja_gora/21/441/7158
441;https://www.hribi.net/izlet/preval_hlevisce_cerkev_marijinega_vnebovzetja_gora_skozi_gozd/21/441/7156
442;https://www.hribi.net/izlet/dol_stegovnik_skozi_okno/11/442/654
442;https://www.hribi.net/izlet/dol_stegovnik_cez_mocnikovo_sedlo/11/442/653
442;https://www.hribi.net/izlet/rezman_stegovnik/11/442/2120
442;https://www.hribi.net/izlet/dom_pod_storzicem_stegovnik_zahodna_pot/11/442/1877
442;https://www.hribi.net/izlet/medvodje_stegovnik_mimo_stegovniskega_slapu_in_skozi_okno/11/442/4175
442;https://www.hribi.net/izlet/dom_pod_storzicem_stegovnik_vzhodna_pot/11/442/1876
442;https://www.hribi.net/izlet/medvodje_stegovnik_preko_sedla_pri_lojtri/11/442/3565
442;https://www.hribi.net/izlet/medvodje_stegovnik_po_cesti_in_skozi_okno/11/442/4176
442;https://www.hribi.net/izlet/planina_vetrh_stegovnik/11/442/6440
443;https://www.hribi.net/izlet/dom_pod_storzicem_mali_javornik/11/443/655
444;https://www.hribi.net/izlet/gornji_grad_sveti_lenart_nad_gornjim_gradom/3/444/3120
444;https://www.hribi.net/izlet/pri_cerkvi_sveti_lenart_nad_gornjim_gradom/3/444/657
445;https://www.hribi.net/izlet/dom_na_menini_planini_vivodnik/3/445/659
445;https://www.hribi.net/izlet/golice_vivodnik/3/445/2947
445;https://www.hribi.net/izlet/gornji_grad_vivodnik_mimo_semprimoznika_in_cez_ovcji_stan/3/445/2363
445;https://www.hribi.net/izlet/lipa_vivodnik/3/445/2373
445;https://www.hribi.net/izlet/crnivec_vivodnik/3/445/3441
445;https://www.hribi.net/izlet/tirosek_nova_stifta_vivodnik/3/445/3444
445;https://www.hribi.net/izlet/hrusevka_vivodnik/3/445/3534
445;https://www.hribi.net/izlet/cesnjice_v_tuhinju_vivodnik/3/445/5752
445;https://www.hribi.net/izlet/okrog_pri_motniku_vivodnik_cez_oseke_in_vrh_drc/3/445/5750
445;https://www.hribi.net/izlet/okrog_pri_motniku_vivodnik_cez_biba_planino/3/445/5749
445;https://www.hribi.net/izlet/bela_pec_vivodnik_cez_ovcje_jame/3/445/6270
445;https://www.hribi.net/izlet/bela_pec_vivodnik_mimo_vrha_seduc/3/445/6262
445;https://www.hribi.net/izlet/gornji_grad_vivodnik_cez_borovnico_in_mimo_jame_jespe/3/445/9666
445;https://www.hribi.net/izlet/gornji_grad_vivodnik_mimo_strmcnika_in_jame_jespe/3/445/9662
445;https://www.hribi.net/izlet/gornji_grad_vivodnik_cez_borovnico_in_ovcji_stan/3/445/9663
445;https://www.hribi.net/izlet/gornji_grad_vivodnik_mimo_semprimoznika_in_jame_jespe/3/445/9669
446;https://www.hribi.net/izlet/kokra_podlebelca_planina_dolga_njiva_krvavec/3/446/1776
446;https://www.hribi.net/izlet/dom_na_gospincu_planina_dolga_njiva_krvavec/3/446/666
446;https://www.hribi.net/izlet/planina_jezerca_planina_dolga_njiva_krvavec_mimo_doma_na_krvavcu/3/446/4569
446;https://www.hribi.net/izlet/kokra_roblek_planina_dolga_njiva_krvavec/3/446/6476
447;https://www.hribi.net/izlet/kriska_planina_kosutna_cez_planino_kosutna/3/447/677
447;https://www.hribi.net/izlet/planina_jezerca_kosutna_cez_planino_kosutna/3/447/4583
447;https://www.hribi.net/izlet/markova_raven_kosutna_po_oznaceni_poti/3/447/1094
448;https://www.hribi.net/izlet/koca_pri_savici_vrh_planje_cez_sedlo_planja/1/448/699
448;https://www.hribi.net/izlet/koca_pri_savici_vrh_planje_cez_kser/1/448/698
448;https://www.hribi.net/izlet/planina_polog_vrh_planje_cez_planino_dobrenjscico/1/448/2806
449;https://www.hribi.net/izlet/koca_pri_savici_planina_govnjac/1/449/701
450;https://www.hribi.net/izlet/skalnica_sveta_gora_pes_pot/26/450/1528
450;https://www.hribi.net/izlet/skalnica_sveta_gora_pot_po_jarkih/26/450/4335
450;https://www.hribi.net/izlet/skalnica_sveta_gora_po_cesti/26/450/702
450;https://www.hribi.net/izlet/pod_skalnico_sveta_gora/26/450/1527
450;https://www.hribi.net/izlet/grgar_sveta_gora_pot_po_sredi/26/450/4394
450;https://www.hribi.net/izlet/grgar_sveta_gora_cez_franciskov_hrib/26/450/4393
450;https://www.hribi.net/izlet/grgar_sveta_gora_po_ranjekah/26/450/4395
450;https://www.hribi.net/izlet/zagora_sveta_gora/26/450/4834
450;https://www.hribi.net/izlet/grgar_sveta_gora_cez_krizce/26/450/5841
450;https://www.hribi.net/izlet/plave_sveta_gora_cez_kuk_in_vodice/26/450/5254
450;https://www.hribi.net/izlet/plave_sveta_gora_cez_priznico_in_vodice/26/450/5267
450;https://www.hribi.net/izlet/plave_sveta_gora_cez_paljevo_in_vodice/26/450/5258
450;https://www.hribi.net/izlet/grgar_sveta_gora_po_cesti/26/450/5840
450;https://www.hribi.net/izlet/solkan_sveta_gora_mimo_kramarce/26/450/9778
451;https://www.hribi.net/izlet/vikrce_grmada_pogacnikova_pot/5/451/999
451;https://www.hribi.net/izlet/vikrce_grmada_westrova_pot/5/451/1000
451;https://www.hribi.net/izlet/smartno_grmada/5/451/703
451;https://www.hribi.net/izlet/tacen_grmada_mazijeva_steza/5/451/3871
451;https://www.hribi.net/izlet/tacen_grmada_cez_spodnjo_kuhinjo/5/451/2415
451;https://www.hribi.net/izlet/vikrce_grmada_mazijeva_steza/5/451/3869
451;https://www.hribi.net/izlet/lipa_grmada_pot_cez_peske/5/451/4268
451;https://www.hribi.net/izlet/skarucna_grmada/5/451/3842
451;https://www.hribi.net/izlet/vikrce_grmada_cez_zatrep/5/451/3836
451;https://www.hribi.net/izlet/povodje_grmada/5/451/3723
451;https://www.hribi.net/izlet/tacen_sveti_jurij_grmada/5/451/3964
451;https://www.hribi.net/izlet/spodnje_pirnice_grmada_ucna_pot/5/451/4404
451;https://www.hribi.net/izlet/vikrce_grmada_kovaceva_steza/5/451/3965
451;https://www.hribi.net/izlet/vikrce_grmada_ucna_pot/5/451/4401
451;https://www.hribi.net/izlet/lipa_grmada_po_cesti/5/451/4271
451;https://www.hribi.net/izlet/spodnje_pirnice_grmada_po_kovacevi_stezi_in_cez_sedlo/5/451/4405
451;https://www.hribi.net/izlet/spodnje_pirnice_grmada_kovaceva_steza/5/451/4406
451;https://www.hribi.net/izlet/vikrce_grmada_po_kovacevi_stezi_in_cez_sedlo/5/451/4399
452;https://www.hribi.net/izlet/koca_pri_savici_veliko_spicje/1/452/704
452;https://www.hribi.net/izlet/koca__pri_savici_veliko_spicje_mimo_zasavske_koce/1/452/706
452;https://www.hribi.net/izlet/planina_blato_veliko_spicje_cez_stapce/1/452/707
452;https://www.hribi.net/izlet/planina_blato_veliko_spicje_po_dolini_za_kopico/1/452/708
452;https://www.hribi.net/izlet/vas_na_skali_veliko_spicje_na_greben_spicja_po_tumovi_smeri/1/452/5571
452;https://www.hribi.net/izlet/trenta_veliko_spicje/1/452/5982
452;https://www.hribi.net/izlet/zadnjica_veliko_spicje/1/452/5951
453;https://www.hribi.net/izlet/koca_pri__savici_malo_spicje_mimo_zasavske_koce/1/453/705
453;https://www.hribi.net/izlet/planina_blato_malo_spicje_po_dolini_za_kopico/1/453/709
453;https://www.hribi.net/izlet/trenta_malo_spicje/1/453/5981
453;https://www.hribi.net/izlet/zadnjica_malo_spicje/1/453/5952
454;https://www.hribi.net/izlet/planina_blato_velika_ticarica_cez_stapce/1/454/718
454;https://www.hribi.net/izlet/koca_pri_savici_velika_ticarica_cez_stapce/1/454/717
454;https://www.hribi.net/izlet/konec_ceste_na_vogar_velika_ticarica_cez_stapce/1/454/6236
455;https://www.hribi.net/izlet/planina_blato_kopica_cez_stapce/1/455/720
455;https://www.hribi.net/izlet/koca_pri_savici_kopica_cez_stapce/1/455/719
455;https://www.hribi.net/izlet/konec_ceste_na_vogar_kopica_cez_stapce/1/455/5076
456;https://www.hribi.net/izlet/planina_blato_mala_zelnarica_po_dolini_za_kopico/1/456/722
456;https://www.hribi.net/izlet/planina_blato_mala_zelnarica_cez_stapce/1/456/723
456;https://www.hribi.net/izlet/koca_pri_savici_mala_zelnarica_cez_stapce/1/456/724
456;https://www.hribi.net/izlet/koca_pri_savici_mala_zelnarica_cez_vrata/1/456/725
456;https://www.hribi.net/izlet/konec_ceste_na_vogar_mala_zelnarica_cez_stapce/1/456/10731
457;https://www.hribi.net/izlet/planina_blato_rusnata_glava/1/457/729
457;https://www.hribi.net/izlet/koca_pri_savici_rusnata_glava_cez_stapce/1/457/730
458;https://www.hribi.net/izlet/snezna_jama_planina_arta/3/458/739
459;https://www.hribi.net/izlet/dom_trilobit_hrasenska_planina_za_krasevcem/11/459/1899
459;https://www.hribi.net/izlet/olipova_planina_hrasenska_planina/11/459/742
460;https://www.hribi.net/izlet/dom_trilobit_planina_stamare_za_krasevcem/11/460/1895
460;https://www.hribi.net/izlet/koroska_bela_rc_kres_planina_stamare_gajskova_pot/11/460/2485
460;https://www.hribi.net/izlet/olipova_planina_planina_stamare/11/460/743
460;https://www.hribi.net/izlet/koroska_bela_rc_kres_planina_stamare_cez_greben_alnicja/11/460/3161
460;https://www.hribi.net/izlet/pri_zagi_javorniski_rovt__planina_stamare_za_bonclo/11/460/5176
461;https://www.hribi.net/izlet/konec_ceste_na_pokljuki_ablanca/1/461/745
461;https://www.hribi.net/izlet/rudno_polje_ablanca_cez_srenjski_preval/1/461/3267
461;https://www.hribi.net/izlet/rudno_polje_ablanca_cez_jezerce_in_studorski_preval/1/461/5604
461;https://www.hribi.net/izlet/uskovnica_razpotje_ablanca_cez_planino_spodnji_tosc/1/461/2322
461;https://www.hribi.net/izlet/uskovnica_razpotje_ablanca_cez_jezerce_in_studorski_preval/1/461/5605
461;https://www.hribi.net/izlet/uskovnica_lom_ablanca_cez_jezerce_in_studorski_preval/1/461/5606
461;https://www.hribi.net/izlet/uskovnica_lom_ablanca_cez_planino_spodnji_tosc/1/461/5607
461;https://www.hribi.net/izlet/srednja_vas_ablanca_za_ribnico_cez_jezerce_in_studorski_preval/1/461/5608
461;https://www.hribi.net/izlet/srednja_vas_ablanca_za_ribnico_in_cez_planino_spodnji_tosc/1/461/5615
463;https://www.hribi.net/izlet/ski_hotel_vogel_sija/1/463/750
463;https://www.hribi.net/izlet/javorje_sija_cez_zadnjo_suho/1/463/748
463;https://www.hribi.net/izlet/ukanc_sija_cez_planino_zadnji_vogel/1/463/3512
463;https://www.hribi.net/izlet/javorje_sija_cez_kratki_plaz/1/463/749
463;https://www.hribi.net/izlet/ukanc_sija_skozi_zagarjev_graben/1/463/7859
464;https://www.hribi.net/izlet/ski_hotel_vogel_zavitar/1/464/751
464;https://www.hribi.net/izlet/javorje_zavitar_cez_kratki_plaz/1/464/752
465;https://www.hribi.net/izlet/vrsic_sovna_glava/1/465/763
465;https://www.hribi.net/izlet/tonkina_koca_na_vrsicu_sovna_glava_po_stari_cesti/1/465/5226
465;https://www.hribi.net/izlet/koca_pri_izviru_soce_sovna_glava/1/465/3580
465;https://www.hribi.net/izlet/erjavceva_koca_na_vrsicu_sovna_glava_po_stari_cesti/1/465/5223
465;https://www.hribi.net/izlet/erjavceva_koca_na_vrsicu_sovna_glava_po_pespoti/1/465/6118
466;https://www.hribi.net/izlet/mrzli_studenec_malo_kladivo/11/466/774
466;https://www.hribi.net/izlet/matizovec_malo_kladivo/11/466/771
466;https://www.hribi.net/izlet/zavetisce_na_planini_sija_malo_kladivo_kacja_pot/11/466/775
467;https://www.hribi.net/izlet/mace_planina_kalisce/3/467/772
467;https://www.hribi.net/izlet/lasko_obracalisce_nad_vasjo_planina_kalisce/3/467/985
467;https://www.hribi.net/izlet/baselj_planina_kalisce/3/467/4772
467;https://www.hribi.net/izlet/baselj_planina_kalisce_po_gozdni_cesti/3/467/4774
467;https://www.hribi.net/izlet/mace_planina_kalisce_po_cesti/3/467/4891
467;https://www.hribi.net/izlet/baselj_planina_kalisce_mimo_bolnice_kosuta/3/467/4899
467;https://www.hribi.net/izlet/mace__planina_kalisce_mimo_sv_miklavza/3/467/4895
467;https://www.hribi.net/izlet/baselj_planina_kalisce_po_neoznaceni_poti/3/467/7401
468;https://www.hribi.net/izlet/mojstrana_drobece_sleme/1/468/773
468;https://www.hribi.net/izlet/plaz_crlovec_drobece_sleme_cez_vrtasko_planino/1/468/6993
468;https://www.hribi.net/izlet/plaz_crlovec_drobece_sleme_zgornja_pot/1/468/6992
469;https://www.hribi.net/izlet/mojstrana_vrtaski_vrh/1/469/779
469;https://www.hribi.net/izlet/mojstrana_vrtaski_vrh_stara_pot/1/469/3364
469;https://www.hribi.net/izlet/plaz_crlovec_vrtaski_vrh_zgornja_pot/1/469/6990
469;https://www.hribi.net/izlet/plaz_crlovec_vrtaski_vrh_cez_vrtasko_planino/1/469/6989
470;https://www.hribi.net/izlet/planina_kisovec_crnuski_dom_na_mali_planini/3/470/559
470;https://www.hribi.net/izlet/kranjski_rak_crnuski_dom_na_mali_planini_spodaj_po_cesti/3/470/560
470;https://www.hribi.net/izlet/stahovica_crnuski_dom_na_mali_planini/3/470/2510
470;https://www.hribi.net/izlet/za_usivcem_crnuski_dom_na_mali_planini/3/470/3494
470;https://www.hribi.net/izlet/kranjski_rak__crnuski_dom_na_mali_planini_pespot/3/470/4982
470;https://www.hribi.net/izlet/kraljev_hrib_crnuski_dom_na_mali_planini_preko_skorence_kacjeka_in_gamsovih_strez/3/470/2515
470;https://www.hribi.net/izlet/kranjski_rak_crnuski_dom_na_mali_planini_cez_seliski_rob/3/470/4983
471;https://www.hribi.net/izlet/razdrto_vojkova_koca_na_nanosu_polozna_pot/26/471/1331
471;https://www.hribi.net/izlet/razdrto_vojkova_koca_na_nanosu_strma_pot/26/471/1332
471;https://www.hribi.net/izlet/eko_koca_nanos_lovska_koca_vojkovo_vojkova_koca_na_nanosu/26/471/783
471;https://www.hribi.net/izlet/furlanovo_zavetisce_pri_abramu_vojkova_koca_na_nanosu/26/471/3609
471;https://www.hribi.net/izlet/veliko_ubeljsko_vojkova_koca_na_nanosu/26/471/2030
471;https://www.hribi.net/izlet/strane_vojkova_koca_na_nanosu/26/471/2031
471;https://www.hribi.net/izlet/gradisce_pri_vipavi_vojkova_koca_na_nanosu_furlanova_pot/26/471/3611
471;https://www.hribi.net/izlet/razdrto_vojkova_koca_na_nanosu_janezova_pot/26/471/2368
471;https://www.hribi.net/izlet/gradisce_pri_vipavi_vojkova_koca_na_nanosu_lazja_pot/26/471/3612
471;https://www.hribi.net/izlet/podnanos_vojkova_koca_na_nanosu_pod_zatrepom/26/471/4267
471;https://www.hribi.net/izlet/lozice_vojkova_koca_na_nanosu/26/471/3680
471;https://www.hribi.net/izlet/gradisce_pri_vipavi_vojkova_koca_na_nanosu_mimo_sv_miklavza/26/471/4261
471;https://www.hribi.net/izlet/podkraj_vojkova_koca_na_nanosu/26/471/3608
471;https://www.hribi.net/izlet/hrasce_vojkova_koca_na_nanosu_mimo_korit/26/471/3686
471;https://www.hribi.net/izlet/hrasce_vojkova_koca_na_nanosu_cez_briznik/26/471/3684
471;https://www.hribi.net/izlet/veliko_ubeljsko_vojkova_koca_na_nanosu_mimo_sv_brica/26/471/5580
472;https://www.hribi.net/izlet/baumgartnerhof_ostra_pec___mallestiger_mittagskogel_plezalna_pot/11/472/3337
472;https://www.hribi.net/izlet/srednji_vrh_ostra_pec___mallestiger_mittagskogel_cez_grajsco/11/472/1277
472;https://www.hribi.net/izlet/baumgartnerhof_ostra_pec___mallestiger_mittagskogel/11/472/3334
472;https://www.hribi.net/izlet/zapornica_belca_ostra_pec___mallestiger_mittagskogel_po_cesti/11/472/788
473;https://www.hribi.net/izlet/koca_pri_pericniku_slap_pericnik_-_zgornji_slap/1/473/789
474;https://www.hribi.net/izlet/koca_pri_pericniku_slap_pericnik_-_spodnji_slap/1/474/790
474;https://www.hribi.net/izlet/pri_rosu_slap_pericnik_-_spodnji_slap_pot_triglavske_bistrice/1/474/3624
474;https://www.hribi.net/izlet/pri_rosu_slap_pericnik_-_spodnji_slap_po_cesti/1/474/3625
475;https://www.hribi.net/izlet/planina_mirna_gora/25/475/3550
475;https://www.hribi.net/izlet/vrcice_mirna_gora_cez_skrilj/25/475/3545
475;https://www.hribi.net/izlet/dom_na_mirni_gori_mirna_gora/25/475/792
475;https://www.hribi.net/izlet/vrcice_mirna_gora_cez_planino/25/475/3549
476;https://www.hribi.net/izlet/sveti_peter_pusti_peter/25/476/793
477;https://www.hribi.net/izlet/ravenska_kocna_jenkova_planina/3/477/799
478;https://www.hribi.net/izlet/belca_dovska_mala_kepa/11/478/801
479;https://www.hribi.net/izlet/erjavcev_rovt_gubno/11/479/2619
479;https://www.hribi.net/izlet/ravne_gubno/11/479/2623
479;https://www.hribi.net/izlet/zapornica_belca_gubno/11/479/803
480;https://www.hribi.net/izlet/urbas_potoski_stol/11/480/806
480;https://www.hribi.net/izlet/valvasorjev_dom_pod_stolom_potoski_stol/11/480/4031
480;https://www.hribi.net/izlet/dom_trilobit_potoski_stol_cez_rido/11/480/1897
480;https://www.hribi.net/izlet/olipova_planina_potoski_stol/11/480/807
480;https://www.hribi.net/izlet/poljana_zavrsnica_potoski_stol_zirovniska_pot/11/480/5179
481;https://www.hribi.net/izlet/pecana_planina_pecana/21/481/810
481;https://www.hribi.net/izlet/gozdarska_koca_rovtarica_planina_pecana/21/481/3726
481;https://www.hribi.net/izlet/bitenjska_planina_planina_pecana/21/481/3884
481;https://www.hribi.net/izlet/razglednik_planina_pecana/21/481/4320
481;https://www.hribi.net/izlet/podkorita_planina_pecana/21/481/3878
482;https://www.hribi.net/izlet/zavetisce_na_biba_planini_goli_vrh_savnice_po_oznaceni_poti/3/482/814
482;https://www.hribi.net/izlet/zavetisce_na_biba_planini_goli_vrh_savnice_po_neoznaceni_poti/3/482/6025
483;https://www.hribi.net/izlet/breznica_sveti_lovrenc_na_lovrenski_gori/21/483/816
484;https://www.hribi.net/izlet/mozirska_koca_na_golteh_dom_na_smrekovcu/3/484/1890
484;https://www.hribi.net/izlet/andrejev_dom_na_slemenu_dom_na_smrekovcu/3/484/1469
484;https://www.hribi.net/izlet/bele_vode_rebrsak_dom_na_smrekovcu/3/484/1465
484;https://www.hribi.net/izlet/atelsko_sedlo_dom_na_smrekovcu/3/484/817
484;https://www.hribi.net/izlet/kramarica_dom_na_smrekovcu_cez_bukov_stan/3/484/3571
484;https://www.hribi.net/izlet/kramarica_dom_na_smrekovcu_po_cesti/3/484/3573
484;https://www.hribi.net/izlet/ljubenske_rastke_vrnivsek_dom_na_smrekovcu/3/484/6148
484;https://www.hribi.net/izlet/ljubenske_rastke_kumprej_dom_na_smrekovcu/3/484/6149
484;https://www.hribi.net/izlet/izvir_ljubije_dom_na_smrekovcu_preko_leskovskove_pustote/3/484/5884
484;https://www.hribi.net/izlet/izvir_ljubije_dom_na_smrekovcu_po_cesti/3/484/5887
484;https://www.hribi.net/izlet/golte_alpski_vrt_dom_na_smrekovcu/3/484/9782
484;https://www.hribi.net/izlet/javorje_mala_crna_dom_na_smrekovcu_cez_bukov_stan/3/484/10362
484;https://www.hribi.net/izlet/javorje_mala_crna_dom_na_smrekovcu_po_cesti/3/484/10363
485;https://www.hribi.net/izlet/bele_vode_rebrsak_smrekovec/3/485/1466
485;https://www.hribi.net/izlet/dom_na_smrekovcu_smrekovec/3/485/818
485;https://www.hribi.net/izlet/kramarica_smrekovec_cez_bukov_stan/3/485/3572
485;https://www.hribi.net/izlet/andrejev_dom_na_slemenu_smrekovec/3/485/3570
485;https://www.hribi.net/izlet/kramarica_smrekovec_po_cesti/3/485/3574
485;https://www.hribi.net/izlet/ljubenske_rastke_vrnivsek_smrekovec/3/485/6150
485;https://www.hribi.net/izlet/ljubenske_rastke_kumprej_smrekovec/3/485/6151
485;https://www.hribi.net/izlet/izvir_ljubije_smrekovec_preko_leskovskove_pustote/3/485/5886
485;https://www.hribi.net/izlet/izvir_ljubije_smrekovec_po_cesti/3/485/5888
485;https://www.hribi.net/izlet/golte_alpski_vrt_smrekovec/3/485/9783
485;https://www.hribi.net/izlet/atelsko_sedlo_smrekovec/3/485/9797
485;https://www.hribi.net/izlet/javorje_mala_crna_smrekovec_cez_bukov_stan/3/485/10364
485;https://www.hribi.net/izlet/javorje_mala_crna_smrekovec_po_cesti/3/485/10365
486;https://www.hribi.net/izlet/dom_na_smrekovcu_krnes_direktna_pot/3/486/820
486;https://www.hribi.net/izlet/dom_na_smrekovcu_krnes_cez_smrekovec/3/486/819
487;https://www.hribi.net/izlet/dom_na_smrekovcu_komen_direktna_pot/3/487/822
487;https://www.hribi.net/izlet/dom_na_smrekovcu_komen_cez_smrekovec_in_krnes/3/487/821
487;https://www.hribi.net/izlet/ljubenske_rastke_komen/3/487/1927
487;https://www.hribi.net/izlet/pod_hlipovcem_komen/3/487/823
487;https://www.hribi.net/izlet/dolina_potoka_zep_komen/3/487/1928
487;https://www.hribi.net/izlet/planina_vodol_komen/3/487/3385
487;https://www.hribi.net/izlet/javorje_mala_crna_komen_cez_hlipovec/3/487/10373
488;https://www.hribi.net/izlet/pod_hlipovcem_veliki_travnik_turnovka_strma_pot/3/488/824
488;https://www.hribi.net/izlet/dolina_potoka_zep_veliki_travnik_turnovka/3/488/2069
488;https://www.hribi.net/izlet/planina_vodol_veliki_travnik_turnovka/3/488/3384
488;https://www.hribi.net/izlet/ljubno_ob_savinji_veliki_travnik_turnovka/3/488/3392
488;https://www.hribi.net/izlet/dolina_potoka_zep_veliki_travnik_turnovka_mimo_partizanske_bolnice/3/488/826
488;https://www.hribi.net/izlet/bistra_veliki_travnik_turnovka/3/488/3388
488;https://www.hribi.net/izlet/turnovka_veliki_travnik_turnovka/3/488/10409
488;https://www.hribi.net/izlet/kolarica_veliki_travnik_turnovka/3/488/10410
488;https://www.hribi.net/izlet/javorje_mala_crna_veliki_travnik_turnovka_strma_pot/3/488/10406
489;https://www.hribi.net/izlet/pod_hlipovcem_koca_na_travniku/3/489/825
489;https://www.hribi.net/izlet/planina_vodol_koca_na_travniku/3/489/3383
489;https://www.hribi.net/izlet/dolina_potoka_zep_koca_na_travniku/3/489/2068
489;https://www.hribi.net/izlet/kolarica_koca_na_travniku/3/489/1109
489;https://www.hribi.net/izlet/ljubno_ob_savinji_koca_na_travniku/3/489/3391
489;https://www.hribi.net/izlet/bistra_koca_na_travniku/3/489/3387
489;https://www.hribi.net/izlet/turnovka_koca_na_travniku/3/489/10408
489;https://www.hribi.net/izlet/javorje_mala_crna_koca_na_travniku/3/489/10407
490;https://www.hribi.net/izlet/robanov_kot_strelovec/3/490/827
490;https://www.hribi.net/izlet/hotel_plesnik_strelovec_cez_rkljevo_pec/3/490/828
490;https://www.hribi.net/izlet/hotel_plesnik_strelovec_cez_plesnikovo_planino/3/490/6024
490;https://www.hribi.net/izlet/podbreg_strelovec/3/490/6020
491;https://www.hribi.net/izlet/praproce_mali_vrh/5/491/829
491;https://www.hribi.net/izlet/brise_mali_vrh/5/491/2521
491;https://www.hribi.net/izlet/polhov_gradec_blagajev_grad_mali_vrh/5/491/5614
492;https://www.hribi.net/izlet/crni_vrh_veliki_hrib/5/492/830
493;https://www.hribi.net/izlet/crni_vrh_pasja_ravan/5/493/831
493;https://www.hribi.net/izlet/hotovlja_pasja_ravan/5/493/2988
493;https://www.hribi.net/izlet/selo_nad_polhovim_gradcem_pasja_ravan_mimo_ostreza/5/493/2474
493;https://www.hribi.net/izlet/ernejckov_graben_pasja_ravan/5/493/2990
494;https://www.hribi.net/izlet/polhov_gradec_blagajev_grad_kalvarija_juzna_pot/5/494/832
494;https://www.hribi.net/izlet/polhov_gradec_blagajev_grad_kalvarija_severna_pot/5/494/6184
495;https://www.hribi.net/izlet/potoce_sencnica_josipine_turnograjske/3/495/833
495;https://www.hribi.net/izlet/preddvor_sencnica_josipine_turnograjske/3/495/5042
496;https://www.hribi.net/izlet/potoce_planinska_koca_pri_franciju_po_markirani_poti/3/496/835
496;https://www.hribi.net/izlet/potoce_planinska_koca_pri_franciju_po_kolovozu/3/496/836
496;https://www.hribi.net/izlet/potoce_planinska_koca_pri_franciju_juhantova_pot/3/496/4274
496;https://www.hribi.net/izlet/preddvor_planinska_koca_pri_franciju_po_markirani_poti/3/496/5044
496;https://www.hribi.net/izlet/preddvor_planinska_koca_pri_franciju_juhantova_pot/3/496/5047
497;https://www.hribi.net/izlet/potoce_potoska_gora/3/497/837
497;https://www.hribi.net/izlet/spodnja_kokra_potoska_gora/3/497/844
498;https://www.hribi.net/izlet/potoki_ajdna/11/498/843
498;https://www.hribi.net/izlet/valvasorjev_dom_pod_stolom_ajdna_lahka_pot/11/498/3519
498;https://www.hribi.net/izlet/na_suseh_ajdna_plezalna_pot/11/498/842
498;https://www.hribi.net/izlet/koroska_bela_ajdna/11/498/2939
498;https://www.hribi.net/izlet/na_suseh_ajdna_lahka_pot/11/498/841
498;https://www.hribi.net/izlet/koroska_bela_ajdna_plezalna_pot/11/498/2938
498;https://www.hribi.net/izlet/valvasorjev_dom_pod_stolom_ajdna_plezalna_pot/11/498/3518
499;https://www.hribi.net/izlet/mace_cjanovca_macenska_pot_in_po_jv_grebenu/3/499/2331
499;https://www.hribi.net/izlet/spodnja_kokra_cjanovca/3/499/845
499;https://www.hribi.net/izlet/mace_cjanovca_cez_kozjek_in_dolgo_njivo/3/499/5372
499;https://www.hribi.net/izlet/mace_cjanovca_macenska_pot_in_cez_dolgo_njivo/3/499/5371
499;https://www.hribi.net/izlet/potoce_cjanovca_mimo_sv_jakoba_pod_potosko_goro_in_cez_babo/3/499/5356
499;https://www.hribi.net/izlet/mace_cjanovca_cez_kozjek_in_po_jv_grebenu/3/499/5369
499;https://www.hribi.net/izlet/spodnja_kokra_cjanovca_cez_babo/3/499/5361
500;https://www.hribi.net/izlet/predmeja_tuneli_koca_antona_bavcerja_na_cavnu/26/500/2379
500;https://www.hribi.net/izlet/polomova_rajda_koca_antona_bavcerja_na_cavnu_po_cesti/26/500/847
500;https://www.hribi.net/izlet/lokavec_koca_antona_bavcerja_na_cavnu/26/500/1405
500;https://www.hribi.net/izlet/predmeja_koca_antona_bavcerja_na_cavnu/26/500/2384
500;https://www.hribi.net/izlet/kamnje_koca_antona_bavcerja_na_cavnu/26/500/1483
500;https://www.hribi.net/izlet/stomaz_koca_antona_bavcerja_na_cavnu/26/500/1406
500;https://www.hribi.net/izlet/vrtovin_koca_antona_bavcerja_na_cavnu/26/500/3704
500;https://www.hribi.net/izlet/bevski_vrh_koca_antona_bavcerja_na_cavnu/26/500/10421
501;https://www.hribi.net/izlet/vrtovin_kucelj_na_cavnu/26/501/1480
501;https://www.hribi.net/izlet/predmeja_tuneli_kucelj_na_cavnu_srednjecavenska_pot/26/501/3705
501;https://www.hribi.net/izlet/predmeja_kucelj_na_cavnu/26/501/2385
501;https://www.hribi.net/izlet/polomova_rajda_kucelj_na_cavnu_po_cesti/26/501/848
501;https://www.hribi.net/izlet/krnica_kucelj_na_cavnu_cez_veliki_rob/26/501/3822
501;https://www.hribi.net/izlet/lokavec_kucelj_na_cavnu/26/501/2985
501;https://www.hribi.net/izlet/predmeja_tuneli_kucelj_na_cavnu_mimo_koce_na_cavnu/26/501/3706
501;https://www.hribi.net/izlet/kamnje_kucelj_na_cavnu/26/501/1482
501;https://www.hribi.net/izlet/gojace_kucelj_na_cavnu/26/501/3709
501;https://www.hribi.net/izlet/stomaz_kucelj_na_cavnu_mimo_koce_na_cavnu/26/501/2996
501;https://www.hribi.net/izlet/vrtovin_kucelj_na_cavnu_mimo_koce_na_mali_gori/26/501/3716
501;https://www.hribi.net/izlet/malovse_kucelj_na_cavnu/26/501/3720
502;https://www.hribi.net/izlet/polomova_rajda_mali_modrasovec_mimo_koce_na_cavnu/26/502/849
502;https://www.hribi.net/izlet/lokavec_mali_modrasovec/26/502/2388
502;https://www.hribi.net/izlet/predmeja_mali_modrasovec/26/502/7477
502;https://www.hribi.net/izlet/bevski_vrh_mali_modrasovec/26/502/10422
503;https://www.hribi.net/izlet/polomova_rajda_veliki_modrasovec_mimo_koce_na_cavnu/26/503/850
503;https://www.hribi.net/izlet/predmeja_veliki_modrasovec/26/503/2995
503;https://www.hribi.net/izlet/lokavec_veliki_modrasovec/26/503/2387
503;https://www.hribi.net/izlet/predmeja_tuneli_veliki_modrasovec/26/503/3707
503;https://www.hribi.net/izlet/kamnje_veliki_modrasovec/26/503/3026
503;https://www.hribi.net/izlet/vrtovin_veliki_modrasovec/26/503/3713
503;https://www.hribi.net/izlet/stomaz_veliki_modrasovec/26/503/3708
503;https://www.hribi.net/izlet/bevski_vrh_veliki_modrasovec/26/503/10420
504;https://www.hribi.net/izlet/brinje_rovt_vrse/11/504/851
504;https://www.hribi.net/izlet/dovje_rovt_vrse_mimo_seducnika/11/504/5117
504;https://www.hribi.net/izlet/dovje_rovt_vrse_po_cesti/11/504/5116
505;https://www.hribi.net/izlet/brinje_borovje_grebenska_pot/11/505/852
505;https://www.hribi.net/izlet/brinje_borovje_cez_rovt_vrse_in_sedlo/11/505/3394
505;https://www.hribi.net/izlet/dovje_borovje_mimo_seducnika_in_cez_sedlo/11/505/5119
506;https://www.hribi.net/izlet/dolina_krma_veliki_prsivec/1/506/853
507;https://www.hribi.net/izlet/ratece_dreilandereck_hutte_po_cesti/11/507/857
507;https://www.hribi.net/izlet/korensko_sedlo_dreilandereck_hutte_po_markirani_poti/11/507/6204
507;https://www.hribi.net/izlet/polja_dreilandereck_hutte_mimo_kalisja/11/507/6210
507;https://www.hribi.net/izlet/polja_dreilandereck_hutte_cez_petelinjek/11/507/6208
508;https://www.hribi.net/izlet/grahovse_spominska_plosca_jozeta_rozmana/11/508/861
509;https://www.hribi.net/izlet/dom_pod_storzicem_planina_javornik/11/509/865
509;https://www.hribi.net/izlet/grahovse_planina_javornik/11/509/863
509;https://www.hribi.net/izlet/trziski_graben_planina_javornik/11/509/3575
509;https://www.hribi.net/izlet/planina_vetrh_planina_javornik/11/509/6438
509;https://www.hribi.net/izlet/grahovse_planina_javornik_mimo_rekarja/11/509/7989
510;https://www.hribi.net/izlet/mala_lazna_iztokova_koca_pod_golaki/26/510/2837
510;https://www.hribi.net/izlet/preval_strgarija_iztokova_koca_pod_golaki/26/510/868
510;https://www.hribi.net/izlet/kozarnice_iztokova_koca_pod_golaki/26/510/3066
510;https://www.hribi.net/izlet/predmeja_gorjanka_iztokova_koca_pod_golaki_po_stkp/26/510/10426
510;https://www.hribi.net/izlet/bevski_vrh_iztokova_koca_pod_golaki/26/510/10423
510;https://www.hribi.net/izlet/koca_edmunda_cibeja_v_tihi_dolini_iztokova_koca_pod_golaki_po_stkp/26/510/10427
511;https://www.hribi.net/izlet/koca_edmunda_cibeja_v_tihi_dolini_mali_golak/26/511/869
511;https://www.hribi.net/izlet/mala_lazna_mali_golak/26/511/2839
511;https://www.hribi.net/izlet/preval_strgarija_mali_golak/26/511/3067
511;https://www.hribi.net/izlet/kozarnice_mali_golak/26/511/3065
511;https://www.hribi.net/izlet/skrbina_mali_golak/26/511/2845
511;https://www.hribi.net/izlet/predmeja_gorjanka_mali_golak/26/511/10428
511;https://www.hribi.net/izlet/bevski_vrh_mali_golak/26/511/10424
512;https://www.hribi.net/izlet/koca_na_pesku_rogla_pes_pot/4/512/872
512;https://www.hribi.net/izlet/rogla_hotel_planja_rogla/4/512/870
512;https://www.hribi.net/izlet/vitanje_rogla/4/512/4986
512;https://www.hribi.net/izlet/mislinja_rogla_cez_tolsti_vrh/4/512/6228
512;https://www.hribi.net/izlet/mislinjski_graben_pestotnik_rogla_cez_ostruscico/4/512/6227
512;https://www.hribi.net/izlet/zrece_cerkev_sv_egidija_rogla_cez_gorenje/4/512/8136
512;https://www.hribi.net/izlet/lovrenc_na_pohorju_rogla/4/512/8366
512;https://www.hribi.net/izlet/koca_na_klopnem_vrhu_rogla/4/512/8386
512;https://www.hribi.net/izlet/ribniska_koca_rogla/4/512/8848
512;https://www.hribi.net/izlet/ribniska_koca_rogla_mimo_lovrenskih_jezer/4/512/8846
512;https://www.hribi.net/izlet/gorenje_pri_zrecah_rogla/4/512/9914
512;https://www.hribi.net/izlet/oplotnica_rogla/4/512/9345
513;https://www.hribi.net/izlet/rogla_hotel_planja_koca_na_pesku_cez_vrh_rogle/4/513/871
513;https://www.hribi.net/izlet/ribniska_koca_koca_na_pesku_mimo_lovrenskih_jezer/4/513/884
513;https://www.hribi.net/izlet/koca_na_klopnem_vrhu_koca_na_pesku/4/513/8383
513;https://www.hribi.net/izlet/lovrenc_na_pohorju_koca_na_pesku/4/513/8361
514;https://www.hribi.net/izlet/rogla_hotel_planja_lovrenska_jezera_vzhodna_pot/4/514/874
514;https://www.hribi.net/izlet/koca_na_pesku_lovrenska_jezera/4/514/873
514;https://www.hribi.net/izlet/ribniska_koca_lovrenska_jezera/4/514/883
514;https://www.hribi.net/izlet/lovrenc_na_pohorju_lovrenska_jezera/4/514/4912
514;https://www.hribi.net/izlet/rogla_hotel_planja_lovrenska_jezera_zahodna_pot/4/514/8840
515;https://www.hribi.net/izlet/rogla_hotel_planja_jezerski_vrh_mimo_lovrenskih_jezer/4/515/876
515;https://www.hribi.net/izlet/ribniska_koca_jezerski_vrh/4/515/880
515;https://www.hribi.net/izlet/koca_na_pesku_jezerski_vrh_mimo_lovrenskih_jezer/4/515/875
515;https://www.hribi.net/izlet/rogla_hotel_planja_jezerski_vrh/4/515/8842
515;https://www.hribi.net/izlet/lovrenc_na_pohorju_pokopalisce_jezerski_vrh/4/515/8851
516;https://www.hribi.net/izlet/ribniska_koca_ribnisko_jezero/4/516/879
516;https://www.hribi.net/izlet/rogla_hotel_planja_ribnisko_jezero_mimo_lovrenskih_jezer/4/516/878
516;https://www.hribi.net/izlet/koca_na_pesku_ribnisko_jezero_mimo_lovrenskih_jezer/4/516/877
516;https://www.hribi.net/izlet/rogla_hotel_planja_ribnisko_jezero/4/516/8841
516;https://www.hribi.net/izlet/lovrenc_na_pohorju_pokopalisce_ribnisko_jezero/4/516/8852
517;https://www.hribi.net/izlet/grmovskov_dom_ribniska_koca/4/517/889
517;https://www.hribi.net/izlet/ribnica_na_pohorju_ribniska_koca/4/517/893
517;https://www.hribi.net/izlet/rogla_hotel_planja_ribniska_koca_mimo_lovrenskih_jezer/4/517/882
517;https://www.hribi.net/izlet/koca_na_pesku_ribniska_koca_mimo_lovrenskih_jezer/4/517/881
517;https://www.hribi.net/izlet/ribnica_na_pohorju_ribniska_koca_po_cesti/4/517/894
517;https://www.hribi.net/izlet/rogla_hotel_planja_ribniska_koca/4/517/8843
517;https://www.hribi.net/izlet/mislinja_ribniska_koca/4/517/9922
517;https://www.hribi.net/izlet/lovrenc_na_pohorju_pokopalisce_ribniska_koca/4/517/8850
518;https://www.hribi.net/izlet/ribniska_koca_mali_crni_vrh/4/518/885
518;https://www.hribi.net/izlet/grmovskov_dom_pod_veliko_kopo_mali_crni_vrh/4/518/8844
518;https://www.hribi.net/izlet/mislinja_mali_crni_vrh/4/518/9923
519;https://www.hribi.net/izlet/mislinja_crni_vrh/4/519/1336
519;https://www.hribi.net/izlet/ribniska_koca_crni_vrh/4/519/886
519;https://www.hribi.net/izlet/grmovskov_dom_pod_veliko_kopo_crni_vrh/4/519/890
519;https://www.hribi.net/izlet/dovze_crni_vrh/4/519/3095
520;https://www.hribi.net/izlet/ribniska_koca_grmovskov_dom_pod_veliko_kopo/4/520/887
520;https://www.hribi.net/izlet/dovze_grmovskov_dom_pod_veliko_kopo/4/520/3091
520;https://www.hribi.net/izlet/partizanski_dom_kope_grmovskov_dom_pod_veliko_kopo/4/520/10460
520;https://www.hribi.net/izlet/mislinja_grmovskov_dom_pod_veliko_kopo/4/520/9921
520;https://www.hribi.net/izlet/koca_planinc_grmovskov_dom_pod_veliko_kopo/4/520/10469
520;https://www.hribi.net/izlet/brnesko_sedlo_grmovskov_dom_pod_veliko_kopo/4/520/10465
521;https://www.hribi.net/izlet/grmovskov_dom_velika_kopa/4/521/888
521;https://www.hribi.net/izlet/dovze_velika_kopa/4/521/3092
521;https://www.hribi.net/izlet/brda_velika_kopa/4/521/3094
521;https://www.hribi.net/izlet/koca_planinc_velika_kopa/4/521/10468
521;https://www.hribi.net/izlet/brnesko_sedlo_velika_kopa/4/521/10464
521;https://www.hribi.net/izlet/partizanski_dom_kope_velika_kopa/4/521/10459
521;https://www.hribi.net/izlet/vuhred_velika_kopa/4/521/10456
522;https://www.hribi.net/izlet/ribnica_na_pohorju_koca_na_pesniku/4/522/891
522;https://www.hribi.net/izlet/ribnica_na_pohorju_koca_na_pesniku_po_cesti/4/522/892
523;https://www.hribi.net/izlet/kupljenik_babji_zob/21/523/895
523;https://www.hribi.net/izlet/selski_most_babji_zob_cez_kupljenik/21/523/5330
523;https://www.hribi.net/izlet/gozdarska_koca_rovtarica_babji_zob_skozi_gladko_dolino/21/523/3901
523;https://www.hribi.net/izlet/gozdarska_koca_rovtarica_babji_zob_cez_zontarico/21/523/3905
523;https://www.hribi.net/izlet/selski_most_babji_zob/21/523/5320
524;https://www.hribi.net/izlet/kupljenik_danejeva_planina/21/524/896
524;https://www.hribi.net/izlet/selski_most_danejeva_planina/21/524/5327
525;https://www.hribi.net/izlet/smrecje_lovska_koca_stanic_po_cesti/11/525/897
526;https://www.hribi.net/izlet/smrecje_pecovnik_po_cesti/11/526/898
526;https://www.hribi.net/izlet/jezerski_vrh_pecovnik/11/526/5736
527;https://www.hribi.net/izlet/podpec_sveta_ana/26/527/3671
527;https://www.hribi.net/izlet/jezero_sveta_ana/26/527/1307
527;https://www.hribi.net/izlet/preserje_sveta_ana/26/527/900
528;https://www.hribi.net/izlet/povlje_krnicarjeva_koca_na_planini_javornik/3/528/903
528;https://www.hribi.net/izlet/lasko_krnicarjeva_koca_na_planini_javornik/3/528/996
528;https://www.hribi.net/izlet/povlje_krnicarjeva_koca_na_planini_javornik_dolenceva_pot_cez_veliko_poljano/3/528/904
528;https://www.hribi.net/izlet/dom_pod_storzicem_krnicarjeva_koca_na_planini_javornik/3/528/8209
528;https://www.hribi.net/izlet/zalog_krnicarjeva_koca_na_planini_javornik/3/528/5978
529;https://www.hribi.net/izlet/kozarnice_srednji_golak_cez_mali_golak/26/529/905
529;https://www.hribi.net/izlet/skrbina_srednji_golak/26/529/2855
530;https://www.hribi.net/izlet/gabrje_limbarska_gora_pes_pot/25/530/908
530;https://www.hribi.net/izlet/krasnja_limbarska_gora/25/530/907
530;https://www.hribi.net/izlet/blagovica_limbarska_gora/25/530/2945
530;https://www.hribi.net/izlet/gradisko_jezero_limbarska_gora/25/530/7149
530;https://www.hribi.net/izlet/moravce_limbarska_gora_skozi_gabrje/25/530/910
530;https://www.hribi.net/izlet/moravce_limbarska_gora_skozi_serjuce/25/530/909
530;https://www.hribi.net/izlet/zavrh_pri_trojanah_limbarska_gora_cez_golcaj/25/530/3592
530;https://www.hribi.net/izlet/pece_limbarska_gora/25/530/7621
530;https://www.hribi.net/izlet/kandrse_trata_limbarska_gora/25/530/7619
531;https://www.hribi.net/izlet/rudno_polje_srednji_selisnik_snezni_pristop/1/531/911
532;https://www.hribi.net/izlet/koca_pri_savici_slap_savica/1/532/912
533;https://www.hribi.net/izlet/petacev_graben_sveta_jedert/5/533/2473
533;https://www.hribi.net/izlet/selo_nad_polhovim_gradcem_sveta_jedert/5/533/913
534;https://www.hribi.net/izlet/sv_andrej_sveti_ozbolt_nad_zmincem/5/534/2261
534;https://www.hribi.net/izlet/selo_nad_polhovim_gradcem_sveti_ozbolt_nad_zmincem_po_cesti/5/534/914
534;https://www.hribi.net/izlet/pustal_na_dobravi_sveti_ozbolt_nad_zmincem/5/534/7541
534;https://www.hribi.net/izlet/sveta_barbara_nova_hrastnica_sveti_ozbolt_nad_zmincem/5/534/7543
535;https://www.hribi.net/izlet/selo_nad_polhovim_gradcem_mlaka/5/535/915
535;https://www.hribi.net/izlet/prosen_mlaka/5/535/916
539;https://www.hribi.net/izlet/brezje_pri_trzicu_vasko/3/539/921
539;https://www.hribi.net/izlet/brezje_pri_trzicu_vasko_vzhodna_pot/3/539/7799
539;https://www.hribi.net/izlet/vodohran_zegnani_studenec_vasko/3/539/7800
540;https://www.hribi.net/izlet/sport_hotel_planina_zajavornik/1/540/922
541;https://www.hribi.net/izlet/solkan_sabotin_juzna_pot/26/541/926
541;https://www.hribi.net/izlet/solkan_sabotin_severna_pot/26/541/945
541;https://www.hribi.net/izlet/za_koridorjem_sabotin_direktna_pot/26/541/4341
541;https://www.hribi.net/izlet/za_koridorjem_sabotin_po_grebenu/26/541/4343
541;https://www.hribi.net/izlet/podsabotin_sabotin/26/541/5299
542;https://www.hribi.net/izlet/ljubelj_na_mozeh/11/542/927
543;https://www.hribi.net/izlet/zgornje_poljcane_boc_cez_babo/11/543/1370
543;https://www.hribi.net/izlet/zgornje_poljcane_boc_cez_balunjaco/11/543/1371
543;https://www.hribi.net/izlet/zgornje_poljcane_boc_mimo_doma_na_bocu_in_po_plezalni_poti/11/543/5295
543;https://www.hribi.net/izlet/zgornji_gabernik_boc_cez_galke_in_balunjaco_-_krozna_pot/11/543/4763
543;https://www.hribi.net/izlet/dom_na_bocu_boc_po_sencni_poti/11/543/8952
543;https://www.hribi.net/izlet/studenice_boc_po_cesti/11/543/4896
543;https://www.hribi.net/izlet/zgornje_poljcane_boc_po_cesti_in_sencni_poti/11/543/5167
543;https://www.hribi.net/izlet/zgornja_kostrivnica_boc_mimo_koce_velikonocnice/11/543/7339
543;https://www.hribi.net/izlet/zgornja_kostrivnica_boc/11/543/7338
543;https://www.hribi.net/izlet/zgornje_poljcane_boc_po_cesti/11/543/5097
543;https://www.hribi.net/izlet/makole_boc_sencna_pot/11/543/8686
543;https://www.hribi.net/izlet/makole_boc_cez_balunjaco/11/543/8691
543;https://www.hribi.net/izlet/cerovec_pod_bocem_boc_cez_balunjaco/11/543/8961
543;https://www.hribi.net/izlet/cerovec_pod_bocem_boc_sencna_pot/11/543/8960
543;https://www.hribi.net/izlet/okrepcevalnica_zelena_dolina_boc_cez_balunjaco/11/543/9638
543;https://www.hribi.net/izlet/brzika_boc_cez_balunjaco/11/543/9647
543;https://www.hribi.net/izlet/brzika_boc_sencna_pot/11/543/9648
543;https://www.hribi.net/izlet/okrepcevalnica_zelena_dolina_boc_sencna_pot/11/543/9637
543;https://www.hribi.net/izlet/zgornje_poljcane_boc/11/543/10863
543;https://www.hribi.net/izlet/pecica_boc/11/543/10870
543;https://www.hribi.net/izlet/pecica_boc_cez_balunjaco/11/543/10869
543;https://www.hribi.net/izlet/pecica_boc_sencna_pot/11/543/10871
544;https://www.hribi.net/izlet/stahovica_sveti_primoz_nad_kamnikom_po_cesti/3/544/929
545;https://www.hribi.net/izlet/lokve_poldanovec/26/545/935
545;https://www.hribi.net/izlet/dom_na_lazni_poldanovec/26/545/3172
545;https://www.hribi.net/izlet/gorenja_trebusa_poldanovec_poldanovska_grapa/26/545/8384
546;https://www.hribi.net/izlet/hotavlje_dom_na_slajki/21/546/936
546;https://www.hribi.net/izlet/hotavlje_dom_na_slajki_po_cesti/21/546/937
546;https://www.hribi.net/izlet/hotavlje_dom_na_slajki_cez_belo/21/546/8024
546;https://www.hribi.net/izlet/podgora_dom_na_slajki/21/546/8028
547;https://www.hribi.net/izlet/sovodenj_koca_na_ermanovcu_skozi_miklavzevo_grapo/21/547/1908
547;https://www.hribi.net/izlet/sovodenj_koca_na_ermanovcu_razgledna_pot/21/547/1907
547;https://www.hribi.net/izlet/hotavlje_koca_na_ermanovcu_cez_slajko/21/547/938
547;https://www.hribi.net/izlet/kopacnica_koca_na_ermanovcu/21/547/3033
547;https://www.hribi.net/izlet/hotavlje_koca_na_ermanovcu_po_cesti/21/547/939
547;https://www.hribi.net/izlet/trebija_koca_na_ermanovcu_cez_ermanovec/21/547/4412
547;https://www.hribi.net/izlet/podlanisce_koca_na_ermanovcu/21/547/5801
547;https://www.hribi.net/izlet/cerkno_koca_na_ermanovcu_skozi_planino_pri_cerknem/21/547/5808
547;https://www.hribi.net/izlet/sovodenj_koca_na_ermanovcu_po_cesti/21/547/5799
547;https://www.hribi.net/izlet/cerkno_koca_na_ermanovcu_cez_kladje/21/547/5805
547;https://www.hribi.net/izlet/dolenji_novaki_pod_kovkom_koca_na_ermanovcu/21/547/7316
547;https://www.hribi.net/izlet/podgora_koca_na_ermanovcu_cez_slajko/21/547/8032
549;https://www.hribi.net/izlet/crngrob_sveti_nadangel_gabrijel_planica/21/549/940
549;https://www.hribi.net/izlet/krizna_gora_sveti_nadangel_gabrijel_planica/21/549/5246
549;https://www.hribi.net/izlet/praprotno_sveti_nadangel_gabrijel_planica/21/549/3252
549;https://www.hribi.net/izlet/moskrin_sveti_nadangel_gabrijel_planica/21/549/944
549;https://www.hribi.net/izlet/rakovica_sveti_nadangel_gabrijel_planica/21/549/3043
549;https://www.hribi.net/izlet/cepulje_sveti_nadangel_gabrijel_planica/21/549/5746
549;https://www.hribi.net/izlet/skofja_loka_sveti_nadangel_gabrijel_planica/21/549/7325
549;https://www.hribi.net/izlet/dorfarje_sveti_nadangel_gabrijel_planica/21/549/5248
549;https://www.hribi.net/izlet/pevno_sveti_nadangel_gabrijel_planica/21/549/6633
549;https://www.hribi.net/izlet/vester_sveti_nadangel_gabrijel_planica/21/549/7328
550;https://www.hribi.net/izlet/skofja_loka_sveti_kriz_krizna_gora/21/550/4329
550;https://www.hribi.net/izlet/crngrob_sveti_kriz_krizna_gora_cez_planico/21/550/941
550;https://www.hribi.net/izlet/praprotno_sveti_kriz_krizna_gora/21/550/3253
550;https://www.hribi.net/izlet/moskrin_sveti_kriz_krizna_gora_cez_cavrn/21/550/943
550;https://www.hribi.net/izlet/moskrin_sveti_kriz_krizna_gora_po_cesti/21/550/942
550;https://www.hribi.net/izlet/krizna_gora_sveti_kriz_krizna_gora/21/550/5247
550;https://www.hribi.net/izlet/crngrob_sveti_kriz_krizna_gora/21/550/5244
550;https://www.hribi.net/izlet/vester_sveti_kriz_krizna_gora/21/550/7327
550;https://www.hribi.net/izlet/dorfarje_sveti_kriz_krizna_gora_cez_planico/21/550/5250
550;https://www.hribi.net/izlet/pevno_sveti_kriz_krizna_gora_cez_planico/21/550/6635
550;https://www.hribi.net/izlet/dorfarje_sveti_kriz_krizna_gora/21/550/5251
550;https://www.hribi.net/izlet/pevno_sveti_kriz_krizna_gora/21/550/6634
551;https://www.hribi.net/izlet/turski_klanec_mrzovec/26/551/2838
551;https://www.hribi.net/izlet/mala_lazna_mrzovec_po_cesti/26/551/2836
551;https://www.hribi.net/izlet/nemci_mrzovec/26/551/7438
554;https://www.hribi.net/izlet/brinje_planica_cez_vrse/11/554/949
554;https://www.hribi.net/izlet/brinje_planica_cez_borovje/11/554/3393
554;https://www.hribi.net/izlet/dovje_planica_mimo_seducnika_in_cez_sedlo/11/554/5121
555;https://www.hribi.net/izlet/gostisce_pekel_soteska_pekel_5_slap_po_soteski/26/555/950
555;https://www.hribi.net/izlet/gostisce_pekel_soteska_pekel_5_slap_cez_pristavo/26/555/951
556;https://www.hribi.net/izlet/snezniska_grda_jama_mali_sneznik/26/556/954
556;https://www.hribi.net/izlet/sviscaki_mali_sneznik/26/556/5680
556;https://www.hribi.net/izlet/grda_draga_mali_sneznik/26/556/5679
556;https://www.hribi.net/izlet/masun_mali_sneznik/26/556/7931
557;https://www.hribi.net/izlet/planina_pod_golico_jeseniska_planina/11/557/2086
557;https://www.hribi.net/izlet/martincev_rovt_jeseniska_planina/11/557/957
559;https://www.hribi.net/izlet/lokve_stanov_rob/26/559/960
559;https://www.hribi.net/izlet/dom_na_lazni_stanov_rob/26/559/3173
560;https://www.hribi.net/izlet/kapelska_koca___eisenkappler_hutte_ojstrc___hochobir/11/560/3146
560;https://www.hribi.net/izlet/sajda___schaidasattel_ojstrc___hochobir/11/560/965
560;https://www.hribi.net/izlet/kurnikovo_sedlo_ojstrc___hochobir_pes_pot/11/560/961
560;https://www.hribi.net/izlet/suha___zauchen_ojstrc___hochobir_skozi_bozicev_graben/11/560/3142
560;https://www.hribi.net/izlet/suha___zauchen_ojstrc___hochobir_skozi_kunetov_graben/11/560/3141
560;https://www.hribi.net/izlet/podkanja_vas___wildenstein_ojstrc___hochobir/11/560/6534
561;https://www.hribi.net/izlet/kurnikovo_sedlo_obirska_planina/11/561/963
561;https://www.hribi.net/izlet/sajda___zell-schaida_obirska_planina/11/561/966
562;https://www.hribi.net/izlet/kurnikovo_sedlo_kapelska_koca___eisenkappler_hutte_pes_pot/11/562/962
562;https://www.hribi.net/izlet/sajda___zell-schaida_kapelska_koca___eisenkappler_hutte/11/562/967
562;https://www.hribi.net/izlet/suha___zauchen_kapelska_koca___eisenkappler_hutte_skozi_kunetov_graben/11/562/3144
562;https://www.hribi.net/izlet/suha___zauchen_kapelska_koca___eisenkappler_hutte_skozi_bozicev_graben/11/562/3145
562;https://www.hribi.net/izlet/rebrca___rechberg_kapelska_koca___eisenkappler_hutte_mimo_bukovnika_in_preko_pocule/11/562/6536
562;https://www.hribi.net/izlet/podkanja_vas___wildenstein_kapelska_koca___eisenkappler_hutte/11/562/6535
562;https://www.hribi.net/izlet/rebrca___rechberg_kapelska_koca___eisenkappler_hutte_cez_rokov_vrh_in_poculo/11/562/6544
563;https://www.hribi.net/izlet/rifugio_nordio_planina_dolnica_dolinza_alm/27/563/969
563;https://www.hribi.net/izlet/kociska_planina___koutschitz_alm_planina_dolnica_dolinza_alm_po_cesti/27/563/1286
564;https://www.hribi.net/izlet/rifugio_nordio_planina_bistrica_hutte_oisternig_cez_lom/27/564/971
564;https://www.hribi.net/izlet/rifugio_nordio_planina_bistrica_hutte_oisternig_direktna_pot/27/564/970
564;https://www.hribi.net/izlet/rifugio__nordio_planina_bistrica_hutte_oisternig_cez_sella_pleccia/27/564/981
568;https://www.hribi.net/izlet/rifugio_nordio_ojstrnik_osternig_direktna_pot/27/568/972
568;https://www.hribi.net/izlet/rifugio_nordio_ojstrnik_osternig_cez_lom/27/568/973
568;https://www.hribi.net/izlet/rifugio__nordio_ojstrnik_osternig_cez_sella_pleccia/27/568/982
569;https://www.hribi.net/izlet/rifugio_nordio_gozman_cez_lom/27/569/975
569;https://www.hribi.net/izlet/rifugio__nordio_gozman_cez_sella_pleccia/27/569/980
569;https://www.hribi.net/izlet/rifugio_nordio_gozman_direktna_pot/27/569/976
570;https://www.hribi.net/izlet/rifugio_nordio_marija_snezna_maria_schnee_pod_gozmanom_direktna_pot/27/570/977
570;https://www.hribi.net/izlet/rifugio_nordio_marija_snezna_maria_schnee_pod_gozmanom_cez_lom/27/570/978
570;https://www.hribi.net/izlet/rifugio__nordio_marija_snezna_maria_schnee_pod_gozmanom_cez_sella_pleccia/27/570/979
571;https://www.hribi.net/izlet/senozece_vremscica/26/571/1400
571;https://www.hribi.net/izlet/volce_vremscica/26/571/1626
571;https://www.hribi.net/izlet/loscica_vremscica/26/571/3699
571;https://www.hribi.net/izlet/gabrce_vremscica/26/571/1399
571;https://www.hribi.net/izlet/gornje_lezece_vremscica/26/571/2421
571;https://www.hribi.net/izlet/matavun_vremscica/26/571/3696
571;https://www.hribi.net/izlet/famlje_vremscica/26/571/3698
571;https://www.hribi.net/izlet/podgora_vremscica/26/571/3697
572;https://www.hribi.net/izlet/rifugio__nordio_schonwipfel_schutz_hutte_cez_sella_pleccia/27/572/983
573;https://www.hribi.net/izlet/rifugio__nordio_zahomec_achomitzer_berg_cez_sella_pleccia/27/573/984
574;https://www.hribi.net/izlet/dom_na_osankarici_posestvo_sumik_mimo_taborisca/4/574/989
574;https://www.hribi.net/izlet/koca_na_klopnem_vrhu_posestvo_sumik/4/574/3942
574;https://www.hribi.net/izlet/ruska_koca_na_arehu_posestvo_sumik/4/574/8754
574;https://www.hribi.net/izlet/sveti_trije_kralji_posestvo_sumik/4/574/8727
574;https://www.hribi.net/izlet/dom_na_osankarici_posestvo_sumik_mimo_crnega_jezera/4/574/8753
574;https://www.hribi.net/izlet/ruse_posestvo_sumik_mimo_sv_marije/4/574/9168
574;https://www.hribi.net/izlet/smolnik_marotov_most_posestvo_sumik_po_dolini_lobnice/4/574/9172
575;https://www.hribi.net/izlet/koca_na_sumiku_dom_na_osankarici_mimo_taborisca/4/575/988
575;https://www.hribi.net/izlet/oplotnica_dom_na_osankarici_mimo_crnega_jezera/4/575/4437
575;https://www.hribi.net/izlet/koca_na_klopnem_vrhu_dom_na_osankarici/4/575/3941
575;https://www.hribi.net/izlet/oplotnica_dom_na_osankarici_po_kebeljski_transverzali/4/575/4439
575;https://www.hribi.net/izlet/sveti_trije_kralji_dom_na_osankarici_mimo_crnega_jezera/4/575/8643
575;https://www.hribi.net/izlet/koca_na_sumiku_dom_na_osankarici_mimo_crnega_jezera/4/575/8743
575;https://www.hribi.net/izlet/kebelj_dom_na_osankarici_mimo_kosa/4/575/8651
575;https://www.hribi.net/izlet/oplotnica_dom_na_osankarici_mimo_sv_treh_kraljev/4/575/8640
575;https://www.hribi.net/izlet/kebelj_dom_na_osankarici_mimo_sv_treh_kraljev/4/575/8649
578;https://www.hribi.net/izlet/baselj_dom_na_lovrencu_baselj/3/578/4887
578;https://www.hribi.net/izlet/lasko_dom_na_lovrencu_baselj/3/578/994
578;https://www.hribi.net/izlet/babni_vrt_dom_na_lovrencu_baselj_skozi_gozd/3/578/6382
578;https://www.hribi.net/izlet/povlje_dom_na_lovrencu_baselj/3/578/6380
579;https://www.hribi.net/izlet/lasko_sveti_lovrenc_baselj/3/579/995
579;https://www.hribi.net/izlet/baselj_sveti_lovrenc_baselj/3/579/4888
579;https://www.hribi.net/izlet/baselj_sveti_lovrenc_baselj_cez_gradisce/3/579/4876
579;https://www.hribi.net/izlet/povlje_sveti_lovrenc_baselj/3/579/6381
579;https://www.hribi.net/izlet/babni_vrt_sveti_lovrenc_baselj_skozi_gozd/3/579/6383
580;https://www.hribi.net/izlet/stara_fuzina_koca_na_vojah/1/580/1007
581;https://www.hribi.net/izlet/trate____johannsenruhe_ovcji_vrh_kozjak___geissberg_kosiak_jugozahodna_pot/11/581/1013
581;https://www.hribi.net/izlet/podnar___bodenbauer_ovcji_vrh_kozjak___geissberg_kosiak_mimo_celovske_koce/11/581/1021
581;https://www.hribi.net/izlet/podnar___bodenbauer_ovcji_vrh_kozjak___geissberg_kosiak_direktna_pot/11/581/1014
581;https://www.hribi.net/izlet/podnar___bodenbauer_ovcji_vrh_kozjak___geissberg_kosiak_cez_karweg_in_jugozahodna_pot/11/581/5027
581;https://www.hribi.net/izlet/vgriz___ogris_ovcji_vrh_kozjak___geissberg_kosiak_direktna_pot/11/581/1015
581;https://www.hribi.net/izlet/vgriz___ogris_ovcji_vrh_kozjak___geissberg_kosiak_mimo_celovske_koce/11/581/1022
581;https://www.hribi.net/izlet/trate___johannsenruhe_ovcji_vrh_kozjak___geissberg_kosiak_jugovzhodna_pot/11/581/5020
581;https://www.hribi.net/izlet/podnar___bodenbauer_ovcji_vrh_kozjak___geissberg_kosiak_cez_karweg_in_jugovzhodna_pot/11/581/5026
582;https://www.hribi.net/izlet/trate____johannsenruhe_celovska_koca___klagenfurter_hutte/11/582/1016
582;https://www.hribi.net/izlet/podnar___bodenbauer_celovska_koca___klagenfurter_hutte/11/582/1019
582;https://www.hribi.net/izlet/ljubelj_celovska_koca___klagenfurter_hutte_mimo_vatelce_oz_sklede/11/582/5072
582;https://www.hribi.net/izlet/podnar___bodenbauer_celovska_koca___klagenfurter_hutte_cez_karweg/11/582/4077
582;https://www.hribi.net/izlet/vgriz___ogris_celovska_koca___klagenfurter_hutte/11/582/1020
583;https://www.hribi.net/izlet/vgriz___ogris_vgrizeva_planina___ogrisalm/11/583/1017
583;https://www.hribi.net/izlet/podnar___bodenbauer_vgrizeva_planina___ogrisalm/11/583/1018
583;https://www.hribi.net/izlet/poden___bodental_vgrizeva_planina___ogrisalm/11/583/7141
583;https://www.hribi.net/izlet/slovenji_plajberk___windisch_bleiberg_vgrizeva_planina___ogrisalm/11/583/7139
584;https://www.hribi.net/izlet/ravne_planina_za_crno_goro/1/584/1025
584;https://www.hribi.net/izlet/bohinjska_bistrica_planina_za_crno_goro/1/584/6523
584;https://www.hribi.net/izlet/vrh_bace_planina_za_crno_goro/1/584/4020
584;https://www.hribi.net/izlet/bohinjsko_sedlo_planina_za_crno_goro/1/584/4016
584;https://www.hribi.net/izlet/petrovo_brdo_planina_za_crno_goro/1/584/4025
584;https://www.hribi.net/izlet/podbrdo_planina_za_crno_goro_cez_vrh_bace/1/584/4029
585;https://www.hribi.net/izlet/dom_trilobit_planina_seca/11/585/1034
585;https://www.hribi.net/izlet/konec_ceste_pod_strusko_strmela_planina_seca_lovska_in_rudarska_ucna_pot/11/585/2324
585;https://www.hribi.net/izlet/rute_zavrh___barental_planina_seca/11/585/2532
586;https://www.hribi.net/izlet/tinckova_koca_svacica_cez_smokusko_planino/11/586/1040
586;https://www.hribi.net/izlet/tinckova_koca_svacica_cez_zagon/11/586/1055
586;https://www.hribi.net/izlet/ljubelj_svacica_zgornja_pot/11/586/3354
586;https://www.hribi.net/izlet/trate____johannsenruhe_svacica/11/586/1041
586;https://www.hribi.net/izlet/podnar___bodenbauer_svacica/11/586/1062
586;https://www.hribi.net/izlet/ljubelj_svacica_mimo_vatelce_oz_sklede/11/586/4072
586;https://www.hribi.net/izlet/vgriz___ogris_svacica/11/586/1063
586;https://www.hribi.net/izlet/podnar___bodenbauer_svacica_cez_melisce/11/586/4084
586;https://www.hribi.net/izlet/podnar___bodenbauer_svacica_cez_karweg/11/586/4078
587;https://www.hribi.net/izlet/ribcev_laz_planinska_koca_merjasec/1/587/3249
587;https://www.hribi.net/izlet/ukanc_planinska_koca_merjasec_skozi_zagarjev_graben/1/587/3250
587;https://www.hribi.net/izlet/planina_storeca_raven_planinska_koca_merjasec/1/587/1044
588;https://www.hribi.net/izlet/ski_hotel_vogel_vogel_po_zahodnih_pobocjih_smucisca_vogel/1/588/1047
588;https://www.hribi.net/izlet/planina_kuk_vogel_direktna_pot/1/588/1224
588;https://www.hribi.net/izlet/ski_hotel_vogel_vogel_po_severozahodnih_pobocjih_visokega_orlovega_roba/1/588/1048
588;https://www.hribi.net/izlet/ukanc_vogel_cez_planino_zadnji_vogel/1/588/3511
588;https://www.hribi.net/izlet/ski_hotel_vogel_vogel_cez_planino_zadnji_vogel/1/588/3508
588;https://www.hribi.net/izlet/planina_kuk_vogel_cez_globoko/1/588/1227
588;https://www.hribi.net/izlet/ski_hotel_vogel_vogel_cez_sedlo_sija/1/588/3506
588;https://www.hribi.net/izlet/tolminske_ravne_vogel_po_mulatjeri/1/588/6074
588;https://www.hribi.net/izlet/tolminske_ravne_vogel_strma_pot/1/588/6066
588;https://www.hribi.net/izlet/planina_storeca_raven_vogel_po_severozahodnih_pobocjih_visokega_orlovega_roba/1/588/1045
588;https://www.hribi.net/izlet/planina_storeca_raven_vogel_po_zahodnih_pobocjih_smucisca_vogel/1/588/1046
588;https://www.hribi.net/izlet/ukanc_vogel_cez_globoko/1/588/3513
588;https://www.hribi.net/izlet/kneske_ravne_vogel_mimo_koce_na_planini_razor/1/588/7354
588;https://www.hribi.net/izlet/tolminske_ravne_vogel_strma_pot_in_cez_globoko/1/588/6077
588;https://www.hribi.net/izlet/tolminske_ravne_vogel_po_mulatjeri_in_cez_globoko/1/588/6079
588;https://www.hribi.net/izlet/kneske_ravne_vogel_cez_zabiski_kuk/1/588/7087
588;https://www.hribi.net/izlet/kneske_ravne_proscek_vogel_mimo_koce_na_planini_razor/1/588/7370
588;https://www.hribi.net/izlet/kneske_ravne_proscek_vogel_cez_zabiski_kuk/1/588/6936
589;https://www.hribi.net/izlet/ski_hotel_vogel_vrh_krnic_po_zahodnih_pobocjih_smucisca_vogel/1/589/1049
589;https://www.hribi.net/izlet/ski_hotel_vogel_vrh_krnic_po_severozahodnih_pobocjih_visokega_orlovega_roba/1/589/1050
589;https://www.hribi.net/izlet/planina_kuk_vrh_krnic_cez_vogel/1/589/6506
589;https://www.hribi.net/izlet/tolminske_ravne_vrh_krnic_strma_pot_in_cez_globoko/1/589/6087
589;https://www.hribi.net/izlet/tolminske_ravne_vrh_krnic_po_mulatjeri_in_cez_globoko/1/589/6086
589;https://www.hribi.net/izlet/tolminske_ravne_vrh_krnic_po_mulatjeri_in_cez_vogel/1/589/6084
589;https://www.hribi.net/izlet/tolminske_ravne_vrh_krnic_strma_pot_in_cez_vogel/1/589/6085
589;https://www.hribi.net/izlet/ukanc_vrh_krnic_cez_globoko/1/589/7861
590;https://www.hribi.net/izlet/planina_blato_bela_glava/1/590/1292
591;https://www.hribi.net/izlet/sveti_rok_sele_postarski_dom_pod_plesivcem/11/591/1058
591;https://www.hribi.net/izlet/slovenj_gradec_postarski_dom_pod_plesivcem/11/591/5642
591;https://www.hribi.net/izlet/rimski_vrelec_postarski_dom_pod_plesivcem/11/591/7257
591;https://www.hribi.net/izlet/stari_trg_postarski_dom_pod_plesivcem/11/591/7262
592;https://www.hribi.net/izlet/koca_na_naravskih_ledinah_urslja_gora_plesivec/11/592/1924
592;https://www.hribi.net/izlet/postarski_dom_pod_plesivcem_urslja_gora_plesivec_cez_kozarnico/11/592/1059
592;https://www.hribi.net/izlet/ivarcko_jezero_urslja_gora_plesivec_zelezarska_pot/11/592/2511
592;https://www.hribi.net/izlet/zapornica_pod_malim_vrhom_urslja_gora_plesivec_po_cesti/11/592/1061
592;https://www.hribi.net/izlet/ciganija_urslja_gora_plesivec_zimska_pot/11/592/1923
592;https://www.hribi.net/izlet/andrejev_dom_na_slemenu_urslja_gora_plesivec/11/592/4935
592;https://www.hribi.net/izlet/postarski_dom_pod_plesivcem_urslja_gora_plesivec_cez_kal/11/592/1060
592;https://www.hribi.net/izlet/ciganija_urslja_gora_plesivec/11/592/4118
592;https://www.hribi.net/izlet/ivarcko_jezero_urslja_gora_plesivec_grofovska_pot/11/592/3058
592;https://www.hribi.net/izlet/ivarcko_jezero_urslja_gora_plesivec_cez_kozji_hrbet/11/592/3059
592;https://www.hribi.net/izlet/zerjav_urslja_gora_plesivec/11/592/4938
592;https://www.hribi.net/izlet/mezica_urslja_gora_plesivec_mimo_sv_lenarta_in_koce_na_naravskih_ledinah/11/592/6366
592;https://www.hribi.net/izlet/lese_urslja_gora_plesivec_mimo_koce_na_naravskih_ledinah/11/592/6866
592;https://www.hribi.net/izlet/mezica_urslja_gora_plesivec_mimo_sv_lenarta_in_cez_kozji_hrbet/11/592/6367
592;https://www.hribi.net/izlet/sveti_danijel_zgornji_razbor_urslja_gora_plesivec/11/592/9824
593;https://www.hribi.net/izlet/planinska_ravna_mozirska_koca_na_golteh_pes_pot/3/593/1651
593;https://www.hribi.net/izlet/zekovec_mozirska_koca_na_golteh/3/593/5218
593;https://www.hribi.net/izlet/planinska_ravna_mozirska_koca_na_golteh_po_cesti/3/593/1064
593;https://www.hribi.net/izlet/hotel_golte_mozirska_koca_na_golteh/3/593/1065
593;https://www.hribi.net/izlet/atelsko_sedlo_mozirska_koca_na_golteh/3/593/9794
593;https://www.hribi.net/izlet/radegunda_zekovec_mozirska_koca_na_golteh_skozi_zagradisko_puso/3/593/9928
593;https://www.hribi.net/izlet/golte_alpski_vrt_mozirska_koca_na_golteh/3/593/9774
594;https://www.hribi.net/izlet/hotel_golte_hotel_golte_pot_po_golteh/3/594/1067
594;https://www.hribi.net/izlet/planinska_ravna_hotel_golte_po_cesti/3/594/1066
595;https://www.hribi.net/izlet/trnovec_brunarica_osovnik_po_cesti/5/595/1070
595;https://www.hribi.net/izlet/dom_na_govejku_brunarica_osovnik/5/595/2735
595;https://www.hribi.net/izlet/sora_brunarica_osovnik_po_pespoti/5/595/6782
595;https://www.hribi.net/izlet/trnovec_brunarica_osovnik_skozi_govejski_graben/5/595/6784
595;https://www.hribi.net/izlet/trnovec_brunarica_osovnik_skozi_mavski_graben/5/595/6781
595;https://www.hribi.net/izlet/gostece_brunarica_osovnik_cez_vidmovec/5/595/6783
596;https://www.hribi.net/izlet/trnovec_dominov_dom_po_cesti/5/596/1069
597;https://www.hribi.net/izlet/hotel_golte_medvedjak_pot_po_golteh/3/597/1071
598;https://www.hribi.net/izlet/hotel_golte_koca_na_treh_plotih_pot_po_golteh/3/598/1072
601;https://www.hribi.net/izlet/ucja_skutnik___monte_guarda/1/601/2089
601;https://www.hribi.net/izlet/parkirisce_kot_skutnik___monte_guarda/1/601/10441
605;https://www.hribi.net/izlet/drezniske_ravne_krasji_vrh_mimo_snezne_jame/1/605/1077
605;https://www.hribi.net/izlet/planina_zaplec_krasji_vrh_mimo_kolujev/1/605/1217
605;https://www.hribi.net/izlet/planina_zaplec_krasji_vrh_mimo_snezne_jame/1/605/1218
606;https://www.hribi.net/izlet/koca_pri_savici_planina_lopucnica_cez_komno/1/606/1087
606;https://www.hribi.net/izlet/pod_zjabci_planina_lopucnica/1/606/4094
606;https://www.hribi.net/izlet/konec_ceste_na_vogar_planina_lopucnica_cez_stapce/1/606/4153
606;https://www.hribi.net/izlet/planina_blato_planina_lopucnica_cez_prode/1/606/4097
606;https://www.hribi.net/izlet/konec_ceste_na_vogar_planina_lopucnica_cez_prode/1/606/4152
606;https://www.hribi.net/izlet/planina_blato_planina_lopucnica_cez_stapce/1/606/4098
606;https://www.hribi.net/izlet/koca_pri_savici_planina_lopucnica_mimo_dvojnega_jezera/1/606/10737
608;https://www.hribi.net/izlet/prtovc_kosmati_vrh_ratitovec_cez_razor/21/608/1088
608;https://www.hribi.net/izlet/jesenovec_kosmati_vrh_ratitovec/21/608/1089
608;https://www.hribi.net/izlet/ledine_kosmati_vrh_ratitovec/21/608/2774
608;https://www.hribi.net/izlet/pecana_kosmati_vrh_ratitovec/21/608/3889
608;https://www.hribi.net/izlet/bitenjska_planina_kosmati_vrh_ratitovec/21/608/3885
608;https://www.hribi.net/izlet/podkorita_kosmati_vrh_ratitovec/21/608/3879
608;https://www.hribi.net/izlet/prtovc_kosmati_vrh_ratitovec_cez_jesenovec_in_planino_klom/21/608/6035
608;https://www.hribi.net/izlet/prtovc_kosmati_vrh_ratitovec_cez_jesenovec/21/608/6034
608;https://www.hribi.net/izlet/rudenska_grapa_kosmati_vrh_ratitovec_mimo_lovske_koce_na_toli_in_cez_jesenovec/21/608/7473
609;https://www.hribi.net/izlet/kociska_planina_koutschitz_alm_poludnik_poludnig/27/609/1291
610;https://www.hribi.net/izlet/rudno_polje_oklo/1/610/1099
613;https://www.hribi.net/izlet/panoramska_cesta_kisla_voda_zelezna_kisla_voda/11/613/1104
614;https://www.hribi.net/izlet/kisla_voda_sveti_duh_pod_olsevo_po_cesti/11/614/1105
615;https://www.hribi.net/izlet/bukovnik_koca_na_grohatu/3/615/1106
615;https://www.hribi.net/izlet/bukovnik_koca_na_grohatu_po_cesti/3/615/1107
616;https://www.hribi.net/izlet/robanov_kot_robanova_planina/3/616/1108
617;https://www.hribi.net/izlet/ljubno_ob_savinji_sveti_primoz_nad_ljubnim/3/617/3389
617;https://www.hribi.net/izlet/primoz_pri_ljubnem_sveti_primoz_nad_ljubnim/3/617/1110
618;https://www.hribi.net/izlet/koca_pod_slapom_rinka_bivak_pod_mrzlim_vrhom/3/618/1111
618;https://www.hribi.net/izlet/ravenska_kocna_bivak_pod_mrzlim_vrhom_slovenska_pot/3/618/5525
618;https://www.hribi.net/izlet/ravenska_kocna_bivak_pod_mrzlim_vrhom_lovska_pot/3/618/5527
618;https://www.hribi.net/izlet/ravenska_kocna_bivak_pod_mrzlim_vrhom_skozi_zrelo/3/618/5526
619;https://www.hribi.net/izlet/dom_planincev_v_logarski_dolini_koca_na_klemenci_jami/3/619/1114
619;https://www.hribi.net/izlet/na_razpotju_koca_na_klemenci_jami/3/619/1113
621;https://www.hribi.net/izlet/waldheimhutte_kohlerhutte_mimo_kriza_turkenkreuz/28/621/1117
622;https://www.hribi.net/izlet/waldheimhutte_rothaidenhutte_mimo_kriza_turkenkreuz/28/622/1118
622;https://www.hribi.net/izlet/waldheimhutte_rothaidenhutte/28/622/10542
622;https://www.hribi.net/izlet/sabathy-hutte_im_zirbenland_rothaidenhutte/28/622/10978
623;https://www.hribi.net/izlet/waldheimhutte_zirbitzkogelhutte_mimo_jezera_wildsee/28/623/1143
623;https://www.hribi.net/izlet/waldheimhutte_zirbitzkogelhutte_neposredna_pot/28/623/1119
623;https://www.hribi.net/izlet/winterleiten_parking_zirbitzkogelhutte/28/623/1142
623;https://www.hribi.net/izlet/schwarzkogelhutte_zirbitzkogelhutte/28/623/10624
623;https://www.hribi.net/izlet/tonnerhutte_zirbitzkogelhutte/28/623/7839
623;https://www.hribi.net/izlet/tonnerhutte_zirbitzkogelhutte_zimska_pot/28/623/7846
623;https://www.hribi.net/izlet/waldheimhutte_zirbitzkogelhutte_mimo_jezera_lavantsee/28/623/10554
623;https://www.hribi.net/izlet/klippitztorl_zirbitzkogelhutte/28/623/10566
623;https://www.hribi.net/izlet/waldheimhutte_zirbitzkogelhutte_mimo_koce_rothaidenhutte/28/623/10549
623;https://www.hribi.net/izlet/sabathy-hutte_im_zirbenland_zirbitzkogelhutte_mimo_jezera_lindersee/28/623/10974
623;https://www.hribi.net/izlet/sabathy-hutte_im_zirbenland_zirbitzkogelhutte_mimo_koce_rothaidenhutte/28/623/10981
624;https://www.hribi.net/izlet/waldheimhutte_zirbitzkogel_direktna_pot/28/624/1120
624;https://www.hribi.net/izlet/waldheimhutte_zirbitzkogel_mimo_jezera_wildsee/28/624/1124
624;https://www.hribi.net/izlet/winterleiten_parking_zirbitzkogel/28/624/1126
624;https://www.hribi.net/izlet/tonnerhutte_zirbitzkogel/28/624/7842
624;https://www.hribi.net/izlet/tonnerhutte_zirbitzkogel_zimska_pot/28/624/7848
624;https://www.hribi.net/izlet/waldheimhutte_zirbitzkogel_mimo_jezera_lavantsee/28/624/10555
624;https://www.hribi.net/izlet/waldheimhutte_zirbitzkogel_mimo_koce_rothaidenhutte/28/624/10550
624;https://www.hribi.net/izlet/klippitztorl_zirbitzkogel/28/624/10567
624;https://www.hribi.net/izlet/sabathy-hutte_im_zirbenland_zirbitzkogel_mimo_jezera_lindersee/28/624/10975
624;https://www.hribi.net/izlet/schwarzkogelhutte_zirbitzkogel/28/624/10625
625;https://www.hribi.net/izlet/waldheimhutte_geierkogel_labotniske_alpe___seetaler_alpen_neposredna_pot/28/625/1121
626;https://www.hribi.net/izlet/waldheimhutte_wildsee/28/626/1122
627;https://www.hribi.net/izlet/waldheimhutte_fuchskogel_mimo_jezera_wildsee/28/627/1123
627;https://www.hribi.net/izlet/tonnerhutte_fuchskogel/28/627/7845
627;https://www.hribi.net/izlet/klippitztorl_fuchskogel/28/627/10564
627;https://www.hribi.net/izlet/schwarzkogelhutte_fuchskogel/28/627/10623
628;https://www.hribi.net/izlet/waldheimhutte_scharfes_eck/28/628/1125
628;https://www.hribi.net/izlet/winterleiten_parking_scharfes_eck/28/628/1141
628;https://www.hribi.net/izlet/tonnerhutte_scharfes_eck/28/628/7849
628;https://www.hribi.net/izlet/tonnerhutte_scharfes_eck_zimska_pot/28/628/7850
628;https://www.hribi.net/izlet/sabathy-hutte_im_zirbenland_scharfes_eck/28/628/10973
629;https://www.hribi.net/izlet/pecol_montaz___jof_di_montasio_mimo_koce_cez_pipanovo_lestev/1/629/1128
629;https://www.hribi.net/izlet/pecol_montaz___jof_di_montasio_cez_findeneggov_ozebnik/1/629/2249
629;https://www.hribi.net/izlet/planina_zajzera_montaz___jof_di_montasio_via_amalia/1/629/2241
630;https://www.hribi.net/izlet/winterleiten_parking_winterleiten_hutte_seetaler_alpe/28/630/1129
631;https://www.hribi.net/izlet/maria_buch_wastl_am_eck_seetaler_alpe/28/631/1130
632;https://www.hribi.net/izlet/maria_buch_liechtensteinberg_seetaler_alpe/28/632/1131
633;https://www.hribi.net/izlet/walischeben_weissensteinhutte_packalpe/28/633/1132
633;https://www.hribi.net/izlet/salzstiegelhaus_weissensteinhutte_packalpe/28/633/9232
633;https://www.hribi.net/izlet/reichenfels_taxwirt_weissensteinhutte_packalpe_skozi_rossbachgraben/28/633/10533
635;https://www.hribi.net/izlet/walischeben__weissenstein_packalpe_direktna_pot/28/635/1133
635;https://www.hribi.net/izlet/salzstiegelhaus_weissenstein_packalpe/28/635/9227
636;https://www.hribi.net/izlet/walischeben__ameringkogel_packalpe_direktna_pot/28/636/1134
636;https://www.hribi.net/izlet/salzstiegelhaus_ameringkogel_packalpe/28/636/9228
637;https://www.hribi.net/izlet/walischeben__grossenberg_packalpe_cez_ameringkogel/28/637/1135
637;https://www.hribi.net/izlet/walischeben__grossenberg_packalpe_pod_vrhom_ameringkogla/28/637/1136
637;https://www.hribi.net/izlet/salzstiegelhaus_grossenberg_packalpe/28/637/9230
637;https://www.hribi.net/izlet/salzstiegelhaus_grossenberg_packalpe_cez_ameringkogel/28/637/9229
638;https://www.hribi.net/izlet/walischeben__hofalmkogel_packalpe_cez_weissenstein/28/638/1137
638;https://www.hribi.net/izlet/walischeben__hofalmkogel_packalpe_mimo_kriza/28/638/1138
638;https://www.hribi.net/izlet/salzstiegelhaus_hofalmkogel_packalpe/28/638/9226
639;https://www.hribi.net/izlet/walischeben__speikkogel_packalpe/28/639/1139
639;https://www.hribi.net/izlet/salzstiegelhaus_speikkogel_packalpe/28/639/9225
640;https://www.hribi.net/izlet/winterleiten_parking_gr_winterleiten_see_seetaler_alpe/28/640/1140
641;https://www.hribi.net/izlet/rudno_polje_veliki_selisnik_cez_kacji_rob/1/641/1145
643;https://www.hribi.net/izlet/mokrine___nassfeld_veliki_koritnik___creta_di_aip___trogkofel_uiberlacher_steig/27/643/1147
643;https://www.hribi.net/izlet/mokrine___nassfeld_veliki_koritnik___creta_di_aip___trogkofel_via_ferrata_crete_rosse/27/643/1149
643;https://www.hribi.net/izlet/prelaz_lonice___cason_di_lanza_veliki_koritnik___creta_di_aip___trogkofel_ferrata_crete_rose/27/643/2626
645;https://www.hribi.net/izlet/mokrine___nassfeld_bivak_e_lomasti/27/645/1150
646;https://www.hribi.net/izlet/mokrine___nassfeld_konjski_spik___monte_cavallo___rosskofel_cez_sella_di_aip___rudnig_sattel/27/646/1153
646;https://www.hribi.net/izlet/parkirisce_pod_mokrinami___nassfeld_konjski_spik___monte_cavallo___rosskofel_po_vzhodnem_grebenu/27/646/1152
647;https://www.hribi.net/izlet/aljazev_dom_v_vratih_bovski_gamsovec_cez_luknjo/1/647/1154
647;https://www.hribi.net/izlet/aljazev_dom_v_vratih_bovski_gamsovec_cez_sovatno/1/647/1727
647;https://www.hribi.net/izlet/zadnjica_bovski_gamsovec_cez_luknjo/1/647/2541
647;https://www.hribi.net/izlet/zadnjica_bovski_gamsovec_cez_dovska_vrata/1/647/10689
648;https://www.hribi.net/izlet/plockenpass_rifugio_marinelli/27/648/1155
648;https://www.hribi.net/izlet/rifugio_tolazzi_rifugio_marinelli/27/648/1886
649;https://www.hribi.net/izlet/plockenpass_monte_coglians_hohe_warte_mimo_rifugio_marinelli/27/649/1156
649;https://www.hribi.net/izlet/rifugio_tolazzi_monte_coglians_hohe_warte_weg_der_26er/27/649/2644
649;https://www.hribi.net/izlet/rifugio_tolazzi_monte_coglians_hohe_warte_mimo_rifugio_marinelli/27/649/1888
649;https://www.hribi.net/izlet/untere_valentinalm_monte_coglians_hohe_warte_mimo_wolayer_see/27/649/1162
650;https://www.hribi.net/izlet/dom_na_goropekah_koca_na_vrhu_svetih_treh_kraljev_pes_pot/26/650/1165
650;https://www.hribi.net/izlet/rovte_koca_na_vrhu_svetih_treh_kraljev_polozna_pot/26/650/3001
650;https://www.hribi.net/izlet/sopot_koca_na_vrhu_svetih_treh_kraljev_po_cesti/26/650/1159
650;https://www.hribi.net/izlet/smrecje_koca_na_vrhu_svetih_treh_kraljev_po_cesti/26/650/1157
650;https://www.hribi.net/izlet/racevsko_jezero_koca_na_vrhu_svetih_treh_kraljev/26/650/3090
650;https://www.hribi.net/izlet/rovte_koca_na_vrhu_svetih_treh_kraljev_strma_pot/26/650/3000
650;https://www.hribi.net/izlet/smrecje_koca_na_vrhu_svetih_treh_kraljev_pespot/26/650/3086
650;https://www.hribi.net/izlet/ziri_koca_na_vrhu_svetih_treh_kraljev/26/650/3022
650;https://www.hribi.net/izlet/smrecje_koca_na_vrhu_svetih_treh_kraljev_mimo_jereba/26/650/3087
651;https://www.hribi.net/izlet/smrecje_vrh_svetih_treh_kraljev_po_cesti/26/651/1158
651;https://www.hribi.net/izlet/rovte_vrh_svetih_treh_kraljev_strma_pot/26/651/2998
651;https://www.hribi.net/izlet/rovte_vrh_svetih_treh_kraljev_polozna_pot/26/651/2999
651;https://www.hribi.net/izlet/racevsko_jezero_vrh_svetih_treh_kraljev/26/651/3089
651;https://www.hribi.net/izlet/smrecje_vrh_svetih_treh_kraljev_pespot/26/651/3085
651;https://www.hribi.net/izlet/ziri_vrh_svetih_treh_kraljev/26/651/3021
651;https://www.hribi.net/izlet/sopot_vrh_svetih_treh_kraljev_po_cesti/26/651/3020
651;https://www.hribi.net/izlet/smrecje_vrh_svetih_treh_kraljev_mimo_jereba/26/651/3088
651;https://www.hribi.net/izlet/dom_na_goropekah_vrh_svetih_treh_kraljev/26/651/3019
652;https://www.hribi.net/izlet/untere_valentinalm_obere_valentinalm/27/652/1160
653;https://www.hribi.net/izlet/rifugio_tolazzi_wolayer_see/27/653/1889
653;https://www.hribi.net/izlet/untere_valentinalm_wolayer_see/27/653/1161
653;https://www.hribi.net/izlet/untere_wolayeralm_wolayer_see/27/653/2214
654;https://www.hribi.net/izlet/ziri_dom_na_goropekah_po_cesti/26/654/1164
654;https://www.hribi.net/izlet/ziri_dom_na_goropekah/26/654/7216
655;https://www.hribi.net/izlet/zabnice___camporosso_in_valcanale_svete_visarje___monte_lussari/1/655/1459
655;https://www.hribi.net/izlet/zajzera_svete_visarje___monte_lussari_po_cesti/1/655/1171
655;https://www.hribi.net/izlet/ovcja_vas_valbruna_svete_visarje___monte_lussari/1/655/1166
655;https://www.hribi.net/izlet/trbiz___tarviso_svete_visarje___monte_lussari_po_servisni_cesti/1/655/6473
656;https://www.hribi.net/izlet/planina_zajzera_rifugio_grego/1/656/1167
657;https://www.hribi.net/izlet/planina_zajzera_poldasnja_spica_jof_di_miezegnot/1/657/1168
657;https://www.hribi.net/izlet/ovcja_vas___valbruna_poldasnja_spica_jof_di_miezegnot_cez_planino_ravne/1/657/2648
657;https://www.hribi.net/izlet/ovcja_vas___valbruna_poldasnja_spica_jof_di_miezegnot_cez_planino_strehica/1/657/2650
657;https://www.hribi.net/izlet/naborjet___malborghetto_poldasnja_spica_jof_di_miezegnot/1/657/9349
658;https://www.hribi.net/izlet/planina_zajzera_bivak_bernardinis_po_poti_648/1/658/1169
658;https://www.hribi.net/izlet/naborjet___malborghetto_bivak_bernardinis_pot_605/1/658/9346
659;https://www.hribi.net/izlet/planina_zajzera_cima_alta_dve_spici_po_poti_648/1/659/1170
659;https://www.hribi.net/izlet/naborjet___malborghetto_cima_alta_dve_spici_po_poti_605/1/659/9366
659;https://www.hribi.net/izlet/luznice_cima_alta_dve_spici/1/659/8706
659;https://www.hribi.net/izlet/ombrico_cima_alta_dve_spici/1/659/8718
659;https://www.hribi.net/izlet/luznice_cima_alta_dve_spici_cez_forcella_cuel_tarond/1/659/8716
662;https://www.hribi.net/izlet/svete_visarje___monte_lussari_kamniti_lovec___cima_del_cacciatore/1/662/1172
662;https://www.hribi.net/izlet/zabnice___camporosso_in_valcanale_kamniti_lovec___cima_del_cacciatore/1/662/6469
662;https://www.hribi.net/izlet/ovcja_vas___valbruna_kamniti_lovec___cima_del_cacciatore/1/662/5621
662;https://www.hribi.net/izlet/trbiz___tarviso_kamniti_lovec___cima_del_cacciatore_po_servisni_cesti/1/662/6474
665;https://www.hribi.net/izlet/jakobe_kordezeva_glava_peca_lahka_pot/11/665/2554
665;https://www.hribi.net/izlet/jakobe_kordezeva_glava_peca_plezalna_pot/11/665/2555
665;https://www.hribi.net/izlet/rudnik_v_topli_kordezeva_glava_peca/11/665/1190
665;https://www.hribi.net/izlet/rudnik_v_topli_kordezeva_glava_peca_cez_knepsovo_sedlo/11/665/1191
665;https://www.hribi.net/izlet/podpeca_mitnek_kordezeva_glava_peca_lahka_pot/11/665/4124
665;https://www.hribi.net/izlet/podkraj___unterort_kordezeva_glava_peca_walter_mory_klettersteig/11/665/3347
665;https://www.hribi.net/izlet/panoramska_restavracija_oben_kordezeva_glava_peca/11/665/3349
665;https://www.hribi.net/izlet/rudnik_v_topli_kordezeva_glava_peca_plezalna_pot/11/665/4123
665;https://www.hribi.net/izlet/pod_peco_koprein_petzen_kordezeva_glava_peca/11/665/1177
665;https://www.hribi.net/izlet/podpeca_mitnek_kordezeva_glava_peca_plezalna_pot/11/665/4125
665;https://www.hribi.net/izlet/koprivna_kumer_kordezeva_glava_peca/11/665/3922
665;https://www.hribi.net/izlet/mezica_kordezeva_glava_peca_lahka_pot/11/665/6832
665;https://www.hribi.net/izlet/pod_peco___koprein-petzen_kordezeva_glava_peca_slovenska_pot/11/665/3911
665;https://www.hribi.net/izlet/podkraj___unterort_kordezeva_glava_peca/11/665/3348
665;https://www.hribi.net/izlet/globasnica___globasnitz_kordezeva_glava_peca/11/665/3359
665;https://www.hribi.net/izlet/mezica_kordezeva_glava_peca_plezalna_pot/11/665/6833
665;https://www.hribi.net/izlet/topla_burjak_kordezeva_glava_peca_cez_malo_peco_in_po_lahki_poti/11/665/6927
665;https://www.hribi.net/izlet/koca_na_pikovem_kordezeva_glava_peca_cez_preval_vrh_steng_in_po_lahki_poti/11/665/6889
665;https://www.hribi.net/izlet/koca_na_pikovem_kordezeva_glava_peca_cez_preval_vrh_steng_in_po_plezalni_poti/11/665/6890
665;https://www.hribi.net/izlet/panoramska_restavracija_oben_kordezeva_glava_peca_mimo_stare_koce/11/665/9849
665;https://www.hribi.net/izlet/topla_burjak_kordezeva_glava_peca_cez_malo_peco_in_po_plezalni_poti/11/665/6928
665;https://www.hribi.net/izlet/podpeca_helenski_potok_kordezeva_glava_peca_cez_mirjance_in_po_lahki_poti/11/665/6925
665;https://www.hribi.net/izlet/podpeca_helenski_potok_kordezeva_glava_peca_cez_mirjance_in_po_plezalni_poti/11/665/6926
665;https://www.hribi.net/izlet/pod_prevalom_kordezeva_glava_peca/11/665/11010
666;https://www.hribi.net/izlet/ravenska_kocna_velika_koroska_baba_po_slovenski_in_plezalni_poti/3/666/2169
666;https://www.hribi.net/izlet/ravenska_kocna_velika_koroska_baba_cez_jenkovo_planino/3/666/1178
666;https://www.hribi.net/izlet/ravenska_kocna_velika_koroska_baba_po_slovenski_poti_in_cez_jezersko_sedlo/3/666/2170
666;https://www.hribi.net/izlet/koca_pod_slapom_rinka_velika_koroska_baba/3/666/2613
666;https://www.hribi.net/izlet/ravenska_kocna_velika_koroska_baba_po_lovski_poti_in_cez_jezersko_sedlo/3/666/5520
666;https://www.hribi.net/izlet/ravenska_kocna_velika_koroska_baba_po_lovski_in_plezalni_poti/3/666/5518
666;https://www.hribi.net/izlet/ravenska_kocna_velika_koroska_baba_skozi_zrelo_in_po_plezalni_poti/3/666/5517
666;https://www.hribi.net/izlet/ravenska_kocna_velika_koroska_baba_skozi_zrelo_in_cez_jezersko_sedlo/3/666/5519
668;https://www.hribi.net/izlet/d_postaja_velika_crnelska_spica/1/668/1182
668;https://www.hribi.net/izlet/nevejski_preval_velika_crnelska_spica_pot_636/1/668/4171
668;https://www.hribi.net/izlet/nevejski_preval_velika_crnelska_spica_po_smucarski_progi/1/668/4170
669;https://www.hribi.net/izlet/star_maln_koca_na_planini_nad_vrhniko/26/669/2608
669;https://www.hribi.net/izlet/vrhnika_koca_na_planini_nad_vrhniko_cez_spico/26/669/2710
669;https://www.hribi.net/izlet/kuren_koca_na_planini_nad_vrhniko/26/669/1342
669;https://www.hribi.net/izlet/vrhnika_koca_na_planini_nad_vrhniko_mimo_bukve/26/669/2709
669;https://www.hribi.net/izlet/zaplana_sv_urh_in_sv_martin_koca_na_planini_nad_vrhniko/26/669/4429
669;https://www.hribi.net/izlet/stara_vrhnika_koca_na_planini_nad_vrhniko_mimo_kurna/26/669/2992
669;https://www.hribi.net/izlet/stara_vrhnika_koca_na_planini_nad_vrhniko_cez_spico/26/669/2993
669;https://www.hribi.net/izlet/blatni_dol_koca_na_planini_nad_vrhniko/26/669/2609
669;https://www.hribi.net/izlet/zaplana_prezid_koca_na_planini_nad_vrhniko/26/669/4432
670;https://www.hribi.net/izlet/jakobe_dom_na_peci/11/670/2553
670;https://www.hribi.net/izlet/rudnik_v_topli_dom_na_peci/11/670/1187
670;https://www.hribi.net/izlet/podpeca_mitnek_dom_na_peci/11/670/2562
670;https://www.hribi.net/izlet/mezica_dom_na_peci/11/670/6831
670;https://www.hribi.net/izlet/topla_burjak_dom_na_peci/11/670/6920
670;https://www.hribi.net/izlet/koca_na_pikovem_dom_na_peci_cez_preval_vrh_steng/11/670/6854
670;https://www.hribi.net/izlet/podpeca_helenski_potok_dom_na_peci_cez_mirjance/11/670/6919
671;https://www.hribi.net/izlet/rudnik_v_topli_votlina_kralja_matjaza/11/671/1188
671;https://www.hribi.net/izlet/topla_burjak_votlina_kralja_matjaza/11/671/6924
671;https://www.hribi.net/izlet/podpeca_helenski_potok_votlina_kralja_matjaza_cez_mirjance/11/671/6922
672;https://www.hribi.net/izlet/rudnik_v_topli_mala_peca/11/672/1189
672;https://www.hribi.net/izlet/topla_burjak_mala_peca/11/672/6923
672;https://www.hribi.net/izlet/podpeca_helenski_potok_mala_peca_cez_mirjance/11/672/6921
673;https://www.hribi.net/izlet/podolseva_rogar_govca_olseva_direktna_pot/11/673/1192
673;https://www.hribi.net/izlet/zadnji_travnik_govca_olseva/11/673/4120
673;https://www.hribi.net/izlet/spodnje_sleme_govca_olseva/11/673/1193
673;https://www.hribi.net/izlet/gostisce_first_govca_olseva/11/673/2175
673;https://www.hribi.net/izlet/podolseva_sveti_duh_strevc_govca_olseva_cez_obel_kamen/11/673/6979
673;https://www.hribi.net/izlet/podolseva_sveti_duh_strevc_govca_olseva/11/673/6980
673;https://www.hribi.net/izlet/podolseva_rogar_govca_olseva_cez_obel_kamen/11/673/6982
673;https://www.hribi.net/izlet/planinski_dom_na_kmetiji_kumer_govca_olseva/11/673/6104
673;https://www.hribi.net/izlet/zadnji_travnik_govca_olseva_lovska_pot/11/673/6946
673;https://www.hribi.net/izlet/pod_peco___koprein-petzen_govca_olseva_mimo_kumra/11/673/6096
673;https://www.hribi.net/izlet/pod_peco_kozelj___koprein-petzen_koschiel_govca_olseva_cez_zadnji_travnik/11/673/6103
673;https://www.hribi.net/izlet/koprivna_sumel_govca_olseva_mimo_haderlapa_in_cez_spodnje_sleme/11/673/6945
673;https://www.hribi.net/izlet/koprivna_sumel_govca_olseva_mimo_sv_jakoba/11/673/7441
673;https://www.hribi.net/izlet/koprivna_sumel_govca_olseva_mimo_domacije_jansek/11/673/7442
674;https://www.hribi.net/izlet/podolseva_rogar_potocka_zijalka/11/674/1194
674;https://www.hribi.net/izlet/podolseva_sveti_duh_strevc_potocka_zijalka_cez_sedlo_sveti_duh/11/674/6973
674;https://www.hribi.net/izlet/podolseva_sveti_duh_strevc_potocka_zijalka/11/674/6974
675;https://www.hribi.net/izlet/dom_v_lepeni_velika_baba/1/675/1197
675;https://www.hribi.net/izlet/koca_pri_savici_velika_baba_cez_bogatinsko_sedlo_in_lanzevico/1/675/7018
675;https://www.hribi.net/izlet/koca_pri_savici_velika_baba_mimo_velike_monture/1/675/7021
675;https://www.hribi.net/izlet/planina_polog_velika_baba_mimo_velike_monture/1/675/7020
676;https://www.hribi.net/izlet/zadnjica_zadnjiski_ozebnik/1/676/1198
676;https://www.hribi.net/izlet/trenta_zadnjiski_ozebnik/1/676/4099
678;https://www.hribi.net/izlet/podmeja_mrzlica/25/678/1202
678;https://www.hribi.net/izlet/trbovlje_mrzlica/25/678/2358
678;https://www.hribi.net/izlet/matke_mrzlica_mimo_pocivalnika/25/678/1506
678;https://www.hribi.net/izlet/hrastnik_mrzlica_cez_klobuk/25/678/1533
678;https://www.hribi.net/izlet/marija_reka_strgar_mrzlica_stalno_zaprta_pot!/25/678/1505
678;https://www.hribi.net/izlet/hrastnik_mrzlica_cez_ravne/25/678/2001
678;https://www.hribi.net/izlet/prebold_mrzlica_po_gozdni_vlaki/25/678/10234
678;https://www.hribi.net/izlet/prebold_mrzlica_cez_krisko_planino/25/678/10235
678;https://www.hribi.net/izlet/dol_pri_hrastniku_mrzlica/25/678/10178
678;https://www.hribi.net/izlet/zavrate_mrzlica/25/678/10187
678;https://www.hribi.net/izlet/matke_mrzlica_mimo_koceta_in_po_gozdni_vlaki/25/678/10247
678;https://www.hribi.net/izlet/marija_reka_koritnikov_most_mrzlica_cez_krisko_planino/25/678/10239
678;https://www.hribi.net/izlet/hrastnik_mrzlica_cez_blate/25/678/10182
678;https://www.hribi.net/izlet/marija_reka_koritnikov_most_mrzlica_po_gozdni_vlaki/25/678/10238
678;https://www.hribi.net/izlet/matke_mrzlica_mimo_koceta_in_cez_krisko_planino/25/678/10248
679;https://www.hribi.net/izlet/soca_bavski_grintavec/1/679/1205
679;https://www.hribi.net/izlet/zadnja_trenta_flori_bavski_grintavec_direktna_pot/1/679/1204
679;https://www.hribi.net/izlet/zadnja_trenta_flori_bavski_grintavec_cez_kanski_preval/1/679/1203
679;https://www.hribi.net/izlet/bavsica_bavski_grintavec_cez_vrh_brda/1/679/11016
680;https://www.hribi.net/izlet/jezerski_vrh_pristovski_storzic___karntner_storschitz_kranjska_pot___krainersteig/11/680/1658
680;https://www.hribi.net/izlet/jezerski_vrh_pristovski_storzic___karntner_storschitz/11/680/1659
680;https://www.hribi.net/izlet/bela___bad_vellach_pristovski_storzic___karntner_storschitz/11/680/3558
680;https://www.hribi.net/izlet/korte___trogern_pristovski_storzic___karntner_storschitz/11/680/3557
682;https://www.hribi.net/izlet/dolina_kot_spodnja_vrbanova_spica_pot_lojzeta_rekarja/1/682/1209
683;https://www.hribi.net/izlet/drezniske_ravne_planina_zaprikraj_po_cesti/1/683/1219
684;https://www.hribi.net/izlet/planina_kuk_koca_na_planini_razor/1/684/1220
684;https://www.hribi.net/izlet/tolminske_ravne_koca_na_planini_razor_po_mulatjeri/1/684/6072
684;https://www.hribi.net/izlet/tolminske_ravne_koca_na_planini_razor_strma_pot/1/684/6064
684;https://www.hribi.net/izlet/kneske_ravne_koca_na_planini_razor/1/684/6932
684;https://www.hribi.net/izlet/kneske_ravne_proscek_koca_na_planini_razor/1/684/6933
684;https://www.hribi.net/izlet/podmelec_zelezniska_postaja_koca_na_planini_razor_pot_po_pobocju_jalovnika_in_kobilje_glave/1/684/8814
685;https://www.hribi.net/izlet/plattner_krniske_skale___gartnerkofel_direktna_pot/27/685/1223
685;https://www.hribi.net/izlet/plattner_krniske_skale___gartnerkofel_mimo_watschiger_alm/27/685/1222
686;https://www.hribi.net/izlet/planina_kuk_zabiski_kuk_cez_planino_razor/1/686/1225
686;https://www.hribi.net/izlet/planina_kuk_zabiski_kuk_pot_mimo_gradica_stara_vojaska_pot/1/686/7006
686;https://www.hribi.net/izlet/tolminske_ravne_zabiski_kuk_strma_pot/1/686/6065
686;https://www.hribi.net/izlet/tolminske_ravne_zabiski_kuk_po_mulatjeri/1/686/6073
686;https://www.hribi.net/izlet/kneske_ravne_proscek_zabiski_kuk_pot_mimo_gradica_stara_vojaska_pot/1/686/6934
686;https://www.hribi.net/izlet/kneske_ravne_zabiski_kuk_pot_mimo_gradica_stara_vojaska_pot/1/686/7055
687;https://www.hribi.net/izlet/planina_kuk_vrh_planje_nad_globokim/1/687/1226
687;https://www.hribi.net/izlet/tolminske_ravne_vrh_planje_nad_globokim_po_mulatjeri/1/687/6078
687;https://www.hribi.net/izlet/tolminske_ravne_vrh_planje_nad_globokim_strma_pot/1/687/6076
687;https://www.hribi.net/izlet/ski_hotel_vogel_vrh_planje_nad_globokim_cez_pl_zadnji_vogel_in_skozi_zatrep_zagarjevega_grabna/1/687/8220
687;https://www.hribi.net/izlet/kneske_ravne_vrh_planje_nad_globokim/1/687/7437
687;https://www.hribi.net/izlet/ukanc_vrh_planje_nad_globokim_cez_globoko/1/687/7863
688;https://www.hribi.net/izlet/parkirisce_pod_mokrinami___nassfeld_baita_winkel/27/688/1229
689;https://www.hribi.net/izlet/cesta_na_mokrine___nassfeld_malvuerich_alto/27/689/1231
689;https://www.hribi.net/izlet/parkirisce_pod_mokrinami___nasfeld_malvuerich_alto/27/689/1230
690;https://www.hribi.net/izlet/podmelec_slap_sopota_soupat/1/690/1233
692;https://www.hribi.net/izlet/ljubelj_zelenjak/11/692/1234
692;https://www.hribi.net/izlet/tinckova_koca_zelenjak/11/692/2606
692;https://www.hribi.net/izlet/tinckova_koca_zelenjak_skozi_zagon/11/692/6435
695;https://www.hribi.net/izlet/planina_ravne_krizevnik/3/695/1238
695;https://www.hribi.net/izlet/robanov_kot_belsek_krizevnik_cez_belsekovo_planino/3/695/7822
695;https://www.hribi.net/izlet/robanov_kot_krizevnik_krizevnik_mimo_partizanske_bolnice/3/695/8278
695;https://www.hribi.net/izlet/robanov_kot_krizevnik_krizevnik_mimo_robanove_planine/3/695/8279
696;https://www.hribi.net/izlet/planina_ravne_molicka_pec_cez_zelene_trate/3/696/1240
696;https://www.hribi.net/izlet/planina_ravne_molicka_pec_cez_planino_polsak/3/696/1239
696;https://www.hribi.net/izlet/planina_ravne_molicka_pec_cez_dolgo_trato/3/696/6252
697;https://www.hribi.net/izlet/planina_podvezak_velika_zelenica_cez_prag/3/697/2359
697;https://www.hribi.net/izlet/planina_ravne_velika_zelenica_cez_zelene_trate/3/697/1242
697;https://www.hribi.net/izlet/planina_ravne_velika_zelenica_cez_dolgo_trato/3/697/4060
697;https://www.hribi.net/izlet/planina_ravne_velika_zelenica_cez_dleskovec/3/697/4053
698;https://www.hribi.net/izlet/planina_kuk_vrh_nad_skrbino_cez_skrbino/1/698/1243
698;https://www.hribi.net/izlet/planina_kuk_vrh_nad_skrbino_direktna_pot/1/698/1244
698;https://www.hribi.net/izlet/ukanc_vrh_nad_skrbino/1/698/3478
698;https://www.hribi.net/izlet/koca_pri_savici_vrh_nad_skrbino_mimo_doma_na_komni_in_cez_skrbino/1/698/3474
698;https://www.hribi.net/izlet/tolminske_ravne_vrh_nad_skrbino_po_strmi_in_direktni_poti/1/698/6164
698;https://www.hribi.net/izlet/ski_hotel_vogel_vrh_nad_skrbino/1/698/3485
698;https://www.hribi.net/izlet/tolminske_ravne_vrh_nad_skrbino_po_strmi_poti_in_cez_skrbino/1/698/6192
698;https://www.hribi.net/izlet/tolminske_ravne_vrh_nad_skrbino_po_mulatjeri_in_direktni_poti/1/698/6185
698;https://www.hribi.net/izlet/ski_hotel_vogel_vrh_nad_skrbino_po_bohinjski_planinski_poti/1/698/5739
698;https://www.hribi.net/izlet/ski_hotel_vogel_vrh_nad_skrbino_po_bpp_pod_rusnatim_vrhom_in_po_grebenu_cez_mejo/1/698/6450
698;https://www.hribi.net/izlet/kneske_ravne_vrh_nad_skrbino_cez_skrbino/1/698/7176
698;https://www.hribi.net/izlet/kneske_ravne_vrh_nad_skrbino_direktna_pot/1/698/7175
699;https://www.hribi.net/izlet/parkirisce_pri_kapelici_planinski_dom_zavizan/30/699/1260
699;https://www.hribi.net/izlet/gornja_klada_planinski_dom_zavizan/30/699/5066
700;https://www.hribi.net/izlet/parkirisce_pri_kapelici_vucjak/30/700/1256
701;https://www.hribi.net/izlet/parkirisce_pri_kapelici_velika_kosa/30/701/1257
702;https://www.hribi.net/izlet/parkirisce_pri_botanicnem_vrtu_balinovac_direktna_pot/30/702/1259
702;https://www.hribi.net/izlet/parkirisce_pri_kapelici_balinovac_cez_veliko_koso/30/702/1258
703;https://www.hribi.net/izlet/parkirisce_pri_kapelici_veliki_zavizan_cez_veliko_koso/30/703/1252
703;https://www.hribi.net/izlet/parkirisce_pri_botanicnem_vrtu_veliki_zavizan_direktna_pot/30/703/1251
704;https://www.hribi.net/izlet/parkirisce_pri_botanicnem_vrtu_zavizanski_pivcevac_po_cesti/30/704/1253
704;https://www.hribi.net/izlet/parkirisce_pred_kapelico_zavizanski_pivcevac_cez_buljevac/30/704/1254
705;https://www.hribi.net/izlet/parkirisce_pri_botanicnem_vrtu_gromovaca/30/705/1255
706;https://www.hribi.net/izlet/parkirisce_pri_botanicnem_vrtu_rossijevo_zavetisce_premuziceva_staza/30/706/1261
707;https://www.hribi.net/izlet/parkirisce_pred_kapelico_mali_rajinac_cez_buljevac/30/707/1249
707;https://www.hribi.net/izlet/parkirisce_pri_botanicnem_vrtu_mali_rajinac_po_cesti/30/707/1250
708;https://www.hribi.net/izlet/planina_ravne_planina_dolga_trata/3/708/1263
709;https://www.hribi.net/izlet/jasna_ciprnik_mimo_mojcinega_doma/1/709/1269
709;https://www.hribi.net/izlet/dom_planica_ciprnik_lovska_pot/1/709/3468
709;https://www.hribi.net/izlet/kranjska_gora_ciprnik_mimo_bedancevega_doma/1/709/6006
709;https://www.hribi.net/izlet/zelenci_ciprnik/1/709/3467
710;https://www.hribi.net/izlet/jasna_mojcin_dom_na_vitrancu_po_grebenu/1/710/4575
710;https://www.hribi.net/izlet/kranjska_gora_mojcin_dom_na_vitrancu_mimo_bedancevega_doma/1/710/6004
710;https://www.hribi.net/izlet/jasna_mojcin_dom_na_vitrancu_po_smuciscu/1/710/1268
710;https://www.hribi.net/izlet/dom_planica_mojcin_dom_na_vitrancu_lovska_pot/1/710/6010
710;https://www.hribi.net/izlet/zelenci_mojcin_dom_na_vitrancu/1/710/6011
711;https://www.hribi.net/izlet/planina_blato_adam/1/711/1270
712;https://www.hribi.net/izlet/planina_blato_eva_cez_adama/1/712/1271
713;https://www.hribi.net/izlet/planina_blato_prvi_vogel/1/713/1278
713;https://www.hribi.net/izlet/konec_ceste_na_vogar_prvi_vogel_mimo_grive/1/713/8374
714;https://www.hribi.net/izlet/planina_blato_srednji_vogel/1/714/1279
714;https://www.hribi.net/izlet/konec_ceste_na_vogar_srednji_vogel_mimo_grive/1/714/8438
715;https://www.hribi.net/izlet/centralni_vhod_v_np_paklenica_vaganski_vrh_ramici_-_buljma/30/715/3681
716;https://www.hribi.net/izlet/podljubelj_tomincev_slap/3/716/1285
717;https://www.hribi.net/izlet/planina_dolnica___dolinza_alm_konjscica___sagranberg___monte_sagran/27/717/1287
718;https://www.hribi.net/izlet/planina_dolnica_dolinza_alm_starhand/27/718/1288
718;https://www.hribi.net/izlet/kociska_planina___koutschitz_alm_starhand_po_cesti/27/718/1289
719;https://www.hribi.net/izlet/kociska_planina___koutschitz_alm_goricanska_planina_gortchacher_alm_po_cesti/27/719/1290
720;https://www.hribi.net/izlet/sele___zell-pharre_setice_freiberg/11/720/1293
721;https://www.hribi.net/izlet/dajcpeter___deutcher_peter_grlovec___ferlacher_horn/11/721/1300
721;https://www.hribi.net/izlet/franc___franzbauer_grlovec___ferlacher_horn/11/721/3952
721;https://www.hribi.net/izlet/bajdise___waidisch_grlovec___ferlacher_horn/11/721/1297
721;https://www.hribi.net/izlet/borovlje___ferlach_grlovec___ferlacher_horn/11/721/3948
721;https://www.hribi.net/izlet/ljubelj_grlovec___ferlacher_horn_preko_sedla_oselca/11/721/6397
721;https://www.hribi.net/izlet/bucan_grlovec___ferlacher_horn_preko_sedla_oselca/11/721/6398
722;https://www.hribi.net/izlet/dolina_kot_macesnovec/1/722/1298
723;https://www.hribi.net/izlet/nc_planica_bivak_pod_kotovim_sedlom/1/723/1302
723;https://www.hribi.net/izlet/nc_planica_bivak_pod_kotovim_sedlom_po_meliscu/1/723/4160
724;https://www.hribi.net/izlet/planina_kuhinja_koca_na_planini_kuhinja/1/724/1303
724;https://www.hribi.net/izlet/dreznica_koca_na_planini_kuhinja/1/724/10417
725;https://www.hribi.net/izlet/veliki_locnik_sveti_ahac/25/725/1309
725;https://www.hribi.net/izlet/mali_locnik_sveti_ahac/25/725/1308
726;https://www.hribi.net/izlet/lanisce_jance/25/726/1310
726;https://www.hribi.net/izlet/jevnica_jance/25/726/2504
726;https://www.hribi.net/izlet/besnica_jance/25/726/1311
726;https://www.hribi.net/izlet/veliko_trebeljevo_jance/25/726/1312
726;https://www.hribi.net/izlet/laze_pri_dolskem_jance/25/726/4117
726;https://www.hribi.net/izlet/litija_jance_cez_sirmanski_hrib/25/726/4747
727;https://www.hribi.net/izlet/senozeti_sveti_miklavz_nad_savo_pes_pot/25/727/1313
727;https://www.hribi.net/izlet/katarija_sveti_miklavz_nad_savo/25/727/1429
727;https://www.hribi.net/izlet/moravce_sveti_miklavz_nad_savo/25/727/7170
727;https://www.hribi.net/izlet/kamnica_sveti_miklavz_nad_savo_skozi_veliko_vas/25/727/6775
728;https://www.hribi.net/izlet/sveta_trojica_cicelj/25/728/3599
728;https://www.hribi.net/izlet/senozeti_cicelj/25/728/1314
728;https://www.hribi.net/izlet/krizevska_vas_cicelj_mimo_kmetije_buven/25/728/1315
728;https://www.hribi.net/izlet/krizevska_vas_cicelj/25/728/6779
728;https://www.hribi.net/izlet/senozeti_cicelj_lovska_pot/25/728/6778
728;https://www.hribi.net/izlet/kamnica_cicelj/25/728/6774
728;https://www.hribi.net/izlet/kamnica_cicelj_mimo_kmetije_buven/25/728/6773
730;https://www.hribi.net/izlet/predmeja_tuneli_mala_gora_srednjecavenska_pot/26/730/2381
730;https://www.hribi.net/izlet/kamnje_mala_gora/26/730/1492
730;https://www.hribi.net/izlet/stomaz_mala_gora/26/730/1407
730;https://www.hribi.net/izlet/vrtovin_mala_gora/26/730/3714
731;https://www.hribi.net/izlet/bohinjska_bistrica_krevl_po_smucarski_progi/1/731/2984
731;https://www.hribi.net/izlet/vrh_bace_krevl/1/731/1320
731;https://www.hribi.net/izlet/petrovo_brdo_krevl/1/731/3603
731;https://www.hribi.net/izlet/za_malim_vrhom_krevl/1/731/1319
731;https://www.hribi.net/izlet/ravne_krevl/1/731/4030
731;https://www.hribi.net/izlet/podbrdo_krevl/1/731/3585
731;https://www.hribi.net/izlet/bohinjsko_sedlo_krevl/1/731/4017
731;https://www.hribi.net/izlet/bohinjska_bistrica_krevl_cez_planino_za_crno_goro/1/731/6525
732;https://www.hribi.net/izlet/za_malim_vrhom_kravja_crna_gora/1/732/1318
733;https://www.hribi.net/izlet/gabrje_planinski_dom_pri_gospodicni/25/733/1323
733;https://www.hribi.net/izlet/vahta_planinski_dom_pri_gospodicni_po_cesti/25/733/1324
735;https://www.hribi.net/izlet/gabrje_trdinov_vrh/25/735/1325
735;https://www.hribi.net/izlet/planinski_dom_pri_gospodicni_trdinov_vrh/25/735/1326
735;https://www.hribi.net/izlet/krvavi_kamen_trdinov_vrh/25/735/1327
736;https://www.hribi.net/izlet/krvavi_kamen_dom_pri_miklavzu_po_cesti/25/736/1328
740;https://www.hribi.net/izlet/kozjak_dom_na_paskem_kozjaku_po_cesti/11/740/1337
741;https://www.hribi.net/izlet/dom_na_paskem_kozjaku_spik_paski_kozjak/11/741/1338
742;https://www.hribi.net/izlet/dom_na_paskem_kozjaku_basalisce_paski_kozjak/11/742/1339
742;https://www.hribi.net/izlet/vitanje_basalisce_paski_kozjak/11/742/2903
742;https://www.hribi.net/izlet/bio_kmetija_magu_basalisce_paski_kozjak/11/742/1340
743;https://www.hribi.net/izlet/sveti_janez_krstnik_na_ojstrici_kosenjak/162/743/1341
743;https://www.hribi.net/izlet/dravograd_kosenjak_cez_goriski_vrh/162/743/2935
743;https://www.hribi.net/izlet/dravograd_kosenjak_cez_ojstrico/162/743/2934
743;https://www.hribi.net/izlet/usek_kosenjak_mimo_sv_urbana/162/743/1610
743;https://www.hribi.net/izlet/soboski_prelaz___koglereck_kosenjak/162/743/3328
743;https://www.hribi.net/izlet/labot___lavamund_kosenjak/162/743/3330
743;https://www.hribi.net/izlet/sveti_janez_krstnik_na_ojstrici_kosenjak_mimo_bivaka_piramida/162/743/7137
743;https://www.hribi.net/izlet/sveti_janez_krstnik_na_ojstrici_kosenjak_mimo_sv_urbana/162/743/6295
743;https://www.hribi.net/izlet/jezero_sobote___stausee_soboth_kosenjak_po_oznaceni_poti/162/743/9390
743;https://www.hribi.net/izlet/bistriski_jarek_mp_muta_kosenjak_mimo_sv_urbana/162/743/7124
743;https://www.hribi.net/izlet/bistriski_jarek_glasbeni_dom_kosenjak_mimo_bivaka_piramida/162/743/7131
743;https://www.hribi.net/izlet/bistriski_jarek_mp_muta_kosenjak_mimo_bivaka_piramida/162/743/7120
743;https://www.hribi.net/izlet/bistriski_jarek_glasbeni_dom_kosenjak_mimo_sv_urbana/162/743/7134
743;https://www.hribi.net/izlet/jezero_sobote___stausee_soboth_kosenjak_po_neoznaceni_poti/162/743/9389
743;https://www.hribi.net/izlet/muta_zgornja_muta_kosenjak_mimo_bivaka_piramida/162/743/10037
743;https://www.hribi.net/izlet/muta_zgornja_muta_kosenjak_mimo_sv_urbana/162/743/10040
744;https://www.hribi.net/izlet/kuren_ulovka/26/744/1343
744;https://www.hribi.net/izlet/zaplana_prezid_ulovka/26/744/4431
744;https://www.hribi.net/izlet/zaplana_sv_urh_in_sv_martin_ulovka/26/744/4430
745;https://www.hribi.net/izlet/sveti_janez_krstnik_na_ojstrici_dom_na_kosenjaku/162/745/1344
745;https://www.hribi.net/izlet/dravograd_dom_na_kosenjaku/162/745/2933
746;https://www.hribi.net/izlet/svino_svinska_planina/1/746/1346
747;https://www.hribi.net/izlet/avsa_matajur_stara_pot/1/747/1350
747;https://www.hribi.net/izlet/rifugio_pelizzo_matajur/1/747/2677
747;https://www.hribi.net/izlet/svino_matajur/1/747/1347
747;https://www.hribi.net/izlet/rifugio_pelizzo_matajur_mimo_doma_na_matajure/1/747/2679
747;https://www.hribi.net/izlet/matajur___montemaggiore_matajur_mimo_doma_na_matajure/1/747/4326
747;https://www.hribi.net/izlet/livek_matajur_stara_pot/1/747/7060
747;https://www.hribi.net/izlet/rifugio_pelizzo_matajur_mimo_fonte_skrila/1/747/4368
747;https://www.hribi.net/izlet/masera___masseris_matajur/1/747/2680
747;https://www.hribi.net/izlet/avsa_matajur_nova_pot/1/747/7052
747;https://www.hribi.net/izlet/matajur___montemaggiore_matajur_preko_sedla/1/747/4328
747;https://www.hribi.net/izlet/rifugio_pelizzo_matajur_cez_ledino/1/747/4536
747;https://www.hribi.net/izlet/svino_matajur_slovenska_smer/1/747/7061
747;https://www.hribi.net/izlet/jevscek_matajur/1/747/7062
747;https://www.hribi.net/izlet/mp_robic_matajur_via_palma/1/747/10548
747;https://www.hribi.net/izlet/stupca___stupizza_matajur/1/747/10611
748;https://www.hribi.net/izlet/avsa_idrska_planina/1/748/1348
748;https://www.hribi.net/izlet/avsa_idrska_planina_stara_pot/1/748/7049
749;https://www.hribi.net/izlet/avsa_mrzli_vrh_na_matajurju/1/749/1349
749;https://www.hribi.net/izlet/avsa_mrzli_vrh_na_matajurju_stara_pot/1/749/7048
750;https://www.hribi.net/izlet/breginj_stol_julijske_alpe/1/750/1464
750;https://www.hribi.net/izlet/kobarid_stol_julijske_alpe/1/750/1352
750;https://www.hribi.net/izlet/potoki_stol_julijske_alpe/1/750/1351
750;https://www.hribi.net/izlet/breginj_stol_julijske_alpe_cez_muzec/1/750/2341
751;https://www.hribi.net/izlet/dom_v_iskem_vintgarju_iski_vintgar_vrbica/26/751/1355
752;https://www.hribi.net/izlet/dom_v_iskem_vintgarju_sveti_lenart_krvava_pec/26/752/1356
752;https://www.hribi.net/izlet/kamen_sveti_lenart_krvava_pec/26/752/2476
752;https://www.hribi.net/izlet/predgozd_sveti_lenart_krvava_pec/26/752/4364
752;https://www.hribi.net/izlet/visoko_mali_kurescek_sveti_lenart_krvava_pec/26/752/7446
752;https://www.hribi.net/izlet/visoko_mali_kurescek_sveti_lenart_krvava_pec_mimo_pavlinovega_brezna/26/752/7447
753;https://www.hribi.net/izlet/gradisce_kremzarjev_vrh/4/753/1362
753;https://www.hribi.net/izlet/oresnik_kremzarjev_vrh/4/753/1361
753;https://www.hribi.net/izlet/slovenj_gradec_kremzarjev_vrh/4/753/7255
753;https://www.hribi.net/izlet/legen_vinisnik_kremzarjev_vrh/4/753/6016
753;https://www.hribi.net/izlet/dravograd_na_mezi_kremzarjev_vrh/4/753/7359
753;https://www.hribi.net/izlet/legen_vinisnik_kremzarjev_vrh_pod_vrhom_/4/753/6009
753;https://www.hribi.net/izlet/vuzenica_kremzarjev_vrh/4/753/9177
753;https://www.hribi.net/izlet/vuzenica_kremzarjev_vrh_mimo_koce_planinc/4/753/9183
754;https://www.hribi.net/izlet/oresnik_koca_pod_kremzarjevim_vrhom/4/754/1360
754;https://www.hribi.net/izlet/gradisce_koca_pod_kremzarjevim_vrhom/4/754/1363
754;https://www.hribi.net/izlet/legen_vinisnik_koca_pod_kremzarjevim_vrhom_pod_vrhom/4/754/6029
754;https://www.hribi.net/izlet/slovenj_gradec_koca_pod_kremzarjevim_vrhom/4/754/7254
754;https://www.hribi.net/izlet/legen_vinisnik_koca_pod_kremzarjevim_vrhom_cez_kremzarjev_vrh/4/754/6027
754;https://www.hribi.net/izlet/dravograd_na_mezi_koca_pod_kremzarjevim_vrhom/4/754/7358
754;https://www.hribi.net/izlet/vuzenica_koca_pod_kremzarjevim_vrhom_mimo_koce_planinc/4/754/9182
754;https://www.hribi.net/izlet/vuzenica_koca_pod_kremzarjevim_vrhom/4/754/9176
755;https://www.hribi.net/izlet/oresnik_sveta_barbara_nad_slovenj_gradcem/4/755/1359
758;https://www.hribi.net/izlet/dreznica_bivak_na_crniku/1/758/1365
759;https://www.hribi.net/izlet/plajberski_graben___bleiberger_graben_sinski_vrh___sinacher_gupf/11/759/1366
759;https://www.hribi.net/izlet/strugarje___strugarjach_sinski_vrh___sinacher_gupf/11/759/1367
759;https://www.hribi.net/izlet/bistrica_v_rozu___feistritz_im_rosental_sinski_vrh___sinacher_gupf_vzhodna_pot/11/759/6878
759;https://www.hribi.net/izlet/bistrica_v_rozu___feistritz_im_rosental_sinski_vrh___sinacher_gupf_zahodna_pot/11/759/6877
760;https://www.hribi.net/izlet/slovenji_plajberk___windisch_bleiberg_zingarica___singerberg/11/760/1368
760;https://www.hribi.net/izlet/podljubelj___unterloibl_zingarica___singerberg/11/760/6885
760;https://www.hribi.net/izlet/trnje___dornach_zingarica___singerberg/11/760/6886
760;https://www.hribi.net/izlet/slovenji_plajberk___windisch_bleiberg_zingarica___singerberg_cez_sedlo_albink___halbingsattel/11/760/7605
760;https://www.hribi.net/izlet/plajberski_graben___bleiberger_graben_zingarica___singerberg/11/760/7609
760;https://www.hribi.net/izlet/bistrica_v_rozu___feistritz_im_rosental_zingarica___singerberg/11/760/7611
761;https://www.hribi.net/izlet/zgornje_poljcane_dom_na_bocu_cez_babo/11/761/1369
761;https://www.hribi.net/izlet/zgornje_poljcane_dom_na_bocu_po_cesti/11/761/4762
761;https://www.hribi.net/izlet/studenice_dom_na_bocu_po_cesti_in_planinski_poti/11/761/5013
761;https://www.hribi.net/izlet/studenice_dom_na_bocu_po_cesti/11/761/5016
761;https://www.hribi.net/izlet/zgornja_kostrivnica_dom_na_bocu/11/761/7498
761;https://www.hribi.net/izlet/zgornja_kostrivnica_dom_na_bocu_mimo_koce_velikonocnice/11/761/7499
761;https://www.hribi.net/izlet/brzika_dom_na_bocu/11/761/9645
761;https://www.hribi.net/izlet/cerovec_pod_bocem_dom_na_bocu/11/761/8962
761;https://www.hribi.net/izlet/makole_dom_na_bocu/11/761/8684
761;https://www.hribi.net/izlet/okrepcevalnica_zelena_dolina_dom_na_bocu/11/761/9636
761;https://www.hribi.net/izlet/pecica_dom_na_bocu/11/761/10868
761;https://www.hribi.net/izlet/zgornji_gabernik_dom_na_bocu/11/761/10866
762;https://www.hribi.net/izlet/cemsenik_koca_na_cemseniski_planini/25/762/1373
762;https://www.hribi.net/izlet/prvine_koca_na_cemseniski_planini/25/762/1372
762;https://www.hribi.net/izlet/planinski_dom_vrhe_koca_na_cemseniski_planini/25/762/2360
762;https://www.hribi.net/izlet/trojane_koca_na_cemseniski_planini/25/762/3652
762;https://www.hribi.net/izlet/jelsevica_koca_na_cemseniski_planini/25/762/3654
762;https://www.hribi.net/izlet/loke_koca_na_cemseniski_planini_cez_krvavico/25/762/3740
762;https://www.hribi.net/izlet/dolina_zaplaninscice_koca_na_cemseniski_planini/25/762/3738
762;https://www.hribi.net/izlet/loke_koca_na_cemseniski_planini_mimo_zajceve_koce/25/762/3746
762;https://www.hribi.net/izlet/podmeja_koca_na_cemseniski_planini/25/762/3756
762;https://www.hribi.net/izlet/trbovlje_koca_na_cemseniski_planini/25/762/3760
762;https://www.hribi.net/izlet/izlake_koca_na_cemseniski_planini/25/762/7248
762;https://www.hribi.net/izlet/izlake_koca_na_cemseniski_planini_skozi_razbor_pri_cemseniku/25/762/7252
762;https://www.hribi.net/izlet/dom_pod_resko_planino_koca_na_cemseniski_planini/25/762/7942
762;https://www.hribi.net/izlet/kisovec_koca_na_cemseniski_planini/25/762/10104
762;https://www.hribi.net/izlet/zagorje_ob_savi_koca_na_cemseniski_planini/25/762/10112
763;https://www.hribi.net/izlet/prvine_crni_vrh_cemseniska_planina/25/763/1374
763;https://www.hribi.net/izlet/cemsenik_crni_vrh_cemseniska_planina/25/763/1375
763;https://www.hribi.net/izlet/trojane_crni_vrh_cemseniska_planina/25/763/3653
763;https://www.hribi.net/izlet/planinski_dom_vrhe_crni_vrh_cemseniska_planina/25/763/3750
763;https://www.hribi.net/izlet/loke_crni_vrh_cemseniska_planina_cez_krvavico/25/763/3739
763;https://www.hribi.net/izlet/dolina_zaplaninscice_crni_vrh_cemseniska_planina/25/763/3737
763;https://www.hribi.net/izlet/jelsevica_crni_vrh_cemseniska_planina/25/763/3655
763;https://www.hribi.net/izlet/loke_crni_vrh_cemseniska_planina_mimo_zajceve_koce/25/763/3745
763;https://www.hribi.net/izlet/trbovlje_crni_vrh_cemseniska_planina/25/763/3759
763;https://www.hribi.net/izlet/podmeja_crni_vrh_cemseniska_planina/25/763/3755
763;https://www.hribi.net/izlet/izlake_crni_vrh_cemseniska_planina/25/763/7250
763;https://www.hribi.net/izlet/jesenovo_crni_vrh_cemseniska_planina_spura/25/763/10343
763;https://www.hribi.net/izlet/dom_pod_resko_planino_crni_vrh_cemseniska_planina/25/763/7940
763;https://www.hribi.net/izlet/izlake_crni_vrh_cemseniska_planina_skozi_razbor_pri_cemseniku/25/763/7253
763;https://www.hribi.net/izlet/zagorje_ob_savi_crni_vrh_cemseniska_planina/25/763/10113
763;https://www.hribi.net/izlet/kisovec_crni_vrh_cemseniska_planina/25/763/10105
764;https://www.hribi.net/izlet/kobarid_bivak_hlek/1/764/1376
764;https://www.hribi.net/izlet/potoki_bivak_hlek/1/764/1377
765;https://www.hribi.net/izlet/hotovlja_bukov_vrh/5/765/1378
765;https://www.hribi.net/izlet/hotovlja_bukov_vrh_po_cesti/5/765/1379
766;https://www.hribi.net/izlet/breg_liski_potok_lisca/25/766/1381
766;https://www.hribi.net/izlet/cerje_lisca_plezalna_pot/25/766/5402
766;https://www.hribi.net/izlet/krakovo_vinska_klet_mastnak_lisca_cez_vertikalo/25/766/6867
766;https://www.hribi.net/izlet/zelezniska_postaja_sevnica_lisca_iz_sevnice_preko_zajcje_gore_na_lisco/25/766/8986
766;https://www.hribi.net/izlet/krakovo_vinska_klet_mastnak_lisca_cez_skalce/25/766/10165
766;https://www.hribi.net/izlet/krakovo_vinska_klet_mastnak_lisca_pastirckova_pot/25/766/10166
766;https://www.hribi.net/izlet/planina_pri_sevnici_lisca/25/766/9749
766;https://www.hribi.net/izlet/krakovo_vinska_klet_mastnak_lisca_mimo_sv_josta/25/766/10292
766;https://www.hribi.net/izlet/sevnica_lisca_cez_zajcjo_goro_in_skalce/25/766/10167
766;https://www.hribi.net/izlet/sevnica_lisca_cez_zajcjo_goro_in_po_pastirckovi_poti/25/766/10171
766;https://www.hribi.net/izlet/breg_lisca_mimo_sv_lovrenca/25/766/10287
766;https://www.hribi.net/izlet/podgorje_ob_sevnicni_kurja_vas_lisca/25/766/9753
766;https://www.hribi.net/izlet/sevnica_lisca_cez_zajcjo_goro_in_mimo_sv_josta/25/766/10290
766;https://www.hribi.net/izlet/dolina_gracnice_blatnik_lisca/25/766/10890
766;https://www.hribi.net/izlet/gracnica_lisca_mimo_mlinarica/25/766/10888
768;https://www.hribi.net/izlet/breg_sveti_lovrenc_nad_vasjo_okroglice/25/768/1382
768;https://www.hribi.net/izlet/gracnica_sveti_lovrenc_nad_vasjo_okroglice_mimo_mlinarica/25/768/10886
768;https://www.hribi.net/izlet/dolina_gracnice_blatnik_sveti_lovrenc_nad_vasjo_okroglice/25/768/10889
769;https://www.hribi.net/izlet/brezje_pri_dobrovi_kljuc/5/769/1384
769;https://www.hribi.net/izlet/preval_prosca_kljuc/5/769/1383
769;https://www.hribi.net/izlet/dolenja_vas_pri_polhovem_gradcu_kosmulj_kljuc/5/769/3075
769;https://www.hribi.net/izlet/sveti_urh_nad_zaklancem_kljuc/5/769/4165
770;https://www.hribi.net/izlet/brezje_pri_dobrovi_partizanski_dom_na_kljucu/5/770/1385
770;https://www.hribi.net/izlet/preval_prosca_partizanski_dom_na_kljucu/5/770/1386
770;https://www.hribi.net/izlet/dolenja_vas_pri_polhovem_gradcu_kosmulj_partizanski_dom_na_kljucu/5/770/3076
770;https://www.hribi.net/izlet/sveti_urh_nad_zaklancem_partizanski_dom_na_kljucu/5/770/4166
771;https://www.hribi.net/izlet/podolnica_sveti_urh_nad_zaklancem/5/771/1387
771;https://www.hribi.net/izlet/preval_prosca_sveti_urh_nad_zaklancem/5/771/1388
771;https://www.hribi.net/izlet/zaklanec_sveti_urh_nad_zaklancem/5/771/7933
778;https://www.hribi.net/izlet/podgorje_slavnik_polozna_pot/26/778/1396
778;https://www.hribi.net/izlet/podgorje_slavnik_strma_pot/26/778/1395
778;https://www.hribi.net/izlet/skadanscina_slavnik/26/778/2445
778;https://www.hribi.net/izlet/presnica_slavnik/26/778/6801
778;https://www.hribi.net/izlet/hrpelje_slavnik/26/778/1951
778;https://www.hribi.net/izlet/skadanscina_slavnik_mimo_planine_jegno/26/778/2446
778;https://www.hribi.net/izlet/lovski_dom_pod_glavico_slavnik_po_cesti/26/778/1946
778;https://www.hribi.net/izlet/skadanscina_slavnik_cez_mala_vrata/26/778/9736
778;https://www.hribi.net/izlet/skadanscina_slavnik_cez_planino_jegno/26/778/9733
778;https://www.hribi.net/izlet/povzane_slavnik/26/778/9730
778;https://www.hribi.net/izlet/povzane_slavnik_cez_planino_jegno/26/778/9729
779;https://www.hribi.net/izlet/podgorje_kojnik_strma_pot/26/779/2422
779;https://www.hribi.net/izlet/zazid_kojnik/26/779/3053
779;https://www.hribi.net/izlet/podgorje_kojnik_mimo_lovskega_zavetisca/26/779/1398
780;https://www.hribi.net/izlet/zazid_jamprsnik/26/780/3057
780;https://www.hribi.net/izlet/podgorje_jamprsnik/26/780/1397
781;https://www.hribi.net/izlet/medno_slavkov_dom_na_golem_brdu/5/781/1401
781;https://www.hribi.net/izlet/preska_slavkov_dom_na_golem_brdu/5/781/4662
782;https://www.hribi.net/izlet/zlebe_sveta_marjeta_pod_jeterbenkom/5/782/1402
782;https://www.hribi.net/izlet/preska_sveta_marjeta_pod_jeterbenkom/5/782/4522
782;https://www.hribi.net/izlet/zlebe_sveta_marjeta_pod_jeterbenkom_cez_travnik/5/782/4524
784;https://www.hribi.net/izlet/selscek_velika_spicka/26/784/1408
784;https://www.hribi.net/izlet/begunje_pri_cerknici_velika_spicka_cez_cemarovnik/26/784/2405
784;https://www.hribi.net/izlet/begunje_pri_cerknici_velika_spicka/26/784/2406
784;https://www.hribi.net/izlet/strazisce_velika_spicka/26/784/1409
786;https://www.hribi.net/izlet/hrastnik_planinski_dom_na_kalu_cez_klobuk/25/786/1410
786;https://www.hribi.net/izlet/hrastnik_planinski_dom_na_kalu_cez_ravne/25/786/2003
786;https://www.hribi.net/izlet/dol_pri_hrastniku_planinski_dom_na_kalu/25/786/10175
786;https://www.hribi.net/izlet/hrastnik_planinski_dom_na_kalu_cez_blate/25/786/10180
786;https://www.hribi.net/izlet/zavrate_planinski_dom_na_kalu/25/786/10185
787;https://www.hribi.net/izlet/bodeski_most_lovska_koca_na_talezu/21/787/1411
787;https://www.hribi.net/izlet/ribenski_most_lovska_koca_na_talezu/21/787/1412
787;https://www.hribi.net/izlet/kolnica_lovska_koca_na_talezu_po_cesti/21/787/4225
788;https://www.hribi.net/izlet/rimske_toplice_kopitnik_po_dolini_ogeskega_potoka/25/788/3826
788;https://www.hribi.net/izlet/dom_v_gorah_kopitnik/25/788/1418
788;https://www.hribi.net/izlet/rimske_toplice_smarjeta_kopitnik_skozi_lurd/25/788/3824
788;https://www.hribi.net/izlet/sirje_kopitnik/25/788/1417
788;https://www.hribi.net/izlet/rimske_toplice_kopitnik_cez_borovo_in_lukovski_preval/25/788/9044
788;https://www.hribi.net/izlet/marno_kopitnik/25/788/9042
789;https://www.hribi.net/izlet/dom_v_gorah_koca_na_kopitniku/25/789/1414
789;https://www.hribi.net/izlet/rimske_toplice_koca_na_kopitniku_po_dolini_ogeskega_potoka/25/789/3825
789;https://www.hribi.net/izlet/rimske_toplice_smarjeta_koca_na_kopitniku_skozi_lurd/25/789/3823
789;https://www.hribi.net/izlet/sirje_koca_na_kopitniku/25/789/1413
789;https://www.hribi.net/izlet/marno_koca_na_kopitniku/25/789/9040
790;https://www.hribi.net/izlet/hrastnik_dom_v_gorah/25/790/2965
790;https://www.hribi.net/izlet/krnice_dom_v_gorah/25/790/1416
790;https://www.hribi.net/izlet/sirje_dom_v_gorah/25/790/1415
790;https://www.hribi.net/izlet/marno_dom_v_gorah/25/790/9037
790;https://www.hribi.net/izlet/rimske_toplice_dom_v_gorah_po_dolini_ogeskega_potoka/25/790/9045
790;https://www.hribi.net/izlet/rimske_toplice_smarjeta_dom_v_gorah_skozi_lurd/25/790/9047
794;https://www.hribi.net/izlet/katarija_geoss/25/794/1426
794;https://www.hribi.net/izlet/kandrse_trata_geoss/25/794/7750
794;https://www.hribi.net/izlet/moravce_geoss_cez_pivkelj/25/794/7163
794;https://www.hribi.net/izlet/moravce_geoss_mimo_sv_florjana/25/794/7166
795;https://www.hribi.net/izlet/geoss_dom_na_zgornji_slivni/25/795/1427
795;https://www.hribi.net/izlet/katarija_dom_na_zgornji_slivni/25/795/1425
795;https://www.hribi.net/izlet/kandrse_trata_dom_na_zgornji_slivni_mimo_geoss-a/25/795/7751
795;https://www.hribi.net/izlet/moravce_dom_na_zgornji_slivni_cez_pivkelj/25/795/7162
796;https://www.hribi.net/izlet/geoss_slivna_pivkelj/25/796/1428
796;https://www.hribi.net/izlet/katarija_slivna_pivkelj/25/796/1424
796;https://www.hribi.net/izlet/moravce_slivna_pivkelj/25/796/7161
796;https://www.hribi.net/izlet/kandrse_trata_slivna_pivkelj_mimo_geoss-a/25/796/7752
796;https://www.hribi.net/izlet/kandrse_trata_slivna_pivkelj_mimo_sv_florjana/25/796/7748
797;https://www.hribi.net/izlet/katarija_dom_uste_-_zerenk/25/797/1423
797;https://www.hribi.net/izlet/moravce_dom_uste_-_zerenk/25/797/7160
797;https://www.hribi.net/izlet/cesta_na_grmace_moravce_dom_uste_-_zerenk/25/797/4801
797;https://www.hribi.net/izlet/geoss_dom_uste_-_zerenk_cez_pivkelj/25/797/7167
797;https://www.hribi.net/izlet/geoss_dom_uste_-_zerenk_mimo_sv_florjana/25/797/7169
797;https://www.hribi.net/izlet/kandrse_trata_dom_uste_-_zerenk/25/797/7749
798;https://www.hribi.net/izlet/planina_sveta_marija_na_planinski_gori/26/798/1419
798;https://www.hribi.net/izlet/lohaca_sveta_marija_na_planinski_gori_po_cesti/26/798/1422
798;https://www.hribi.net/izlet/planina_dolnja_planina_sveta_marija_na_planinski_gori_mimo_sv_duha/26/798/4444
798;https://www.hribi.net/izlet/planina_dolnja_planina_sveta_marija_na_planinski_gori_preko_zavrtnikov/26/798/4438
798;https://www.hribi.net/izlet/grcarevec_sveta_marija_na_planinski_gori_po_jakobovi_poti_in_mimo_lovske_koce/26/798/9788
798;https://www.hribi.net/izlet/grcarevec_sveta_marija_na_planinski_gori_jakobova_pot/26/798/9789
799;https://www.hribi.net/izlet/planina_lovska_koca_na_planinski_gori/26/799/1420
799;https://www.hribi.net/izlet/lohaca_lovska_koca_na_planinski_gori_po_cesti/26/799/1421
799;https://www.hribi.net/izlet/planina_dolnja_planina_lovska_koca_na_planinski_gori_mimo_sv_duha/26/799/4445
799;https://www.hribi.net/izlet/planina_dolnja_planina_lovska_koca_na_planinski_gori_preko_zavrtnikov/26/799/4441
799;https://www.hribi.net/izlet/grcarevec_lovska_koca_na_planinski_gori_jakobova_pot/26/799/9786
802;https://www.hribi.net/izlet/lohaca_petricev_hrib/26/802/1430
802;https://www.hribi.net/izlet/planina_petricev_hrib/26/802/2040
802;https://www.hribi.net/izlet/planina_dolnja_planina_petricev_hrib_preko_zavrtnikov/26/802/4440
802;https://www.hribi.net/izlet/planina_dolnja_planina_petricev_hrib_mimo_sv_duha/26/802/4446
803;https://www.hribi.net/izlet/lohaca_polsakova_koca_na_zagori_po_cesti/26/803/1431
803;https://www.hribi.net/izlet/brunk_polsakova_koca_na_zagori/26/803/5471
804;https://www.hribi.net/izlet/studeno_gora_sveti_lovrenc/26/804/1432
804;https://www.hribi.net/izlet/gorenje_gora_sveti_lovrenc/26/804/4339
804;https://www.hribi.net/izlet/gorenje_gora_sveti_lovrenc_polozna_pot/26/804/4340
805;https://www.hribi.net/izlet/ljubelj_polna_pec/11/805/1433
805;https://www.hribi.net/izlet/bucan_polna_pec/11/805/2982
806;https://www.hribi.net/izlet/vlacno_sveta_trojica/26/806/1434
806;https://www.hribi.net/izlet/sevski_gozd_sveta_trojica/26/806/1435
806;https://www.hribi.net/izlet/slovenska_vas_sveta_trojica/26/806/3007
806;https://www.hribi.net/izlet/jersice_sveta_trojica_pot_je_trajno_zaprta!/26/806/5160
807;https://www.hribi.net/izlet/pivka_osojnica/26/807/1436
807;https://www.hribi.net/izlet/gradec_osojnica/26/807/1437
808;https://www.hribi.net/izlet/lome_pirnatova_koca_na_javorniku/26/808/1438
808;https://www.hribi.net/izlet/crni_vrh__grom_pirnatova_koca_na_javorniku/26/808/1439
808;https://www.hribi.net/izlet/podkraj_pirnatova_koca_na_javorniku/26/808/2797
808;https://www.hribi.net/izlet/repna_dolina_pirnatova_koca_na_javorniku/26/808/2798
808;https://www.hribi.net/izlet/vodice_mali_skolj_pirnatova_koca_na_javorniku/26/808/4494
808;https://www.hribi.net/izlet/col_pirnatova_koca_na_javorniku/26/808/4492
809;https://www.hribi.net/izlet/lome_javornik_nad_crnim_vrhom/26/809/1440
809;https://www.hribi.net/izlet/crni_vrh_grom_javornik_nad_crnim_vrhom/26/809/1441
809;https://www.hribi.net/izlet/crni_vrh_javornik_nad_crnim_vrhom_cez_sajsno_ravan/26/809/1985
809;https://www.hribi.net/izlet/podkraj_javornik_nad_crnim_vrhom/26/809/2796
809;https://www.hribi.net/izlet/kampelc_javornik_nad_crnim_vrhom/26/809/1986
809;https://www.hribi.net/izlet/repna_dolina_javornik_nad_crnim_vrhom/26/809/2799
809;https://www.hribi.net/izlet/col_javornik_nad_crnim_vrhom/26/809/4491
809;https://www.hribi.net/izlet/vodice_mali_skolj_javornik_nad_crnim_vrhom/26/809/4493
810;https://www.hribi.net/izlet/rosstratte_dobrac___dobratsch_po_cesti/31/810/1442
810;https://www.hribi.net/izlet/rosstratte_dobrac___dobratsch_pespot/31/810/4000
810;https://www.hribi.net/izlet/bleiberg_kreuth_wurzach_dobrac___dobratsch/31/810/3399
810;https://www.hribi.net/izlet/rute___hermsberg_dobrac___dobratsch/31/810/3395
811;https://www.hribi.net/izlet/rosstratte_zwolfernock_po_cesti/31/811/1443
812;https://www.hribi.net/izlet/kropa_srednji_konec_partizanski_dom_na_vodiski_planini/21/812/1445
812;https://www.hribi.net/izlet/jamnik_partizanski_dom_na_vodiski_planini_razgledna_pot/21/812/3060
812;https://www.hribi.net/izlet/kropa_partizanski_dom_na_vodiski_planini_mimo_jamnika/21/812/3064
812;https://www.hribi.net/izlet/miklavzevec_partizanski_dom_na_vodiski_planini/21/812/1444
812;https://www.hribi.net/izlet/kropa_slovenska_pec_partizanski_dom_na_vodiski_planini/21/812/7378
812;https://www.hribi.net/izlet/kropa_srednji_konec_partizanski_dom_na_vodiski_planini_cez_vreteno/21/812/7503
812;https://www.hribi.net/izlet/drazgose_jelensce_partizanski_dom_na_vodiski_planini/21/812/6715
812;https://www.hribi.net/izlet/planinski_dom_goska_ravan_partizanski_dom_na_vodiski_planini_po_cesti/21/812/7389
812;https://www.hribi.net/izlet/kamna_gorica_partizanski_dom_na_vodiski_planini/21/812/7502
812;https://www.hribi.net/izlet/drazgose_na_peceh_partizanski_dom_na_vodiski_planini/21/812/6716
812;https://www.hribi.net/izlet/spodnja_lipnica_partizanski_dom_na_vodiski_planini_kolnica_-_vodice/21/812/7213
812;https://www.hribi.net/izlet/kropa__partizanski_dom_na_vodiski_planini_cez_beriglo/21/812/7788
812;https://www.hribi.net/izlet/spodnja_lipnica_kolnica_partizanski_dom_na_vodiski_planini_zgoraj_po_cesti/21/812/7386
812;https://www.hribi.net/izlet/brezovica_partizanski_dom_na_vodiski_planini/21/812/7790
812;https://www.hribi.net/izlet/cesnjica_pri_kropi_partizanski_dom_na_vodiski_planini_cez_beriglo/21/812/7789
813;https://www.hribi.net/izlet/izvir_hublja_sinji_vrh_mimo_otliskega_okna/26/813/1449
813;https://www.hribi.net/izlet/otlica_sinji_vrh/26/813/4310
813;https://www.hribi.net/izlet/stara_baba_sinji_vrh/26/813/1450
813;https://www.hribi.net/izlet/predmeja_sinji_vrh_pot_po_robu/26/813/3072
813;https://www.hribi.net/izlet/col_sinji_vrh_cez_crne_stene/26/813/1981
813;https://www.hribi.net/izlet/col_sinji_vrh_zahodna_pot/26/813/5307
813;https://www.hribi.net/izlet/lovska_koca_budanje_sinji_vrh_vzhodna_pot_mimo_skrapelj/26/813/5301
813;https://www.hribi.net/izlet/col_sinji_vrh_vzhodna_pot_mimo_skrapelj/26/813/5306
813;https://www.hribi.net/izlet/lovska_koca_budanje_sinji_vrh_zahodna_pot/26/813/5305
813;https://www.hribi.net/izlet/jamce_sinji_vrh_vzhodna_pot_mimo_skrapelj/26/813/5312
813;https://www.hribi.net/izlet/jamce_sinji_vrh_zahodna_pot/26/813/5313
814;https://www.hribi.net/izlet/izvir_hublja_navrse/26/814/1448
814;https://www.hribi.net/izlet/predmeja_navrse_pot_po_robu/26/814/3071
814;https://www.hribi.net/izlet/otlica_navrse/26/814/4309
815;https://www.hribi.net/izlet/predmeja_otliski_maj_pot_po_robu/26/815/3069
815;https://www.hribi.net/izlet/izvir_hublja_otliski_maj/26/815/1447
815;https://www.hribi.net/izlet/otlica_otliski_maj/26/815/4311
816;https://www.hribi.net/izlet/izvir_hublja_otlisko_okno/26/816/1446
816;https://www.hribi.net/izlet/otlica_otlisko_okno/26/816/4308
816;https://www.hribi.net/izlet/predmeja_otlisko_okno_pot_po_robu/26/816/3070
818;https://www.hribi.net/izlet/vransko_dom_na_creti/3/818/1451
818;https://www.hribi.net/izlet/dom_planincev_farbanca_dom_na_creti/3/818/919
818;https://www.hribi.net/izlet/zovnesko_jezero_dom_na_creti/3/818/3015
818;https://www.hribi.net/izlet/braslovsko_jezero_dom_na_creti/3/818/3778
818;https://www.hribi.net/izlet/letus_dom_na_creti/3/818/3786
818;https://www.hribi.net/izlet/kokarje_src_laze_dom_na_creti_preko_tajne/3/818/5820
818;https://www.hribi.net/izlet/potok_mostni_graben_dom_na_creti_mimo_doma_na_farbanci/3/818/5829
818;https://www.hribi.net/izlet/kokarje_src_laze_dom_na_creti_mimo_doma_na_farbanci/3/818/5824
819;https://www.hribi.net/izlet/jablanica_koca_na_kozleku/26/819/1454
819;https://www.hribi.net/izlet/vrbiski_dol_koca_na_kozleku/26/819/1452
819;https://www.hribi.net/izlet/trpcane_koca_na_kozleku/26/819/1453
820;https://www.hribi.net/izlet/jablanica_srednji_vrh_pri_kozleku/26/820/1456
820;https://www.hribi.net/izlet/vrbiski_dol_srednji_vrh_pri_kozleku/26/820/1455
821;https://www.hribi.net/izlet/rakov_skocjan_veliki_javornik_javorniki/26/821/1457
821;https://www.hribi.net/izlet/kalce_veliki_javornik_javorniki/26/821/2819
821;https://www.hribi.net/izlet/jersice_veliki_javornik_javorniki/26/821/5744
822;https://www.hribi.net/izlet/zabnice___camporosso_in_valcanale_visarska_planina___malga_di_lussari/1/822/1458
822;https://www.hribi.net/izlet/trbiz___tarviso_visarska_planina___malga_di_lussari_po_servisni_cesti/1/822/6472
823;https://www.hribi.net/izlet/sovodenj_bevkov_vrh_polozna_pot/21/823/1461
823;https://www.hribi.net/izlet/sovodenj_bevkov_vrh_strma_pot/21/823/1460
823;https://www.hribi.net/izlet/jazne_kanavc_bevkov_vrh/21/823/5816
823;https://www.hribi.net/izlet/cerkno_bevkov_vrh/21/823/5815
823;https://www.hribi.net/izlet/podlanisce_bevkov_vrh/21/823/5813
823;https://www.hribi.net/izlet/straza_-_zelin_bevkov_vrh/21/823/7673
823;https://www.hribi.net/izlet/kopacnica_bevkov_vrh/21/823/5814
823;https://www.hribi.net/izlet/cerkno_bevkov_vrh_cez_lajse/21/823/7669
824;https://www.hribi.net/izlet/ledine_sivka/21/824/1463
824;https://www.hribi.net/izlet/jazne_lanisar_sivka/21/824/1462
824;https://www.hribi.net/izlet/ziri_sivka/21/824/3119
824;https://www.hribi.net/izlet/ledinica_sivka/21/824/3116
824;https://www.hribi.net/izlet/sovodenj_sivka/21/824/6758
824;https://www.hribi.net/izlet/ledinsko_razpotje_sivka/21/824/5193
824;https://www.hribi.net/izlet/govejk_sivka/21/824/5209
824;https://www.hribi.net/izlet/ziri_sivka_cez_vrsnik/21/824/5196
825;https://www.hribi.net/izlet/breginj_muzec_-_musc_mali_muzec/1/825/1484
826;https://www.hribi.net/izlet/breginj_bivak_pod_muzcem/1/826/1481
827;https://www.hribi.net/izlet/bele_vode_sveti_andrej_andrejev_dom_na_slemenu/11/827/1467
827;https://www.hribi.net/izlet/potok_slanica_andrejev_dom_na_slemenu/11/827/1468
827;https://www.hribi.net/izlet/zavodnje_andrejev_dom_na_slemenu/11/827/6929
827;https://www.hribi.net/izlet/crna_na_koroskem_andrejev_dom_na_slemenu_po_cesti/11/827/4939
827;https://www.hribi.net/izlet/sveti_danijel_zgornji_razbor_andrejev_dom_na_slemenu/11/827/9832
827;https://www.hribi.net/izlet/javorje_mala_crna_andrejev_dom_na_slemenu_mimo_kapelice_na_kramarici/11/827/10379
828;https://www.hribi.net/izlet/idrijca_divje_jezero_krozna_pot__ni_vec_prehodna!/26/828/1474
828;https://www.hribi.net/izlet/most_cez_jezernico_divje_jezero_juzna_pot/26/828/10170
828;https://www.hribi.net/izlet/most_cez_jezernico_divje_jezero_severna_pot/26/828/10169
829;https://www.hribi.net/izlet/idrija_hleviska_planina_lovska_pot/21/829/1476
829;https://www.hribi.net/izlet/pri_babi_hleviska_planina/21/829/1475
829;https://www.hribi.net/izlet/divje_jezero_hleviska_planina_mimo_priznice/21/829/3791
829;https://www.hribi.net/izlet/idrija_hleviska_planina_cez_kodrov_rovt/21/829/3857
829;https://www.hribi.net/izlet/divje_jezero_hleviska_planina_cez_vrh_struga/21/829/3790
830;https://www.hribi.net/izlet/idrija_koca_na_hleviski_planini_lovska_pot/21/830/1478
830;https://www.hribi.net/izlet/pri_babi_koca_na_hleviski_planini/21/830/1477
830;https://www.hribi.net/izlet/divje_jezero_koca_na_hleviski_planini_cez_vrh_struga/21/830/3789
830;https://www.hribi.net/izlet/idrija_koca_na_hleviski_planini_cez_kodrov_rovt/21/830/3858
830;https://www.hribi.net/izlet/divje_jezero_koca_na_hleviski_planini_mimo_priznice/21/830/3792
831;https://www.hribi.net/izlet/bohinjska_bela_zgornja_vas_iglica/1/831/1473
832;https://www.hribi.net/izlet/bohinjska_bela_podklanec_galetovec_zahodna_pot/1/832/1471
832;https://www.hribi.net/izlet/bohinjska_bela_galetovec_cez_turn/1/832/2132
832;https://www.hribi.net/izlet/konjska_raven_pokljuka_galetovec/1/832/6415
832;https://www.hribi.net/izlet/brezje_galetovec/1/832/1472
832;https://www.hribi.net/izlet/bohinjska_bela_zgornja_vas_galetovec_vzhodna_pot_cez_iglico/1/832/6296
832;https://www.hribi.net/izlet/ilovec_galetovec/1/832/6417
832;https://www.hribi.net/izlet/zatrnik_galetovec/1/832/6409
832;https://www.hribi.net/izlet/bled_velika_zaka_galetovec/1/832/7585
832;https://www.hribi.net/izlet/planina_smrecica_poglajnov_rovt_galetovec/1/832/6406
832;https://www.hribi.net/izlet/poljsica_pri_gorjah_zatrata_galetovec_po_pespoti/1/832/7591
833;https://www.hribi.net/izlet/bohinjska_bela_planina_za_jamo/1/833/1470
834;https://www.hribi.net/izlet/vrtovin_skolj_sv_pavla_nad_vrtovinom/26/834/1479
834;https://www.hribi.net/izlet/gojace_skolj_sv_pavla_nad_vrtovinom_mimo_korita/26/834/3710
834;https://www.hribi.net/izlet/gojace_skolj_sv_pavla_nad_vrtovinom_mimo_vodnega_stolpa/26/834/3711
834;https://www.hribi.net/izlet/malovse_skolj_sv_pavla_nad_vrtovinom/26/834/3718
835;https://www.hribi.net/izlet/spodnja_idrija_jelenk_lahka_pot/21/835/1486
835;https://www.hribi.net/izlet/spodnja_idrija_jelenk_cez_kendove_robe/21/835/2545
835;https://www.hribi.net/izlet/lovska_koca_prehod_jelenk/21/835/1487
837;https://www.hribi.net/izlet/rudijev_dom_na_donacki_gori_donacka_gora/11/837/1488
837;https://www.hribi.net/izlet/sveti_jurij_donacka_gora_vzhodna_pot/11/837/1491
837;https://www.hribi.net/izlet/prelaz_vrhe_donacka_gora/11/837/2074
837;https://www.hribi.net/izlet/sveti_jurij_donacka_gora_stara_juzna_pot/11/837/4192
837;https://www.hribi.net/izlet/sveti_jurij_donacka_gora_zahodna_pot/11/837/8627
837;https://www.hribi.net/izlet/stoperce_donacka_gora/11/837/8621
837;https://www.hribi.net/izlet/rudijev_dom_na_donacki_gori_donacka_gora_tezja_pot/11/837/8625
837;https://www.hribi.net/izlet/brzika_donacka_gora/11/837/8612
837;https://www.hribi.net/izlet/zetale_donacka_gora/11/837/8608
837;https://www.hribi.net/izlet/stoperce_donacka_gora_tezja_pot/11/837/8620
837;https://www.hribi.net/izlet/brzika_donacka_gora_tezja_pot/11/837/8616
838;https://www.hribi.net/izlet/sveti_jurij_rudijev_dom_na_donacki_gori/11/838/1490
838;https://www.hribi.net/izlet/stoperce_rudijev_dom_na_donacki_gori/11/838/8617
838;https://www.hribi.net/izlet/prelaz_vrhe_rudijev_dom_na_donacki_gori/11/838/8632
838;https://www.hribi.net/izlet/zetale_rudijev_dom_na_donacki_gori/11/838/8610
838;https://www.hribi.net/izlet/brzika_rudijev_dom_na_donacki_gori/11/838/8611
839;https://www.hribi.net/izlet/zidani_most_veliko_kozje_mimo_gasperjeve_koce/25/839/1494
839;https://www.hribi.net/izlet/zidani_most_veliko_kozje_mimo_klenovska_in_cez_mrzlo_planino/25/839/1495
839;https://www.hribi.net/izlet/gracnica_veliko_kozje/25/839/8149
839;https://www.hribi.net/izlet/breg_veliko_kozje/25/839/10893
839;https://www.hribi.net/izlet/dolina_gracnice_blatnik_veliko_kozje/25/839/10892
840;https://www.hribi.net/izlet/gradisce_pri_vipavi_furlanovo_zavetisce_pri_abramu_lazja_varianta/26/840/1530
840;https://www.hribi.net/izlet/gradisce_pri_vipavi_furlanovo_zavetisce_pri_abramu_cez_konja/26/840/1532
840;https://www.hribi.net/izlet/gradisce_pri_vipavi_furlanovo_zavetisce_pri_abramu_furlanova_pot/26/840/3610
840;https://www.hribi.net/izlet/lozice_furlanovo_zavetisce_pri_abramu/26/840/3673
840;https://www.hribi.net/izlet/podkraj_furlanovo_zavetisce_pri_abramu/26/840/3607
840;https://www.hribi.net/izlet/podnanos_furlanovo_zavetisce_pri_abramu/26/840/4263
840;https://www.hribi.net/izlet/hrasce_furlanovo_zavetisce_pri_abramu_mimo_korit/26/840/3676
840;https://www.hribi.net/izlet/hrasce_furlanovo_zavetisce_pri_abramu_cez_briznik/26/840/3677
841;https://www.hribi.net/izlet/sp_postaja_pohorske_vzpenjace_mariborska_koca_jonatanka/4/841/2072
841;https://www.hribi.net/izlet/zgornja_postaja_vzpenjace_mariborska_koca/4/841/1577
841;https://www.hribi.net/izlet/sp_postaja_pohorske_vzpenjace_mariborska_koca_copka/4/841/2075
841;https://www.hribi.net/izlet/dom_planinka_mariborska_koca_mimo_slapu/4/841/1574
841;https://www.hribi.net/izlet/spodnje_radvanje_mariborska_koca/4/841/4947
841;https://www.hribi.net/izlet/slivnica_pri_mariboru_mariborska_koca/4/841/4914
841;https://www.hribi.net/izlet/pivola_reka_mariborska_koca_cez_petkovo_sedlo_in_mimo_slapu_skalca/4/841/4207
841;https://www.hribi.net/izlet/pivola_reka_mariborska_koca_mimo_hocke_koce/4/841/4750
841;https://www.hribi.net/izlet/fram_mariborska_koca_jugova_pot/4/841/4924
841;https://www.hribi.net/izlet/zgornja_postaja_vzpenjace_mariborska_koca_cez_mariborski_razglednik/4/841/8901
841;https://www.hribi.net/izlet/spodnje_radvanje_mariborska_koca_juzna_pot/4/841/9881
841;https://www.hribi.net/izlet/fram_mariborska_koca_mimo_framskega_slapu/4/841/8594
841;https://www.hribi.net/izlet/log_mariborska_koca/4/841/8893
841;https://www.hribi.net/izlet/pivola_reka_mariborska_koca_cez_petkovo_sedlo/4/841/9350
841;https://www.hribi.net/izlet/fram_mariborska_koca_mimo_hotela_zarja/4/841/8563
841;https://www.hribi.net/izlet/sveti_kriz_planica_mariborska_koca/4/841/8588
842;https://www.hribi.net/izlet/zgornja_postaja_vzpenjace_ruska_koca_na_arehu_mimo_mariborske_koce/4/842/1578
842;https://www.hribi.net/izlet/zgornja_postaja_vzpenjace_ruska_koca_na_arehu_cez_razglednik/4/842/1576
842;https://www.hribi.net/izlet/mariborska_koca_ruska_koca_na_arehu/4/842/8907
842;https://www.hribi.net/izlet/ruse_ruska_koca_na_arehu/4/842/8674
842;https://www.hribi.net/izlet/koca_na_sumiku_ruska_koca_na_arehu/4/842/8729
842;https://www.hribi.net/izlet/zgornja_polskava_ruska_koca_na_arehu_skozi_polskavski_vintgar_in_mimo_cerkve_sv_martina/4/842/7091
842;https://www.hribi.net/izlet/smartno_na_pohorju_ruska_koca_na_arehu_cez_bojtino/4/842/8452
842;https://www.hribi.net/izlet/fram_ruska_koca_na_arehu/4/842/8561
842;https://www.hribi.net/izlet/log_ruska_koca_na_arehu/4/842/8676
842;https://www.hribi.net/izlet/sveti_trije_kralji_ruska_koca_na_arehu/4/842/8756
842;https://www.hribi.net/izlet/zgornja_polskava_ruska_koca_na_arehu_skozi_polskavski_vintgar/4/842/7092
842;https://www.hribi.net/izlet/zgornja_polskava_ruska_koca_na_arehu_cez_kocno/4/842/7090
842;https://www.hribi.net/izlet/sveti_kriz_planica_ruska_koca_na_arehu/4/842/8589
842;https://www.hribi.net/izlet/spodnje_radvanje_ruska_koca_na_arehu_cez_ledinekov_kogel/4/842/9855
842;https://www.hribi.net/izlet/spodnje_radvanje_ruska_koca_na_arehu_juzna_pot/4/842/9882
842;https://www.hribi.net/izlet/zgornja_bistrica_center_vintgar_ruska_koca_na_arehu_skozi_bistriski_vintgar/4/842/9130
842;https://www.hribi.net/izlet/pivola_reka_ruska_koca_na_arehu_cez_petkovo_sedlo/4/842/9351
842;https://www.hribi.net/izlet/slivnica_pri_mariboru_ruska_koca_na_arehu/4/842/10318
843;https://www.hribi.net/izlet/tuskov_gric_koca_na_crnem_vrhu_nad_novaki/21/843/1582
844;https://www.hribi.net/izlet/osp_grad_socerb_cez_spodnji_kras/26/844/1570
844;https://www.hribi.net/izlet/osp_grad_socerb/26/844/6798
844;https://www.hribi.net/izlet/varda_grad_socerb/26/844/5997
844;https://www.hribi.net/izlet/osp_grad_socerb_skozi_kastelec/26/844/6799
844;https://www.hribi.net/izlet/zlebinje_grad_socerb/26/844/5998
844;https://www.hribi.net/izlet/petrinje_grad_socerb/26/844/5996
845;https://www.hribi.net/izlet/osp_tinjan/26/845/1571
845;https://www.hribi.net/izlet/dekani_tinjan_po_poti_vzpona_krozne_poti/26/845/6806
845;https://www.hribi.net/izlet/stepani_tinjan/26/845/6017
845;https://www.hribi.net/izlet/dekani_tinjan_po_poti_sestopa_krozne_poti/26/845/6807
845;https://www.hribi.net/izlet/spodnje_skofije_tinjan/26/845/6819
845;https://www.hribi.net/izlet/plavje_tinjan/26/845/6820
846;https://www.hribi.net/izlet/hudi_potok_mornova_zijalka/11/846/1485
847;https://www.hribi.net/izlet/sveti_jurij_sveti_donat/11/847/1489
848;https://www.hribi.net/izlet/zidani_most_gasperjeva_koca_pod_velikim_kozjem/25/848/1493
849;https://www.hribi.net/izlet/kekec_skabrijel/26/849/1523
849;https://www.hribi.net/izlet/vratca_skabrijel/26/849/1522
849;https://www.hribi.net/izlet/prevala_skabrijel_cez_veliki_hrib/26/849/5843
849;https://www.hribi.net/izlet/prevala_skabrijel/26/849/5844
849;https://www.hribi.net/izlet/prevala_skabrijel_mimo_madzarske_piramide/26/849/5845
849;https://www.hribi.net/izlet/nova_gorica_hotel_perla_skabrijel_direktna_pot/26/849/5430
850;https://www.hribi.net/izlet/podgora_gora_oljka_martinova_pot/3/850/1498
850;https://www.hribi.net/izlet/recica_ob_paki_gora_oljka/3/850/1497
850;https://www.hribi.net/izlet/dobric_gora_oljka/3/850/1496
850;https://www.hribi.net/izlet/dobric_vedet_gora_oljka_mimo_rogeljska/3/850/5057
850;https://www.hribi.net/izlet/polzela_gora_oljka_cez_vimperk/3/850/7227
850;https://www.hribi.net/izlet/podvin_pri_polzeli_gora_oljka_spodnja_pot/3/850/7233
850;https://www.hribi.net/izlet/dobric_vedet_gora_oljka_po_cesti/3/850/5056
850;https://www.hribi.net/izlet/podvin_pri_polzeli_gora_oljka_zgornja_pot/3/850/7232
850;https://www.hribi.net/izlet/dobric_vedet_gora_oljka_cez_brezovec/3/850/5059
852;https://www.hribi.net/izlet/prebold_dom_pod_resko_planino/25/852/1502
852;https://www.hribi.net/izlet/marija_reka_strgarjev_kamnolom_dom_pod_resko_planino/25/852/3664
852;https://www.hribi.net/izlet/prebold_dom_pod_resko_planino_cez_gradisce/25/852/1501
852;https://www.hribi.net/izlet/podmeja_dom_pod_resko_planino/25/852/7935
852;https://www.hribi.net/izlet/dom_pod_resko_planino_dom_pod_resko_planino_krozna_ucna_pot_marija_reka/25/852/10138
852;https://www.hribi.net/izlet/prebold_dom_pod_resko_planino_mimo_zvajge/25/852/10129
853;https://www.hribi.net/izlet/prebold_reska_planina/25/853/1504
853;https://www.hribi.net/izlet/marija_reka_strgarjev_kamnolom_reska_planina/25/853/3663
853;https://www.hribi.net/izlet/prebold_reska_planina_cez_gradisce/25/853/1503
853;https://www.hribi.net/izlet/podmeja_reska_planina_po_grebenu/25/853/10139
853;https://www.hribi.net/izlet/prebold_reska_planina_cez_tolsti_vrh_in_strnik/25/853/10136
853;https://www.hribi.net/izlet/prebold_reska_planina_mimo_zvajge/25/853/10131
854;https://www.hribi.net/izlet/matke_kamnik_severozahodna_pot/25/854/1508
854;https://www.hribi.net/izlet/matke_kamnik_juzna_pot/25/854/1507
854;https://www.hribi.net/izlet/grize_kamnik_cez_zahom/25/854/8266
854;https://www.hribi.net/izlet/matke_podmrzlica_kamnik_juzna_pot/25/854/8215
855;https://www.hribi.net/izlet/matke_golava/25/855/1509
855;https://www.hribi.net/izlet/marija_reka_strgar_golava_zvonetova_pot_-_stalno_zaprta!/25/855/1510
855;https://www.hribi.net/izlet/marija_reka_strgarjev_kamnolom_golava_ovcja_pot/25/855/4286
855;https://www.hribi.net/izlet/prebold_golava/25/855/10231
855;https://www.hribi.net/izlet/marija_reka_koritnikov_most_golava_zvonetova_pot/25/855/10237
856;https://www.hribi.net/izlet/zabukovica_gozdnik/25/856/1516
856;https://www.hribi.net/izlet/lovska_koca_pod_gozdnikom_gozdnik_mimo_petelinovega_vrha/25/856/1517
856;https://www.hribi.net/izlet/lasko_gozdnik/25/856/3129
856;https://www.hribi.net/izlet/zagreben_pri_dikcu_gozdnik/25/856/3130
856;https://www.hribi.net/izlet/liboje_gozdnik/25/856/3131
856;https://www.hribi.net/izlet/spodnja_recica_gozdnik_cez_tolsto/25/856/3127
856;https://www.hribi.net/izlet/pongrac_grobisce_talcev_gozdnik_mimo_malega_gozdnika/25/856/10227
856;https://www.hribi.net/izlet/pongrac_grobisce_talcev_gozdnik_mimo_petelinovega_vrha/25/856/10226
856;https://www.hribi.net/izlet/zgornja_recica_cerkev_bl_antona_martina_slomska_gozdnik/25/856/10160
857;https://www.hribi.net/izlet/zabukovica_kotecnik/25/857/1515
857;https://www.hribi.net/izlet/liboje_kamnolom_kotecnik_cez_vzhodni_greben/25/857/8081
858;https://www.hribi.net/izlet/migojnice_dom_na_bukovici/25/858/1513
858;https://www.hribi.net/izlet/zabukovica_dom_na_bukovici/25/858/1514
858;https://www.hribi.net/izlet/kasaze_dom_na_bukovici/25/858/10223
858;https://www.hribi.net/izlet/zabukovica_podvine_dom_na_bukovici/25/858/10224
859;https://www.hribi.net/izlet/grize_dragov_dom_na_homu_direktna_pot/25/859/1512
859;https://www.hribi.net/izlet/matke_zahom_dragov_dom_na_homu/25/859/1511
859;https://www.hribi.net/izlet/sesce_pri_preboldu_dragov_dom_na_homu_cez_lajnarjev_hrib/25/859/8313
859;https://www.hribi.net/izlet/sesce_pri_preboldu_dragov_dom_na_homu_brdovska_pot/25/859/8318
859;https://www.hribi.net/izlet/grize_dragov_dom_na_homu_cez_lajnarjev_hrib/25/859/8253
859;https://www.hribi.net/izlet/grize_dragov_dom_na_homu_cez_zahom/25/859/8251
860;https://www.hribi.net/izlet/lasko_dom_na_smohorju/25/860/3128
860;https://www.hribi.net/izlet/liboje_dom_na_smohorju/25/860/1519
860;https://www.hribi.net/izlet/zagreben_pri_dikcu_dom_na_smohorju/25/860/1518
860;https://www.hribi.net/izlet/spodnja_recica_dom_na_smohorju_cez_tolsto/25/860/3126
860;https://www.hribi.net/izlet/tremerje_dom_na_smohorju/25/860/4823
860;https://www.hribi.net/izlet/liboje_dom_na_smohorju_mimo_ekoloske_kmetije_kralj/25/860/8053
860;https://www.hribi.net/izlet/tremerje_dom_na_smohorju_po_grebenu_malega_slomnika/25/860/8051
860;https://www.hribi.net/izlet/zgornja_recica_cerkev_bl_antona_martina_slomska_dom_na_smohorju/25/860/10159
861;https://www.hribi.net/izlet/lasko_malic/25/861/3133
861;https://www.hribi.net/izlet/liboje_malic/25/861/1521
861;https://www.hribi.net/izlet/zagreben_pri_dikcu_malic/25/861/1520
861;https://www.hribi.net/izlet/spodnja_recica_malic_cez_tolsto/25/861/3132
861;https://www.hribi.net/izlet/tremerje_malic_po_vzhodnem_grebenu_malica/25/861/7983
861;https://www.hribi.net/izlet/tremerje_malic_po_zahodnem_grebenu_malica/25/861/7987
861;https://www.hribi.net/izlet/lasko_malic_po_vzhodnem_grebenu_malica/25/861/8223
861;https://www.hribi.net/izlet/zgornja_recica_cerkev_bl_antona_martina_slomska_malic/25/861/10161
862;https://www.hribi.net/izlet/gradisce_pri_vipavi_sveti_miklavz_nad_vipavo/26/862/1531
862;https://www.hribi.net/izlet/podnanos_sveti_miklavz_nad_vipavo/26/862/4262
863;https://www.hribi.net/izlet/gradisce_pri_vipavi_gradiska_tura_furlanova_pot/26/863/2017
863;https://www.hribi.net/izlet/gradisce_pri_vipavi_gradiska_tura_otmarjeva_pot/26/863/7397
863;https://www.hribi.net/izlet/gradisce_pri_vipavi_gradiska_tura_lazja_varianta/26/863/1529
863;https://www.hribi.net/izlet/vipava_gradiska_tura/26/863/2018
863;https://www.hribi.net/izlet/gradisce_pri_vipavi_gradiska_tura_cez_plaz/26/863/7759
864;https://www.hribi.net/izlet/sveta_gora_vodice/26/864/4337
864;https://www.hribi.net/izlet/pod_skalnico_vodice/26/864/1526
864;https://www.hribi.net/izlet/skalnica_vodice_pot_po_jarkih/26/864/4338
864;https://www.hribi.net/izlet/grgar_vodice_po_ranjekah/26/864/4396
864;https://www.hribi.net/izlet/grgar_vodice_po_trasi_plinovoda/26/864/4397
864;https://www.hribi.net/izlet/zagora_vodice_cez_vodice/26/864/4826
864;https://www.hribi.net/izlet/zagora_vodice_cez_preski_vrh/26/864/4831
864;https://www.hribi.net/izlet/plave_vodice_cez_kuk/26/864/5252
864;https://www.hribi.net/izlet/plave_vodice_cez_paljevo/26/864/5257
864;https://www.hribi.net/izlet/plave_vodice_cez_priznico/26/864/5266
864;https://www.hribi.net/izlet/grgar_vodice_po_cesti/26/864/5846
865;https://www.hribi.net/izlet/solkan_dom_na_sabotinu_juzna_pot/26/865/1524
865;https://www.hribi.net/izlet/solkan_dom_na_sabotinu_severna_pot/26/865/1525
867;https://www.hribi.net/izlet/gora_stjenkova_koca_na_trstelju/26/867/1535
867;https://www.hribi.net/izlet/crni_hribi_stjenkova_koca_na_trstelju/26/867/1538
867;https://www.hribi.net/izlet/lipa_stjenkova_koca_na_trstelju/26/867/2389
867;https://www.hribi.net/izlet/pedrovo_stjenkova_koca_na_trstelju/26/867/4360
867;https://www.hribi.net/izlet/zelezna_vrata_stjenkova_koca_na_trstelju/26/867/4363
867;https://www.hribi.net/izlet/branik_stjenkova_koca_na_trstelju_po_gozdni_poti/26/867/4350
867;https://www.hribi.net/izlet/lokvica_stjenkova_koca_na_trstelju/26/867/4356
867;https://www.hribi.net/izlet/branik_stjenkova_koca_na_trstelju_po_kolovozu/26/867/4358
868;https://www.hribi.net/izlet/gora_trstelj/26/868/1536
868;https://www.hribi.net/izlet/lipa_trstelj/26/868/2390
868;https://www.hribi.net/izlet/crni_hribi_trstelj/26/868/1537
868;https://www.hribi.net/izlet/zelezna_vrata_trstelj/26/868/4362
868;https://www.hribi.net/izlet/rence_trstelj/26/868/5169
868;https://www.hribi.net/izlet/lokvica_trstelj/26/868/2400
868;https://www.hribi.net/izlet/pedrovo_trstelj/26/868/4361
868;https://www.hribi.net/izlet/branik_trstelj_po_gozdni_poti/26/868/4355
868;https://www.hribi.net/izlet/branik_trstelj_po_kolovozu/26/868/4359
869;https://www.hribi.net/izlet/plave_zavetisce_na_koradi/26/869/1541
869;https://www.hribi.net/izlet/zamedveje_zavetisce_na_koradi/26/869/1542
870;https://www.hribi.net/izlet/plave_korada/26/870/1539
870;https://www.hribi.net/izlet/zamedveje_korada/26/870/1540
870;https://www.hribi.net/izlet/kanal_korada/26/870/8103
871;https://www.hribi.net/izlet/tremerje_veliki_slomnik/25/871/4686
871;https://www.hribi.net/izlet/kosnica_veliki_slomnik/25/871/1543
871;https://www.hribi.net/izlet/liboje_veliki_slomnik/25/871/4764
871;https://www.hribi.net/izlet/tremerje_veliki_slomnik_tremerje_-_veliki_slomnik_-_liboje/25/871/5123
871;https://www.hribi.net/izlet/kosnica_veliki_slomnik/25/871/4729
871;https://www.hribi.net/izlet/tremerje_veliki_slomnik_skozi_sotesko_potoki/25/871/8068
872;https://www.hribi.net/izlet/kosnica_hom_nad_celjem/25/872/1544
872;https://www.hribi.net/izlet/celje_viseci_most_hom_nad_celjem/25/872/7982
872;https://www.hribi.net/izlet/celje_viseci_most_hom_nad_celjem_cez_petricek_in_lisce/25/872/7998
872;https://www.hribi.net/izlet/tremerje_hom_nad_celjem_cez_razpotje_slomnik/25/872/4991
873;https://www.hribi.net/izlet/liboje_planinski_dom_na_brnici/25/873/1546
873;https://www.hribi.net/izlet/kosnica_planinski_dom_na_brnici/25/873/1545
873;https://www.hribi.net/izlet/celje_viseci_most_planinski_dom_na_brnici_po_grebenu/25/873/7996
873;https://www.hribi.net/izlet/celje_viseci_most_planinski_dom_na_brnici_iz_sv_smeri/25/873/7997
874;https://www.hribi.net/izlet/sentjur_resevna/25/874/1547
874;https://www.hribi.net/izlet/jakob_pri_sentjurju_resevna/25/874/1548
874;https://www.hribi.net/izlet/store_resevna/25/874/4755
874;https://www.hribi.net/izlet/store_resevna_skozi_bojanski_graben_in_cez_resje_nad_storami/25/874/4803
874;https://www.hribi.net/izlet/store_resevna_cez_zlajfo_in_cez_resje_nad_storami/25/874/4821
874;https://www.hribi.net/izlet/sentjur_center_resevna_polozna_pot/25/874/10256
874;https://www.hribi.net/izlet/sentjur_center_resevna_strma_pot/25/874/10255
874;https://www.hribi.net/izlet/sentjur_center_resevna_cez_krajnce/25/874/10254
875;https://www.hribi.net/izlet/sentjur_rifnik/25/875/1550
875;https://www.hribi.net/izlet/jakob_pri_sentjurju_rifnik/25/875/1549
875;https://www.hribi.net/izlet/gorica_pri_slivnici_rifnik/25/875/9468
875;https://www.hribi.net/izlet/vezovje_avtobusna_postaja_vezovje_most_rifnik/25/875/9469
876;https://www.hribi.net/izlet/zvodno_pecovniska_koca_na_grmadi_skozi_hudicev_graben/25/876/2465
876;https://www.hribi.net/izlet/zagrad_pecovniska_koca_na_grmadi/25/876/1551
876;https://www.hribi.net/izlet/zagrad_pecovniska_koca_na_grmadi_cez_grmado/25/876/2468
876;https://www.hribi.net/izlet/celje_pecovniska_koca_na_grmadi_over_castle_stari_grad_in_suhi_potok/25/876/4931
876;https://www.hribi.net/izlet/zvodno_pecovniska_koca_na_grmadi_skozi_suhi_potok/25/876/8125
876;https://www.hribi.net/izlet/kozolec_laska_vas_-_pecovje__pecovniska_koca_na_grmadi_mimo_marije_in_bavca/25/876/8072
877;https://www.hribi.net/izlet/zagrad_grmada_nad_celjem_polozna_pot/25/877/1552
877;https://www.hribi.net/izlet/zvodno_grmada_nad_celjem_skozi_hudicev_graben/25/877/2466
877;https://www.hribi.net/izlet/zagrad_grmada_nad_celjem_strma_pot/25/877/2467
877;https://www.hribi.net/izlet/zvodno_grmada_nad_celjem_skozi_suhi_potok/25/877/8019
877;https://www.hribi.net/izlet/kozolec_laska_vas_-_pecovje__grmada_nad_celjem_mimo_marije_in_bavca/25/877/8020
878;https://www.hribi.net/izlet/zagrad_celjska_koca/25/878/1553
878;https://www.hribi.net/izlet/zvodno_celjska_koca_skozi_hudicev_graben/25/878/2470
878;https://www.hribi.net/izlet/celje_celjska_koca_cez_stari_grad_suhi_potok_in_pecovnisko_koco/25/878/5018
878;https://www.hribi.net/izlet/zagrad_celjska_koca_cez_vipoto/25/878/4847
878;https://www.hribi.net/izlet/zagrad_celjska_koca_pod_vrhom_vipota/25/878/5029
878;https://www.hribi.net/izlet/zvodno_celjska_koca_skozi_suhi_potok/25/878/8126
878;https://www.hribi.net/izlet/tremerje_celjska_koca/25/878/4841
878;https://www.hribi.net/izlet/store_celjska_koca_cez_zlajfo_in_tolsti_vrh/25/878/4665
878;https://www.hribi.net/izlet/store_celjska_koca_cez_resevno__mimo_alminega_doma_in_cez_tolsti_vrh/25/878/4790
878;https://www.hribi.net/izlet/store_celjska_koca_mimo_marije_in_cez_tolsti_vrh/25/878/4738
878;https://www.hribi.net/izlet/store_celjska_koca_skozi_bojanski_graben_in_cez_tolsti_vrh/25/878/4731
878;https://www.hribi.net/izlet/kozolec_laska_vas_-_pecovje__celjska_koca_mimo_marije_in_bavca/25/878/8071
878;https://www.hribi.net/izlet/teharje_celjska_koca_mimo_marije_in_bavca/25/878/8256
879;https://www.hribi.net/izlet/zagrad_tolsti_vrh_nad_celjsko_koco_vzhodna_pot/25/879/1554
879;https://www.hribi.net/izlet/zvodno_tolsti_vrh_nad_celjsko_koco_skozi_hudicev_graben/25/879/2469
879;https://www.hribi.net/izlet/zagrad_tolsti_vrh_nad_celjsko_koco_po_vrheh/25/879/2471
879;https://www.hribi.net/izlet/store_tolsti_vrh_nad_celjsko_koco_mimo__marije/25/879/4736
879;https://www.hribi.net/izlet/store_tolsti_vrh_nad_celjsko_koco_skozi_bojanski_graben/25/879/4730
879;https://www.hribi.net/izlet/zvodno_tolsti_vrh_nad_celjsko_koco_skozi_suhi_potok/25/879/8083
879;https://www.hribi.net/izlet/store_tolsti_vrh_nad_celjsko_koco_cez_resevno_resje_in_mimo_alminega_doma/25/879/4783
879;https://www.hribi.net/izlet/store_tolsti_vrh_nad_celjsko_koco_cez_zlajfo/25/879/4661
879;https://www.hribi.net/izlet/zvodno_tolsti_vrh_nad_celjsko_koco_skozi_suhi_potok_in_cez_smucisce/25/879/8091
879;https://www.hribi.net/izlet/zvodno_tolsti_vrh_nad_celjsko_koco_cez_srebotnik_po_cpp/25/879/8227
879;https://www.hribi.net/izlet/zvodno_tolsti_vrh_nad_celjsko_koco_mimo_marije/25/879/8086
879;https://www.hribi.net/izlet/kozolec_laska_vas_-_pecovje__tolsti_vrh_nad_celjsko_koco_mimo_marije_in_po_cpp/25/879/8078
879;https://www.hribi.net/izlet/teharje_tolsti_vrh_nad_celjsko_koco_cez_srebotnik_po_cpp/25/879/8229
879;https://www.hribi.net/izlet/kozolec_laska_vas_-_pecovje__tolsti_vrh_nad_celjsko_koco_cez_srebotnik_po_cpp/25/879/8228
880;https://www.hribi.net/izlet/zagrad_almin_dom_na_svetini/25/880/1555
880;https://www.hribi.net/izlet/pecovje_almin_dom_na_svetini_cez_srebotnik/25/880/1557
880;https://www.hribi.net/izlet/store_almin_dom_na_svetini_cez_zlajfo/25/880/4658
880;https://www.hribi.net/izlet/store_almin_dom_na_svetini_cez_resevno_in_resje_nad_storami/25/880/4769
880;https://www.hribi.net/izlet/store_almin_dom_na_svetini_mimo_marije/25/880/4735
880;https://www.hribi.net/izlet/store_almin_dom_na_svetini_skozi_bojanski_graben/25/880/4726
880;https://www.hribi.net/izlet/celje_almin_dom_na_svetini_cez_suhi_potok_in_celjsko_koco/25/880/5030
880;https://www.hribi.net/izlet/store_almin_dom_na_svetini_cez_sentjanz_in_mimo_vruncevega_doma/25/880/4848
880;https://www.hribi.net/izlet/tremerje_almin_dom_na_svetini_mimo_celjske_koce/25/880/4878
880;https://www.hribi.net/izlet/zvodno_almin_dom_na_svetini_skozi_bojanski_graben/25/880/8124
880;https://www.hribi.net/izlet/kozolec_laska_vas_-_pecovje__almin_dom_na_svetini_mimo_mirta/25/880/8080
880;https://www.hribi.net/izlet/teharje_almin_dom_na_svetini_pot_i_celjske_cete/25/880/8240
881;https://www.hribi.net/izlet/pecovje_srebotnik/25/881/1556
881;https://www.hribi.net/izlet/celje_srebotnik_po_celjski_planinski_poti/25/881/4828
881;https://www.hribi.net/izlet/store_srebotnik/25/881/4825
881;https://www.hribi.net/izlet/store_srebotnik_mimo_marije_in_juzni_pristop/25/881/4845
881;https://www.hribi.net/izlet/zvodno_srebotnik_skozi_hudicev_graben/25/881/8022
881;https://www.hribi.net/izlet/zvodno_srebotnik_po_celjski_planinski_poti/25/881/8114
881;https://www.hribi.net/izlet/kozolec_laska_vas_-_pecovje__srebotnik_severni_pristop/25/881/8033
881;https://www.hribi.net/izlet/teharje_srebotnik_pot_i_celjske_cete/25/881/8187
882;https://www.hribi.net/izlet/celje_stari_grad_na_grajskem_hribu/25/882/1558
882;https://www.hribi.net/izlet/store_stari_grad_na_grajskem_hribu/25/882/4787
883;https://www.hribi.net/izlet/slovenske_konjice_pokopalisce_stolpnik_tezja_in_cez_krniski_rob/11/883/1560
883;https://www.hribi.net/izlet/kamna_gora_stolpnik/11/883/1559
883;https://www.hribi.net/izlet/slovenske_konjice_pokopalisce_stolpnik_zmajckova_pot/11/883/4410
883;https://www.hribi.net/izlet/cresnjice_stolpnik/11/883/4653
883;https://www.hribi.net/izlet/cretvez_stolpnik_mimo_lovske_koce_stepih/11/883/2896
883;https://www.hribi.net/izlet/cretvez_stolpnik_cez_grofov_stant/11/883/2895
883;https://www.hribi.net/izlet/zicka_kartuzija_stolpnik_cez_krniski_rob/11/883/4714
883;https://www.hribi.net/izlet/zicka_kartuzija_stolpnik_cez_skalo_in_krniski_rob/11/883/4725
883;https://www.hribi.net/izlet/frankolovo_stolpnik/11/883/8951
883;https://www.hribi.net/izlet/stranice_stolpnik_cez_grofov_stant/11/883/8941
883;https://www.hribi.net/izlet/spodnje_stranice_grobovi_sto_talcev_stolpnik_mimo_lovske_koce_stepih/11/883/8948
883;https://www.hribi.net/izlet/zicka_kartuzija_stolpnik_cez_sojek_in_vratca/11/883/10064
883;https://www.hribi.net/izlet/zicka_kartuzija_stolpnik_mimo_treh_krizev_in_cez_vratca/11/883/10069
883;https://www.hribi.net/izlet/stranice_stolpnik_mimo_lovske_koce_stepih/11/883/8942
883;https://www.hribi.net/izlet/spodnje_stranice_grobovi_sto_talcev_stolpnik_cez_grofov_stant/11/883/8949
883;https://www.hribi.net/izlet/spodnje_stranice_grobovi_sto_talcev_stolpnik_po_cesti/11/883/8946
884;https://www.hribi.net/izlet/slovenske_konjice_sv_jurij_skala_plezalna_pot/11/884/1562
884;https://www.hribi.net/izlet/slovenske_konjice_pokopalisce_skala_lazja_pot/11/884/1563
884;https://www.hribi.net/izlet/zicka_kartuzija_skala/11/884/4713
884;https://www.hribi.net/izlet/slovenske_konjice_pokopalisce_skala_tezja_pot/11/884/11040
884;https://www.hribi.net/izlet/slovenske_konjice_sv_jurij_skala/11/884/11039
885;https://www.hribi.net/izlet/slovenske_konjice_pokopalisce_grad_konjice_strma_pot/11/885/1561
885;https://www.hribi.net/izlet/slovenske_konjice_grad_konjice_lazja_pot/11/885/4946
886;https://www.hribi.net/izlet/lopata_planinski_dom_sentjungert/3/886/1564
886;https://www.hribi.net/izlet/galicija_planinski_dom_sentjungert/3/886/4219
887;https://www.hribi.net/izlet/jablance_skalica_bohor_cez_travni_laz/25/887/1569
887;https://www.hribi.net/izlet/stara_zaga_skalica_bohor_preko_moznice/25/887/8054
887;https://www.hribi.net/izlet/planina_pri_sevnici_skalica_bohor_mimo_lovskega_doma_bohor/25/887/8524
887;https://www.hribi.net/izlet/jablance_skalica_bohor_mimo_koce_na_bohorju_in_cez_veliki_javornik/25/887/8578
887;https://www.hribi.net/izlet/planina_pri_sevnici_skalica_bohor_cez_veliki_javornik/25/887/8542
887;https://www.hribi.net/izlet/podgorje_ob_sevnicni_kurja_vas_skalica_bohor/25/887/10208
887;https://www.hribi.net/izlet/sentvid_pri_planini_skalica_bohor_cez_veliki_javornik/25/887/10196
888;https://www.hribi.net/izlet/jablance_veliki_javornik_bohor_cez_koprivnik/25/888/1567
888;https://www.hribi.net/izlet/jablance_veliki_javornik_bohor_cez_travni_laz/25/888/1568
888;https://www.hribi.net/izlet/kozje_veliki_javornik_bohor_cez_koprivnik/25/888/4712
888;https://www.hribi.net/izlet/lesicno_veliki_javornik_bohor/25/888/4651
888;https://www.hribi.net/izlet/jablance_veliki_javornik_bohor_mimo_koce_na_bohorju/25/888/8577
888;https://www.hribi.net/izlet/stara_zaga_veliki_javornik_bohor_preko_skalice/25/888/8055
888;https://www.hribi.net/izlet/planina_pri_sevnici_veliki_javornik_bohor_mimo_lovskega_doma_bohor/25/888/8525
888;https://www.hribi.net/izlet/planina_pri_sevnici_veliki_javornik_bohor/25/888/8541
888;https://www.hribi.net/izlet/sentvid_pri_planini_veliki_javornik_bohor/25/888/10194
888;https://www.hribi.net/izlet/podgorje_ob_sevnicni_kurja_vas_veliki_javornik_bohor/25/888/10209
888;https://www.hribi.net/izlet/kozje_veliki_javornik_bohor_cez_bredic/25/888/10926
888;https://www.hribi.net/izlet/stari_trg_pilstanj_veliki_javornik_bohor/25/888/10933
889;https://www.hribi.net/izlet/jablance_koprivnik_bohor/25/889/1566
889;https://www.hribi.net/izlet/kozje_koprivnik_bohor_cez_vetrnik/25/889/4709
889;https://www.hribi.net/izlet/lesicno_koprivnik_bohor/25/889/4650
889;https://www.hribi.net/izlet/planina_pri_sevnici_koprivnik_bohor/25/889/8540
889;https://www.hribi.net/izlet/planina_pri_sevnici_koprivnik_bohor_mimo_lovskega_doma_bohor_in_cez_veliki_javornik/25/889/8527
889;https://www.hribi.net/izlet/podgorje_ob_sevnicni_kurja_vas_koprivnik_bohor/25/889/10210
889;https://www.hribi.net/izlet/sentvid_pri_planini_koprivnik_bohor/25/889/10195
889;https://www.hribi.net/izlet/kozje_koprivnik_bohor_cez_bredic/25/889/10925
889;https://www.hribi.net/izlet/stari_trg_pilstanj_koprivnik_bohor/25/889/10932
890;https://www.hribi.net/izlet/jablance_koca_na_bohorju/25/890/1565
890;https://www.hribi.net/izlet/kozje_koca_na_bohorju_cez_vetrnik/25/890/4707
890;https://www.hribi.net/izlet/lesicno_koca_na_bohorju/25/890/4642
890;https://www.hribi.net/izlet/planina_pri_sevnici_koca_na_bohorju/25/890/8538
890;https://www.hribi.net/izlet/stara_zaga_koca_na_bohorju_preko_skalice_in_v_javornika/25/890/8056
890;https://www.hribi.net/izlet/planina_pri_sevnici_koca_na_bohorju_mimo_lovskega_doma_bohor_in_cez_veliki_javornik/25/890/8528
890;https://www.hribi.net/izlet/sentvid_pri_planini_koca_na_bohorju/25/890/10197
890;https://www.hribi.net/izlet/podgorje_ob_sevnicni_kurja_vas_koca_na_bohorju/25/890/10211
890;https://www.hribi.net/izlet/kozje_koca_na_bohorju_cez_bredic/25/890/10923
890;https://www.hribi.net/izlet/stari_trg_pilstanj_koca_na_bohorju/25/890/10931
891;https://www.hribi.net/izlet/ankaran_ankaran_beblerjeva_planinska_pot/26/891/6908
891;https://www.hribi.net/izlet/osp_ankaran/26/891/1572
891;https://www.hribi.net/izlet/zaliv_sv_jerneja_ankaran/26/891/6917
892;https://www.hribi.net/izlet/dom_planinka_framski_slap/4/892/1573
892;https://www.hribi.net/izlet/fram_framski_slap/4/892/8593
892;https://www.hribi.net/izlet/pivola_reka_framski_slap_cez_petkovo_sedlo/4/892/9354
893;https://www.hribi.net/izlet/zgornja_postaja_vzpenjace_mariborski_razglednik_cigelnica/4/893/1575
893;https://www.hribi.net/izlet/mariborska_koca_mariborski_razglednik_cigelnica/4/893/8903
893;https://www.hribi.net/izlet/spodnje_radvanje_mariborski_razglednik_cigelnica_po_spp/4/893/9853
893;https://www.hribi.net/izlet/log_mariborski_razglednik_cigelnica/4/893/8896
893;https://www.hribi.net/izlet/fram_mariborski_razglednik_cigelnica_cez_petkovo_sedlo/4/893/9359
893;https://www.hribi.net/izlet/pivola_reka_mariborski_razglednik_cigelnica_cez_petkovo_sedlo/4/893/9355
893;https://www.hribi.net/izlet/slivnica_pri_mariboru_mariborski_razglednik_cigelnica/4/893/10314
894;https://www.hribi.net/izlet/ruska_koca_na_arehu_zigartov_vrh/4/894/1579
894;https://www.hribi.net/izlet/ruse_zigartov_vrh/4/894/4752
894;https://www.hribi.net/izlet/mariborska_koca_zigartov_vrh/4/894/8906
894;https://www.hribi.net/izlet/fram_zigartov_vrh/4/894/8562
894;https://www.hribi.net/izlet/koca_na_sumiku_zigartov_vrh/4/894/8773
894;https://www.hribi.net/izlet/zgornja_postaja_vzpenjace_zigartov_vrh_cez_razglednik/4/894/8899
894;https://www.hribi.net/izlet/sveti_trije_kralji_zigartov_vrh/4/894/8759
894;https://www.hribi.net/izlet/smartno_na_pohorju_zigartov_vrh_cez_bojtino/4/894/8453
894;https://www.hribi.net/izlet/zgornja_postaja_vzpenjace_zigartov_vrh_mimo_mariborske_koce/4/894/8900
894;https://www.hribi.net/izlet/log_zigartov_vrh/4/894/8677
894;https://www.hribi.net/izlet/sveti_kriz_planica_zigartov_vrh/4/894/8590
894;https://www.hribi.net/izlet/zgornja_bistrica_center_vintgar_zigartov_vrh_skozi_bistriski_vintgar_in_mimo_ruske_koce/4/894/9131
894;https://www.hribi.net/izlet/slivnica_pri_mariboru_zigartov_vrh/4/894/10319
894;https://www.hribi.net/izlet/pivola_reka_zigartov_vrh_cez_petkovo_sedlo/4/894/9353
894;https://www.hribi.net/izlet/zgornja_polskava_zigartov_vrh_skozi_polskavski_vintgar/4/894/10485
894;https://www.hribi.net/izlet/spodnje_radvanje_zigartov_vrh_juzna_pot/4/894/9883
894;https://www.hribi.net/izlet/spodnje_radvanje_zigartov_vrh_cez_ledinekov_kogel/4/894/9856
895;https://www.hribi.net/izlet/klemencevo_korosaski_slapovi/3/895/1581
897;https://www.hribi.net/izlet/pogorelec_sedlata_gorica_pogorelec/25/897/8439
898;https://www.hribi.net/izlet/lasce_sveti_peter/25/898/2924
898;https://www.hribi.net/izlet/podgozd_sveti_peter/25/898/6172
898;https://www.hribi.net/izlet/mrzle_doline_sveti_peter/25/898/2925
899;https://www.hribi.net/izlet/komarna_vas_gace/25/899/2354
900;https://www.hribi.net/izlet/tuskov_gric_crni_vrh_nad_novaki/21/900/1583
900;https://www.hribi.net/izlet/laze_crni_vrh_nad_novaki/21/900/2569
901;https://www.hribi.net/izlet/stufna_veliki_rog/25/901/1891
901;https://www.hribi.net/izlet/kocevsko_rudnisko_jezero_veliki_rog_po_medvedovih_stopinjah/25/901/7915
903;https://www.hribi.net/izlet/tisenpolj_izvir_nezice/26/903/1585
904;https://www.hribi.net/izlet/delnice_veliki_drgomalj/33/904/1587
905;https://www.hribi.net/izlet/lovski_dom_delnice_japlenski_vrh/33/905/1586
906;https://www.hribi.net/izlet/sveti_lenart_veliki_rogatec_veliki_rogac_cez_zg_speh/3/906/1588
906;https://www.hribi.net/izlet/konec_ceste_veliki_rogatec_veliki_rogac_plezalna_pot/3/906/1589
906;https://www.hribi.net/izlet/rogljev_mlin_veliki_rogatec_veliki_rogac_preko_lepenatke/3/906/2307
906;https://www.hribi.net/izlet/crnivec_veliki_rogatec_veliki_rogac/3/906/6059
906;https://www.hribi.net/izlet/volovljek_veliki_rogatec_veliki_rogac_cez_lepenatko/3/906/5762
906;https://www.hribi.net/izlet/podvolovljek_petkov_graben_veliki_rogatec_veliki_rogac_cez_lepenatko/3/906/5765
906;https://www.hribi.net/izlet/podvolovljek_petkov_graben_veliki_rogatec_veliki_rogac/3/906/5770
906;https://www.hribi.net/izlet/volovljek_veliki_rogatec_veliki_rogac_mimo_bivaka_na_kalu/3/906/5760
907;https://www.hribi.net/izlet/poklon_veliki_planik/33/907/1592
908;https://www.hribi.net/izlet/poklon_mali_planik/33/908/1591
910;https://www.hribi.net/izlet/poklon_vojak/33/910/1590
910;https://www.hribi.net/izlet/mala_ucka_vojak/33/910/10910
912;https://www.hribi.net/izlet/jursce_krsicevec/26/912/1878
912;https://www.hribi.net/izlet/bac_krsicevec/26/912/5833
912;https://www.hribi.net/izlet/ravni_krsicevec/26/912/5832
913;https://www.hribi.net/izlet/vrbovska_poljana_planinsko_zavetisce_na_bjelolasici_cez_zuto_poljano/33/913/1593
914;https://www.hribi.net/izlet/vrbovska_poljana_bjelolasica_direktna_pot/33/914/1594
914;https://www.hribi.net/izlet/vrbovska_poljana_bjelolasica_cez_zuto_poljano/33/914/1595
915;https://www.hribi.net/izlet/bajgot_slap_mali_sumik/4/915/1600
915;https://www.hribi.net/izlet/sveti_trije_kralji_slap_mali_sumik/4/915/8769
915;https://www.hribi.net/izlet/ruska_koca_na_arehu_slap_mali_sumik/4/915/8765
915;https://www.hribi.net/izlet/dom_na_osankarici_slap_mali_sumik_mimo_crnega_jezera/4/915/8771
916;https://www.hribi.net/izlet/bajgot_slap_veliki_sumik/4/916/1599
916;https://www.hribi.net/izlet/smolnik_globokarjeva_zaga_slap_veliki_sumik_po_dolini_lobnice_-_holcarska_pot/4/916/2540
916;https://www.hribi.net/izlet/smolnik_slap_veliki_sumik_po_zahodnem_grebenu_doline_lobnice/4/916/2536
916;https://www.hribi.net/izlet/ruska_koca_na_arehu_slap_veliki_sumik/4/916/8764
916;https://www.hribi.net/izlet/dom_na_osankarici_slap_veliki_sumik_mimo_crnega_jezera/4/916/8770
916;https://www.hribi.net/izlet/sveti_trije_kralji_slap_veliki_sumik/4/916/8768
917;https://www.hribi.net/izlet/zgornja_bistrica_sveti_trije_kralji_skozi_bistriski_vintgar_mimo_mocnika/4/917/1703
917;https://www.hribi.net/izlet/dom_na_osankarici_sveti_trije_kralji/4/917/1598
917;https://www.hribi.net/izlet/zgornja_polskava_sveti_trije_kralji_skozi_polskavski_vintgar/4/917/7088
917;https://www.hribi.net/izlet/ruska_koca_na_arehu_sveti_trije_kralji/4/917/8725
917;https://www.hribi.net/izlet/veliko_tinje_sveti_trije_kralji/4/917/8467
917;https://www.hribi.net/izlet/oplotnica_sveti_trije_kralji/4/917/8637
917;https://www.hribi.net/izlet/kebelj_sveti_trije_kralji/4/917/8646
917;https://www.hribi.net/izlet/zgornja_polskava_sveti_trije_kralji_cez_kocno/4/917/7089
917;https://www.hribi.net/izlet/zgornja_bistrica_center_vintgar_sveti_trije_kralji_skozi_bistriski_vintgar/4/917/9122
917;https://www.hribi.net/izlet/koca_na_sumiku_sveti_trije_kralji/4/917/8739
917;https://www.hribi.net/izlet/zgornja_bistrica_center_vintgar_sveti_trije_kralji_cez_veliko_tinje/4/917/8790
917;https://www.hribi.net/izlet/smartno_na_pohorju_sveti_trije_kralji/4/917/9120
917;https://www.hribi.net/izlet/veliko_tinje_sveti_trije_kralji_mimo_sv_urha/4/917/8480
918;https://www.hribi.net/izlet/dom_na_osankarici_crno_jezero_na_pohorju/4/918/1597
918;https://www.hribi.net/izlet/sveti_trije_kralji_crno_jezero_na_pohorju/4/918/8642
918;https://www.hribi.net/izlet/koca_na_sumiku_crno_jezero_na_pohorju/4/918/8742
918;https://www.hribi.net/izlet/oplotnica_crno_jezero_na_pohorju_mimo_sv_treh_kraljev/4/918/8639
918;https://www.hribi.net/izlet/oplotnica_crno_jezero_na_pohorju_mimo_kosa/4/918/8641
918;https://www.hribi.net/izlet/kebelj_crno_jezero_na_pohorju_mimo_sv_treh_kraljev/4/918/8648
918;https://www.hribi.net/izlet/kebelj_crno_jezero_na_pohorju_mimo_kosa/4/918/8650
921;https://www.hribi.net/izlet/platak_veliki_risnjak/33/921/1606
921;https://www.hribi.net/izlet/crni_lug_veliki_risnjak_horvatova_staza/33/921/7369
922;https://www.hribi.net/izlet/platak_planinski_dom_na_risnjaku/33/922/1605
923;https://www.hribi.net/izlet/platak_snjeznik_po_grebenu/33/923/1602
923;https://www.hribi.net/izlet/platak_snjeznik_cez_grlo/33/923/1601
925;https://www.hribi.net/izlet/platak_vidikovac/33/925/1604
930;https://www.hribi.net/izlet/bistriska_planina_sentanski_vrh/3/930/1607
930;https://www.hribi.net/izlet/begunje_preska_sentanski_vrh/3/930/3166
930;https://www.hribi.net/izlet/trzic_sentanski_vrh/3/930/2913
930;https://www.hribi.net/izlet/brezje_pri_trzicu_sentanski_vrh_po_robu/3/930/6891
930;https://www.hribi.net/izlet/draga_sentanski_vrh_cez_ledeno_trato/3/930/3165
930;https://www.hribi.net/izlet/bistrica_pri_trzicu_sentanski_vrh/3/930/4472
930;https://www.hribi.net/izlet/zadnja_vas_sentanski_vrh/3/930/2427
930;https://www.hribi.net/izlet/hudi_graben_sentanski_vrh_mimo_koce_na_dobrci/3/930/2914
930;https://www.hribi.net/izlet/brezje_pri_trzicu_sentanski_vrh_po_cesti/3/930/4479
930;https://www.hribi.net/izlet/slatna_sentanski_vrh/3/930/2915
930;https://www.hribi.net/izlet/brezje_pri_trzicu_sentanski_vrh_po_robu_in_cez_lesansko_planino/3/930/6892
930;https://www.hribi.net/izlet/ljubelj_sentanski_vrh_bornova_pot/3/930/6401
930;https://www.hribi.net/izlet/hudi_graben_sentanski_vrh/3/930/6896
930;https://www.hribi.net/izlet/hudi_graben_sentanski_vrh_cez_lesansko_planino/3/930/6895
931;https://www.hribi.net/izlet/bistrica_pri_trzicu_sveti_jurij_nad_trzicem_po_zahodni_cesti/3/931/1608
931;https://www.hribi.net/izlet/bistrica_pri_trzicu_sveti_jurij_nad_trzicem_po_vzhodni_cesti/3/931/6276
931;https://www.hribi.net/izlet/trzic_sveti_jurij_nad_trzicem/3/931/8004
932;https://www.hribi.net/izlet/usek_sveti_urban_nad_kozjim_vrhom/162/932/1609
932;https://www.hribi.net/izlet/sveti_janez_krstnik_na_ojstrici_sveti_urban_nad_kozjim_vrhom/162/932/6294
932;https://www.hribi.net/izlet/bistriski_jarek_glasbeni_dom_sveti_urban_nad_kozjim_vrhom/162/932/7133
932;https://www.hribi.net/izlet/bistriski_jarek_mp_muta_sveti_urban_nad_kozjim_vrhom/162/932/7123
932;https://www.hribi.net/izlet/muta_zgornja_muta_sveti_urban_nad_kozjim_vrhom/162/932/10039
933;https://www.hribi.net/izlet/venetski_hrib_windische_hohe_kobesnock/31/933/1613
934;https://www.hribi.net/izlet/venetski_hrib_windische_hohe_wertschacher_alm/31/934/1612
935;https://www.hribi.net/izlet/venetski_hrib_windische_hohe_cegla_gora_tschekelnock/31/935/1614
936;https://www.hribi.net/izlet/koca_pri_savici_kal_nad_komno_cez_lepo_komno/1/936/1628
937;https://www.hribi.net/izlet/smucisce_koralpe_koralpenparkplatz_koralpenhaus_golica_koralpe/28/937/1615
938;https://www.hribi.net/izlet/smucisce_koralpe_koralpenparkplatz_grosser_speikkogel_golica___koralpe/28/938/1616
938;https://www.hribi.net/izlet/weinebene_grosser_speikkogel_golica___koralpe_razgledna_pot/28/938/4205
938;https://www.hribi.net/izlet/smucisce_koralpe_koralpenparkplatz_grosser_speikkogel_golica___koralpe_mimo_koce_grosshollerhutte/28/938/4211
938;https://www.hribi.net/izlet/soboski_prelaz___koglereck_grosser_speikkogel_golica___koralpe/28/938/3332
938;https://www.hribi.net/izlet/weinebene_grosser_speikkogel_golica___koralpe_mimo_kriza_schaferkreuz/28/938/4209
938;https://www.hribi.net/izlet/parkirisce_pod_prelazom_weinebene_grosser_speikkogel_golica___koralpe_razgledna_pot/28/938/8860
938;https://www.hribi.net/izlet/parkirisce__pod_prelazom_weinebene_grosser_speikkogel_golica___koralpe_mimo_koce_grunangerhutte/28/938/8872
938;https://www.hribi.net/izlet/smucisce_koralpe_koralpenparkplatz_grosser_speikkogel_golica___koralpe_ob_robu_planote_grosses_kar/28/938/9283
938;https://www.hribi.net/izlet/st_vinzenz_st_vinzenz_grosser_speikkogel_golica___koralpe/28/938/9189
938;https://www.hribi.net/izlet/parkirisce_pod_prelazom_weinebene_grosser_speikkogel_golica___koralpe_mimo_kriza_schaferkreuz/28/938/8865
938;https://www.hribi.net/izlet/oberfresen_brendlwald_grosser_speikkogel_golica___koralpe_spodnja_pot/28/938/9811
938;https://www.hribi.net/izlet/weinebene_grosser_speikkogel_golica___koralpe_nad_slapom_pomswasserfall/28/938/9269
938;https://www.hribi.net/izlet/weinebene_grosser_speikkogel_golica___koralpe_cez_planoto_grosses_kar/28/938/9265
938;https://www.hribi.net/izlet/parkirisce_pod_prelazom_weinebene_grosser_speikkogel_golica___koralpe_nad_slapom_pomswasserfall/28/938/9272
938;https://www.hribi.net/izlet/parkirisce_pod_prelazom_weinebene_grosser_speikkogel_golica___koralpe_cez_planoto_grosses_kar/28/938/9267
938;https://www.hribi.net/izlet/oberfresen_brendlwald_grosser_speikkogel_golica___koralpe_zgornja_pot/28/938/9820
938;https://www.hribi.net/izlet/glashutten_grosser_speikkogel_golica___koralpe/28/938/10305
939;https://www.hribi.net/izlet/smucisce_koralpe_koralpenparkplatz_seespitz_golica_koralpe_cez_grosser_speikkogel/28/939/1617
939;https://www.hribi.net/izlet/weinebene_seespitz_golica_koralpe_razgledna_pot/28/939/4204
939;https://www.hribi.net/izlet/weinebene_seespitz_golica_koralpe_mimo_kriza_schaferkreuz/28/939/4208
939;https://www.hribi.net/izlet/smucisce_koralpe_koralpenparkplatz_seespitz_golica_koralpe_mimo_koce_grosshollerhutte/28/939/4210
939;https://www.hribi.net/izlet/parkirisce_pod_prelazom_weinebene_seespitz_golica_koralpe_razgledna_pot/28/939/8859
939;https://www.hribi.net/izlet/glashutten_seespitz_golica_koralpe/28/939/10304
939;https://www.hribi.net/izlet/parkirisce_pod_prelazom_weinebene_seespitz_golica_koralpe_mimo_kriza_schaferkreuz/28/939/8864
939;https://www.hribi.net/izlet/parkirisce__pod_prelazom_weinebene_seespitz_golica_koralpe_mimo_koce_grunangerhutte/28/939/8871
940;https://www.hribi.net/izlet/smucisce_koralpe_koralpenparkplatz_grosshollerhutte_golica_koralpe/28/940/1618
940;https://www.hribi.net/izlet/weinebene_grosshollerhutte_golica_koralpe/28/940/4206
940;https://www.hribi.net/izlet/parkirisce_pod_prelazom_weinebene_grosshollerhutte_golica_koralpe/28/940/9270
941;https://www.hribi.net/izlet/smucisce_koralpe_koralpenparkplatz_slap_poms_golica_koralpe/28/941/1619
942;https://www.hribi.net/izlet/ladinger_strasse_wolfsberger_hutte/28/942/1620
942;https://www.hribi.net/izlet/ladinger_strasse_wolfsberger_hutte_mimo_koce_offnerhutte/28/942/10596
942;https://www.hribi.net/izlet/ladinger_strasse_wolfsberger_hutte_mimo_koce_zechhutte/28/942/10603
943;https://www.hribi.net/izlet/ladinger_strasse_speikkogel_planina_svinja___saualpe/28/943/1621
943;https://www.hribi.net/izlet/ladinger_strasse_speikkogel_planina_svinja___saualpe_mimo_koce_zechhutte/28/943/10604
943;https://www.hribi.net/izlet/ladinger_strasse_speikkogel_planina_svinja___saualpe_mimo_koce_offnerhutte/28/943/10597
944;https://www.hribi.net/izlet/ladinger_strasse_grosser_sauofen/28/944/1622
944;https://www.hribi.net/izlet/ladinger_strasse_grosser_sauofen_mimo_koce_offnerhutte/28/944/10598
944;https://www.hribi.net/izlet/ladinger_strasse_grosser_sauofen_mimo_koce_zechhutte/28/944/10605
945;https://www.hribi.net/izlet/ladinger_strasse_velika_svinja___ladinger_spitz_mimo_koce_wolfsberger_hutte/28/945/1625
945;https://www.hribi.net/izlet/ladinger_strasse_velika_svinja___ladinger_spitz_mimo_koce_ladinger_hutte/28/945/1624
945;https://www.hribi.net/izlet/klippitztorl_velika_svinja___ladinger_spitz_cez_geierkogel_in_gertrusk/28/945/7904
945;https://www.hribi.net/izlet/klippitztorl_velika_svinja___ladinger_spitz/28/945/7909
945;https://www.hribi.net/izlet/ladinger_strasse_velika_svinja___ladinger_spitz_mimo_koce_offnerhutte/28/945/10599
945;https://www.hribi.net/izlet/ladinger_strasse_velika_svinja___ladinger_spitz_mimo_koce_zechhutte/28/945/10607
946;https://www.hribi.net/izlet/ladinger_strasse_ladinger_hutte/28/946/1623
947;https://www.hribi.net/izlet/hotel_simnovec_gostisce_zeleni_rob/3/947/1631
952;https://www.hribi.net/izlet/seetal_goldeck/31/952/1633
953;https://www.hribi.net/izlet/weissensee_latschur_cez_almspitz/31/953/1636
954;https://www.hribi.net/izlet/weissensee_almspitz_cez_techendorfer_alm/31/954/1635
955;https://www.hribi.net/izlet/weissensee_techendorfer_alm_strma_pot/31/955/1634
958;https://www.hribi.net/izlet/weissensee_eckwand_cez_almspitz/31/958/1638
958;https://www.hribi.net/izlet/weissensee_eckwand_cez_karalm/31/958/1640
959;https://www.hribi.net/izlet/weissensee_kopasnock_cez_karalm/31/959/1639
960;https://www.hribi.net/izlet/weissensee_hochstaff_cez_karalm/31/960/1641
961;https://www.hribi.net/izlet/weissensee_karalm_hutte/31/961/1642
966;https://www.hribi.net/izlet/modric_sveto_brdo/30/966/1650
966;https://www.hribi.net/izlet/libinjska_kosa_sveto_brdo/30/966/6906
968;https://www.hribi.net/izlet/parkirisce_biokovo_vosac/64/968/1648
968;https://www.hribi.net/izlet/makarska_vosac/64/968/5534
968;https://www.hribi.net/izlet/kotisina_vosac/64/968/9285
969;https://www.hribi.net/izlet/parkirisce_biokovo_strbina/64/969/1647
970;https://www.hribi.net/izlet/planinska_koca_pod_svetim_jurijem_sveti_jurij_biokovo/64/970/1646
972;https://www.hribi.net/izlet/medjugorje_krizevac/65/972/1649
973;https://www.hribi.net/izlet/suho_polje_dinara/62/973/1645
973;https://www.hribi.net/izlet/glavas_dinara_mimo_zavetisca_drago_grubac/62/973/9281
973;https://www.hribi.net/izlet/glavas_dinara_mimo_martinove_kosare_in_po_zahodni_poti/62/973/9260
974;https://www.hribi.net/izlet/suho_polje_planinska_koca_brezovac/62/974/1644
976;https://www.hribi.net/izlet/planinska_ravna_boskovec_severjeva_pot/3/976/1652
976;https://www.hribi.net/izlet/zekovec_boskovec_mimo_kebra_in_mozirske_koce/3/976/2279
976;https://www.hribi.net/izlet/planinska_ravna_boskovec_cez_hlevisko_planino/3/976/1653
976;https://www.hribi.net/izlet/zekovec__boskovec_preko_verbuceve_planine/3/976/2242
976;https://www.hribi.net/izlet/zekovec_boskovec_mimo_kebra_cez_pozganijo/3/976/2256
976;https://www.hribi.net/izlet/golte_alpski_vrt_boskovec_severjeva_pot/3/976/9793
976;https://www.hribi.net/izlet/golte_alpski_vrt_boskovec_cez_hlevisko_planino/3/976/9791
976;https://www.hribi.net/izlet/atelsko_sedlo_boskovec/3/976/9796
976;https://www.hribi.net/izlet/radegunda_zekovec_boskovec_skozi_zagradisko_puso_in_po_severjevi_poti/3/976/9930
976;https://www.hribi.net/izlet/radegunda_zekovec_boskovec_skozi_zagradisko_puso_in_cez_hlevisko_planino/3/976/9931
977;https://www.hribi.net/izlet/marof_pri_pisecah_veliki_spicek/25/977/1655
977;https://www.hribi.net/izlet/pisece_pri_mlinu_veliki_spicek/25/977/10844
977;https://www.hribi.net/izlet/grad_pisece_veliki_spicek/25/977/10857
977;https://www.hribi.net/izlet/podsreda_veliki_spicek_skozi_osredek_pri_podsredi/25/977/10832
977;https://www.hribi.net/izlet/gorjane_zelezno_veliki_spicek/25/977/10841
979;https://www.hribi.net/izlet/drassnitz_oberdrassnitzer_alm/57/979/1666
980;https://www.hribi.net/izlet/drassnitz_hochkreuz_cez_oberdrassnitzer_alm/57/980/1667
980;https://www.hribi.net/izlet/drassnitz_hochkreuz_cez_unterdrassnitzer_alm/57/980/1672
981;https://www.hribi.net/izlet/drassnitz_kl_hochkreuz/57/981/1671
982;https://www.hribi.net/izlet/drassnitz_hochleitenk/57/982/1670
983;https://www.hribi.net/izlet/drassnitz_eckensee/57/983/1669
984;https://www.hribi.net/izlet/drassnitz_unterdrassnitzer_alm/57/984/1668
985;https://www.hribi.net/izlet/goldberg_jaukenalm/31/985/1673
986;https://www.hribi.net/izlet/goldberg_jaukenstockl/31/986/1675
987;https://www.hribi.net/izlet/goldberg_jaukenhohe/31/987/1674
988;https://www.hribi.net/izlet/goldberg_torkofel/31/988/1676
989;https://www.hribi.net/izlet/reisskofelbad_reisskofel_po_vzhodnem_grebenu/31/989/1664
989;https://www.hribi.net/izlet/reisskofelbad_reisskofel_mimo_bivaka/31/989/1662
989;https://www.hribi.net/izlet/jochalm_reisskofel_235-1/31/989/7221
989;https://www.hribi.net/izlet/jochalm_reisskofel_pot_235/31/989/7238
992;https://www.hribi.net/izlet/reisskofelbad_gregorihutte/31/992/1660
993;https://www.hribi.net/izlet/reisskofelbad_reisskofel_biwak/31/993/1661
994;https://www.hribi.net/izlet/reisskofelbad_kleiner_reisskofel/31/994/1663
994;https://www.hribi.net/izlet/jochalm_kleiner_reisskofel_pot_235/31/994/7239
995;https://www.hribi.net/izlet/dolina_krma_teme_pri_rjavini/1/995/1677
996;https://www.hribi.net/izlet/vrsic_suhi_vrh/1/996/1679
999;https://www.hribi.net/izlet/turracher_hohe_kornock_severna_pot/29/999/1683
1000;https://www.hribi.net/izlet/turracher_hohe_rinsennock_severna_pot/29/1000/1684
1000;https://www.hribi.net/izlet/turracher_hohe_rinsennock_juzna_pot/29/1000/1685
1001;https://www.hribi.net/izlet/schiestelscharte_klomnock/29/1001/1682
1001;https://www.hribi.net/izlet/heidi_alm_klomnock/29/1001/3286
1002;https://www.hribi.net/izlet/turracher_hohe_schoberriegel/29/1002/1686
1003;https://www.hribi.net/izlet/turracher_hohe_gruft/29/1003/1687
1004;https://www.hribi.net/izlet/turracher_hohe_kaserhohe/29/1004/1688
1006;https://www.hribi.net/izlet/turracher_hohe_bretthohe/29/1006/1689
1007;https://www.hribi.net/izlet/planina_pod_golico_betel_markljev_rovt/11/1007/1690
1008;https://www.hribi.net/izlet/planina_pod_golico_betel_krvavka/11/1008/1691
1009;https://www.hribi.net/izlet/sporthotel_maltatal_jagersteighutte/57/1009/1705
1010;https://www.hribi.net/izlet/sporthotel_maltatal_pfringersee/57/1010/1709
1011;https://www.hribi.net/izlet/sporthotel_maltatal_arlhohe/57/1011/1707
1012;https://www.hribi.net/izlet/dosner_alm_konradhutte/57/1012/1695
1013;https://www.hribi.net/izlet/dosner_alm_dosner_hutte/57/1013/1694
1014;https://www.hribi.net/izlet/dosner_alm_arthur_von_schmid_haus/57/1014/1693
1015;https://www.hribi.net/izlet/dosner_alm_sauleck/57/1015/1692
1015;https://www.hribi.net/izlet/gossgraben_sauleck_buderusweg/57/1015/2739
1015;https://www.hribi.net/izlet/dosner_alm_sauleck_plezalna_pot/57/1015/4652
1016;https://www.hribi.net/izlet/zgornja_postaja_zicnice_na_ankogel_ankogel/57/1016/2669
1016;https://www.hribi.net/izlet/mallnitz_ankogel/57/1016/1701
1017;https://www.hribi.net/izlet/mallnitz_kleine_ankogel/57/1017/1702
1018;https://www.hribi.net/izlet/mallnitz_hochalmblick/57/1018/1698
1019;https://www.hribi.net/izlet/mallnitz_hannoverhaus/57/1019/1699
1021;https://www.hribi.net/izlet/sporthotel_maltatal_grosser_hafner/57/1021/1708
1022;https://www.hribi.net/izlet/sporthotel_maltatal_kattowitzer_hutte/57/1022/1706
1023;https://www.hribi.net/izlet/goriach_landawirsee_hutte/58/1023/1713
1024;https://www.hribi.net/izlet/goriach_unterer_landawirsee/58/1024/1712
1025;https://www.hribi.net/izlet/goriach_oberer_landawirsee/58/1025/1711
1026;https://www.hribi.net/izlet/goriach_scharnock/58/1026/1710
1027;https://www.hribi.net/izlet/goriach_hochgolling_normalanstieg/58/1027/1714
1028;https://www.hribi.net/izlet/etrachsee_rudolf_schober_hutte/58/1028/1716
1029;https://www.hribi.net/izlet/etrachsee_unterer_wildenkarsee/58/1029/1718
1030;https://www.hribi.net/izlet/etrachsee_oberer_wildenkarsee/58/1030/1717
1031;https://www.hribi.net/izlet/etrachsee_bauleiteck/58/1031/1715
1032;https://www.hribi.net/izlet/prebersee_preber/58/1032/1720
1032;https://www.hribi.net/izlet/prebersee_preber_cez_muhlbachtorl/58/1032/1722
1033;https://www.hribi.net/izlet/prebersee_roteck/58/1033/1721
1034;https://www.hribi.net/izlet/prebersee_preberhalterhutte/58/1034/1719
1035;https://www.hribi.net/izlet/na_razpotju_kroficka_markirana_pot/3/1035/1723
1035;https://www.hribi.net/izlet/dom_planincev_v_logarski_dolini_kroficka_markirana_pot/3/1035/4800
1035;https://www.hribi.net/izlet/na_razpotju_kroficka_lovska_pot/3/1035/1724
1035;https://www.hribi.net/izlet/dom_planincev_v_logarski_dolini_kroficka_lovska_pot/3/1035/4804
1036;https://www.hribi.net/izlet/nevejski_preval_rifugio_gilberti/1/1036/1728
1036;https://www.hribi.net/izlet/nevejski_preval_rifugio_gilberti_pot_636/1/1036/2726
1037;https://www.hribi.net/izlet/rifugio_gilberti_bivak_marussich/1/1037/1729
1037;https://www.hribi.net/izlet/reklanska_dolina_bivak_marussich/1/1037/1734
1037;https://www.hribi.net/izlet/korito___coritis_bivak_marussich/1/1037/9857
1037;https://www.hribi.net/izlet/solbica___stolvizza_bivak_marussich_mimo_ricovero_igor_crasso/1/1037/9889
1037;https://www.hribi.net/izlet/ladina_bivak_marussich_pot_634/1/1037/9880
1038;https://www.hribi.net/izlet/rifugio_gilberti_zrd___sart/1/1038/1731
1038;https://www.hribi.net/izlet/reklanska_dolina_zrd___sart/1/1038/1732
1038;https://www.hribi.net/izlet/solbica___stolvizza_zrd___sart_mimo_ricovero_igor_crasso/1/1038/9888
1038;https://www.hribi.net/izlet/ladina_zrd___sart_mimo_bivaka_marussich/1/1038/9890
1038;https://www.hribi.net/izlet/korito___coritis_zrd___sart/1/1038/9894
1039;https://www.hribi.net/izlet/rifugio_gilberti_vrh_grubje/1/1039/1730
1040;https://www.hribi.net/izlet/reklanska_dolina_planina_zgornja_gorjuda/1/1040/1733
1041;https://www.hribi.net/izlet/nevejski_preval_vis_jof_fuart/1/1041/1738
1041;https://www.hribi.net/izlet/cave_del_mole_vis_jof_fuart/1/1041/2155
1041;https://www.hribi.net/izlet/zajzera_vis_jof_fuart_severovzhodna_deber/1/1041/2720
1041;https://www.hribi.net/izlet/cave_del_mole_vis_jof_fuart_anita_goitan/1/1041/2721
1041;https://www.hribi.net/izlet/bele_vode_vis_jof_fuart_pot_stoletnice/1/1041/1740
1042;https://www.hribi.net/izlet/nevejski_preval_rifugio_corsi/1/1042/1737
1042;https://www.hribi.net/izlet/cave_del_mole_rifugio_corsi/1/1042/2151
1042;https://www.hribi.net/izlet/cave_del_mole_rifugio_corsi_sentiero_dei_tedeschi/1/1042/2150
1042;https://www.hribi.net/izlet/bele_vode___rio_bianco_rifugio_corsi_cez_krnisko_skrbino/1/1042/7407
1043;https://www.hribi.net/izlet/bele_vode_bivak_gorizia/1/1043/1739
1045;https://www.hribi.net/izlet/nc_planica_glave_ob_skakalnici/1/1045/1745
1045;https://www.hribi.net/izlet/ratece_ledine_glave/1/1045/7486
1046;https://www.hribi.net/izlet/belopeska_jezera_mala_ponca/1/1046/1749
1046;https://www.hribi.net/izlet/nc_planica_mala_ponca_ob_skakalnici/1/1046/1746
1046;https://www.hribi.net/izlet/spodnje_belopesko_jezero_mala_ponca_po_grebenu/1/1046/9847
1046;https://www.hribi.net/izlet/ratece_ledine_mala_ponca/1/1046/7485
1047;https://www.hribi.net/izlet/belopeska_jezera_zavetisce_pod_ponco/1/1047/1748
1048;https://www.hribi.net/izlet/belopeska_jezera_rifugio_zacchi/1/1048/1747
1049;https://www.hribi.net/izlet/most_boka_izvir_boke/1/1049/1753
1050;https://www.hribi.net/izlet/nc_planica_srednja_ponca/1/1050/1750
1050;https://www.hribi.net/izlet/belopeska_jezera_srednja_ponca/1/1050/1754
1051;https://www.hribi.net/izlet/nc_planica_zadnja_ponca/1/1051/1751
1051;https://www.hribi.net/izlet/belopeska_jezera_zadnja_ponca/1/1051/1755
1052;https://www.hribi.net/izlet/aljazev_dom_v_vratih_pihavec_cez_luknjo/1/1052/1756
1052;https://www.hribi.net/izlet/aljazev_dom_v_vratih_pihavec_cez_sovatno/1/1052/1757
1052;https://www.hribi.net/izlet/zadnjica_pihavec/1/1052/1892
1052;https://www.hribi.net/izlet/zadnjica_pihavec_cez_luknjo/1/1052/4116
1053;https://www.hribi.net/izlet/pecol_spik_hude_police___cima_di_terrarossa/1/1053/1760
1053;https://www.hribi.net/izlet/pecol_spik_hude_police___cima_di_terrarossa_leva/1/1053/2243
1054;https://www.hribi.net/izlet/dom_v_lepeni_mali_smohor/1/1054/1765
1054;https://www.hribi.net/izlet/koca_pri_savici_mali_smohor/1/1054/5075
1055;https://www.hribi.net/izlet/dom_v_lepeni_veliki_smohor_cez_mali_smohor/1/1055/1766
1055;https://www.hribi.net/izlet/dom_v_lepeni_veliki_smohor_cez_planino_na_polju/1/1055/1764
1056;https://www.hribi.net/izlet/belopeska_jezera_bivak_nogara/1/1056/1761
1057;https://www.hribi.net/izlet/pod_zjabci_travnik/1/1057/1767
1058;https://www.hribi.net/izlet/pod_zjabci_plaski_vogel_cez_travnik/1/1058/1769
1059;https://www.hribi.net/izlet/pod_zjabci_planina_za_skalo/1/1059/1768
1060;https://www.hribi.net/izlet/dolina_kot_rusnata_mlinarica/1/1060/1770
1060;https://www.hribi.net/izlet/kosmacev_preval_rusnata_mlinarica/1/1060/3369
1061;https://www.hribi.net/izlet/vrancek_hajnzevo_sedlo_pot_mimo_planine_korosica/11/1061/1771
1061;https://www.hribi.net/izlet/ljubelj_hajnzevo_sedlo_mimo_koce_na_ljubelju/11/1061/6422
1061;https://www.hribi.net/izlet/bucan_hajnzevo_sedlo/11/1061/6479
1061;https://www.hribi.net/izlet/sele-zvrhnji_kot_male___zell-oberwinkel_male_hajnzevo_sedlo/11/1061/6493
1062;https://www.hribi.net/izlet/poldov__rovt_vrata_splevta_cez_brinje/1/1062/1780
1062;https://www.hribi.net/izlet/poldov__rovt_vrata_splevta_mimo_bivaka/1/1062/1779
1063;https://www.hribi.net/izlet/spodnja_postaja_zicnice_na_krvavec_dom_na_gospincu_hotel_rozka/3/1063/2631
1063;https://www.hribi.net/izlet/spodnja_kokra_dom_na_gospincu_hotel_rozka/3/1063/1775
1063;https://www.hribi.net/izlet/ambroz_pod_krvavcem_dom_na_gospincu_hotel_rozka/3/1063/5946
1063;https://www.hribi.net/izlet/planina_jezerca_dom_na_gospincu_hotel_rozka_po_cesti/3/1063/5375
1063;https://www.hribi.net/izlet/spodnja_postaja_zicnice_na_krvavec_dom_na_gospincu_hotel_rozka_cez_davovec_in_po_grebenu_trdovnika/3/1063/5941
1063;https://www.hribi.net/izlet/spodnja_kokra_dom_na_gospincu_hotel_rozka_cez_davovec_in_po_grebenu_trdovnika/3/1063/5942
1063;https://www.hribi.net/izlet/planinski_dom_milana_sinkovca_v_komendi_dom_na_gospincu_hotel_rozka/3/1063/7421
1063;https://www.hribi.net/izlet/spodnja_postaja_zicnice_na_krvavec_dom_na_gospincu_hotel_rozka_skozi_lukenjski_graben/3/1063/5943
1064;https://www.hribi.net/izlet/suhadolnik_bivak_v_kocni_cez_grdi_graben/3/1064/1845
1065;https://www.hribi.net/izlet/nova_stifta_dom_na_travni_gori/26/1065/1782
1065;https://www.hribi.net/izlet/uglov_laz_dom_na_travni_gori/26/1065/5445
1066;https://www.hribi.net/izlet/travna_gora_koca_na_kamnem_gricu/26/1066/1784
1066;https://www.hribi.net/izlet/nova_stifta_koca_na_kamnem_gricu/26/1066/5459
1066;https://www.hribi.net/izlet/hrib-loski_potok_koca_na_kamnem_gricu/26/1066/6120
1066;https://www.hribi.net/izlet/mali_log_koca_na_kamnem_gricu/26/1066/5572
1066;https://www.hribi.net/izlet/uglov_laz_koca_na_kamnem_gricu_mimo_doma_na_travni_gori/26/1066/5458
1066;https://www.hribi.net/izlet/lom_koca_na_kamnem_gricu/26/1066/6119
1066;https://www.hribi.net/izlet/retjiski_gozd_koca_na_kamnem_gricu/26/1066/5573
1067;https://www.hribi.net/izlet/koca_pod_kosuto_cjajnik___larchenturm/11/1067/1788
1067;https://www.hribi.net/izlet/sele_pri_cerkvi___zell_-_pfarre_cjajnik___larchenturm/11/1067/4483
1067;https://www.hribi.net/izlet/ridovc___ridovcsage_cjajnik___larchenturm_ob_mrzlem_potoku_in_cez_cjajnik/11/1067/4489
1068;https://www.hribi.net/izlet/planina_jezerca_krvavec/3/1068/4565
1068;https://www.hribi.net/izlet/dom_na_gospincu_krvavec/3/1068/1794
1068;https://www.hribi.net/izlet/markova_raven_krvavec_po_nemarkirani_poti_cez_razor/3/1068/4590
1068;https://www.hribi.net/izlet/planina_jezerca_krvavec_po_nemarkirani_poti_cez_razor/3/1068/4580
1069;https://www.hribi.net/izlet/robanov_kot_knezova_planina/3/1069/1795
1070;https://www.hribi.net/izlet/hotel_plesnik_icmanikova_planina_cez_rkljevo_pec/3/1070/1797
1070;https://www.hribi.net/izlet/podbreg_icmanikova_planina/3/1070/6018
1070;https://www.hribi.net/izlet/hotel_plesnik_icmanikova_planina_cez_plesnikovo_planino/3/1070/6022
1071;https://www.hribi.net/izlet/hotel_plesnik_logarska_pec_cez_rkljevo_pec/3/1071/1798
1071;https://www.hribi.net/izlet/podbreg_logarska_pec/3/1071/6019
1071;https://www.hribi.net/izlet/hotel_plesnik_logarska_pec_cez_plesnikovo_planino/3/1071/6023
1073;https://www.hribi.net/izlet/hotel_plesnik_slap_palenk/3/1073/1796
1074;https://www.hribi.net/izlet/visoko_planinski_dom_na_kurescku/26/1074/1799
1074;https://www.hribi.net/izlet/zelimlje_planinski_dom_na_kurescku/26/1074/5337
1074;https://www.hribi.net/izlet/pirman_planinski_dom_na_kurescku/26/1074/5335
1075;https://www.hribi.net/izlet/passo_falzarego_lagazuoi_piccolo_skozi_galerijo/39/1075/1800
1075;https://www.hribi.net/izlet/passo_falzarego_lagazuoi_piccolo_obicajna_pot/39/1075/1810
1075;https://www.hribi.net/izlet/passo_valparola_lagazuoi_piccolo/39/1075/2755
1076;https://www.hribi.net/izlet/rifugio_auronzo_rifugio_lavaredo/39/1076/1801
1077;https://www.hribi.net/izlet/rifugio_auronzo_rifugio_locatelli/39/1077/1802
1077;https://www.hribi.net/izlet/piano_fiscalino___fischleinboden_rifugio_locatelli/39/1077/2762
1077;https://www.hribi.net/izlet/landro_rifugio_locatelli/39/1077/4990
1078;https://www.hribi.net/izlet/rifugio_auronzo_laghi_dei_piani/39/1078/1803
1079;https://www.hribi.net/izlet/rifugio_auronzo_monte_paterno_ferrata_de_luca-innerkofler/39/1079/1805
1079;https://www.hribi.net/izlet/rifugio_auronzo_monte_paterno_po_vzhodnem_grebenu/39/1079/1807
1079;https://www.hribi.net/izlet/rifugio_auronzo_monte_paterno/39/1079/5190
1079;https://www.hribi.net/izlet/piano_fiscalino___fischleinboden_monte_paterno_ferrata_de_luca-innerkofler/39/1079/5109
1080;https://www.hribi.net/izlet/passo_falzarego_rifugio_lagazuoi_skozi_galerijo/39/1080/1806
1080;https://www.hribi.net/izlet/passo_falzarego_rifugio_lagazuoi_obicajna_pot/39/1080/1809
1080;https://www.hribi.net/izlet/passo_valparola_rifugio_lagazuoi/39/1080/2757
1081;https://www.hribi.net/izlet/passo_falzarego_bivak_della_chiesa_zahodna_pot/39/1081/1813
1081;https://www.hribi.net/izlet/passo_falzarego_bivak_della_chiesa_vzhodna_pot/39/1081/1814
1082;https://www.hribi.net/izlet/passo_falzarego_col_dei_bos_cez_cimo_falzarego/39/1082/1817
1082;https://www.hribi.net/izlet/da_strobel_col_dei_bos_via_ferrata_degli_alpini/39/1082/6028
1082;https://www.hribi.net/izlet/da_strobel_col_dei_bos/39/1082/6033
1083;https://www.hribi.net/izlet/passo_giau_monte_verdal_zgornja_pot/39/1083/1819
1084;https://www.hribi.net/izlet/passo_falzarego_cima_falzarego/39/1084/1816
1084;https://www.hribi.net/izlet/da_strobel_cima_falzarego/39/1084/6040
1085;https://www.hribi.net/izlet/rifugio_auronzo_rifugio_pian_di_cengia/39/1085/1812
1085;https://www.hribi.net/izlet/piano_fiscalino___fischleinboden_rifugio_pian_di_cengia/39/1085/2766
1087;https://www.hribi.net/izlet/rifugio_auronzo_croda_fiscalina_di_mezzo___oberbachernspitze/39/1087/1811
1087;https://www.hribi.net/izlet/piano_fiscalino___fischleinboden_croda_fiscalina_di_mezzo___oberbachernspitze/39/1087/2804
1088;https://www.hribi.net/izlet/rifugio_dibona_tofana_di_rozes_via_ferrata_lipella/39/1088/1808
1088;https://www.hribi.net/izlet/rifugio_dibona_tofana_di_rozes_mimo_rifugio_giussani/39/1088/1822
1089;https://www.hribi.net/izlet/rifugio_dibona_tre_dita_via_ferrata_lipella/39/1089/1815
1089;https://www.hribi.net/izlet/rifugio_dibona_tre_dita_mimo_rifugio_giussani/39/1089/1823
1090;https://www.hribi.net/izlet/rifugio_dibona_rifugio_giussani/39/1090/1820
1091;https://www.hribi.net/izlet/ljubljana_zalog_debenji_vrh/25/1091/2451
1091;https://www.hribi.net/izlet/pecar_debenji_vrh/25/1091/2453
1091;https://www.hribi.net/izlet/ribnik_debenji_vrh/25/1091/8172
1091;https://www.hribi.net/izlet/ljubljana_zalog_debenji_vrh_trda_varianta/25/1091/8156
1091;https://www.hribi.net/izlet/podgrad_debenji_vrh/25/1091/8162
1091;https://www.hribi.net/izlet/podgrad_debenji_vrh_mimo_starega_gradu_osterberg/25/1091/8169
1093;https://www.hribi.net/izlet/passo_di_giau_rifugio_nuvolau_via_ferrata_de_ragusela/39/1093/1824
1093;https://www.hribi.net/izlet/passo_di_giau_rifugio_nuvolau_mimo_rifugio_averau/39/1093/1839
1093;https://www.hribi.net/izlet/passo_falzarego_rifugio_nuvolau/39/1093/2748
1093;https://www.hribi.net/izlet/rifugio_scoiattoli_rifugio_nuvolau/39/1093/3417
1093;https://www.hribi.net/izlet/rifugio_bai_de_dones_rifugio_nuvolau_mimo_rifugio_cinque_torri/39/1093/5221
1093;https://www.hribi.net/izlet/rifugio_bai_de_dones_rifugio_nuvolau_trincee/39/1093/5217
1094;https://www.hribi.net/izlet/passo_di_giau_rifugio_averau_pot_452/39/1094/1828
1094;https://www.hribi.net/izlet/passo_di_giau_rifugio_averau_cez_nuvolau/39/1094/1825
1094;https://www.hribi.net/izlet/passo_falzarego_rifugio_averau/39/1094/2747
1094;https://www.hribi.net/izlet/rifugio_scoiattoli_rifugio_averau/39/1094/3415
1094;https://www.hribi.net/izlet/rifugio_bai_de_dones_rifugio_averau_mimo_rifugio_cinque_torri/39/1094/5220
1094;https://www.hribi.net/izlet/rifugio_bai_de_dones_rifugio_averau_trincee/39/1094/5212
1095;https://www.hribi.net/izlet/passo_di_giau_averau/39/1095/1841
1095;https://www.hribi.net/izlet/passo_di_giau_averau_cez_nuvolau/39/1095/1826
1095;https://www.hribi.net/izlet/passo_falzarego_averau/39/1095/2758
1095;https://www.hribi.net/izlet/rifugio_bai_de_dones_averau_mimo_rifugio_cinque_torri/39/1095/6300
1095;https://www.hribi.net/izlet/rifugio_scoiattoli_averau/39/1095/6293
1095;https://www.hribi.net/izlet/rifugio_bai_de_dones_averau_trincee/39/1095/6302
1096;https://www.hribi.net/izlet/gozd_martuljek_kurji_vrh/1/1096/1837
1096;https://www.hribi.net/izlet/jasna_kurji_vrh/1/1096/5695
1097;https://www.hribi.net/izlet/gozd_martuljek_bivak_za_akom/1/1097/1836
1098;https://www.hribi.net/izlet/javorje_mala_rodica_cez_lepo_suho/1/1098/1844
1098;https://www.hribi.net/izlet/ribcev_laz_mala_rodica/1/1098/8322
1099;https://www.hribi.net/izlet/pod_debelo_glavo_raskovec/1/1099/1842
1099;https://www.hribi.net/izlet/javorje_raskovec_cez_rodico/1/1099/1843
1099;https://www.hribi.net/izlet/pod_debelo_glavo_konec_ceste_raskovec_mimo_lovske_koce/1/1099/4511
1099;https://www.hribi.net/izlet/rutarski_gozd_raskovec_cez_rodico/1/1099/6246
1099;https://www.hribi.net/izlet/vodel_raskovec/1/1099/5965
1099;https://www.hribi.net/izlet/grant_raskovec_cez_rodico/1/1099/6601
1100;https://www.hribi.net/izlet/pod_debelo_glavo_planina_poljana/1/1100/1840
1100;https://www.hribi.net/izlet/javorje_planina_poljana_pot_cez_glin/1/1100/4507
1100;https://www.hribi.net/izlet/pod_debelo_glavo_konec_ceste_planina_poljana_mimo_lovske_koce/1/1100/4510
1100;https://www.hribi.net/izlet/vodel_planina_poljana/1/1100/5960
1101;https://www.hribi.net/izlet/pod_luknjo_planina_osredki/1/1101/1846
1101;https://www.hribi.net/izlet/polje_planina_osredki/1/1101/3926
1102;https://www.hribi.net/izlet/pod_luknjo_cetrt/1/1102/1849
1102;https://www.hribi.net/izlet/polje_cetrt/1/1102/5141
1102;https://www.hribi.net/izlet/ravne_cetrt_cez_crno_prst/1/1102/6567
1102;https://www.hribi.net/izlet/podbrdo_cetrt_cez_crno_prst/1/1102/6610
1103;https://www.hribi.net/izlet/pod_luknjo_konjski_vrh/1/1103/1850
1103;https://www.hribi.net/izlet/polje_konjski_vrh/1/1103/5146
1103;https://www.hribi.net/izlet/ravne_konjski_vrh_cez_crno_prst/1/1103/6572
1103;https://www.hribi.net/izlet/podbrdo_konjski_vrh_cez_crno_prst/1/1103/6611
1104;https://www.hribi.net/izlet/pod_luknjo_poljanski_vrh/1/1104/1851
1104;https://www.hribi.net/izlet/polje_poljanski_vrh/1/1104/5145
1104;https://www.hribi.net/izlet/ravne_poljanski_vrh_cez_crno_prst/1/1104/6571
1104;https://www.hribi.net/izlet/podbrdo_poljanski_vrh_cez_crno_prst/1/1104/6617
1105;https://www.hribi.net/izlet/pod_luknjo_matajurski_vrh/1/1105/1852
1105;https://www.hribi.net/izlet/polje_matajurski_vrh/1/1105/5177
1105;https://www.hribi.net/izlet/podbrdo_matajurski_vrh_cez_crno_prst/1/1105/6621
1105;https://www.hribi.net/izlet/ravne_matajurski_vrh_cez_crno_prst/1/1105/6577
1106;https://www.hribi.net/izlet/javorje_mali_raskovec_preko_sedla_cez_suho/1/1106/1854
1106;https://www.hribi.net/izlet/javorje_mali_raskovec_cez_lepo_suho/1/1106/6313
1106;https://www.hribi.net/izlet/rutarski_gozd_mali_raskovec/1/1106/6327
1106;https://www.hribi.net/izlet/grant_mali_raskovec_cez_rodico/1/1106/6595
1107;https://www.hribi.net/izlet/javorje_suha_rodica_novi_vrh_preko_sedla_cez_suho/1/1107/1853
1107;https://www.hribi.net/izlet/rutarski_gozd_suha_rodica_novi_vrh/1/1107/6235
1107;https://www.hribi.net/izlet/javorje_suha_rodica_novi_vrh_cez_lepo_suho/1/1107/6287
1107;https://www.hribi.net/izlet/grant_suha_rodica_novi_vrh/1/1107/6312
1108;https://www.hribi.net/izlet/ski_hotel_vogel_meja_cez_konjsko_sedlo/1/1108/800
1108;https://www.hribi.net/izlet/ribcev_laz_meja_cez_konjsko_sedlo/1/1108/5095
1108;https://www.hribi.net/izlet/ski_hotel_vogel_meja_z_bpp_za_rusnatim_vrhom_na_greben/1/1108/6075
1108;https://www.hribi.net/izlet/ski_hotel_vogel_meja_po_bohinjski_planinski_poti_in_cez_vrh_nad_skrbino/1/1108/6449
1108;https://www.hribi.net/izlet/ukanc_meja_skozi_zagarjev_graben_in_cez_konjsko_sedlo/1/1108/7955
1109;https://www.hribi.net/izlet/ski_hotel_vogel_rusnati_vrh_cez_konjsko_sedlo/1/1109/802
1109;https://www.hribi.net/izlet/ribcev_laz_rusnati_vrh_cez_konjsko_sedlo/1/1109/7975
1109;https://www.hribi.net/izlet/ukanc_rusnati_vrh_skozi_zagarjev_graben_in_cez_konjsko_sedlo/1/1109/8075
1110;https://www.hribi.net/izlet/pristava_rog_pot_roparskih_vitezov_hertnberskih/5/1110/1859
1110;https://www.hribi.net/izlet/topol_pri_medvodah_katarina_rog/5/1110/1856
1110;https://www.hribi.net/izlet/gabrje_rog/5/1110/2967
1110;https://www.hribi.net/izlet/trnovec_legastja_rog/5/1110/4552
1110;https://www.hribi.net/izlet/preval_rog/5/1110/4314
1110;https://www.hribi.net/izlet/zlebe_rog_cez_jeterbenk/5/1110/4546
1110;https://www.hribi.net/izlet/preska_rog_cez_jeterbenk/5/1110/4545
1110;https://www.hribi.net/izlet/zlebe_rog_cez_turnice/5/1110/4544
1110;https://www.hribi.net/izlet/preska_rog_cez_turnice/5/1110/4543
1110;https://www.hribi.net/izlet/slavkov_dom_na_golem_brdu_rog/5/1110/7037
1111;https://www.hribi.net/izlet/dom_na_osankarici_tiho_jezero_falski_ribnik/4/1111/1871
1111;https://www.hribi.net/izlet/koca_na_klopnem_vrhu_tiho_jezero_falski_ribnik/4/1111/1872
1112;https://www.hribi.net/izlet/koca_na_klopnem_vrhu_klopni_vrh_vzhodna_pot/4/1112/3945
1112;https://www.hribi.net/izlet/koca_na_sumiku_klopni_vrh_vzhodna_pot/4/1112/3944
1112;https://www.hribi.net/izlet/dom_na_osankarici_klopni_vrh_vzhodna_pot/4/1112/3940
1112;https://www.hribi.net/izlet/koca_na_pesku_klopni_vrh/4/1112/8398
1112;https://www.hribi.net/izlet/koca_na_sumiku_klopni_vrh_severna_pot/4/1112/8357
1112;https://www.hribi.net/izlet/lovrenc_na_pohorju_klopni_vrh_cez_zgornji_trg_in_po_severni_poti/4/1112/8406
1112;https://www.hribi.net/izlet/cinzat_klopni_vrh_severna_pot/4/1112/8345
1112;https://www.hribi.net/izlet/cinzat_klopni_vrh_vzhodna_pot/4/1112/8347
1112;https://www.hribi.net/izlet/lovrenc_na_pohorju_klopni_vrh_cez_zgornji_trg_in_po_vzhodni_poti/4/1112/8407
1112;https://www.hribi.net/izlet/ruse_klopni_vrh_severna_pot/4/1112/9165
1112;https://www.hribi.net/izlet/koca_na_klopnem_vrhu_klopni_vrh_severna_pot/4/1112/8348
1112;https://www.hribi.net/izlet/lovrenc_na_pohorju_klopni_vrh_cez_spodnji_trg_in_po_vzhodni_poti/4/1112/8403
1112;https://www.hribi.net/izlet/ruse_klopni_vrh_vzhodna_pot/4/1112/9166
1112;https://www.hribi.net/izlet/lovrenc_na_pohorju_klopni_vrh_cez_spodnji_trg_in_po_severni_poti/4/1112/8402
1113;https://www.hribi.net/izlet/dom_na_osankarici_koca_na_klopnem_vrhu_preko_treh_zebljev/4/1113/1867
1113;https://www.hribi.net/izlet/ruska_koca_na_arehu_koca_na_klopnem_vrhu/4/1113/1869
1113;https://www.hribi.net/izlet/koca_na_sumiku_koca_na_klopnem_vrhu/4/1113/3943
1113;https://www.hribi.net/izlet/smolnik_koca_na_klopnem_vrhu/4/1113/1882
1113;https://www.hribi.net/izlet/zgornja_brv_koca_na_klopnem_vrhu/4/1113/4816
1113;https://www.hribi.net/izlet/koca_na_pesku_koca_na_klopnem_vrhu/4/1113/8396
1113;https://www.hribi.net/izlet/cinzat_koca_na_klopnem_vrhu/4/1113/8338
1113;https://www.hribi.net/izlet/lovrenc_na_pohorju_koca_na_klopnem_vrhu_cez_spodnji_trg/4/1113/8401
1113;https://www.hribi.net/izlet/lovrenc_na_pohorju_koca_na_klopnem_vrhu_cez_zgornji_trg/4/1113/8405
1113;https://www.hribi.net/izlet/ruse_koca_na_klopnem_vrhu/4/1113/9164
1114;https://www.hribi.net/izlet/rutarski_gozd_jehlc_spicasta_kupa/1/1114/1857
1114;https://www.hribi.net/izlet/grant_jehlc_spicasta_kupa/1/1114/6125
1114;https://www.hribi.net/izlet/strzisce_jehlc_spicasta_kupa/1/1114/8474
1115;https://www.hribi.net/izlet/zakojca_kojca/21/1115/1918
1115;https://www.hribi.net/izlet/preval_vrh_ravni_kojca/21/1115/1917
1115;https://www.hribi.net/izlet/orehek_kojca_po_progi_gorskega_teka_na_kojco/21/1115/1956
1115;https://www.hribi.net/izlet/orehek_kojca/21/1115/3763
1115;https://www.hribi.net/izlet/reka_kojca/21/1115/3762
1115;https://www.hribi.net/izlet/jesenica_kojca/21/1115/5772
1115;https://www.hribi.net/izlet/hudajuzna_kojca/21/1115/7072
1115;https://www.hribi.net/izlet/bukovo_kojca_severna_pot/21/1115/7081
1115;https://www.hribi.net/izlet/orehek_kojca_nova_pot/21/1115/7067
1115;https://www.hribi.net/izlet/bukovo_kojca_juzna_pot/21/1115/7082
1117;https://www.hribi.net/izlet/dolina_sopote_zagrad_nebeska_gora/25/1117/1879
1117;https://www.hribi.net/izlet/zidani_most_nebeska_gora_vzhodna_pot/25/1117/9764
1117;https://www.hribi.net/izlet/radece_nebeska_gora/25/1117/9758
1117;https://www.hribi.net/izlet/zidani_most_nebeska_gora_zahodna_pot/25/1117/9765
1118;https://www.hribi.net/izlet/trzic_kamnek_radetzky-jeva_pot/11/1118/1880
1118;https://www.hribi.net/izlet/trzic_kamnek_milanova_pot/11/1118/6378
1118;https://www.hribi.net/izlet/trzic_slap_kamnek_cez_ride/11/1118/6426
1118;https://www.hribi.net/izlet/trzic_kamnek_po_seili/11/1118/6424
1118;https://www.hribi.net/izlet/trzic_slap_kamnek_cez_dobrivc/11/1118/6427
1118;https://www.hribi.net/izlet/trzic_slap_kamnek_po_seili/11/1118/6425
1119;https://www.hribi.net/izlet/koca_na_starem_vrhu_mladi_vrh_preko_starega_vrha/21/1119/1881
1119;https://www.hribi.net/izlet/crni_kal_mladi_vrh_cez_koprivnik/21/1119/2162
1119;https://www.hribi.net/izlet/javorje_mladi_vrh_cez_prehode/21/1119/7335
1119;https://www.hribi.net/izlet/preval_mladi_vrh/21/1119/7336
1119;https://www.hribi.net/izlet/javorje_mladi_vrh_zahodna_pot/21/1119/7802
1119;https://www.hribi.net/izlet/preval_hlevisce_mladi_vrh/21/1119/7803
1120;https://www.hribi.net/izlet/rifugio_tolazzi_monte_capolago___seekopf/27/1120/1883
1121;https://www.hribi.net/izlet/aljazev_dom_v_vratih_gubno_nad_krisko_steno/1/1121/1884
1121;https://www.hribi.net/izlet/ruski_kriz_gubno_nad_krisko_steno/1/1121/6597
1121;https://www.hribi.net/izlet/pisnica_gubno_nad_krisko_steno/1/1121/6560
1122;https://www.hribi.net/izlet/rifugio_tolazzi_monte_floriz/27/1122/1885
1122;https://www.hribi.net/izlet/plockenpass_monte_floriz/27/1122/1887
1123;https://www.hribi.net/izlet/dom_trilobit_mali_vrh_cez_rido/11/1123/1894
1124;https://www.hribi.net/izlet/pri_rupah_okroglez/1/1124/1898
1124;https://www.hribi.net/izlet/rudno_polje_okroglez/1/1124/6446
1124;https://www.hribi.net/izlet/dolina_krma_okroglez/1/1124/8264
1125;https://www.hribi.net/izlet/lokev_kokos/26/1125/1903
1125;https://www.hribi.net/izlet/mejni_prehod_lipica_kokos_po_cesti/26/1125/1901
1125;https://www.hribi.net/izlet/lipica_skibini_kokos/26/1125/1902
1125;https://www.hribi.net/izlet/krvavi_potok_kokos/26/1125/3701
1125;https://www.hribi.net/izlet/mejni_prehod_lipica_kokos_strma_pot/26/1125/1900
1125;https://www.hribi.net/izlet/lokev_kokos_mimo_izvira_vrocek/26/1125/3254
1125;https://www.hribi.net/izlet/pesek___pese_kokos/26/1125/2458
1125;https://www.hribi.net/izlet/grozzana___grocana_kokos/26/1125/2509
1125;https://www.hribi.net/izlet/preloze_pri_lokvi_kokos/26/1125/3703
1126;https://www.hribi.net/izlet/poljubinj_slap_beri/1/1126/1905
1128;https://www.hribi.net/izlet/vrhnika_pri_lozu_racna_gora/26/1128/327
1128;https://www.hribi.net/izlet/lovska_koca_urska_racna_gora/26/1128/721
1129;https://www.hribi.net/izlet/kocevska_dolina_lovska_koca_urska/26/1129/503
1130;https://www.hribi.net/izlet/sveta_ana_krizna_gora/26/1130/502
1130;https://www.hribi.net/izlet/blocice_krizna_gora/26/1130/4295
1130;https://www.hribi.net/izlet/krizna_jama_krizna_gora/26/1130/4294
1131;https://www.hribi.net/izlet/lipa_sveti_jost_nad_vranskim/3/1131/499
1132;https://www.hribi.net/izlet/dom_na_creti_tolsti_vrh_dobrovlje/3/1132/557
1132;https://www.hribi.net/izlet/dom_planincev_farbanca_tolsti_vrh_dobrovlje/3/1132/263
1132;https://www.hribi.net/izlet/lipa_tolsti_vrh_dobrovlje/3/1132/501
1132;https://www.hribi.net/izlet/kokarje_src_laze_tolsti_vrh_dobrovlje_mimo_doma_na_farbanci/3/1132/5826
1132;https://www.hribi.net/izlet/potok_mostni_graben_tolsti_vrh_dobrovlje_mimo_doma_na_farbanci/3/1132/5828
1133;https://www.hribi.net/izlet/lipa_dom_planincev_farbanca/3/1133/780
1133;https://www.hribi.net/izlet/potok_mostni_graben_dom_planincev_farbanca/3/1133/5827
1133;https://www.hribi.net/izlet/kokarje_src_laze_dom_planincev_farbanca/3/1133/5821
1134;https://www.hribi.net/izlet/sovodenj_ermanovec_razgledna_pot/21/1134/1909
1134;https://www.hribi.net/izlet/sovodenj_ermanovec_skozi_miklavzevo_grapo/21/1134/1910
1134;https://www.hribi.net/izlet/kopacnica_ermanovec/21/1134/3035
1134;https://www.hribi.net/izlet/hotavlje_ermanovec_cez_slajko/21/1134/3036
1134;https://www.hribi.net/izlet/trebija_ermanovec/21/1134/4411
1134;https://www.hribi.net/izlet/podlanisce_ermanovec/21/1134/5802
1134;https://www.hribi.net/izlet/cerkno_ermanovec_cez_kladje/21/1134/5807
1134;https://www.hribi.net/izlet/sovodenj_ermanovec_po_cesti/21/1134/5798
1134;https://www.hribi.net/izlet/cerkno_ermanovec_skozi_planino_pri_cerknem/21/1134/5809
1134;https://www.hribi.net/izlet/dolenji_novaki_pod_kovkom_ermanovec/21/1134/7318
1134;https://www.hribi.net/izlet/podgora_ermanovec_cez_slajko/21/1134/8031
1135;https://www.hribi.net/izlet/blecji_vrh_kucelj/25/1135/1911
1135;https://www.hribi.net/izlet/veliko_trebeljevo_kucelj/25/1135/4325
1135;https://www.hribi.net/izlet/leskovec_kucelj/25/1135/1912
1136;https://www.hribi.net/izlet/blecji_vrh_gradisce_cez_kucelj/25/1136/1914
1137;https://www.hribi.net/izlet/leskovec_obolno/25/1137/1913
1137;https://www.hribi.net/izlet/veliko_trebeljevo_obolno/25/1137/4324
1137;https://www.hribi.net/izlet/mala_goricica_obolno/25/1137/5346
1137;https://www.hribi.net/izlet/mala_goricica_obolno_po_cesti/25/1137/5349
1138;https://www.hribi.net/izlet/selca_miklavska_gora_pes_pot/21/1138/1915
1138;https://www.hribi.net/izlet/selca_miklavska_gora_po_cesti/21/1138/1916
1139;https://www.hribi.net/izlet/zgornja_slivnica_magdalenska_gora/25/1139/1919
1140;https://www.hribi.net/izlet/zgornja_slivnica_pugled/25/1140/1920
1140;https://www.hribi.net/izlet/podlipoglav_pugled_mimo_strazarskega_mesta/25/1140/7773
1140;https://www.hribi.net/izlet/podlipoglav_pugled_po_zahodnem_grebenu/25/1140/7774
1141;https://www.hribi.net/izlet/ciganija_koca_na_naravskih_ledinah/11/1141/1925
1141;https://www.hribi.net/izlet/zerjav_koca_na_naravskih_ledinah/11/1141/4937
1141;https://www.hribi.net/izlet/ivarcko_jezero_koca_na_naravskih_ledinah/11/1141/6368
1141;https://www.hribi.net/izlet/mezica_koca_na_naravskih_ledinah_mimo_sv_lenarta/11/1141/6365
1141;https://www.hribi.net/izlet/prevalje_koca_na_naravskih_ledinah_po_cesti/11/1141/6792
1141;https://www.hribi.net/izlet/lese_koca_na_naravskih_ledinah_skozi_kot_pri_prevaljah_in_mimo_suske_bajte/11/1141/6787
1141;https://www.hribi.net/izlet/prevalje_koca_na_naravskih_ledinah_mimo_godca/11/1141/6791
1141;https://www.hribi.net/izlet/lese_koca_na_naravskih_ledinah_skozi_kot_pri_prevaljah/11/1141/6788
1142;https://www.hribi.net/izlet/ljubenske_rastke_bezovec/3/1142/1929
1143;https://www.hribi.net/izlet/dolina_drage_sveti_gregor_na_dobravici/26/1143/1932
1144;https://www.hribi.net/izlet/jursce_bele_stene_vzhodna_pot/26/1144/1933
1144;https://www.hribi.net/izlet/jursce_bele_stene_zahodna_pot/26/1144/1934
1145;https://www.hribi.net/izlet/draga_grobisce_talcev_dom_v_dragi/11/1145/1936
1147;https://www.hribi.net/izlet/begunje_krpin_sveti_peter_nad_begunjami_po_kolovozu/3/1147/1938
1147;https://www.hribi.net/izlet/begunje_pgd_begunje_sveti_peter_nad_begunjami_petrova_pot/3/1147/6269
1147;https://www.hribi.net/izlet/begunje_krpin_sveti_peter_nad_begunjami_ob_smuciscu/3/1147/6271
1147;https://www.hribi.net/izlet/begunje_krpin_sveti_peter_nad_begunjami_cez_plezalno_steno/3/1147/7508
1147;https://www.hribi.net/izlet/rodine_sveti_peter_nad_begunjami_mimo_sankaske_koce/3/1147/6512
1148;https://www.hribi.net/izlet/begunje_krpin_sankaska_koca_po_kolovozu/3/1148/1939
1148;https://www.hribi.net/izlet/begunje_krpin_sankaska_koca_ob_smuciscu/3/1148/6323
1148;https://www.hribi.net/izlet/begunje_pgd_begunje_sankaska_koca_petrova_pot/3/1148/6324
1148;https://www.hribi.net/izlet/rodine_sankaska_koca/3/1148/6511
1149;https://www.hribi.net/izlet/zavrsnisko_jezero_smokuski_vrh_cez_brezniske_peci/3/1149/2343
1149;https://www.hribi.net/izlet/begunje_krpin_smokuski_vrh_po_kolovozu_in_mimo_sv_petra/3/1149/1940
1149;https://www.hribi.net/izlet/begunje_krpin_smokuski_vrh_ob_smuciscu_in_mimo_sankaske_koce/3/1149/7471
1149;https://www.hribi.net/izlet/begunje_pgd_begunje_smokuski_vrh_petrova_pot/3/1149/7472
1149;https://www.hribi.net/izlet/zavrsnica_pri_zagi_smokuski_vrh/3/1149/7566
1149;https://www.hribi.net/izlet/rodine_smokuski_vrh_mimo_sankaske_koce/3/1149/7470
1149;https://www.hribi.net/izlet/begunje_krpin_smokuski_vrh_skozi_sotesko_blatnice/3/1149/7557
1149;https://www.hribi.net/izlet/begunje_krpin_smokuski_vrh_po_cesti/3/1149/7516
1150;https://www.hribi.net/izlet/dom_v_dragi_planina_planinca/11/1150/1937
1150;https://www.hribi.net/izlet/ljubelj_planina_planinca_bornova_pot/11/1150/6386
1150;https://www.hribi.net/izlet/podljubelj_lajb_planina_planinca/11/1150/6467
1151;https://www.hribi.net/izlet/dolina_drage_sveti_rupert_nad_drago/26/1151/1935
1152;https://www.hribi.net/izlet/zagrad_ostric/26/1152/1952
1153;https://www.hribi.net/izlet/zagrad_medvizica_cez_ostric/26/1153/1953
1153;https://www.hribi.net/izlet/zagrad_medvizica_cez_razsusico/26/1153/1954
1154;https://www.hribi.net/izlet/zagrad_razsusica_zahodna_pot/26/1154/1955
1154;https://www.hribi.net/izlet/zagrad_razsusica_cez_ostric/26/1154/10919
1155;https://www.hribi.net/izlet/hrpelje_lovski_dom_pod_glavico/26/1155/1945
1155;https://www.hribi.net/izlet/presnica_lovski_dom_pod_glavico/26/1155/6803
1157;https://www.hribi.net/izlet/hrpelje_hrpeljska_gora/26/1157/1949
1157;https://www.hribi.net/izlet/lovski_dom_pod_glavico_hrpeljska_gora/26/1157/1948
1157;https://www.hribi.net/izlet/presnica_hrpeljska_gora/26/1157/6804
1158;https://www.hribi.net/izlet/lovski_dom_pod_glavico_grmada_pri_slavniku/26/1158/1947
1158;https://www.hribi.net/izlet/presnica_grmada_pri_slavniku/26/1158/6802
1158;https://www.hribi.net/izlet/povzane_grmada_pri_slavniku_cez_planino_jegno/26/1158/9727
1158;https://www.hribi.net/izlet/skadanscina_grmada_pri_slavniku_cez_planino_jegno/26/1158/9734
1158;https://www.hribi.net/izlet/povzane_grmada_pri_slavniku/26/1158/9728
1158;https://www.hribi.net/izlet/skadanscina_grmada_pri_slavniku_mimo_planine_jegno/26/1158/9735
1159;https://www.hribi.net/izlet/hrpelje_planina_jegno/26/1159/1950
1159;https://www.hribi.net/izlet/povzane_planina_jegno/26/1159/9726
1159;https://www.hribi.net/izlet/skadanscina_planina_jegno/26/1159/9732
1160;https://www.hribi.net/izlet/bjelsko_klek/33/1160/5318
1160;https://www.hribi.net/izlet/ogulin__klek_ferdina_staza/33/1160/5319
1160;https://www.hribi.net/izlet/vitunj_klek/33/1160/5316
1160;https://www.hribi.net/izlet/bjelsko_klek_po_ferati/33/1160/9903
1161;https://www.hribi.net/izlet/malecnik__gorca/162/1161/1965
1162;https://www.hribi.net/izlet/velika_vrata_mala_plesivica/26/1162/1959
1162;https://www.hribi.net/izlet/zagrad_mala_plesivica/26/1162/1957
1163;https://www.hribi.net/izlet/zagrad_velika_plesivica_cez_malo_plesivico/26/1163/1958
1163;https://www.hribi.net/izlet/velika_vrata_velika_plesivica/26/1163/1960
1163;https://www.hribi.net/izlet/skadanscina_velika_plesivica/26/1163/9737
1164;https://www.hribi.net/izlet/povir_stari_tabor/26/1164/1964
1164;https://www.hribi.net/izlet/vilenica_stari_tabor/26/1164/1963
1164;https://www.hribi.net/izlet/lokev_stari_tabor/26/1164/1962
1164;https://www.hribi.net/izlet/povir_stari_tabor_tezja_pot/26/1164/4041
1164;https://www.hribi.net/izlet/vilenica_stari_tabor_mimo_tuple_jame/26/1164/9078
1165;https://www.hribi.net/izlet/sezana_zidovnik_sedovnik_po_cesti/26/1165/1961
1166;https://www.hribi.net/izlet/konec_ceste_pod_jelovcem_limberk/25/1166/1966
1167;https://www.hribi.net/izlet/konec_ceste_pod_jelovcem_stari_grad_grad_cusperk/25/1167/1967
1168;https://www.hribi.net/izlet/dule_kamen_vrh/25/1168/1968
1168;https://www.hribi.net/izlet/podpec_kamen_vrh/25/1168/4419
1168;https://www.hribi.net/izlet/podgora_kamen_vrh/25/1168/4417
1168;https://www.hribi.net/izlet/velike_lasce_kamen_vrh/25/1168/8994
1168;https://www.hribi.net/izlet/velike_lasce_kamen_vrh_cez_gornje_retje_in_grmado/25/1168/9019
1169;https://www.hribi.net/izlet/ortnek_grmada_na_mali_gori/25/1169/5276
1169;https://www.hribi.net/izlet/gornje_retje_grmada_na_mali_gori/25/1169/1970
1169;https://www.hribi.net/izlet/podgora_grmada_na_mali_gori/25/1169/4416
1169;https://www.hribi.net/izlet/dule_grmada_na_mali_gori/25/1169/1969
1169;https://www.hribi.net/izlet/podpec_grmada_na_mali_gori/25/1169/4420
1169;https://www.hribi.net/izlet/ribnica_lepovce_grmada_na_mali_gori_cez_stene_sv_ane/25/1169/5288
1169;https://www.hribi.net/izlet/velike_lasce_grmada_na_mali_gori_cez_kamen_vrh/25/1169/9020
1169;https://www.hribi.net/izlet/velike_lasce_grmada_na_mali_gori_cez_gornje_retje/25/1169/8999
1171;https://www.hribi.net/izlet/ribnica_lepovce_koca_pri_sveti_ani_na_mali_gori/25/1171/4407
1171;https://www.hribi.net/izlet/seljan_koca_pri_sveti_ani_na_mali_gori_polozna_pot/25/1171/1974
1171;https://www.hribi.net/izlet/steljnik_koca_pri_sveti_ani_na_mali_gori/25/1171/1973
1171;https://www.hribi.net/izlet/ortnek_koca_pri_sveti_ani_na_mali_gori/25/1171/5278
1171;https://www.hribi.net/izlet/podgora_koca_pri_sveti_ani_na_mali_gori_cez_grmado/25/1171/5284
1171;https://www.hribi.net/izlet/gornje_retje_koca_pri_sveti_ani_na_mali_gori_cez_grmado/25/1171/5281
1171;https://www.hribi.net/izlet/podpec_koca_pri_sveti_ani_na_mali_gori_cez_grmado/25/1171/5286
1171;https://www.hribi.net/izlet/dule_koca_pri_sveti_ani_na_mali_gori_cez_grmado/25/1171/5283
1172;https://www.hribi.net/izlet/ribnica_lepovce_stene_svete_ane/25/1172/4499
1172;https://www.hribi.net/izlet/seljan_stene_svete_ane_polozna_pot/25/1172/1975
1172;https://www.hribi.net/izlet/steljnik_stene_svete_ane/25/1172/1972
1172;https://www.hribi.net/izlet/ortnek_stene_svete_ane/25/1172/5277
1172;https://www.hribi.net/izlet/podpec_stene_svete_ane_cez_grmado/25/1172/5287
1172;https://www.hribi.net/izlet/gornje_retje_stene_svete_ane_cez_grmado/25/1172/5280
1172;https://www.hribi.net/izlet/podgora_stene_svete_ane_cez_grmado/25/1172/5285
1172;https://www.hribi.net/izlet/dule_stene_svete_ane_cez_grmado/25/1172/5282
1173;https://www.hribi.net/izlet/ortnek_ortneski_stari_grad/26/1173/1971
1175;https://www.hribi.net/izlet/masun_dom_na_sviscakih/26/1175/8194
1176;https://www.hribi.net/izlet/gotenica_goteniski_sneznik/26/1176/2053
1176;https://www.hribi.net/izlet/kocevska_reka_goteniski_sneznik/26/1176/2054
1176;https://www.hribi.net/izlet/cesta_proti_medvedjeku_goteniski_sneznik/26/1176/9497
1177;https://www.hribi.net/izlet/koroska_bela_dom_pristava_v_javorniskem_rovtu_gajskova_pot/11/1177/2328
1177;https://www.hribi.net/izlet/jesenice_ukova_dom_pristava_v_javorniskem_rovtu_cez_jelenkamen/11/1177/2095
1178;https://www.hribi.net/izlet/gotenica_kameni_zid/26/1178/2052
1179;https://www.hribi.net/izlet/zgornje_jezersko_zmitkov_spic/11/1179/2023
1180;https://www.hribi.net/izlet/vrzdenec_sveti_mihael_na_samotorici/5/1180/1976
1182;https://www.hribi.net/izlet/ernejckov_graben_sivka/5/1182/1979
1182;https://www.hribi.net/izlet/hotovlja_sivka_cez_pasjo_ravan/5/1182/2989
1182;https://www.hribi.net/izlet/suhi_dol_sivka_skozi_gozd/5/1182/7815
1182;https://www.hribi.net/izlet/lucine_sivka/5/1182/7267
1182;https://www.hribi.net/izlet/prelesje_sivka/5/1182/7268
1182;https://www.hribi.net/izlet/ljubljanica_sivka/5/1182/7821
1182;https://www.hribi.net/izlet/suhi_dol_sivka_po_cesti/5/1182/7818
1183;https://www.hribi.net/izlet/lovska_koca_budanje_kovk/26/1183/2021
1183;https://www.hribi.net/izlet/col_kovk/26/1183/1980
1183;https://www.hribi.net/izlet/jamce_kovk/26/1183/5317
1185;https://www.hribi.net/izlet/franz-josefs-hohe_veliki_klek___grossglockner_prek_ledenika_pesterze_in_hofmannskees/57/1185/2315
1185;https://www.hribi.net/izlet/neues_lucknerhaus_veliki_klek___grossglockner_po_grebenu_studlgrat/57/1185/2337
1185;https://www.hribi.net/izlet/parkplatz_glocknerwinkel_veliki_klek___grossglockner_klasicna_smer/57/1185/9869
1186;https://www.hribi.net/izlet/crni_vrh_celkov_vrh/26/1186/1983
1186;https://www.hribi.net/izlet/kampelc_celkov_vrh/26/1186/1984
1187;https://www.hribi.net/izlet/zadlog_spicasti_vrh/26/1187/1987
1187;https://www.hribi.net/izlet/cenc_spicasti_vrh_po_markirani_poti/26/1187/5175
1187;https://www.hribi.net/izlet/cenc_spicasti_vrh_po_cesti_cez_novino/26/1187/1988
1189;https://www.hribi.net/izlet/kocevje_koca_pri_jelenovem_studencu_grajska_pot/25/1189/1992
1189;https://www.hribi.net/izlet/kocevje_koca_pri_jelenovem_studencu_kalanova_pot/25/1189/1989
1190;https://www.hribi.net/izlet/kocevje_mestni_vrh_kalanova_pot/25/1190/1990
1190;https://www.hribi.net/izlet/kocevje_mestni_vrh_grajska_pot/25/1190/1993
1191;https://www.hribi.net/izlet/kocevje_grad_fridrihstajn_grajska_pot/25/1191/1996
1191;https://www.hribi.net/izlet/kocevje_grad_fridrihstajn_plezalna_pot/25/1191/1995
1192;https://www.hribi.net/izlet/kocevje_livoldski_vrh_grajska_pot/25/1192/1998
1192;https://www.hribi.net/izlet/novi_lazi_livoldski_vrh/25/1192/8118
1193;https://www.hribi.net/izlet/kocevje_pozgani_hrib_grajska_pot/25/1193/1997
1193;https://www.hribi.net/izlet/kocevje_pozgani_hrib_kalanova_pot/25/1193/1994
1194;https://www.hribi.net/izlet/kocevje_ledena_jama_na_stojni_kalanova_pot/25/1194/1991
1195;https://www.hribi.net/izlet/hrastnik_klobuk_mimo_jelence/25/1195/1999
1195;https://www.hribi.net/izlet/hrastnik_klobuk_cez_ravne/25/1195/2004
1195;https://www.hribi.net/izlet/dol_pri_hrastniku_klobuk/25/1195/10183
1195;https://www.hribi.net/izlet/zavrate_klobuk/25/1195/10184
1196;https://www.hribi.net/izlet/hrastnik_kal_kalski_hrib_cez_klobuk/25/1196/2000
1196;https://www.hribi.net/izlet/hrastnik_kal_kalski_hrib_cez_ravne/25/1196/2002
1196;https://www.hribi.net/izlet/dol_pri_hrastniku_kal_kalski_hrib/25/1196/10177
1196;https://www.hribi.net/izlet/zavrate_kal_kalski_hrib/25/1196/10186
1196;https://www.hribi.net/izlet/hrastnik_kal_kalski_hrib_cez_blate/25/1196/10181
1197;https://www.hribi.net/izlet/podkraj_krizna_gora_hrusica_polozna_pot/26/1197/2006
1197;https://www.hribi.net/izlet/podkraj_krizna_gora_hrusica_strma_pot/26/1197/2005
1197;https://www.hribi.net/izlet/col_krizna_gora_hrusica/26/1197/4851
1198;https://www.hribi.net/izlet/podkraj_sveti_duh_hrusica/26/1198/2007
1198;https://www.hribi.net/izlet/col_sveti_duh_hrusica/26/1198/4850
1199;https://www.hribi.net/izlet/pri_ruski_rajdi_planinski_dom_v_novem_svetu/26/1199/2008
1201;https://www.hribi.net/izlet/sober_spodnji_rusnik_koca_na_zavcarjevem_vrhu/162/1201/2009
1201;https://www.hribi.net/izlet/sober_dobajev_mlin_koca_na_zavcarjevem_vrhu_zaprta_pot!/162/1201/2015
1201;https://www.hribi.net/izlet/veliki_boc_zgornji_kovac_koca_na_zavcarjevem_vrhu/162/1201/8326
1201;https://www.hribi.net/izlet/jelovec_koca_na_zavcarjevem_vrhu/162/1201/8332
1201;https://www.hribi.net/izlet/spodnji_slemen_koca_na_zavcarjevem_vrhu/162/1201/10994
1201;https://www.hribi.net/izlet/zgornji_slemen_siker_koca_na_zavcarjevem_vrhu/162/1201/10997
1202;https://www.hribi.net/izlet/sober_spodnji_rusnik_zavcarjev_vrh/162/1202/2010
1202;https://www.hribi.net/izlet/sober_dobajev_mlin_zavcarjev_vrh_zaprta_pot!/162/1202/2016
1202;https://www.hribi.net/izlet/veliki_boc_zgornji_kovac_zavcarjev_vrh/162/1202/8327
1202;https://www.hribi.net/izlet/spodnji_slemen_zavcarjev_vrh/162/1202/7331
1202;https://www.hribi.net/izlet/jelovec_zavcarjev_vrh/162/1202/8342
1203;https://www.hribi.net/izlet/sober_soberjev_dvor_planinski_dom_obrtnikov/162/1203/2011
1203;https://www.hribi.net/izlet/sober_dobajev_mlin_planinski_dom_obrtnikov/162/1203/2013
1203;https://www.hribi.net/izlet/kozjak_nad_pesnico_planinski_dom_obrtnikov/162/1203/8425
1203;https://www.hribi.net/izlet/sober_perkova_graba_planinski_dom_obrtnikov/162/1203/8375
1203;https://www.hribi.net/izlet/sober_zgornji_tepeh_planinski_dom_obrtnikov/162/1203/8381
1204;https://www.hribi.net/izlet/sober_dobajev_mlin_tojzlov_vrh/162/1204/2014
1204;https://www.hribi.net/izlet/sober_soberjev_dvor_tojzlov_vrh/162/1204/2012
1204;https://www.hribi.net/izlet/zgornja_kungota_tojzlov_vrh/162/1204/5640
1204;https://www.hribi.net/izlet/sober_perkova_graba_tojzlov_vrh/162/1204/8376
1204;https://www.hribi.net/izlet/sober_zgornji_tepeh_tojzlov_vrh/162/1204/8382
1204;https://www.hribi.net/izlet/kozjak_nad_pesnico_tojzlov_vrh/162/1204/8426
1205;https://www.hribi.net/izlet/sveta_trojica_murovica/25/1205/3598
1205;https://www.hribi.net/izlet/zgornja_javorsica_murovica/25/1205/3600
1205;https://www.hribi.net/izlet/krizevska_vas_murovica/25/1205/3601
1205;https://www.hribi.net/izlet/kamnica_murovica/25/1205/6772
1205;https://www.hribi.net/izlet/senozeti_murovica_cez_vrh_pri_dolskem/25/1205/6776
1205;https://www.hribi.net/izlet/senozeti_murovica_mimo_kmetije_buven/25/1205/6777
1205;https://www.hribi.net/izlet/gorjusa_murovica_skozi_dobovlje/25/1205/6754
1205;https://www.hribi.net/izlet/ssk_sam_ihan_murovica_skozi_dobovlje/25/1205/6680
1206;https://www.hribi.net/izlet/vipava_stari_grad_vipava/26/1206/2019
1207;https://www.hribi.net/izlet/vitovlje_vitovski_hrib_zahodna_pot/26/1207/4370
1207;https://www.hribi.net/izlet/vitovlje_vitovski_hrib_mimo_vitovskega_jezera/26/1207/4371
1207;https://www.hribi.net/izlet/vitovlje_krizisce_vitovski_hrib_po_cesti/26/1207/2024
1207;https://www.hribi.net/izlet/ozeljan_vitovski_hrib/26/1207/6199
1208;https://www.hribi.net/izlet/vitovlje_krizisce_sekulak/26/1208/2025
1208;https://www.hribi.net/izlet/vitovlje_sekulak_mimo_vitovskega_jezera/26/1208/6304
1208;https://www.hribi.net/izlet/ozeljan_sekulak/26/1208/6245
1209;https://www.hribi.net/izlet/vitovlje_krizisce_veliki_rob/26/1209/2029
1209;https://www.hribi.net/izlet/krnica_veliki_rob/26/1209/3821
1209;https://www.hribi.net/izlet/predmeja_veliki_rob/26/1209/2386
1209;https://www.hribi.net/izlet/vrtovin_veliki_rob/26/1209/3717
1209;https://www.hribi.net/izlet/vitovlje_veliki_rob_mimo_vitovskega_jezera_in_cez_sekulak/26/1209/6600
1209;https://www.hribi.net/izlet/lokavec_veliki_rob_cez_kucelj/26/1209/2986
1209;https://www.hribi.net/izlet/predmeja_tuneli_veliki_rob_srednjecavenska_pot/26/1209/8009
1209;https://www.hribi.net/izlet/gojace_veliki_rob/26/1209/3712
1209;https://www.hribi.net/izlet/malovse_veliki_rob/26/1209/3719
1209;https://www.hribi.net/izlet/ozeljan_veliki_rob_cez_sekulak/26/1209/6256
1209;https://www.hribi.net/izlet/polomova_rajda_veliki_rob_cez_kucelj/26/1209/10419
1210;https://www.hribi.net/izlet/vitovlje_krizisce_caven/26/1210/2028
1210;https://www.hribi.net/izlet/vitovlje_caven_mimo_vitovskega_jezera/26/1210/6599
1210;https://www.hribi.net/izlet/ozeljan_caven/26/1210/6250
1211;https://www.hribi.net/izlet/vitovlje_krizisce_lovsko_zavetisce_pod_cavnom/26/1211/2026
1212;https://www.hribi.net/izlet/vitovlje_krizisce_kopitnik_na_cavnu_preko_sekulaka/26/1212/2027
1212;https://www.hribi.net/izlet/vitovlje_krizisce_kopitnik_na_cavnu_mimo_lovske_koce_ld_lijak/26/1212/6260
1212;https://www.hribi.net/izlet/smihel_kopitnik_na_cavnu_mimo_skoznega/26/1212/6198
1212;https://www.hribi.net/izlet/ozeljan_kopitnik_na_cavnu_mimo_vitovskega_hriba_in_lovske_koce/26/1212/6200
1213;https://www.hribi.net/izlet/smihel_skozno/26/1213/6197
1213;https://www.hribi.net/izlet/vitovlje_krizisce_skozno/26/1213/2022
1214;https://www.hribi.net/izlet/smrecje_partizanska_bolnica_krtina/11/1214/7646
1215;https://www.hribi.net/izlet/razdrto_suhi_vrh_nanos_strma_pot/26/1215/2035
1215;https://www.hribi.net/izlet/strane_suhi_vrh_nanos_polozna_pot/26/1215/2034
1215;https://www.hribi.net/izlet/strane_suhi_vrh_nanos_strma_pot/26/1215/2033
1215;https://www.hribi.net/izlet/razdrto_suhi_vrh_nanos_polozna_pot/26/1215/4779
1215;https://www.hribi.net/izlet/furlanovo_zavetisce_pri_abramu_suhi_vrh_nanos_strma_pot/26/1215/4332
1215;https://www.hribi.net/izlet/eko_koca_nanos_lovska_koca_vojkovo_suhi_vrh_nanos_polozna_pot/26/1215/4784
1215;https://www.hribi.net/izlet/furlanovo_zavetisce_pri_abramu_suhi_vrh_nanos_polozna_pot/26/1215/4333
1215;https://www.hribi.net/izlet/eko_koca_nanos_lovska_koca_vojkovo_suhi_vrh_nanos_strma_pot/26/1215/4802
1215;https://www.hribi.net/izlet/lozice_suhi_vrh_nanos_polozna_pot/26/1215/5195
1215;https://www.hribi.net/izlet/lozice_suhi_vrh_nanos_strma_pot/26/1215/5197
1216;https://www.hribi.net/izlet/strane_sveti_bric_nanos/26/1216/2032
1216;https://www.hribi.net/izlet/veliko_ubeljsko_sveti_bric_nanos/26/1216/5579
1217;https://www.hribi.net/izlet/zavrate_ostri_vrh/25/1217/2038
1217;https://www.hribi.net/izlet/hrastnik_ostri_vrh/25/1217/10179
1217;https://www.hribi.net/izlet/dol_pri_hrastniku_ostri_vrh/25/1217/10174
1217;https://www.hribi.net/izlet/zgornja_recica_cerkev_bl_antona_martina_slomska_ostri_vrh/25/1217/10163
1218;https://www.hribi.net/izlet/zavrate_baba_nad_recico/25/1218/2037
1218;https://www.hribi.net/izlet/zgornja_recica_cerkev_bl_antona_martina_slomska_baba_nad_recico/25/1218/10162
1219;https://www.hribi.net/izlet/zavrate_govsko_brdo/25/1219/2036
1219;https://www.hribi.net/izlet/lasko_pokopalisce_lasko_govsko_brdo/25/1219/9083
1219;https://www.hribi.net/izlet/lasko_pokopalisce_lasko_govsko_brdo_mimo_pastirske_kapelice/25/1219/9081
1219;https://www.hribi.net/izlet/zgornja_recica_cerkev_bl_antona_martina_slomska_govsko_brdo/25/1219/10154
1219;https://www.hribi.net/izlet/zgornja_recica_macek_govsko_brdo/25/1219/10156
1219;https://www.hribi.net/izlet/zgornja_recica_macek_govsko_brdo_mimo_pastirske_kapelice/25/1219/10158
1220;https://www.hribi.net/izlet/lasko_pokopalisce_lasko_pri_knapu_pod_babo_tezja_pot/25/1220/9084
1220;https://www.hribi.net/izlet/lasko_pokopalisce_lasko_pri_knapu_pod_babo_lazja_pot/25/1220/9088
1220;https://www.hribi.net/izlet/zgornja_recica_cerkev_bl_antona_martina_slomska_pri_knapu_pod_babo/25/1220/10153
1221;https://www.hribi.net/izlet/planina_grmada_planinska_gora/26/1221/2039
1221;https://www.hribi.net/izlet/planina_dolnja_planina_grmada_planinska_gora_preko_zavrtnikov/26/1221/4442
1221;https://www.hribi.net/izlet/planina_dolnja_planina_grmada_planinska_gora_mimo_sv_duha/26/1221/4447
1221;https://www.hribi.net/izlet/grcarevec_grmada_planinska_gora_jakobova_pot/26/1221/9787
1222;https://www.hribi.net/izlet/planina_planinska_jama/26/1222/2041
1223;https://www.hribi.net/izlet/zabocevo_krimscek/26/1223/2044
1224;https://www.hribi.net/izlet/zabocevo_novaska_gora/26/1224/2045
1225;https://www.hribi.net/izlet/kamenscina_milanka/26/1225/2049
1226;https://www.hribi.net/izlet/kamenscina_volovja_reber/26/1226/2048
1227;https://www.hribi.net/izlet/kamenscina_bele_ovce/26/1227/2047
1228;https://www.hribi.net/izlet/kamenscina_velika_milanja/26/1228/2050
1229;https://www.hribi.net/izlet/mala_lazna_velika_ledena_jama_v_paradani/26/1229/2051
1230;https://www.hribi.net/izlet/adergas_stefanja_gora_mimo_klopc/3/1230/2225
1230;https://www.hribi.net/izlet/adergas_stefanja_gora_mimo_sterne/3/1230/2321
1230;https://www.hribi.net/izlet/olsevek_stefanja_gora/3/1230/6412
1230;https://www.hribi.net/izlet/mozjanca_stefanja_gora_po_cesti/3/1230/5904
1230;https://www.hribi.net/izlet/stefanja_gora_stefanja_gora_cez_spodnjo_stefanjo_vas/3/1230/5905
1230;https://www.hribi.net/izlet/preddvor_stefanja_gora_po_pespoti/3/1230/6683
1230;https://www.hribi.net/izlet/stefanja_gora_stefanja_gora_cez_zgornjo_stefanjo_vas/3/1230/5906
1230;https://www.hribi.net/izlet/olsevek_stefanja_gora_cez_apnisce/3/1230/6432
1230;https://www.hribi.net/izlet/velesovo_stefanja_gora_mimo_klopc/3/1230/7948
1230;https://www.hribi.net/izlet/velesovo_stefanja_gora_mimo_sterne/3/1230/7951
1231;https://www.hribi.net/izlet/planina_pod_golico_spanov_vrh/11/1231/2058
1231;https://www.hribi.net/izlet/jesenice_ukova_spanov_vrh_cez_sedem_grabnov/11/1231/2579
1231;https://www.hribi.net/izlet/dom_pristava_v_javorniskem_rovtu_spanov_vrh/11/1231/2055
1231;https://www.hribi.net/izlet/jesenice_ukova_spanov_vrh/11/1231/2472
1231;https://www.hribi.net/izlet/krizovec_spanov_vrh_mimo_zavetisca_grs_na_crnem_vrhu/11/1231/3341
1231;https://www.hribi.net/izlet/jesenice_straza_spanov_vrh_cez_jelenkamen/11/1231/2718
1232;https://www.hribi.net/izlet/dom_pristava_v_javorniskem_rovtu_smucarski_dom_crni_vrh/11/1232/2056
1232;https://www.hribi.net/izlet/planina_pod_golico_smucarski_dom_crni_vrh/11/1232/2057
1232;https://www.hribi.net/izlet/murova_jesenice_smucarski_dom_crni_vrh_cez_pejce/11/1232/3526
1233;https://www.hribi.net/izlet/zalog_grebenc/3/1233/2063
1233;https://www.hribi.net/izlet/povlje_grebenc/3/1233/5185
1233;https://www.hribi.net/izlet/povlje_grebenc_po_kolovozu/3/1233/5187
1234;https://www.hribi.net/izlet/dolina_potoka_zep_partizanska_bolnica_mrzle_vode/3/1234/2070
1235;https://www.hribi.net/izlet/dolina_potoka_zep_mali_travnik/3/1235/2067
1236;https://www.hribi.net/izlet/ljubno_ob_savinji_planina_mali_travnik/3/1236/3390
1236;https://www.hribi.net/izlet/dolina_potoka_zep_planina_mali_travnik/3/1236/2066
1237;https://www.hribi.net/izlet/dolina_potoka_zep_pocka_robnikova_planina/3/1237/2065
1239;https://www.hribi.net/izlet/prelaz_vrhe_izvir_sotle/11/1239/2077
1239;https://www.hribi.net/izlet/rudijev_dom_na_donacki_gori_izvir_sotle/11/1239/2073
1239;https://www.hribi.net/izlet/zetale_izvir_sotle/11/1239/8965
1239;https://www.hribi.net/izlet/lovska_koca_lipovec_izvir_sotle_zahodna_pot/11/1239/8967
1239;https://www.hribi.net/izlet/lovska_koca_lipovec_izvir_sotle_vzhodna_pot/11/1239/8969
1240;https://www.hribi.net/izlet/koca_na_planini_stador_kobilja_glava/1/1240/2078
1240;https://www.hribi.net/izlet/planina_lom_kobilja_glava/1/1240/2081
1241;https://www.hribi.net/izlet/koca_na_planini_stador_jalovnik/1/1241/2079
1241;https://www.hribi.net/izlet/planina_lom_jalovnik/1/1241/2080
1242;https://www.hribi.net/izlet/koca_na_planini_stador_kobala/1/1242/2083
1243;https://www.hribi.net/izlet/koca_na_planini_stador_planina_lom/1/1243/2082
1244;https://www.hribi.net/izlet/slevo_planjava_pri_kamniskem_vrhu/3/1244/2085
1244;https://www.hribi.net/izlet/molnarjev_breg_planjava_pri_kamniskem_vrhu_cez_planino_osredek/3/1244/5728
1244;https://www.hribi.net/izlet/molnarjev_breg_planjava_pri_kamniskem_vrhu/3/1244/5727
1244;https://www.hribi.net/izlet/molnarjev_breg_planjava_pri_kamniskem_vrhu_po_cesti/3/1244/5729
1245;https://www.hribi.net/izlet/grahovse_planina_zgornja_konjscica_po_cesti/11/1245/2091
1245;https://www.hribi.net/izlet/grahovse_planina_zgornja_konjscica_mimo_tica/11/1245/2979
1245;https://www.hribi.net/izlet/na_kopis_planina_zgornja_konjscica_cez_sp_konsco/11/1245/8416
1245;https://www.hribi.net/izlet/trzic_planina_zgornja_konjscica_cez_potarje_in_sp_konsco/11/1245/8415
1247;https://www.hribi.net/izlet/jesenice_ukova_jelenkamen_mimo_kalvarije/11/1247/2094
1247;https://www.hribi.net/izlet/straza_jesenice_jelenkamen_cez_kozjek_-_vzhodna_pot/11/1247/2461
1247;https://www.hribi.net/izlet/straza_jesenice_jelenkamen_cez_kozjek/11/1247/2146
1247;https://www.hribi.net/izlet/jesenice_ukova_jelenkamen_skozi_dole/11/1247/5236
1247;https://www.hribi.net/izlet/tomsiceva__cesta_jesenice_jelenkamen_mimo_sporna/11/1247/5126
1248;https://www.hribi.net/izlet/jesenice_ukova_kalvarija_nad_jesenicami/11/1248/2096
1248;https://www.hribi.net/izlet/trg_toneta_cufarja_jesenice_kalvarija_nad_jesenicami_strma_pot/11/1248/5416
1249;https://www.hribi.net/izlet/velika_zaka_bled__mala_osojnica_ob_ojstrici/1/1249/5262
1249;https://www.hribi.net/izlet/velika_zaka_bled_mala_osojnica_po_stopnicah/1/1249/2097
1250;https://www.hribi.net/izlet/zelece_bled_straza_riklijeva_pot/1/1250/2098
1251;https://www.hribi.net/izlet/hrusica_slapovi_dobrsnik_ferata_dobrsnik/11/1251/8783
1251;https://www.hribi.net/izlet/hrusica_slapovi_dobrsnik/11/1251/2099
1252;https://www.hribi.net/izlet/planina_pod_golico_planina_mozine_razingerjevo_molzisce/11/1252/2101
1253;https://www.hribi.net/izlet/poljsica_pri_gorjah_poglejska_cerkev/1/1253/2103
1254;https://www.hribi.net/izlet/kocna_planina_obranica_mimo_babe/1/1254/2107
1254;https://www.hribi.net/izlet/spodnje_gorje_planina_obranica/1/1254/2129
1254;https://www.hribi.net/izlet/kocna__planina_obranica_od_spomenika/1/1254/2894
1255;https://www.hribi.net/izlet/kocna_poljanska_baba/1/1255/2108
1256;https://www.hribi.net/izlet/podmezakla_jesenice_skrbina_mezakla_cez_zakop/1/1256/2109
1256;https://www.hribi.net/izlet/podmezakla_jesenice_skrbina_mezakla_ob_daljnovodu/1/1256/2288
1257;https://www.hribi.net/izlet/korensko_sedlo_rekarsica_po_cesti/11/1257/2110
1257;https://www.hribi.net/izlet/korensko_sedlo_rekarsica_cez_jerebikovec/11/1257/2111
1258;https://www.hribi.net/izlet/korensko_sedlo_kamnati_vrh_cez_jerebikovec/11/1258/2114
1258;https://www.hribi.net/izlet/korensko_sedlo_kamnati_vrh_po_cesti/11/1258/2113
1259;https://www.hribi.net/izlet/korensko_sedlo_jerebikovec/11/1259/2112
1260;https://www.hribi.net/izlet/podmezakla_jesenice_partizanska_bolnisnica_na_mezakli_cez_zakop/1/1260/2115
1261;https://www.hribi.net/izlet/kraljev_hrib_planina_dol/3/1261/1759
1261;https://www.hribi.net/izlet/kopisca_planina_dol_martinj_steza/3/1261/2583
1262;https://www.hribi.net/izlet/ravne_koprivnjak___kleiner_frauenkogel/11/1262/2118
1262;https://www.hribi.net/izlet/podrozca___rosenbach_koprivnjak___kleiner_frauenkogel/11/1262/3999
1263;https://www.hribi.net/izlet/rezman_mocnikova_planina/11/1263/2119
1264;https://www.hribi.net/izlet/pri_zagi_javorniski_rovt_mala_boncla_bavha/11/1264/2121
1265;https://www.hribi.net/izlet/pri_zagi_javorniski_rovt_alnicje/11/1265/2122
1265;https://www.hribi.net/izlet/koroska_bela_rc_kres_alnicje_direktna_cez_greben/11/1265/3160
1265;https://www.hribi.net/izlet/koroska_bela_rc_kres_alnicje_lovska_pot/11/1265/5939
1266;https://www.hribi.net/izlet/koca_na_gozdu_kumlehova_glava/1/1266/2127
1266;https://www.hribi.net/izlet/2_serpentina_vrsiske_ceste_kumlehova_glava_za_kumlehom/1/1266/2126
1267;https://www.hribi.net/izlet/koca_na_gozdu_visoki_mavrinc/1/1267/2128
1267;https://www.hribi.net/izlet/2_serpentina_vrsiske_ceste_visoki_mavrinc_za_kumlehom/1/1267/2125
1268;https://www.hribi.net/izlet/planina_loka_mala_raduha/3/1268/2131
1268;https://www.hribi.net/izlet/planina_vodol_mala_raduha/3/1268/8317
1268;https://www.hribi.net/izlet/bistra_mala_raduha/3/1268/8360
1269;https://www.hribi.net/izlet/bukovnik_lanez/3/1269/2130
1269;https://www.hribi.net/izlet/planina_loka_lanez_vzhodna_pot/3/1269/2134
1269;https://www.hribi.net/izlet/bukovnik_lanez_hojnikova_pot/3/1269/3631
1269;https://www.hribi.net/izlet/planina_loka_lanez_cez_durce/3/1269/2556
1269;https://www.hribi.net/izlet/planina_kosmaceve_rastke_lanez_vzhodna_pot/3/1269/3379
1269;https://www.hribi.net/izlet/planina_kosmaceve_rastke_lanez_cez_durce/3/1269/3378
1269;https://www.hribi.net/izlet/koprivna_sumel_lanez_mimo_domacije_haderlap_in_skozi_durce/3/1269/7478
1269;https://www.hribi.net/izlet/raduha_struge_lanez_cez_durce/3/1269/11021
1270;https://www.hribi.net/izlet/krnica_pokljuska_soteska_luknja/1/1270/2133
1271;https://www.hribi.net/izlet/podljubelj_unterloibl_soteska_cepa_tscheppaschlucht_pot_dr_p_tschauka/11/1271/2136
1272;https://www.hribi.net/izlet/pod_peco_koprein_petzen_planina_luza/11/1272/2137
1272;https://www.hribi.net/izlet/koprivna_kumer_planina_luza/11/1272/3913
1273;https://www.hribi.net/izlet/pod_peco_koprein_petzen_planina_zgornja_luza/11/1273/2138
1273;https://www.hribi.net/izlet/koprivna_kumer_planina_zgornja_luza/11/1273/3915
1274;https://www.hribi.net/izlet/pod_peco___koprein_petzen_veska_kopa_peca___wackendorfer_spitze_petzen/11/1274/2139
1274;https://www.hribi.net/izlet/podkraj___unterort_veska_kopa_peca___wackendorfer_spitze_petzen/11/1274/3343
1274;https://www.hribi.net/izlet/globasnica___globasnitz_veska_kopa_peca___wackendorfer_spitze_petzen/11/1274/3357
1274;https://www.hribi.net/izlet/koprivna_kumer_veska_kopa_peca___wackendorfer_spitze_petzen/11/1274/3916
1274;https://www.hribi.net/izlet/podkraj___unterort_veska_kopa_peca___wackendorfer_spitze_petzen_po_poti_st_p7/11/1274/10393
1275;https://www.hribi.net/izlet/pod_peco___koprein-petzen_bistriska_spica_peca___feistritzer_spitze_petzen/11/1275/2140
1275;https://www.hribi.net/izlet/jakobe_bistriska_spica_peca___feistritzer_spitze_petzen_plezalna_pot/11/1275/2878
1275;https://www.hribi.net/izlet/panoramska_restavracija_oben_bistriska_spica_peca___feistritzer_spitze_petzen/11/1275/3353
1275;https://www.hribi.net/izlet/koprivna_kumer_bistriska_spica_peca___feistritzer_spitze_petzen_avstrijska_pot/11/1275/3917
1275;https://www.hribi.net/izlet/koprivna_kumer_bistriska_spica_peca___feistritzer_spitze_petzen_slovenska_pot/11/1275/3918
1275;https://www.hribi.net/izlet/jakobe_bistriska_spica_peca___feistritzer_spitze_petzen_lahka_pot/11/1275/2877
1275;https://www.hribi.net/izlet/podkraj___unterort_bistriska_spica_peca___feistritzer_spitze_petzen/11/1275/3342
1275;https://www.hribi.net/izlet/globasnica___globasnitz_bistriska_spica_peca___feistritzer_spitze_petzen/11/1275/3356
1275;https://www.hribi.net/izlet/rudnik_v_topli_bistriska_spica_peca___feistritzer_spitze_petzen/11/1275/4126
1275;https://www.hribi.net/izlet/panoramska_restavracija_oben_bistriska_spica_peca___feistritzer_spitze_petzen_mimo_stare_koce/11/1275/9848
1275;https://www.hribi.net/izlet/podkraj___unterort_bistriska_spica_peca___feistritzer_spitze_petzen_po_poti_st_p7/11/1275/10394
1276;https://www.hribi.net/izlet/panoramska_restavracija_oben_koncnikov_vrh_peca/11/1276/3350
1276;https://www.hribi.net/izlet/podkraj___unterort_koncnikov_vrh_peca_walter_mory_klettersteig/11/1276/3352
1276;https://www.hribi.net/izlet/pod_peco_koprein_petzen_koncnikov_vrh_peca/11/1276/2141
1276;https://www.hribi.net/izlet/jakobe_koncnikov_vrh_peca_lahka_pot/11/1276/4130
1276;https://www.hribi.net/izlet/koprivna_kumer_koncnikov_vrh_peca_slovenska_pot/11/1276/3921
1276;https://www.hribi.net/izlet/jakobe_koncnikov_vrh_peca_plezalna_pot/11/1276/4128
1276;https://www.hribi.net/izlet/rudnik_v_topli_koncnikov_vrh_peca/11/1276/4127
1276;https://www.hribi.net/izlet/podkraj___unterort_koncnikov_vrh_peca/11/1276/3351
1276;https://www.hribi.net/izlet/pod_peco_koprein-petzen_koncnikov_vrh_peca_slovenska_pot/11/1276/3912
1276;https://www.hribi.net/izlet/globasnica___globasnitz_koncnikov_vrh_peca/11/1276/3358
1276;https://www.hribi.net/izlet/panoramska_restavracija_oben_koncnikov_vrh_peca_mimo_stare_koce/11/1276/9845
1276;https://www.hribi.net/izlet/pod_prevalom_koncnikov_vrh_peca/11/1276/11011
1277;https://www.hribi.net/izlet/rudnik_v_topli_velika_glava_peca/11/1277/2142
1277;https://www.hribi.net/izlet/koprivna_kumer_velika_glava_peca_cez_knipsovo_sedlo/11/1277/8248
1277;https://www.hribi.net/izlet/panoramska_restavracija_oben_velika_glava_peca/11/1277/9850
1278;https://www.hribi.net/izlet/rabelj_cave_del_predil_kraljevska_spica_monte_re/1/1278/2145
1280;https://www.hribi.net/izlet/rabelj___cave_del_predil_sober___monte_sciober_grande/1/1280/2147
1280;https://www.hribi.net/izlet/remsendol_sober___monte_sciober_grande_pot_518/1/1280/2149
1280;https://www.hribi.net/izlet/mangartska_planina_sober___monte_sciober_grande_cez_stoze/1/1280/7032
1280;https://www.hribi.net/izlet/mangartska_planina_sober___monte_sciober_grande_cez_dren/1/1280/7033
1281;https://www.hribi.net/izlet/remsendol_rifugio_cinque_punte_pot_518/1/1281/2148
1282;https://www.hribi.net/izlet/nevejski_preval_kostrunove_spice_cez_skrbino_prednje_spranje/1/1282/2154
1282;https://www.hribi.net/izlet/cave_del_mole_kostrunove_spice_cez_skrbino_prednje_spranje/1/1282/2152
1282;https://www.hribi.net/izlet/cave_del_mole_kostrunove_spice_cez_skrbino_zadnje_spranje/1/1282/2153
1283;https://www.hribi.net/izlet/cave_del_mole_viska_planina/1/1283/2156
1284;https://www.hribi.net/izlet/spodnja_kokra_baba/3/1284/2157
1284;https://www.hribi.net/izlet/potoce_baba_mimo_sv_jakoba_in_izvira_pod_potosko_goro/3/1284/5354
1285;https://www.hribi.net/izlet/mace_zavetisce_v_hudicevem_borstu_macenska_pot/3/1285/2375
1285;https://www.hribi.net/izlet/spodnja_kokra_zavetisce_v_hudicevem_borstu/3/1285/2158
1285;https://www.hribi.net/izlet/mace_zavetisce_v_hudicevem_borstu_cez_kozjek/3/1285/5367
1285;https://www.hribi.net/izlet/potoce_zavetisce_v_hudicevem_borstu_mimo_sv_jakoba_pod_potosko_goro_in_cez_babo/3/1285/5358
1285;https://www.hribi.net/izlet/spodnja_kokra_zavetisce_v_hudicevem_borstu_cez_babo/3/1285/5363
1288;https://www.hribi.net/izlet/dom_v_kamniski_bistrici_kamniski_dedec/3/1288/2860
1289;https://www.hribi.net/izlet/belska_kocna_storzek/3/1289/2168
1289;https://www.hribi.net/izlet/koca_pod_slapom_rinka_storzek/3/1289/2327
1289;https://www.hribi.net/izlet/ravenska_kocna_storzek_slovenska_pot/3/1289/5521
1289;https://www.hribi.net/izlet/ravenska_kocna_storzek_skozi_zrelo/3/1289/5522
1289;https://www.hribi.net/izlet/ravenska_kocna_storzek_lovska_pot/3/1289/5523
1290;https://www.hribi.net/izlet/borovnica_mali_trebelnik/26/1290/2164
1290;https://www.hribi.net/izlet/bistra_mali_trebelnik/26/1290/2165
1292;https://www.hribi.net/izlet/lienzer_dolomitenhutte_instein_alm/68/1292/2179
1293;https://www.hribi.net/izlet/lienzer_dolomitenhutte_karlsbader_hutte/68/1293/2178
1294;https://www.hribi.net/izlet/lienzer_dolomitenhutte_laserzwand/68/1294/2180
1295;https://www.hribi.net/izlet/lienzer_dolomitenhutte_grosse_sandspitze_ari_schubel/68/1295/2181
1295;https://www.hribi.net/izlet/lienzer_dolomitenhutte_grosse_sandspitze_panorama_kletterweg/68/1295/2187
1296;https://www.hribi.net/izlet/lienzer_dolomitenhutte_kleine_laserzwand/68/1296/2182
1297;https://www.hribi.net/izlet/lienzer_dolomitenhutte_schottnerspitze/68/1297/2183
1298;https://www.hribi.net/izlet/lienzer_dolomitenhutte_teplitzer_spitze/68/1298/2184
1299;https://www.hribi.net/izlet/lienzer_dolomitenhutte_weissstein_alm_pot_14/68/1299/2189
1299;https://www.hribi.net/izlet/lienzer_dolomitenhutte_weissstein_alm_po_cesti/68/1299/2188
1300;https://www.hribi.net/izlet/volkzeinalm_hochalmspitze_villgraten/57/1300/2190
1301;https://www.hribi.net/izlet/lienzer_dolomitenhutte_laserzkopf/68/1301/2191
1302;https://www.hribi.net/izlet/lienzer_dolomitenhutte_galitzenspitzen/68/1302/2192
1303;https://www.hribi.net/izlet/lienzer_dolomitenhutte_daumen/68/1303/2193
1304;https://www.hribi.net/izlet/klammbruckl_grosse_gamswiesenspitze_madonnen_klettersteig/68/1304/2194
1304;https://www.hribi.net/izlet/lienzer_dolomitenhutte_grosse_gamswiesenspitze_normalweg/68/1304/2199
1304;https://www.hribi.net/izlet/lienzer_dolomitenhutte_grosse_gamswiesenspitze_madonnen_klettersteig/68/1304/2198
1305;https://www.hribi.net/izlet/lienzer_dolomitenhutte_kleine_gamswiesenspitze/68/1305/2201
1306;https://www.hribi.net/izlet/volkzeinalm_leisacher_alm/57/1306/2196
1307;https://www.hribi.net/izlet/volkzeinalm_volkzeinerhutte/57/1307/2197
1308;https://www.hribi.net/izlet/prtovc_gladki_vrh_ratitovec_cez_razor/21/1308/2202
1308;https://www.hribi.net/izlet/prtovc_gladki_vrh_ratitovec_cez_povden/21/1308/2203
1308;https://www.hribi.net/izlet/zali_log_gladki_vrh_ratitovec/21/1308/2491
1308;https://www.hribi.net/izlet/ledine_gladki_vrh_ratitovec_cez_planino_klom/21/1308/2770
1308;https://www.hribi.net/izlet/torka_gladki_vrh_ratitovec/21/1308/3305
1308;https://www.hribi.net/izlet/jesenovec_gladki_vrh_ratitovec_cez_razor/21/1308/2487
1308;https://www.hribi.net/izlet/ledine_gladki_vrh_ratitovec_cez_kosmati_vrh/21/1308/2775
1308;https://www.hribi.net/izlet/bohinjsko_sedlo_gladki_vrh_ratitovec/21/1308/3564
1308;https://www.hribi.net/izlet/gozdarska_koca_rovtarica_gladki_vrh_ratitovec/21/1308/3727
1308;https://www.hribi.net/izlet/pecana_gladki_vrh_ratitovec/21/1308/3735
1308;https://www.hribi.net/izlet/bitenjska_planina_gladki_vrh_ratitovec/21/1308/3886
1308;https://www.hribi.net/izlet/rudenska_grapa_gladki_vrh_ratitovec/21/1308/3734
1308;https://www.hribi.net/izlet/razglednik_gladki_vrh_ratitovec/21/1308/4322
1308;https://www.hribi.net/izlet/podkorita_gladki_vrh_ratitovec/21/1308/3881
1308;https://www.hribi.net/izlet/podrost_gladki_vrh_ratitovec/21/1308/6859
1309;https://www.hribi.net/izlet/klammbruckl_kerschbaumeralm_schutzhaus/68/1309/2204
1310;https://www.hribi.net/izlet/prtovc_altemaver_ratitovec_cez_povden/21/1310/2205
1310;https://www.hribi.net/izlet/prtovc_altemaver_ratitovec_cez_razor/21/1310/495
1310;https://www.hribi.net/izlet/torka_altemaver_ratitovec/21/1310/3306
1310;https://www.hribi.net/izlet/pecana_altemaver_ratitovec/21/1310/3729
1310;https://www.hribi.net/izlet/zgornje_danje_altemaver_ratitovec/21/1310/3308
1310;https://www.hribi.net/izlet/bohinjsko_sedlo_altemaver_ratitovec/21/1310/3562
1310;https://www.hribi.net/izlet/bitenjska_planina_altemaver_ratitovec/21/1310/3888
1310;https://www.hribi.net/izlet/soriska_pec_altemaver_ratitovec/21/1310/8294
1310;https://www.hribi.net/izlet/gozdarska_koca_rovtarica_altemaver_ratitovec/21/1310/3728
1310;https://www.hribi.net/izlet/razglednik_altemaver_ratitovec/21/1310/4323
1310;https://www.hribi.net/izlet/rotek_altemaver_ratitovec/21/1310/5662
1310;https://www.hribi.net/izlet/podkorita_altemaver_ratitovec/21/1310/3882
1310;https://www.hribi.net/izlet/spodnje_danje_altemaver_ratitovec/21/1310/5668
1310;https://www.hribi.net/izlet/podrost_altemaver_ratitovec/21/1310/6887
1311;https://www.hribi.net/izlet/volkzeinalm_degenhorn/57/1311/2206
1312;https://www.hribi.net/izlet/volkzeinalm_falkamsee/57/1312/2208
1313;https://www.hribi.net/izlet/volkzeinalm_degenhornsee/57/1313/2207
1314;https://www.hribi.net/izlet/untere_valentinalm_rauchkofel/27/1314/2209
1314;https://www.hribi.net/izlet/untere_wolayeralm_rauchkofel/27/1314/2213
1314;https://www.hribi.net/izlet/rifugio_tolazzi_rauchkofel/27/1314/6291
1315;https://www.hribi.net/izlet/plockenpass_creta_di_collinetta___cellon_ferata_senza_confini/27/1315/2672
1315;https://www.hribi.net/izlet/plockenpass_creta_di_collinetta___cellon/27/1315/2211
1315;https://www.hribi.net/izlet/plockenpass_creta_di_collinetta___cellon_via_ferrata_steinberger_weg/27/1315/2210
1316;https://www.hribi.net/izlet/untere_valentinalm_mahderkopf/27/1316/2212
1316;https://www.hribi.net/izlet/untere_wolayeralm_mahderkopf_mimo_koce_wolayerseehutte/27/1316/8259
1317;https://www.hribi.net/izlet/raabtal_mitterkarhutte/27/1317/2215
1318;https://www.hribi.net/izlet/raabtal_steinkarspitz_monte_antola/27/1318/2216
1319;https://www.hribi.net/izlet/raabtal_monte_vancomun_hochspitz/27/1319/2222
1319;https://www.hribi.net/izlet/winklertal_monte_vancomun_hochspitz_cez_winkler_jocb/27/1319/2221
1320;https://www.hribi.net/izlet/winklertal_monte_cecido___reiterkarspitz_cez_winkler_jocb/27/1320/2220
1321;https://www.hribi.net/izlet/winklertal_oberalm/27/1321/2219
1322;https://www.hribi.net/izlet/untere_wolayeralm_obere_wolayeralm/27/1322/2217
1323;https://www.hribi.net/izlet/v_koncu_mala_rinka/3/1323/2218
1323;https://www.hribi.net/izlet/koca_pod_slapom_rinka_mala_rinka_skozi_turski_zleb/3/1323/2604
1326;https://www.hribi.net/izlet/vrsic_zadnja_mojstrovka_cez_sitno_glavo/1/1326/2229
1326;https://www.hribi.net/izlet/vrsic_zadnja_mojstrovka/1/1326/8270
1327;https://www.hribi.net/izlet/vrsic_travnik_pri_mojstrovkah_po_grebenu/1/1327/2228
1327;https://www.hribi.net/izlet/vrsic_travnik_pri_mojstrovkah/1/1327/8273
1328;https://www.hribi.net/izlet/vrsic_kol_po_grebenu/1/1328/2226
1328;https://www.hribi.net/izlet/vrsic_kol/1/1328/8274
1329;https://www.hribi.net/izlet/vrsic_prednje_robicje/1/1329/2227
1329;https://www.hribi.net/izlet/erjavceva_koca_na_vrsicu_prednje_robicje/1/1329/5127
1330;https://www.hribi.net/izlet/trdnjava_kluze_kota_1313/1/1330/2234
1331;https://www.hribi.net/izlet/pluzna_jama_srnica/1/1331/2235
1332;https://www.hribi.net/izlet/cezsoca_humcic/1/1332/2236
1332;https://www.hribi.net/izlet/pocivalnik_humcic/1/1332/2237
1337;https://www.hribi.net/izlet/most_boka_mala_boka/1/1337/2239
1338;https://www.hribi.net/izlet/planina_zajzera_bivak_stuparich/1/1338/2238
1338;https://www.hribi.net/izlet/planina_zajzera_bivak_stuparich_mimo_rifugio_grego/1/1338/8685
1339;https://www.hribi.net/izlet/pecol_bivak_suringar/1/1339/2248
1339;https://www.hribi.net/izlet/planina_zajzera_bivak_suringar_via_amalia/1/1339/2240
1342;https://www.hribi.net/izlet/pecol_spik_nad_nosom___foronon_del_buinz_ceria_merlone/1/1342/2244
1342;https://www.hribi.net/izlet/nevejski_preval_spik_nad_nosom___foronon_del_buinz_cez_skrbino_prednje_spranje/1/1342/2245
1344;https://www.hribi.net/izlet/pecol_vrh_brda___cima_verde/1/1344/2246
1345;https://www.hribi.net/izlet/kraljev_dol_planina_vodole/3/1345/2250
1346;https://www.hribi.net/izlet/magozd_veliki_vrh_polovnik_stefkina_pot/1/1346/2255
1347;https://www.hribi.net/izlet/zadnjica_lovska_koca_na_utrci/1/1347/2259
1348;https://www.hribi.net/izlet/zadnjica_splevta_indijanec/1/1348/2257
1348;https://www.hribi.net/izlet/aljazev_dom_v_vratih_splevta_indijanec/1/1348/5064
1349;https://www.hribi.net/izlet/zadnjica_kriski_rob/1/1349/2260
1349;https://www.hribi.net/izlet/aljazev_dom_v_vratih_kriski_rob_cez_sovatno_in_mimo_pogacnikovega_doma/1/1349/5017
1350;https://www.hribi.net/izlet/rifugio_sorgenti_del_piave_monte_avanza/27/1350/2263
1352;https://www.hribi.net/izlet/rifugio_sorgenti_del_piave_rifugio_calvi/27/1352/2264
1353;https://www.hribi.net/izlet/rifugio_castiglioni_marmolada_belvedere/39/1353/2267
1353;https://www.hribi.net/izlet/passo_pordoi_belvedere_grebenska_pot/39/1353/4705
1354;https://www.hribi.net/izlet/rifugio_castiglioni_marmolada_porta_vescovo/39/1354/2265
1354;https://www.hribi.net/izlet/passo_pordoi_porta_vescovo_bindelweg/39/1354/4715
1354;https://www.hribi.net/izlet/passo_di_fedaia_porta_vescovo/39/1354/4753
1354;https://www.hribi.net/izlet/passo_pordoi_porta_vescovo_grebenska_pot/39/1354/4708
1355;https://www.hribi.net/izlet/passo_pordoi_piz_boe/39/1355/2275
1355;https://www.hribi.net/izlet/passo_pordoi_piz_boe_via_ferrata_cesare_piazzetta/39/1355/2278
1355;https://www.hribi.net/izlet/sass_de_pordoi_piz_boe/39/1355/2707
1355;https://www.hribi.net/izlet/passo_gardena_piz_boe_via_ferrata_brigata_tridentina/39/1355/3996
1355;https://www.hribi.net/izlet/passo_gardena_piz_boe/39/1355/4106
1355;https://www.hribi.net/izlet/passo_campolongo_piz_boe_via_ferrata_vallon/39/1355/7078
1355;https://www.hribi.net/izlet/passo_campolongo_piz_boe_lichtenfels/39/1355/7077
1355;https://www.hribi.net/izlet/ossario_del_pordoi_piz_boe_via_ferrata_vallon/39/1355/7080
1355;https://www.hribi.net/izlet/ossario_del_pordoi_piz_boe_lichtenfels/39/1355/7079
1356;https://www.hribi.net/izlet/passo_pordoi_punta_de_joel/39/1356/2277
1356;https://www.hribi.net/izlet/sass_de_pordoi_punta_de_joel/39/1356/7979
1357;https://www.hribi.net/izlet/passo_pordoi_sass_de_forcia_occidentale/39/1357/2281
1357;https://www.hribi.net/izlet/sass_de_pordoi_sass_de_forcia_occidentale/39/1357/7965
1358;https://www.hribi.net/izlet/passo_pordoi_sass_de_forcia_di_mezzo/39/1358/2282
1358;https://www.hribi.net/izlet/sass_de_pordoi_sass_de_forcia_di_mezzo/39/1358/7977
1359;https://www.hribi.net/izlet/passo_pordoi_sass_de_pordoi/39/1359/2280
1360;https://www.hribi.net/izlet/passo_pordoi_rifugio_forcella_pordoi/39/1360/2271
1360;https://www.hribi.net/izlet/sass_de_pordoi_rifugio_forcella_pordoi/39/1360/7964
1362;https://www.hribi.net/izlet/rifugio_sorgenti_del_piave_monte_chiadenis_jugozahodna_pot/27/1362/2266
1362;https://www.hribi.net/izlet/rifugio_sorgenti_del_piave_monte_chiadenis_cai_di_portogruaro/27/1362/2269
1363;https://www.hribi.net/izlet/rifugio_sorgenti_del_piave_monte_peralba_ferrata_sartor/27/1363/2270
1363;https://www.hribi.net/izlet/rifugio_sorgenti_del_piave_monte_peralba_po_zahodnem_grebenu/27/1363/2268
1364;https://www.hribi.net/izlet/lago_di_fedaia_rifugio_pian_dei_fiacconi/39/1364/2272
1365;https://www.hribi.net/izlet/lago_di_fedaia_capanna_al_ghiacciaio/39/1365/2273
1366;https://www.hribi.net/izlet/lago_di_fedaia_punta_penia_marmolada/39/1366/2276
1366;https://www.hribi.net/izlet/lago_di_fedaia_punta_penia_marmolada_via_ferrata_marmolada/39/1366/2274
1366;https://www.hribi.net/izlet/alba_di_canazei_punta_penia_marmolada/39/1366/3770
1366;https://www.hribi.net/izlet/malga_ciapela_punta_penia_marmolada/39/1366/5497
1368;https://www.hribi.net/izlet/bele_vode_skraplja/1/1368/2286
1370;https://www.hribi.net/izlet/bavsica_briceljk/1/1370/2287
1371;https://www.hribi.net/izlet/koca_pri_savici_vrh_skrli/1/1371/2294
1371;https://www.hribi.net/izlet/planina_polog_vrh_skrli_cez_planino_dobrenjscico/1/1371/2808
1372;https://www.hribi.net/izlet/koca_pri_savici_kser/1/1372/2293
1372;https://www.hribi.net/izlet/planina_polog_kser_cez_planino_dobrenjscico/1/1372/2807
1373;https://www.hribi.net/izlet/nevejski_preval_vrh_krnice/1/1373/2292
1373;https://www.hribi.net/izlet/korito___coritis_vrh_krnice/1/1373/9895
1374;https://www.hribi.net/izlet/nevejski_preval_bela_pec_monte_bila_pec/1/1374/2295
1375;https://www.hribi.net/izlet/bavsica_planina_bala/1/1375/2296
1376;https://www.hribi.net/izlet/bavsica_lovska_koca_bala/1/1376/2297
1377;https://www.hribi.net/izlet/loska_koritnica_plesivec_loska_stena/1/1377/2298
1377;https://www.hribi.net/izlet/bavsica_plesivec_loska_stena/1/1377/2303
1379;https://www.hribi.net/izlet/bavsica_mali_ozebnik/1/1379/2302
1379;https://www.hribi.net/izlet/loska_koritnica_mali_ozebnik/1/1379/10789
1380;https://www.hribi.net/izlet/gozd_martuljek_rutarski_vrsic/1/1380/2309
1380;https://www.hribi.net/izlet/lengar_rutarski_vrsic/1/1380/2310
1381;https://www.hribi.net/izlet/gozd_martuljek_siroka_pec/1/1381/2889
1382;https://www.hribi.net/izlet/gozd_martuljek_mala_martuljska_ponca/1/1382/3581
1383;https://www.hribi.net/izlet/dolina_krma_vrh_snezne_konte/1/1383/2313
1383;https://www.hribi.net/izlet/konec_ceste_na_pokljuki_vrh_snezne_konte/1/1383/6495
1383;https://www.hribi.net/izlet/uskovnica_razpotje_vrh_snezne_konte_cez_planino_spodnji_tosc/1/1383/6504
1384;https://www.hribi.net/izlet/gozd_martuljek_na_peceh_cez_kotle/1/1384/2314
1385;https://www.hribi.net/izlet/gozd_martuljek_pri_treh_macesnih/1/1385/2316
1387;https://www.hribi.net/izlet/mislinja_crepic/11/1387/2949
1388;https://www.hribi.net/izlet/konec_ceste_na_pokljuki_vernar/1/1388/2323
1388;https://www.hribi.net/izlet/dolina_krma_vernar/1/1388/2320
1388;https://www.hribi.net/izlet/stara_fuzina_vernar/1/1388/2884
1388;https://www.hribi.net/izlet/planina_blato_vernar_cez_grintovico/1/1388/5094
1388;https://www.hribi.net/izlet/uskovnica_razpotje_vernar/1/1388/5227
1388;https://www.hribi.net/izlet/uskovnica_lom_vernar/1/1388/5628
1388;https://www.hribi.net/izlet/rudno_polje_vernar/1/1388/10697
1388;https://www.hribi.net/izlet/srednja_vas_vernar_za_ribnico_in_cez_planino_spodnji_tosc/1/1388/5627
1390;https://www.hribi.net/izlet/dom_v_iskem_vintgarju_partizanska_bolnica_krvavice/26/1390/2326
1392;https://www.hribi.net/izlet/planina_podvezak_mala_ojstrica/3/1392/2335
1392;https://www.hribi.net/izlet/planina_ravne_mala_ojstrica_cez_dolgo_trato/3/1392/4067
1392;https://www.hribi.net/izlet/robanov_kot_mala_ojstrica_cez_jaruzale/3/1392/11001
1393;https://www.hribi.net/izlet/breginj_sveta_marjeta_pod_stolom/1/1393/2338
1394;https://www.hribi.net/izlet/breginj_gabrovec_veliki_muzec/1/1394/2339
1395;https://www.hribi.net/izlet/brezje___montemaggiore_breski_jalovec___punta_di_montemaggiore/1/1395/2340
1395;https://www.hribi.net/izlet/breginj_breski_jalovec___punta_di_montemaggiore/1/1395/2342
1395;https://www.hribi.net/izlet/tam_na_meji_breski_jalovec___punta_di_montemaggiore/1/1395/10980
1395;https://www.hribi.net/izlet/tam_na_meji_beli_potok_breski_jalovec___punta_di_montemaggiore_cez_starmaz/1/1395/10979
1396;https://www.hribi.net/izlet/cvetlin_ravna_gora_cvetlin_-_pusti_duh/61/1396/2348
1396;https://www.hribi.net/izlet/cvetlin_ravna_gora_po_plezalni_poti_velike_pecine/61/1396/4133
1396;https://www.hribi.net/izlet/cvetlin_ravna_gora/61/1396/4134
1396;https://www.hribi.net/izlet/zarovnica_ravna_gora_babice_glazarjeva_pecina_in_plezalna_pot/61/1396/5294
1396;https://www.hribi.net/izlet/zarovnica_ravna_gora_babice/61/1396/4466
1396;https://www.hribi.net/izlet/planinski_dom_kresimir_filic_ravna_gora_poucna_steza_balkon/61/1396/4137
1396;https://www.hribi.net/izlet/trakoscan_ravna_gora_preko_kotarscaka/61/1396/9627
1396;https://www.hribi.net/izlet/trakoscan_ravna_gora_prebukovska_pot_/61/1396/9639
1397;https://www.hribi.net/izlet/velika_varnica_sveti_avgustin_strma_pot/4/1397/2344
1397;https://www.hribi.net/izlet/cvetlin_sveti_avgustin_stara_romarska_pot/4/1397/5203
1397;https://www.hribi.net/izlet/zgornji_leskovec_sveti_avgustin/4/1397/8987
1397;https://www.hribi.net/izlet/podlehnik_sveti_avgustin/4/1397/8985
1398;https://www.hribi.net/izlet/miklavz_pri_ormozu_jeruzalem/162/1398/2345
1398;https://www.hribi.net/izlet/podgradje_jeruzalem/162/1398/2926
1398;https://www.hribi.net/izlet/ljutomerski_ribniki_jeruzalem_po_pomurski_planinski_poti/162/1398/6507
1398;https://www.hribi.net/izlet/ljutomerski_ribniki_jeruzalem_skozi_gresovscak/162/1398/6510
1398;https://www.hribi.net/izlet/ljutomerski_ribniki_jeruzalem_skozi_kumersko_grabo/162/1398/6508
1398;https://www.hribi.net/izlet/ivanjkovci_jeruzalem/162/1398/8833
1398;https://www.hribi.net/izlet/radomerscak_jeruzalem/162/1398/8808
1398;https://www.hribi.net/izlet/zerovinci_dom_krajanov_in_gasilcev_zerovinci_jeruzalem/162/1398/8806
1398;https://www.hribi.net/izlet/ormoz_jeruzalem_cez_kog/162/1398/9477
1398;https://www.hribi.net/izlet/zerovinci_dom_krajanov_in_gasilcev_zerovinci_jeruzalem_mimo_zidanice_malek/162/1398/8809
1398;https://www.hribi.net/izlet/radomerscak_jeruzalem_mimo_zidanice_malek/162/1398/8810
1399;https://www.hribi.net/izlet/moravske_toplice_rotunda_sv_nikolaja_selo_po_cesti/163/1399/2346
1399;https://www.hribi.net/izlet/sveti_benedikt_kancevci_rotunda_sv_nikolaja_selo/163/1399/7959
1399;https://www.hribi.net/izlet/selo_brunarica_tic_selo_rotunda_sv_nikolaja_selo/163/1399/8489
1399;https://www.hribi.net/izlet/moravske_toplice_rotunda_sv_nikolaja_selo/163/1399/8486
1400;https://www.hribi.net/izlet/bogojina_vrsic_nad_bogojino/163/1400/2350
1401;https://www.hribi.net/izlet/spodnja_volicina_zavrh_v_slovenskih_goricah/162/1401/6015
1401;https://www.hribi.net/izlet/gocova_zavrh_v_slovenskih_goricah/162/1401/8065
1401;https://www.hribi.net/izlet/lenart_v_slovenskih_goricah_zavrh_v_slovenskih_goricah_mimo_jezera_radehova/162/1401/8997
1401;https://www.hribi.net/izlet/lenart_v_slovenskih_goricah_zavrh_v_slovenskih_goricah/162/1401/8993
1401;https://www.hribi.net/izlet/pernica_zavrh_v_slovenskih_goricah/162/1401/10656
1402;https://www.hribi.net/izlet/rogarjev_rovt_hruska_planina_po_kolovozu/11/1402/2347
1402;https://www.hribi.net/izlet/hrusica_hruska_planina_cez_cesnjevec/11/1402/5120
1403;https://www.hribi.net/izlet/lipa_smolnik/3/1403/2351
1406;https://www.hribi.net/izlet/breginj_marija_snezna_v_breginjskem_kotu/1/1406/2355
1407;https://www.hribi.net/izlet/koroska_bela_malnez/11/1407/2365
1409;https://www.hribi.net/izlet/eko_koca_nanos_lovska_koca_vojkovo_sveti_hieronim_na_nanosu/26/1409/2366
1409;https://www.hribi.net/izlet/razdrto_sveti_hieronim_na_nanosu/26/1409/3688
1409;https://www.hribi.net/izlet/lozice_sveti_hieronim_na_nanosu/26/1409/3678
1409;https://www.hribi.net/izlet/hrasce_sveti_hieronim_na_nanosu_mimo_korit/26/1409/3685
1409;https://www.hribi.net/izlet/gradisce_pri_vipavi_sveti_hieronim_na_nanosu_mimo_sv_miklavza/26/1409/4259
1409;https://www.hribi.net/izlet/hrasce_sveti_hieronim_na_nanosu_cez_briznik/26/1409/3682
1409;https://www.hribi.net/izlet/podnanos_sveti_hieronim_na_nanosu_pod_zatrepom/26/1409/4265
1410;https://www.hribi.net/izlet/eko_koca_nanos_lovska_koca_vojkovo_grmada_nanos/26/1410/2367
1410;https://www.hribi.net/izlet/razdrto_grmada_nanos/26/1410/3689
1410;https://www.hribi.net/izlet/podnanos_grmada_nanos_pod_zatrepom/26/1410/4266
1410;https://www.hribi.net/izlet/lozice_grmada_nanos/26/1410/3679
1410;https://www.hribi.net/izlet/gradisce_pri_vipavi_grmada_nanos_mimo_sv_miklavza/26/1410/4260
1410;https://www.hribi.net/izlet/hrasce_grmada_nanos_cez_briznik/26/1410/3683
1410;https://www.hribi.net/izlet/hrasce_grmada_nanos_mimo_korit/26/1410/3687
1411;https://www.hribi.net/izlet/lozice_eko_koca_nanos_lovska_koca_vojkovo/26/1411/3672
1411;https://www.hribi.net/izlet/podnanos_eko_koca_nanos_lovska_koca_vojkovo_pod_zatrepom/26/1411/4264
1411;https://www.hribi.net/izlet/hrasce_eko_koca_nanos_lovska_koca_vojkovo_mimo_korit/26/1411/3674
1411;https://www.hribi.net/izlet/hrasce_eko_koca_nanos_lovska_koca_vojkovo_cez_briznik/26/1411/3675
1411;https://www.hribi.net/izlet/gradisce_pri_vipavi_eko_koca_nanos_lovska_koca_vojkovo/26/1411/4258
1413;https://www.hribi.net/izlet/pod_peco_koprein-petzen_topica_topitza/11/1413/2374
1413;https://www.hribi.net/izlet/koprivna_kumer_topica_topitza/11/1413/3914
1413;https://www.hribi.net/izlet/zelezna_kapla___bad_eisenkappel_topica_topitza_cez_ojstro/11/1413/6388
1414;https://www.hribi.net/izlet/poljana_zavrsnica_turska_jama_v_gozdasnici/11/1414/2378
1415;https://www.hribi.net/izlet/poljana_smolnik_strma_pot/11/1415/3447
1415;https://www.hribi.net/izlet/poljana_smolnik/11/1415/2382
1416;https://www.hribi.net/izlet/predmeja_tuneli_bivak_crna_pec_srednjecavenska_pot/26/1416/2383
1416;https://www.hribi.net/izlet/vrtovin_bivak_crna_pec/26/1416/3715
1417;https://www.hribi.net/izlet/lokvica_veliko_cerje/26/1417/2392
1417;https://www.hribi.net/izlet/kostanjevica_na_krasu_veliko_cerje_mimo_borojevicevega_prestola/26/1417/7707
1417;https://www.hribi.net/izlet/kostanjevica_na_krasu_veliko_cerje_cez_fajti_hrib/26/1417/7706
1418;https://www.hribi.net/izlet/lokvica_fajti_hrib/26/1418/2393
1418;https://www.hribi.net/izlet/kostanjevica_na_krasu_fajti_hrib/26/1418/7704
1419;https://www.hribi.net/izlet/lokvica_veliki_vrh_crni_hribi/26/1419/2394
1419;https://www.hribi.net/izlet/kostanjevica_na_krasu_veliki_vrh_crni_hribi/26/1419/8059
1420;https://www.hribi.net/izlet/lokvica_renski_vrh/26/1420/2395
1421;https://www.hribi.net/izlet/lokvica_vrtovka/26/1421/2396
1422;https://www.hribi.net/izlet/lokvica_lesenjak/26/1422/2397
1423;https://www.hribi.net/izlet/lokvica_stolovec/26/1423/2398
1424;https://www.hribi.net/izlet/lokvica_stol_crni_hribi/26/1424/2399
1425;https://www.hribi.net/izlet/ljubljana_izletniska_ulica_straza_mimo_tabora/5/1425/9082
1425;https://www.hribi.net/izlet/ljubljana_gameljska_cesta_straza/5/1425/9085
1429;https://www.hribi.net/izlet/begunje_pri_cerknici_goli_vrh_cemarovnik/26/1429/2404
1430;https://www.hribi.net/izlet/ljubljana_botanicni_vrt_mazovnik_golovec/25/1430/2409
1430;https://www.hribi.net/izlet/ljubljana_rakovnik_mazovnik_golovec/25/1430/4390
1430;https://www.hribi.net/izlet/ljubljana_london_mazovnik_golovec/25/1430/2410
1430;https://www.hribi.net/izlet/ljubljana_gruberjeva_brv_mazovnik_golovec/25/1430/5858
1430;https://www.hribi.net/izlet/ljubljana_stepanja_vas_mazovnik_golovec/25/1430/6646
1431;https://www.hribi.net/izlet/ljubljana_botanicni_vrt_crni_hrib_golovec/25/1431/2407
1431;https://www.hribi.net/izlet/ljubljana_london_crni_hrib_golovec/25/1431/2408
1431;https://www.hribi.net/izlet/ljubljana_rakovnik_crni_hrib_golovec/25/1431/4389
1431;https://www.hribi.net/izlet/ljubljana_stepanja_vas_crni_hrib_golovec/25/1431/6645
1431;https://www.hribi.net/izlet/ljubljana_gruberjeva_brv_crni_hrib_golovec/25/1431/6643
1435;https://www.hribi.net/izlet/podkraj_srednja_gora_hrusica_vzhodna_pot/26/1435/2419
1435;https://www.hribi.net/izlet/podkraj_srednja_gora_hrusica_zahodna_pot/26/1435/2420
1436;https://www.hribi.net/izlet/podkraj_streliski_vrh_hrusica_vzhodna_pot/26/1436/2417
1436;https://www.hribi.net/izlet/podkraj_streliski_vrh_hrusica_zahodna_pot/26/1436/2418
1438;https://www.hribi.net/izlet/iverje_dom_v_kamniski_bistrici_kozeljeva_pot/3/1438/2428
1438;https://www.hribi.net/izlet/dom_v_kamniski_bistrici_dom_v_kamniski_bistrici_pot_ob_izviru/3/1438/8288
1439;https://www.hribi.net/izlet/ljubelj_spodnji_plot_sportna_zelo_zahtevna_ferata/11/1439/6420
1439;https://www.hribi.net/izlet/ljubelj_spodnji_plot/11/1439/2431
1439;https://www.hribi.net/izlet/ljubelj_spodnji_plot_ucna_zavarovana_plezalna_pot/11/1439/6642
1440;https://www.hribi.net/izlet/zgornji_goreljek_javorov_vrh_pokljuka/1/1440/2435
1441;https://www.hribi.net/izlet/novo_selo_okicko_cerga_plesivica/61/1441/4415
1441;https://www.hribi.net/izlet/dom_pod_okicem_cerga_plesivica/61/1441/4423
1443;https://www.hribi.net/izlet/bizeljska_vas_svete_gore/25/1443/5091
1443;https://www.hribi.net/izlet/bizeljska_vas_svete_gore_po_cesti/25/1443/5092
1443;https://www.hribi.net/izlet/bistrica_ob_sotli_svete_gore_evropska_pespot_e7_iz_bistrice_ob_sotli/25/1443/8335
1443;https://www.hribi.net/izlet/podsreda_svete_gore_skozi_osredek_pri_podsredi/25/1443/10820
1443;https://www.hribi.net/izlet/podsreda_svete_gore/25/1443/10815
1443;https://www.hribi.net/izlet/podsreda_svete_gore_mimo_gradu_podsreda/25/1443/10817
1443;https://www.hribi.net/izlet/gorjane_zelezno_svete_gore/25/1443/10811
1443;https://www.hribi.net/izlet/gorjane_zelezno_svete_gore_skozi_osredek_pri_podsredi/25/1443/10836
1444;https://www.hribi.net/izlet/zp_zrmanja_postak/62/1444/9093
1445;https://www.hribi.net/izlet/pristavlja_vas_lavriceva_koca_na_gradiscu/25/1445/2439
1445;https://www.hribi.net/izlet/mekinje_nad_sticno_lavriceva_koca_na_gradiscu/25/1445/2440
1446;https://www.hribi.net/izlet/mekinje_nad_sticno_pristava_nad_sticno/25/1446/2443
1446;https://www.hribi.net/izlet/pristavlja_vas_pristava_nad_sticno/25/1446/2442
1447;https://www.hribi.net/izlet/mekinje_nad_sticno_sveti_lambert/25/1447/2444
1447;https://www.hribi.net/izlet/pristavlja_vas_sveti_lambert/25/1447/2441
1448;https://www.hribi.net/izlet/beli_potok_pri_frankolovem_spicasti_vrh_kislica/11/1448/4498
1448;https://www.hribi.net/izlet/socka_spicasti_vrh_kislica/11/1448/7999
1449;https://www.hribi.net/izlet/selo_pri_zirovnici_sveti_lovrenc_nad_zabreznico/3/1449/2447
1449;https://www.hribi.net/izlet/poljana_zavrsnica_sveti_lovrenc_nad_zabreznico_po_stengcah_cez_rebr/3/1449/5234
1449;https://www.hribi.net/izlet/poljana_zavrsnica__sveti_lovrenc_nad_zabreznico_cez_mali_vrh/3/1449/5233
1451;https://www.hribi.net/izlet/gornji_grad_sveti_florjan_nad_gornjim_gradom_strma_pot/3/1451/2449
1452;https://www.hribi.net/izlet/gornji_grad_spic_mimo_semprimoznika/3/1452/2450
1453;https://www.hribi.net/izlet/ljubljana_zalog_stari_grad_stari_osterberg/25/1453/2452
1453;https://www.hribi.net/izlet/podgrad_stari_grad_stari_osterberg_po_ostrovrharjevi_poti/25/1453/8161
1453;https://www.hribi.net/izlet/podgrad_stari_grad_stari_osterberg_mimo_kamnoloma_mlinskih_kamnov/25/1453/8168
1453;https://www.hribi.net/izlet/podgrad_stari_grad_stari_osterberg_po_kolovozu/25/1453/8165
1454;https://www.hribi.net/izlet/polhov_gradec_visoki_hrib/5/1454/2455
1454;https://www.hribi.net/izlet/preval_prosca_visoki_hrib/5/1454/2454
1455;https://www.hribi.net/izlet/trbovlje_sveta_planina_partizanski_vrh/25/1455/2460
1455;https://www.hribi.net/izlet/podmeja_sveta_planina_partizanski_vrh/25/1455/2459
1455;https://www.hribi.net/izlet/planinski_dom_vrhe_sveta_planina_partizanski_vrh/25/1455/3752
1455;https://www.hribi.net/izlet/potoska_vas_sveta_planina_partizanski_vrh/25/1455/2983
1455;https://www.hribi.net/izlet/loke_sveta_planina_partizanski_vrh/25/1455/3749
1455;https://www.hribi.net/izlet/loke_sveta_planina_partizanski_vrh_cez_krvavico/25/1455/3744
1455;https://www.hribi.net/izlet/dom_pod_resko_planino_sveta_planina_partizanski_vrh/25/1455/7936
1456;https://www.hribi.net/izlet/brgudac_brajkov_vrh/33/1456/3344
1458;https://www.hribi.net/izlet/ovinek_nad_brestom_zbevnica/33/1458/3528
1458;https://www.hribi.net/izlet/brest_zbevnica_polozna_pot/33/1458/10065
1458;https://www.hribi.net/izlet/brest_zbevnica_strma_pot/33/1458/10058
1458;https://www.hribi.net/izlet/zp_buzet_zbevnica_po_ipp/33/1458/10086
1458;https://www.hribi.net/izlet/zp_buzet_zbevnica_polozna_pot/33/1458/10087
1460;https://www.hribi.net/izlet/zp_buzet_planinska_koca_zbevnica_po_ipp/33/1460/10085
1460;https://www.hribi.net/izlet/brest_planinska_koca_zbevnica/33/1460/10061
1462;https://www.hribi.net/izlet/kamen_mokrc/26/1462/2475
1463;https://www.hribi.net/izlet/moscenicka_draga_perun/33/1463/2477
1463;https://www.hribi.net/izlet/moscenice_perun_mimo_kalvarije_in_zgoraj_po_cesti/33/1463/10812
1463;https://www.hribi.net/izlet/moscenice_perun_po_markirani_poti_in_zgoraj_po_cesti/33/1463/10814
1465;https://www.hribi.net/izlet/krvava_pec_gozdarska_koca_pri_logarnici/26/1465/2478
1466;https://www.hribi.net/izlet/hotedrsica_medvedje_brdo/26/1466/2480
1466;https://www.hribi.net/izlet/rovte_medvedje_brdo_cez_kamnikov_gric/26/1466/4421
1466;https://www.hribi.net/izlet/rovte_medvedje_brdo_po_trtovski_grapi/26/1466/4422
1466;https://www.hribi.net/izlet/zavratec_medvedje_brdo/26/1466/5570
1466;https://www.hribi.net/izlet/ledinsko_razpotje_medvedje_brdo_vzhodna_pot/26/1466/5790
1466;https://www.hribi.net/izlet/ledinsko_razpotje_medvedje_brdo_zahodna_pot/26/1466/5793
1470;https://www.hribi.net/izlet/izvir_ljubljanice_mocilnik_izvir_ljubljanice_retovje/26/1470/2481
1471;https://www.hribi.net/izlet/izvir_ljubljanice_mocilnik_ljubljanski_vrh/26/1471/2482
1472;https://www.hribi.net/izlet/jesenovec_prtovc/21/1472/2484
1472;https://www.hribi.net/izlet/zelezniki_prtovc/21/1472/6857
1472;https://www.hribi.net/izlet/rudenska_grapa_prtovc/21/1472/3732
1472;https://www.hribi.net/izlet/zelezniki_prtovc_cez_draboslovico/21/1472/6856
1473;https://www.hribi.net/izlet/v_susi_cerkev_loretske_matere_bozje_v_susi/21/1473/2488
1474;https://www.hribi.net/izlet/zali_log_zagarjev_hlev_v_grobljah/21/1474/2489
1475;https://www.hribi.net/izlet/podbrdo_koca_na_petrovem_brdu_po_cesti/1/1475/5062
1477;https://www.hribi.net/izlet/borovec_pri_kocevski_reki_krempa/26/1477/2495
1478;https://www.hribi.net/izlet/bosljiva_loka_krokar_trajno_zaprta_pot!/26/1478/5834
1479;https://www.hribi.net/izlet/ravne_cerk/26/1479/2497
1479;https://www.hribi.net/izlet/strma_reber_cerk/26/1479/5582
1479;https://www.hribi.net/izlet/18_serpentina_ceste_na_strmo_reber_cerk/26/1479/5597
1479;https://www.hribi.net/izlet/osilnica_cerk/26/1479/5589
1479;https://www.hribi.net/izlet/bezgovica_cerk/26/1479/5595
1482;https://www.hribi.net/izlet/petrovo_brdo_kup/1/1482/2499
1482;https://www.hribi.net/izlet/podbrdo_kup/1/1482/7956
1483;https://www.hribi.net/izlet/radlje_ob_dravi_kapunar/162/1483/2500
1483;https://www.hribi.net/izlet/radeljski_prelaz_kapunar/162/1483/7347
1483;https://www.hribi.net/izlet/radlje_ob_dravi_kapunar_mimo_zupanka/162/1483/7187
1483;https://www.hribi.net/izlet/radlje_ob_dravi_kapunar_mimo_starega_gradu/162/1483/7344
1483;https://www.hribi.net/izlet/omp_remsnik_kapunar_avstrijska_pot/162/1483/7197
1483;https://www.hribi.net/izlet/omp_remsnik_kapunar_mimo_sv_urbana/162/1483/7195
1483;https://www.hribi.net/izlet/radlje_ob_dravi_kapunar_po_neoznaceni_poti/162/1483/7192
1483;https://www.hribi.net/izlet/sv_pankracij_legat___st_pongratzen_legat_kapunar_avstrijska_pot/162/1483/7205
1483;https://www.hribi.net/izlet/sv_pankracij_legat___st_pongratzen_legat_kapunar_mimo_sv_urbana/162/1483/7203
1483;https://www.hribi.net/izlet/sveti_jurij_remsnik_kapunar/162/1483/8662
1483;https://www.hribi.net/izlet/brezno_kapunar_ob_remsniskem_potoku/162/1483/8658
1484;https://www.hribi.net/izlet/petrovo_brdo_lovcev_bivak_pri_koucah/1/1484/2501
1484;https://www.hribi.net/izlet/podbrdo_lovcev_bivak_pri_koucah/1/1484/7957
1485;https://www.hribi.net/izlet/prionia_mitikas_prionia_-_skala_-_mytikas/74/1485/2963
1485;https://www.hribi.net/izlet/litochoro_mitikas/74/1485/5980
1486;https://www.hribi.net/izlet/petrovo_brdo_vrh_bace/1/1486/2502
1486;https://www.hribi.net/izlet/bohinjsko_sedlo_vrh_bace/1/1486/4019
1486;https://www.hribi.net/izlet/podbrdo_vrh_bace/1/1486/3582
1488;https://www.hribi.net/izlet/stahovica_poljanski_rob/3/1488/2519
1488;https://www.hribi.net/izlet/kranjski_rak__poljanski_rob_pespot/3/1488/4981
1488;https://www.hribi.net/izlet/kranjski_rak_poljanski_rob_cez_seliski_rob/3/1488/4974
1489;https://www.hribi.net/izlet/brise_sveti_martin_nad_brisami/5/1489/2520
1490;https://www.hribi.net/izlet/belica_kregovnik/5/1490/2525
1491;https://www.hribi.net/izlet/dvor_mala_grmada/5/1491/2526
1491;https://www.hribi.net/izlet/polhov_gradec_mala_grmada_cez_ravnek_in_mimo_sv_ursule/5/1491/5275
1491;https://www.hribi.net/izlet/polhov_gradec_bozna_mala_grmada_cez_setnico/5/1491/8329
1491;https://www.hribi.net/izlet/polhov_gradec_bozna_mala_grmada_mimo_sv_ursule/5/1491/8325
1493;https://www.hribi.net/izlet/polhov_gradec_planinski_dom_na_ravneku/5/1493/2527
1494;https://www.hribi.net/izlet/srednji_vrh_malosko_poldne___mallestiger_mittagskogel/11/1494/2528
1494;https://www.hribi.net/izlet/baumgartnerhof_malosko_poldne___mallestiger_mittagskogel_plezalna_pot/11/1494/3336
1494;https://www.hribi.net/izlet/baumgartnerhof_malosko_poldne___mallestiger_mittagskogel/11/1494/3333
1494;https://www.hribi.net/izlet/zapornica_belca_malosko_poldne___mallestiger_mittagskogel_po_cesti/11/1494/2937
1495;https://www.hribi.net/izlet/srednja_kanomlja_vojsko/21/1495/2544
1495;https://www.hribi.net/izlet/idrija_vojsko_cez_kodrov_rovt/21/1495/3859
1495;https://www.hribi.net/izlet/idrija_vojsko_lovska_pot/21/1495/3797
1495;https://www.hribi.net/izlet/divje_jezero_vojsko_cez_vrh_struga/21/1495/3795
1495;https://www.hribi.net/izlet/divje_jezero_vojsko_mimo_priznice/21/1495/3794
1495;https://www.hribi.net/izlet/pri_babi_vojsko/21/1495/3796
1496;https://www.hribi.net/izlet/vojsko_hudournik/21/1496/2542
1496;https://www.hribi.net/izlet/oblakov_vrh_hudournik/21/1496/3856
1496;https://www.hribi.net/izlet/srednja_kanomlja_hudournik/21/1496/2543
1498;https://www.hribi.net/izlet/predel_nemske_glave/1/1498/2552
1499;https://www.hribi.net/izlet/planina_vodol_planina_javorje/3/1499/3377
1499;https://www.hribi.net/izlet/bistra_planina_javorje/3/1499/2559
1500;https://www.hribi.net/izlet/bistra_planina_vodol/3/1500/2560
1501;https://www.hribi.net/izlet/bistra_knezova_planina_planina_bela_pec/3/1501/2561
1501;https://www.hribi.net/izlet/planina_vodol_knezova_planina_planina_bela_pec/3/1501/3381
1502;https://www.hribi.net/izlet/podpeca_helenski_potok_koca_na_pikovem/11/1502/2563
1502;https://www.hribi.net/izlet/crna_na_koroskem_musenik_koca_na_pikovem/11/1502/7722
1502;https://www.hribi.net/izlet/mezica_koca_na_pikovem_mimo_domacije_jesenik/11/1502/6840
1502;https://www.hribi.net/izlet/mezica_koca_na_pikovem_stara_pot/11/1502/6841
1502;https://www.hribi.net/izlet/mezica_koca_na_pikovem_cez_preval_vrh_steng/11/1502/6839
1502;https://www.hribi.net/izlet/podpeca_mitnek_koca_na_pikovem/11/1502/7721
1502;https://www.hribi.net/izlet/sumahovo_sedlo_koca_na_pikovem_cez_veliki_in_pikov_vrh/11/1502/6842
1502;https://www.hribi.net/izlet/crna_na_koroskem_musenik_koca_na_pikovem_cez_igrcevo/11/1502/7723
1503;https://www.hribi.net/izlet/smrecje_lavrovec/5/1503/2564
1504;https://www.hribi.net/izlet/smrecje_goli_vrh/5/1504/2565
1504;https://www.hribi.net/izlet/suhi_dol_goli_vrh_uradna_markirana_pot/5/1504/8958
1505;https://www.hribi.net/izlet/volaka_izvir_volascice/21/1505/2572
1506;https://www.hribi.net/izlet/volaka_leskovica/21/1506/2573
1507;https://www.hribi.net/izlet/cristo_di_forca_amariana/27/1507/2578
1511;https://www.hribi.net/izlet/krizovec_mala_golica/11/1511/2577
1511;https://www.hribi.net/izlet/dom_pristava_v_javorniskem_rovtu_mala_golica/11/1511/3804
1514;https://www.hribi.net/izlet/ljubljanica_sveta_ana_butajnova/5/1514/2610
1515;https://www.hribi.net/izlet/ljubljanica_sveti_andrej_planina_nad_horjulom/5/1515/2611
1515;https://www.hribi.net/izlet/suhi_dol_sveti_andrej_planina_nad_horjulom/5/1515/2612
1517;https://www.hribi.net/izlet/brod_rudnica/1/1517/3192
1517;https://www.hribi.net/izlet/stara_fuzina_rudnica_po_cesti/1/1517/3193
1517;https://www.hribi.net/izlet/jezersko_polje_rudnica/1/1517/5926
1517;https://www.hribi.net/izlet/srednja_vas_senozeta_rudnica/1/1517/7690
1517;https://www.hribi.net/izlet/savica_rudnica/1/1517/7694
1517;https://www.hribi.net/izlet/brod_rudnica_cez_siroko_polico/1/1517/7686
1517;https://www.hribi.net/izlet/bohinjska_cesnjica_rudnica/1/1517/7687
1517;https://www.hribi.net/izlet/savica_rudnica_cez_siroko_polico/1/1517/7695
1519;https://www.hribi.net/izlet/erjavcev_rovt_lovska_koca_na_brvogih/11/1519/2615
1520;https://www.hribi.net/izlet/zelezna_kapla___bad_eisenkappel_bozicev_vrh___boschitzberg_turkenkopf_klettersteig/11/1520/2625
1523;https://www.hribi.net/izlet/zgornja_postaja_gorske_zeleznice_grosses_reisseck/57/1523/2627
1524;https://www.hribi.net/izlet/zagana_pec_lovska_koca_crnevka/3/1524/2629
1525;https://www.hribi.net/izlet/v_koncu_kogel_cez_gamsov_skret/3/1525/2635
1527;https://www.hribi.net/izlet/ovcja_vas___valbruna_planina_ravna/1/1527/2647
1527;https://www.hribi.net/izlet/naborjet___malborghetto_planina_ravna/1/1527/9340
1528;https://www.hribi.net/izlet/ovcja_vas___valbruna_planina_strehica/1/1528/2649
1528;https://www.hribi.net/izlet/naborjet___malborghetto_planina_strehica/1/1528/9337
1529;https://www.hribi.net/izlet/zajzera_veliki_nabojs___monte_nabois_grande/1/1529/2655
1529;https://www.hribi.net/izlet/zajzera_veliki_nabojs___monte_nabois_grande_grebenska_pot/1/1529/2653
1530;https://www.hribi.net/izlet/zajzera_rifugio_pellarini/1/1530/2652
1531;https://www.hribi.net/izlet/lovska_koca_na_brezicih_lastovec/3/1531/2651
1532;https://www.hribi.net/izlet/na_razpotju_lucka_brana_baba/3/1532/2662
1533;https://www.hribi.net/izlet/ljubljanica_kugelc_sentjost_nad_horjulom_krajsa_pot/5/1533/2658
1533;https://www.hribi.net/izlet/ljubljanica_kugelc_sentjost_nad_horjulom_daljsa_pot/5/1533/2659
1534;https://www.hribi.net/izlet/lovska_koca_plehanov_laz_koca_na_kavcu/26/1534/2660
1535;https://www.hribi.net/izlet/na_razpotju_rjavcki_vrh_planinsca/3/1535/2668
1535;https://www.hribi.net/izlet/logarski_kot_rjavcki_vrh_planinsca_skozi_grlo/3/1535/4161
1535;https://www.hribi.net/izlet/dom_planincev_v_logarski_dolini_rjavcki_vrh_planinsca/3/1535/8466
1536;https://www.hribi.net/izlet/jablenca_javorscek/1/1536/2675
1536;https://www.hribi.net/izlet/pocivalnik_javorscek/1/1536/2674
1537;https://www.hribi.net/izlet/rifugio_pelizzo_dom_na_matajure/1/1537/2678
1537;https://www.hribi.net/izlet/avsa_dom_na_matajure_stara_pot/1/1537/7053
1538;https://www.hribi.net/izlet/planina_blato_vrh_nad_vodeno_rupo/1/1538/2681
1539;https://www.hribi.net/izlet/planina_blato_vrh_hribaric_cez_planino_v_lazu_in_po_dolini_za_debelim_vrhom/1/1539/2682
1539;https://www.hribi.net/izlet/zadnjica_vrh_hribaric_cez_dolic/1/1539/2703
1539;https://www.hribi.net/izlet/planina_blato_vrh_hribaric_cez_planino_krstenico_in_po_dolini_za_debelim_vrhom/1/1539/2683
1539;https://www.hribi.net/izlet/koca_pri_savici_vrh_hribaric/1/1539/2704
1540;https://www.hribi.net/izlet/planina_blato_vrsaki_vzhodni_vrh_cez_planino_v_lazu_in_po_dolini_za_debelim_vrhom/1/1540/2684
1540;https://www.hribi.net/izlet/koca_pri_savici_vrsaki_vzhodni_vrh/1/1540/2705
1540;https://www.hribi.net/izlet/planina_blato_vrsaki_vzhodni_vrh_cez_planino_krstenico_in_po_dolini_za_debelim_vrhom/1/1540/2685
1540;https://www.hribi.net/izlet/zadnjica_vrsaki_vzhodni_vrh_cez_dolic/1/1540/2706
1541;https://www.hribi.net/izlet/planina_blato_vrsaki_srednji_vrh_cez_planino_krstenico_in_po_dolini_za_debelim_vrhom/1/1541/2687
1541;https://www.hribi.net/izlet/planina_blato_vrsaki_srednji_vrh_cez_planino_v_lazu_in_po_dolini_za_debelim_vrhom/1/1541/2686
1542;https://www.hribi.net/izlet/planina_blato_vrsaki_vrh_za_koritami__cez_planino_krstenico_in_po_dolini_za_debelim_vrhom/1/1542/2689
1542;https://www.hribi.net/izlet/planina_blato_vrsaki_vrh_za_koritami_cez_planino_v_lazu_in_po_dolini_za_debelim_vrhom/1/1542/2688
1543;https://www.hribi.net/izlet/planina_blato_vrsaki_juzni_vrh_cez_planino_v_lazu_in_po_dolini_za_debelim_vrhom/1/1543/2690
1543;https://www.hribi.net/izlet/planina_blato_vrsaki_juzni_vrh_cez_planino_krstenico_in_po_dolini_za_debelim_vrhom/1/1543/2691
1544;https://www.hribi.net/izlet/zadnjica_kanjavec_zahodni_vrh_cez_prehodavce/1/1544/2698
1544;https://www.hribi.net/izlet/zadnjica_kanjavec_zahodni_vrh_cez_dolic/1/1544/2699
1544;https://www.hribi.net/izlet/planina_blato_kanjavec_zahodni_vrh_cez_planino_v_lazu_in_po_dolini_za_debelim_vrhom/1/1544/2693
1544;https://www.hribi.net/izlet/planina_blato_kanjavec_zahodni_vrh_cez_planino_krstenico_in_po_dolini_za_debelim_vrhom/1/1544/2694
1545;https://www.hribi.net/izlet/planina_blato_teme_hribarice_cez_planino_v_lazu_in_po_dolini_za_debelim_vrhom/1/1545/2695
1545;https://www.hribi.net/izlet/planina_blato_teme_hribarice_cez_planino_krstenico_in_po_dolini_za_debelim_vrhom/1/1545/2696
1545;https://www.hribi.net/izlet/zadnjica_teme_hribarice_cez_dolic/1/1545/10714
1546;https://www.hribi.net/izlet/zadnjica_poprovec_cez_dolic/1/1546/2702
1546;https://www.hribi.net/izlet/planina_blato_poprovec_cez_planino_v_lazu_in_po_dolini_za_debelim_vrhom/1/1546/2700
1546;https://www.hribi.net/izlet/planina_blato_poprovec_cez_planino_krstenico_in_po_dolini_za_debelim_vrhom/1/1546/2701
1547;https://www.hribi.net/izlet/planina_blato_planina_blato_krozna_pot_po_fuzinskih_planinah/1/1547/2697
1551;https://www.hribi.net/izlet/olipova_planina_kamnitnik/11/1551/2714
1551;https://www.hribi.net/izlet/dom_trilobit_kamnitnik_za_krasevcem/11/1551/6303
1552;https://www.hribi.net/izlet/tinckova_koca_zabreska_planina/11/1552/2717
1552;https://www.hribi.net/izlet/razpotje_vragovec_zabreska_planina/11/1552/5630
1553;https://www.hribi.net/izlet/nevejski_preval_velika_bavha___monte_robon_pot_637/1/1553/2719
1553;https://www.hribi.net/izlet/rifugio_gilberti_velika_bavha___monte_robon/1/1553/2723
1553;https://www.hribi.net/izlet/nevejski_preval_velika_bavha___monte_robon_pot_636_in_637/1/1553/2722
1554;https://www.hribi.net/izlet/nevejski_preval_speleoloski_bivak_modonutti_-_savoia_pot_637/1/1554/2727
1554;https://www.hribi.net/izlet/nevejski_preval_speleoloski_bivak_modonutti_-_savoia_pot_636_in_637/1/1554/2728
1554;https://www.hribi.net/izlet/rifugio_gilberti_speleoloski_bivak_modonutti_-_savoia/1/1554/2729
1560;https://www.hribi.net/izlet/parkirisce_pod_koco_polinikhutte_polinik/57/1560/2730
1561;https://www.hribi.net/izlet/trnovec_gontarska_planina_mimo_dominovega_doma/5/1561/2733
1561;https://www.hribi.net/izlet/dom_na_govejku_gontarska_planina/5/1561/2732
1562;https://www.hribi.net/izlet/planina_pecol_strma_pec___monte_cimone_pot_640_mimo_skrbine_vandul/1/1562/2736
1562;https://www.hribi.net/izlet/planina_pecol_strma_pec___monte_cimone_pot_641_po_pobocju_viene/1/1562/2737
1563;https://www.hribi.net/izlet/koca_pri_jezeru_morsko_oko_rysy/78/1563/4082
1563;https://www.hribi.net/izlet/strbske_pleso_rysy/78/1563/5022
1565;https://www.hribi.net/izlet/parkirisce_pod_koco_polinikhutte_ebeneck_kreuzeck_hohenweg/57/1565/2738
1566;https://www.hribi.net/izlet/koca_pordenone_monte_pramaggiore/27/1566/2740
1568;https://www.hribi.net/izlet/unterpirkach_hochstadelhaus_otk_-_klettersteig_pirknerklamm/68/1568/2741
1568;https://www.hribi.net/izlet/unterpirkach_hochstadelhaus/68/1568/2742
1569;https://www.hribi.net/izlet/unterpirkach_hochstadel/68/1569/2745
1569;https://www.hribi.net/izlet/unterpirkach_hochstadel_otk_-_klettersteig_pirknerklamm/68/1569/2811
1569;https://www.hribi.net/izlet/unterpirkach_hochstadel_dreitorlweg/68/1569/7688
1570;https://www.hribi.net/izlet/unterpirkach_rudnigkofel/68/1570/2746
1572;https://www.hribi.net/izlet/ruskamen_sveti_vid/64/1572/2744
1573;https://www.hribi.net/izlet/rifugio_selvapiana_ilunelli_rifugio_berti_al_popera/39/1573/2749
1574;https://www.hribi.net/izlet/rifugio_selvapiana_ilunelli_croda_sora_i_colesei___arzalpenkopf_cez_belvedere/39/1574/2752
1574;https://www.hribi.net/izlet/rifugio_selvapiana_ilunelli_croda_sora_i_colesei___arzalpenkopf_cez_forcella_popera/39/1574/2751
1575;https://www.hribi.net/izlet/rifugio_selvapiana_ilunelli_belvedere_creston_popera/39/1575/2753
1576;https://www.hribi.net/izlet/passo_falzarego_col_galina/39/1576/2754
1577;https://www.hribi.net/izlet/passo_falzarego_punta_fanes_sud_via_ferrata_tomaselli/39/1577/2750
1578;https://www.hribi.net/izlet/pred_belo_vrsici/3/1578/2759
1579;https://www.hribi.net/izlet/pred_belo_vezica/3/1579/2760
1580;https://www.hribi.net/izlet/rifugio_auronzo_torre_di_toblin___toblinger_knoten/39/1580/2803
1580;https://www.hribi.net/izlet/piano_fiscalino___fischleinboden_torre_di_toblin___toblinger_knoten/39/1580/2764
1580;https://www.hribi.net/izlet/landro_torre_di_toblin___toblinger_knoten/39/1580/5101
1581;https://www.hribi.net/izlet/rifugio_auronzo_sasso_di_sesto___sextnerstein/39/1581/2802
1581;https://www.hribi.net/izlet/piano_fiscalino___fischleinboden_sasso_di_sesto___sextnerstein/39/1581/2761
1582;https://www.hribi.net/izlet/piano_fiscalino___fischleinboden_rifugio_fondo_valle___talschlusshutte/39/1582/2763
1583;https://www.hribi.net/izlet/piano_fiscalino___fischleinboden_rifugio_comici___zsigmondy_hutte/39/1583/2765
1584;https://www.hribi.net/izlet/bohinjska_bistrica_izvir_bohinjske_bistrice/1/1584/2767
1585;https://www.hribi.net/izlet/koncentracijsko_taborisce_lokovnikov_grintovec___grintoutz/11/1585/3241
1585;https://www.hribi.net/izlet/ljubelj_lokovnikov_grintovec___grintoutz_mimo_koce_na_ljubelju/11/1585/2781
1585;https://www.hribi.net/izlet/vrancek_lokovnikov_grintovec___grintoutz/11/1585/3240
1585;https://www.hribi.net/izlet/bucan_lokovnikov_grintovec___grintoutz/11/1585/3239
1585;https://www.hribi.net/izlet/sele-zvrhnji_kot_male___zell-oberwinkel_male_lokovnikov_grintovec___grintoutz/11/1585/6489
1586;https://www.hribi.net/izlet/ledine_planina_klom/21/1586/2769
1586;https://www.hribi.net/izlet/prtovc_planina_klom_cez_razor/21/1586/6031
1586;https://www.hribi.net/izlet/prtovc_planina_klom_cez_jesenovec/21/1586/6032
1587;https://www.hribi.net/izlet/jermanca_najvisji_rob_zeleniske_spice_skozi_repov_kot/3/1587/2779
1587;https://www.hribi.net/izlet/dom_v_kamniski_bistrici_najvisji_rob_zeleniske_spice_skozi_repov_kot/3/1587/2812
1589;https://www.hribi.net/izlet/kompas_hotel_ribno_ribenska_gora_po_juznem_pobocju/1/1589/2784
1590;https://www.hribi.net/izlet/dom_v_lepeni_rdeci_rob/1/1590/2785
1590;https://www.hribi.net/izlet/planina_polog_rdeci_rob_cez_prehodce/1/1590/8260
1590;https://www.hribi.net/izlet/planina_polog_rdeci_rob_mimo_javorce_in_planine_sleme/1/1590/8397
1591;https://www.hribi.net/izlet/planina_polog_planina_crca/1/1591/2786
1592;https://www.hribi.net/izlet/planina_polog_planina_laska_sec/1/1592/2787
1593;https://www.hribi.net/izlet/planina_polog_planina_medrja/1/1593/2789
1594;https://www.hribi.net/izlet/krn_planina_sleme/1/1594/3226
1594;https://www.hribi.net/izlet/planina_polog_planina_sleme/1/1594/2788
1595;https://www.hribi.net/izlet/krn_srednji_vrh_nad_jezerom_v_luznici_cez_planino_sleme/1/1595/3228
1595;https://www.hribi.net/izlet/planina_polog_srednji_vrh_nad_jezerom_v_luznici/1/1595/2791
1595;https://www.hribi.net/izlet/planina_kuninja_srednji_vrh_nad_jezerom_v_luznici/1/1595/8470
1601;https://www.hribi.net/izlet/planina_polog_planina_dobrenjscica/1/1601/2805
1601;https://www.hribi.net/izlet/tolminske_ravne_planina_dobrenjscica/1/1601/9276
1602;https://www.hribi.net/izlet/mota_brod_na_muri_melinci_od_mrtvic_do_reke/162/1602/2813
1603;https://www.hribi.net/izlet/pustal_sveti_kriz_na_hribcu/5/1603/2815
1604;https://www.hribi.net/izlet/vas_na_skali_planina_v_plazeh_po_cesti/1/1604/2818
1604;https://www.hribi.net/izlet/vas_na_skali_planina_v_plazeh/1/1604/2817
1605;https://www.hribi.net/izlet/vas_na_skali_cisti_vrh/1/1605/2816
1607;https://www.hribi.net/izlet/kalce_mali_javornik_javorniki/26/1607/2821
1607;https://www.hribi.net/izlet/jersice_mali_javornik_javorniki/26/1607/5743
1608;https://www.hribi.net/izlet/jersice_pecna_reber/26/1608/2822
1610;https://www.hribi.net/izlet/rogovilec_racka_vrata_lovska_pot/3/1610/2824
1611;https://www.hribi.net/izlet/preska_sveti_florijan_tehovec/5/1611/2830
1611;https://www.hribi.net/izlet/sora_sveti_florijan_tehovec/5/1611/2832
1611;https://www.hribi.net/izlet/trnovec_legastja_sveti_florijan_tehovec/5/1611/4521
1611;https://www.hribi.net/izlet/rakovnik_sveti_florijan_tehovec_cez_breznik/5/1611/7831
1612;https://www.hribi.net/izlet/konec_ceste_na_pokljuki_smarjetna_glava/1/1612/2835
1612;https://www.hribi.net/izlet/zadnjica_smarjetna_glava/1/1612/2927
1612;https://www.hribi.net/izlet/dolina_krma_smarjetna_glava/1/1612/2847
1612;https://www.hribi.net/izlet/aljazev_dom_v_vratih_smarjetna_glava_mimo_koce_na_dolicu/1/1612/6502
1614;https://www.hribi.net/izlet/soca_vrh_leh/1/1614/2840
1615;https://www.hribi.net/izlet/soca_pri_banderi/1/1615/2841
1616;https://www.hribi.net/izlet/soca_vrh_ovcje_planje/1/1616/2842
1617;https://www.hribi.net/izlet/spodnja_idrija__cerkovni_vrh/21/1617/2844
1617;https://www.hribi.net/izlet/spodnja_idrija__cerkovni_vrh_cez_vranji_greben_-_prfarska_gamsarica/21/1617/8150
1618;https://www.hribi.net/izlet/soca_planina_nad_soco/1/1618/2846
1620;https://www.hribi.net/izlet/globoka_dolina_planina_dolzanka/11/1620/2850
1621;https://www.hribi.net/izlet/belopeska_jezera_vevnica_pot_zivljenja___via_della_vita/1/1621/2852
1622;https://www.hribi.net/izlet/belopeska_jezera_strug_pot_zivljenja___via_della_vita_-_vevnica_-_strug/1/1622/2856
1623;https://www.hribi.net/izlet/aljazev_dom_v_vratih_spodnji_stenar_cez_sovatno/1/1623/2857
1624;https://www.hribi.net/izlet/planina_blato_krsteniski_stog_cez_krsteniski_preval/1/1624/2861
1624;https://www.hribi.net/izlet/stara_fuzina_krsteniski_stog_cez_krsteniski_preval/1/1624/2862
1625;https://www.hribi.net/izlet/planina_zaplec_krncica_neoznacena_mulatjera_/1/1625/2863
1625;https://www.hribi.net/izlet/planina_zaplec_krncica_s_planine_zaprikraj_cez_vrsic/1/1625/2864
1625;https://www.hribi.net/izlet/planina_zaplec_krncica/1/1625/9826
1626;https://www.hribi.net/izlet/planina_blato_rigeljc_cez_planino_dedno_polje/1/1626/2870
1627;https://www.hribi.net/izlet/planina_blato_stadorski_orlici_cez_planino_dedno_polje/1/1627/2871
1628;https://www.hribi.net/izlet/planina_blato_vrtec_cez_planino_dedno_polje/1/1628/2872
1629;https://www.hribi.net/izlet/prelaz_na_zlebeh___sella_nevea_spik_nad_planjo___punta_plagnis_neoznacena_mulatjera/1/1629/2891
1630;https://www.hribi.net/izlet/debanttal_keeskopf_nossberger_weg/57/1630/2892
1631;https://www.hribi.net/izlet/cretvez_lovska_koca_stepih/11/1631/2897
1631;https://www.hribi.net/izlet/stranice_lovska_koca_stepih/11/1631/8943
1631;https://www.hribi.net/izlet/spodnje_stranice_grobovi_sto_talcev_lovska_koca_stepih_po_cesti/11/1631/8944
1631;https://www.hribi.net/izlet/spodnje_stranice_grobovi_sto_talcev_lovska_koca_stepih/11/1631/8947
1632;https://www.hribi.net/izlet/trdkova_tromejnik_jezkova_pot_-_po_cesti/163/1632/2898
1632;https://www.hribi.net/izlet/trdkova_tromejnik_jezkova_pot_-_skozi_gozd/163/1632/8157
1632;https://www.hribi.net/izlet/omp_matjasevci_tromejnik/163/1632/8135
1632;https://www.hribi.net/izlet/martinje_sportni_center_martinje_tromejnik/163/1632/8292
1632;https://www.hribi.net/izlet/trdkova_tromejnik_po_markirani_poti_skozi_gozd/163/1632/8158
1632;https://www.hribi.net/izlet/eisenberg_an_der_raab_tromejnik_po_cesti/163/1632/9012
1632;https://www.hribi.net/izlet/gornji_senik___felsoszolnok_tromejnik/163/1632/8798
1632;https://www.hribi.net/izlet/eisenberg_an_der_raab_tromejnik_ob_drzavni_meji/163/1632/9011
1632;https://www.hribi.net/izlet/oberdrosen_tromejnik/163/1632/9174
1632;https://www.hribi.net/izlet/gornji_senik___felsoszolnok_tromejnik_cez_janezov_breg/163/1632/10913
1634;https://www.hribi.net/izlet/nevejski_preval___sella_nevea_vrh_krnega_dola___monte_cregnedul_neoznacena_mulatjera/1/1634/2900
1635;https://www.hribi.net/izlet/grad_grad_grad_na_gorickem/163/1635/2899
1635;https://www.hribi.net/izlet/sveti_jurij_grad_grad_na_gorickem/163/1635/8115
1635;https://www.hribi.net/izlet/grad_grad_grad_na_gorickem_cez_kripto/163/1635/8142
1636;https://www.hribi.net/izlet/serdica_serdiski_breg_rdeci_breg/163/1636/2901
1636;https://www.hribi.net/izlet/omp_sotina_serdiski_breg_rdeci_breg/163/1636/7660
1636;https://www.hribi.net/izlet/nuskova_serdiski_breg_rdeci_breg_cez_brunarjev_breg/163/1636/8309
1636;https://www.hribi.net/izlet/sotina_dajcev_mlin_serdiski_breg_rdeci_breg/163/1636/8310
1636;https://www.hribi.net/izlet/nuskova_serdiski_breg_rdeci_breg/163/1636/8308
1636;https://www.hribi.net/izlet/omp_kramarovci_serdiski_breg_rdeci_breg/163/1636/8981
1636;https://www.hribi.net/izlet/serdica_serdiski_breg_rdeci_breg_cez_brunarjev_breg/163/1636/8314
1636;https://www.hribi.net/izlet/omp_sotina_serdiski_breg_rdeci_breg_avstrijska_pot/163/1636/8975
1637;https://www.hribi.net/izlet/sotina_sotinski_breg_kugla_po_cesti/163/1637/2902
1637;https://www.hribi.net/izlet/sotina_sotinski_breg_kugla_mimo_izvira_slatine/163/1637/8090
1637;https://www.hribi.net/izlet/omp_sotina_sotinski_breg_kugla/163/1637/7659
1637;https://www.hribi.net/izlet/sotina_sotinski_breg_kugla_cez_patrov_breg/163/1637/8094
1637;https://www.hribi.net/izlet/omp_kuzma_sotinski_breg_kugla/163/1637/9513
1637;https://www.hribi.net/izlet/omp_sotina_sotinski_breg_kugla_zahodna_pot/163/1637/8479
1637;https://www.hribi.net/izlet/tv_neuhaus_am_klausenbach_sotinski_breg_kugla/163/1637/9515
1639;https://www.hribi.net/izlet/planina_blato_skednjovec_po_zahodnem_grebenu/1/1639/2905
1639;https://www.hribi.net/izlet/planina_blato_skednjovec_po_vzhodnem_grebenu/1/1639/5709
1640;https://www.hribi.net/izlet/spodnja_idrija_gradisce_nad_spodnjo_idrijo_grebenska_pot/21/1640/2936
1640;https://www.hribi.net/izlet/spodnja_idrija_gradisce_nad_spodnjo_idrijo_skozi_trnje/21/1640/2910
1640;https://www.hribi.net/izlet/spodnja_idrija_gradisce_nad_spodnjo_idrijo_cez_gric/21/1640/2908
1640;https://www.hribi.net/izlet/ledinsko_razpotje_gradisce_nad_spodnjo_idrijo_polozna_pot/21/1640/6109
1640;https://www.hribi.net/izlet/ledinsko_razpotje_gradisce_nad_spodnjo_idrijo_strma_pot/21/1640/6108
1641;https://www.hribi.net/izlet/trzic_bistriska_planina/3/1641/2911
1641;https://www.hribi.net/izlet/bistrica_pri_trzicu_bistriska_planina/3/1641/4468
1641;https://www.hribi.net/izlet/brezje_pri_trzicu_bistriska_planina_po_cesti/3/1641/4474
1641;https://www.hribi.net/izlet/vodohran_zegnani_studenec_bistriska_planina/3/1641/6729
1641;https://www.hribi.net/izlet/podljubelj_sroberje_bistriska_planina_po_cesti/3/1641/7973
1641;https://www.hribi.net/izlet/podljubelj_sroberje_bistriska_planina/3/1641/7978
1642;https://www.hribi.net/izlet/trzic_breska_planina/3/1642/2912
1642;https://www.hribi.net/izlet/bistrica_pri_trzicu_breska_planina/3/1642/4469
1642;https://www.hribi.net/izlet/brezje_pri_trzicu_breska_planina_po_cesti/3/1642/4475
1647;https://www.hribi.net/izlet/dravograd_sveti_janez_krstnik_na_ojstrici/162/1647/2932
1648;https://www.hribi.net/izlet/turisticna_kmetija_perk_matkova_kopa_pastirsko-lovska_pot/3/1648/2941
1649;https://www.hribi.net/izlet/belo_goljek/5/1649/2940
1649;https://www.hribi.net/izlet/gabrje_goljek/5/1649/4598
1649;https://www.hribi.net/izlet/topol_pri_medvodah_katarina_goljek/5/1649/2942
1649;https://www.hribi.net/izlet/topol_pri_medvodah_katarina_goljek_po_zahodnem_grebenu/5/1649/4600
1650;https://www.hribi.net/izlet/postarski_dom_pod_plesivcem_plesivska_kopa_kozarnica/11/1650/2953
1651;https://www.hribi.net/izlet/blagovica_golcaj/25/1651/2944
1651;https://www.hribi.net/izlet/zavrh_pri_trojanah_golcaj/25/1651/3589
1651;https://www.hribi.net/izlet/pece_golcaj/25/1651/7622
1651;https://www.hribi.net/izlet/kandrse_trata_golcaj/25/1651/7620
1652;https://www.hribi.net/izlet/blagovica_spilk/25/1652/2946
1652;https://www.hribi.net/izlet/trojane_spilk/25/1652/3606
1652;https://www.hribi.net/izlet/trojane_spilk_mimo_kriza_na_kocni/25/1652/4413
1653;https://www.hribi.net/izlet/mislinja_casov_vrh/11/1653/2950
1654;https://www.hribi.net/izlet/mislinja_fricev_vrh_cez_crepic/11/1654/2954
1654;https://www.hribi.net/izlet/mislinja_fricev_vrh_cez_zavrse/11/1654/2957
1655;https://www.hribi.net/izlet/mislinja_sveti_rupert_zavrse/11/1655/2956
1655;https://www.hribi.net/izlet/jamarska_koca_pri_hudi_luknji_sveti_rupert_zavrse/11/1655/10590
1656;https://www.hribi.net/izlet/mislinja_sveti_vid_zavrse/11/1656/2955
1656;https://www.hribi.net/izlet/jamarska_koca_pri_hudi_luknji_sveti_vid_zavrse/11/1656/10589
1657;https://www.hribi.net/izlet/srednji_vrh_blekova_planina/11/1657/2958
1657;https://www.hribi.net/izlet/zuzalce___susalitch_blekova_planina/11/1657/3322
1657;https://www.hribi.net/izlet/grpice___korpitch_blekova_planina/11/1657/3324
1658;https://www.hribi.net/izlet/srednji_vrh_zajcnik/11/1658/2959
1658;https://www.hribi.net/izlet/zuzalce___susalitch_zajcnik/11/1658/3323
1658;https://www.hribi.net/izlet/grpice___korpitch_zajcnik/11/1658/3325
1659;https://www.hribi.net/izlet/srednji_vrh_jurezeva_planina/11/1659/2962
1660;https://www.hribi.net/izlet/vojaska_karavla_golem_korab___maja_e_korabit/77/1660/2964
1661;https://www.hribi.net/izlet/gabrje_sveta_katarina_topol/5/1661/2966
1661;https://www.hribi.net/izlet/slavkom_dom_na_golem_brdu_sveta_katarina_topol/5/1661/3617
1661;https://www.hribi.net/izlet/topol_pri_medvodah_katarina_sveta_katarina_topol/5/1661/4551
1661;https://www.hribi.net/izlet/preval_sveta_katarina_topol/5/1661/4313
1661;https://www.hribi.net/izlet/trnovec_legastja_sveta_katarina_topol/5/1661/4554
1661;https://www.hribi.net/izlet/zlebe_sveta_katarina_topol_cez_turnice/5/1661/4540
1661;https://www.hribi.net/izlet/preska_sveta_katarina_topol_cez_jeterbenk/5/1661/4541
1661;https://www.hribi.net/izlet/zlebe_sveta_katarina_topol_cez_jeterbenk/5/1661/4542
1661;https://www.hribi.net/izlet/preska_sveta_katarina_topol_cez_turnice/5/1661/4539
1662;https://www.hribi.net/izlet/kamnik_visoka_spica_direktna_pot/25/1662/2971
1662;https://www.hribi.net/izlet/kamnik_visoka_spica_mimo_starega_gradu/25/1662/4387
1662;https://www.hribi.net/izlet/kamnik_visoka_spica_preko_krniske_gore/25/1662/4386
1663;https://www.hribi.net/izlet/jezero_sveti_tomaz_planinca_mimo_ledenice/26/1663/2975
1663;https://www.hribi.net/izlet/jezero_sveti_tomaz_planinca_mimo_domacije_spelin/26/1663/2974
1663;https://www.hribi.net/izlet/preserje_sveti_tomaz_planinca/26/1663/2973
1669;https://www.hribi.net/izlet/stara_vrhnika_kuren_sveti_miklavz/26/1669/2991
1673;https://www.hribi.net/izlet/rakitna_rotovc/26/1673/3003
1673;https://www.hribi.net/izlet/brancljeva_senozet_rotovc/26/1673/4840
1673;https://www.hribi.net/izlet/mesnice_rotovc/26/1673/4603
1673;https://www.hribi.net/izlet/mesnice_rotovc_cez_zupanov_vrh/26/1673/5219
1674;https://www.hribi.net/izlet/slovenska_vas_petelinjsko_jezero/26/1674/3006
1676;https://www.hribi.net/izlet/jesenice_straza_kozjek/11/1676/3010
1676;https://www.hribi.net/izlet/trebez_jesenice_kozjek_po_vzhodnem_grebenu/11/1676/5836
1676;https://www.hribi.net/izlet/tomsiceva_cesta_jesenice_kozjek_mimo_sporna/11/1676/5150
1678;https://www.hribi.net/izlet/zovnesko_jezero_grad_zovnek/3/1678/3014
1678;https://www.hribi.net/izlet/zovnesko_jezero_grad_zovnek_po_cesti/3/1678/3018
1679;https://www.hribi.net/izlet/zovnesko_jezero_vrhe/3/1679/3016
1679;https://www.hribi.net/izlet/braslovsko_jezero_vrhe/3/1679/3777
1679;https://www.hribi.net/izlet/letus_vrhe/3/1679/3785
1679;https://www.hribi.net/izlet/kokarje_src_laze_vrhe_preko_tajne/3/1679/5819
1679;https://www.hribi.net/izlet/kokarje_src_laze_vrhe_mimo_doma_na_farbanci/3/1679/5825
1679;https://www.hribi.net/izlet/potok_mostni_graben_vrhe_mimo_doma_na_farbanci/3/1679/5831
1680;https://www.hribi.net/izlet/zovnesko_jezero_sveta_mati_bozja_na_creti/3/1680/3017
1680;https://www.hribi.net/izlet/letus_sveta_mati_bozja_na_creti/3/1680/3784
1680;https://www.hribi.net/izlet/braslovsko_jezero_sveta_mati_bozja_na_creti/3/1680/3776
1680;https://www.hribi.net/izlet/potok_mostni_graben_sveta_mati_bozja_na_creti_mimo_doma_na_farbanci/3/1680/5830
1680;https://www.hribi.net/izlet/kokarje_src_laze_sveta_mati_bozja_na_creti_preko_tajne/3/1680/5817
1680;https://www.hribi.net/izlet/kokarje_src_laze_sveta_mati_bozja_na_creti_mimo_doma_na_farbanci/3/1680/5822
1682;https://www.hribi.net/izlet/rudno_polje_plesisce/1/1682/3023
1683;https://www.hribi.net/izlet/zazid_golic_cez_kojnik/26/1683/3055
1683;https://www.hribi.net/izlet/zazid_golic_mimo_lipnika/26/1683/3052
1683;https://www.hribi.net/izlet/podgorje_golic_mimo_lovskega_zavetisca/26/1683/3056
1683;https://www.hribi.net/izlet/zazid_golic_direktna_pot/26/1683/4273
1684;https://www.hribi.net/izlet/planina_blato_visoka_glava/1/1684/3032
1685;https://www.hribi.net/izlet/kopacnica_stor/21/1685/3034
1685;https://www.hribi.net/izlet/sovodenj_stor_razgledna_pot/21/1685/4781
1685;https://www.hribi.net/izlet/sovodenj_stor_skozi_miklavzevo_grapo/21/1685/4778
1685;https://www.hribi.net/izlet/hotavlje_stor_cez_slajko/21/1685/5140
1685;https://www.hribi.net/izlet/hotavlje_stor_po_cesti/21/1685/5178
1685;https://www.hribi.net/izlet/cerkno_stor_cez_kladje/21/1685/5806
1685;https://www.hribi.net/izlet/cerkno_stor_skozi_planino_pri_cerknem/21/1685/5810
1685;https://www.hribi.net/izlet/sovodenj_stor_po_cesti/21/1685/5800
1685;https://www.hribi.net/izlet/podlanisce_stor/21/1685/5803
1685;https://www.hribi.net/izlet/trebija_stor_cez_ermanovec/21/1685/8048
1685;https://www.hribi.net/izlet/dolenji_novaki_pod_kovkom_stor/21/1685/7317
1685;https://www.hribi.net/izlet/podgora_stor_cez_slajko/21/1685/8049
1686;https://www.hribi.net/izlet/cepulje_sveti_mohor_zabrekve/21/1686/3045
1686;https://www.hribi.net/izlet/zgornja_besnica_podrovnik_sveti_mohor_zabrekve/21/1686/3039
1686;https://www.hribi.net/izlet/nemilje_sveti_mohor_zabrekve/21/1686/3038
1686;https://www.hribi.net/izlet/sveta_jedert_lajse_sveti_mohor_zabrekve/21/1686/4299
1686;https://www.hribi.net/izlet/selca_sveti_mohor_zabrekve/21/1686/6747
1686;https://www.hribi.net/izlet/podblica_sveti_mohor_zabrekve/21/1686/6612
1686;https://www.hribi.net/izlet/knape_sveti_mohor_zabrekve_cez_hudi_laz_flandrova_pot/21/1686/6748
1686;https://www.hribi.net/izlet/nemilje_sveti_mohor_zabrekve_cez_prevoje/21/1686/8037
1687;https://www.hribi.net/izlet/spodnja_besnica_ribogojnica_spicasti_hrib/21/1687/3046
1687;https://www.hribi.net/izlet/cepulje_spicasti_hrib/21/1687/3044
1687;https://www.hribi.net/izlet/zgornja_besnica_podrovnik_spicasti_hrib/21/1687/3040
1687;https://www.hribi.net/izlet/rakovica_spicasti_hrib/21/1687/3048
1688;https://www.hribi.net/izlet/zgornja_besnica_nova_vas_slap_sum/21/1688/3041
1690;https://www.hribi.net/izlet/zazid_lipnik/26/1690/3049
1691;https://www.hribi.net/izlet/zazid_kavcic_mimo_lipnika/26/1691/3050
1691;https://www.hribi.net/izlet/rakitovec_kavcic_po_kolovozu/26/1691/5470
1692;https://www.hribi.net/izlet/zazid_nadglavinjak_mimo_lipnika/26/1692/3051
1693;https://www.hribi.net/izlet/medijske_toplice_kalanov_hrib_kalancek_cez_reber/25/1693/3061
1693;https://www.hribi.net/izlet/izlake_tovarna_eti_kalanov_hrib_kalancek_via_castle_medijski_grad/25/1693/4306
1694;https://www.hribi.net/izlet/drazgose_pri_cerkvi_gozdarska_koca_rovtarica/21/1694/7968
1697;https://www.hribi.net/izlet/kropa__sveti_primoz_in_felicijan_jamnik/21/1697/3063
1697;https://www.hribi.net/izlet/jamnik_sveti_primoz_in_felicijan_jamnik/21/1697/3062
1697;https://www.hribi.net/izlet/nemilje_sveti_primoz_in_felicijan_jamnik_po_markirani_poti/21/1697/8034
1697;https://www.hribi.net/izlet/rovte_sveti_primoz_in_felicijan_jamnik/21/1697/6283
1697;https://www.hribi.net/izlet/podblica_sveti_primoz_in_felicijan_jamnik/21/1697/6644
1697;https://www.hribi.net/izlet/cesnjica_pri_kropi_sveti_primoz_in_felicijan_jamnik/21/1697/6284
1697;https://www.hribi.net/izlet/njivica_sveti_primoz_in_felicijan_jamnik/21/1697/6596
1697;https://www.hribi.net/izlet/brezovica_sveti_primoz_in_felicijan_jamnik/21/1697/6860
1697;https://www.hribi.net/izlet/cesnjica_pri_kropi_sveti_primoz_in_felicijan_jamnik_cez_beriglo/21/1697/6861
1697;https://www.hribi.net/izlet/kropa_slovenska_pec_sveti_primoz_in_felicijan_jamnik/21/1697/7787
1698;https://www.hribi.net/izlet/predmeja_dolski_maj_pot_po_robu/26/1698/3068
1698;https://www.hribi.net/izlet/otlica_dolski_maj/26/1698/4312
1699;https://www.hribi.net/izlet/sport_hotel_mesnovec/1/1699/3073
1701;https://www.hribi.net/izlet/dolenja_vas_pri_polhovem_gradcu_kosmulj_bezenica/5/1701/3074
1702;https://www.hribi.net/izlet/mrse_sveti_socerb_artvize/26/1702/3543
1702;https://www.hribi.net/izlet/sveti_mavricij_sveti_socerb_artvize/26/1702/3539
1702;https://www.hribi.net/izlet/rodik_sveti_socerb_artvize/26/1702/5644
1705;https://www.hribi.net/izlet/hrastovlje_lacna/26/1705/3079
1705;https://www.hribi.net/izlet/gracisce_lacna/26/1705/3078
1705;https://www.hribi.net/izlet/kubed_lacna/26/1705/3077
1705;https://www.hribi.net/izlet/komare_doline_lacna/26/1705/3102
1705;https://www.hribi.net/izlet/zazid_lacna/26/1705/4292
1705;https://www.hribi.net/izlet/krog_lacna/26/1705/8018
1706;https://www.hribi.net/izlet/hrastovlje_sveti_stefan_zanigrad/26/1706/3080
1706;https://www.hribi.net/izlet/slacka_baba_sveti_stefan_zanigrad/26/1706/3084
1707;https://www.hribi.net/izlet/podpec_zjat/26/1707/3082
1707;https://www.hribi.net/izlet/hrastovlje_zjat/26/1707/3081
1707;https://www.hribi.net/izlet/slacka_baba_zjat/26/1707/3083
1707;https://www.hribi.net/izlet/crnotice_zjat/26/1707/6823
1707;https://www.hribi.net/izlet/praproce_zjat/26/1707/6824
1708;https://www.hribi.net/izlet/brda_sveta_magdalena_brda/4/1708/3093
1710;https://www.hribi.net/izlet/cerkno_veliki_vrh_lajse/21/1710/3097
1710;https://www.hribi.net/izlet/podlanisce_veliki_vrh_lajse/21/1710/3096
1710;https://www.hribi.net/izlet/cerkno_veliki_vrh_lajse_po_neoznaceni_poti/21/1710/7668
1710;https://www.hribi.net/izlet/kopacnica_veliki_vrh_lajse/21/1710/5812
1710;https://www.hribi.net/izlet/straza_-_zelin_veliki_vrh_lajse/21/1710/7671
1711;https://www.hribi.net/izlet/cerkno_skofje/21/1711/3099
1711;https://www.hribi.net/izlet/podlanisce_skofje/21/1711/3098
1711;https://www.hribi.net/izlet/sovodenj_skofje_razgledna_pot/21/1711/6638
1711;https://www.hribi.net/izlet/gorenji_novaki_mrovlje_skofje/21/1711/7311
1711;https://www.hribi.net/izlet/kopacnica_skofje_po_dolini_podkovscice/21/1711/5811
1711;https://www.hribi.net/izlet/cerkno_skofje_po_neoznaceni_poti/21/1711/7315
1711;https://www.hribi.net/izlet/sovodenj_skofje_skozi_miklavzevo_grapo/21/1711/6636
1711;https://www.hribi.net/izlet/dolenji_novaki_pod_kovkom_skofje_strma_pot/21/1711/7313
1711;https://www.hribi.net/izlet/dolenji_novaki_pod_kovkom_skofje/21/1711/7314
1712;https://www.hribi.net/izlet/povodje_veliki_vrh_rasica/5/1712/3100
1713;https://www.hribi.net/izlet/komare_doline_vrh_kriza/26/1713/3103
1713;https://www.hribi.net/izlet/zazid_vrh_kriza/26/1713/4291
1713;https://www.hribi.net/izlet/krog_vrh_kriza/26/1713/8017
1714;https://www.hribi.net/izlet/komare_doline_krog/26/1714/3104
1714;https://www.hribi.net/izlet/zazid_krog/26/1714/4290
1714;https://www.hribi.net/izlet/krog_krog/26/1714/8016
1715;https://www.hribi.net/izlet/krog_kuk/26/1715/3110
1715;https://www.hribi.net/izlet/zazid_kuk/26/1715/4289
1715;https://www.hribi.net/izlet/komare_doline_kuk/26/1715/3105
1716;https://www.hribi.net/izlet/komare_doline_veliki_gradez/26/1716/3106
1716;https://www.hribi.net/izlet/krog_veliki_gradez/26/1716/3109
1716;https://www.hribi.net/izlet/zazid_veliki_gradez/26/1716/4288
1717;https://www.hribi.net/izlet/krog_tri_ucke/26/1717/3108
1717;https://www.hribi.net/izlet/zazid_tri_ucke/26/1717/4293
1717;https://www.hribi.net/izlet/komare_doline_tri_ucke/26/1717/3107
1718;https://www.hribi.net/izlet/krog_sveti_kvirik/26/1718/3111
1718;https://www.hribi.net/izlet/komare_doline_sveti_kvirik/26/1718/3113
1719;https://www.hribi.net/izlet/sveti_kvirik_orlovo_gnezdo_veli_badin/26/1719/3112
1719;https://www.hribi.net/izlet/komare_doline_orlovo_gnezdo_veli_badin/26/1719/3114
1720;https://www.hribi.net/izlet/ziri_loncmanova_sivka_mrzli_vrh/21/1720/3118
1720;https://www.hribi.net/izlet/ledinica_loncmanova_sivka_mrzli_vrh/21/1720/3117
1720;https://www.hribi.net/izlet/ledinsko_razpotje_loncmanova_sivka_mrzli_vrh/21/1720/5194
1720;https://www.hribi.net/izlet/ziri_loncmanova_sivka_mrzli_vrh_cez_vrsnik/21/1720/5205
1720;https://www.hribi.net/izlet/govejk_loncmanova_sivka_mrzli_vrh/21/1720/5210
1720;https://www.hribi.net/izlet/sovodenj_loncmanova_sivka_mrzli_vrh/21/1720/6757
1720;https://www.hribi.net/izlet/jazne_lanisar_loncmanova_sivka_mrzli_vrh/21/1720/6760
1722;https://www.hribi.net/izlet/spodnja_recica_tolsto/25/1722/3125
1723;https://www.hribi.net/izlet/makekova_kocna_visoki_vrh_nad_jezerskim/3/1723/3134
1723;https://www.hribi.net/izlet/makekova_kocna_visoki_vrh_nad_jezerskim_cez_javornik/3/1723/3138
1724;https://www.hribi.net/izlet/makekova_kocna_javornik_nad_jezerskim/3/1724/3137
1725;https://www.hribi.net/izlet/makekova_kocna_skubrov_vrh/3/1725/3136
1726;https://www.hribi.net/izlet/makekova_kocna_turni/3/1726/3135
1727;https://www.hribi.net/izlet/zgornje_jezersko_roblekova_planina/11/1727/3843
1727;https://www.hribi.net/izlet/plansarsko_jezero_roblekova_planina/11/1727/3844
1727;https://www.hribi.net/izlet/jezerski_vrh_roblekova_planina/11/1727/3139
1727;https://www.hribi.net/izlet/jezerska_slatina_roblekova_planina/11/1727/5957
1727;https://www.hribi.net/izlet/korte___trogern_roblekova_planina/11/1727/3555
1728;https://www.hribi.net/izlet/kapelska_koca___eisenkappler_hutte_kraguljse/11/1728/3147
1728;https://www.hribi.net/izlet/podkanja_vas___wildenstein_kraguljse/11/1728/6532
1729;https://www.hribi.net/izlet/rakitna_rakisko_jezero_rakitna_gozdna_in_arheoloska_ucna_pot_rimski_zid_-_rakitna/26/1729/6039
1729;https://www.hribi.net/izlet/zabocevo_rakitna/26/1729/3148
1730;https://www.hribi.net/izlet/skofja_loka_krancelj/21/1730/3154
1731;https://www.hribi.net/izlet/skofja_loka_grad_divja_loka_stari_grad/21/1731/3155
1731;https://www.hribi.net/izlet/skofja_loka_grad_divja_loka_stari_grad_pot_treh_gradov/21/1731/8534
1740;https://www.hribi.net/izlet/rakitnica_bela_stena/26/1740/3170
1741;https://www.hribi.net/izlet/rakitnica_rezinski_vrh/26/1741/3171
1742;https://www.hribi.net/izlet/rakitnica_turn/26/1742/3169
1743;https://www.hribi.net/izlet/lokve_skol/26/1743/3174
1744;https://www.hribi.net/izlet/pliskovica_volnik/26/1744/3175
1745;https://www.hribi.net/izlet/vinska_gora_gonzarjeva_pec_plezalna_pot/11/1745/3176
1745;https://www.hribi.net/izlet/vinska_gora_gonzarjeva_pec_lahka_pot/11/1745/3177
1746;https://www.hribi.net/izlet/vinska_gora_radojc_lahka_pot/11/1746/3179
1746;https://www.hribi.net/izlet/vinska_gora_radojc_plezalna_pot/11/1746/3178
1747;https://www.hribi.net/izlet/vinska_gora_ramsakov_vrh_lahka_pot/11/1747/3181
1747;https://www.hribi.net/izlet/dom_lovsko_sportnega_drustva_vinska_gora_ramsakov_vrh/11/1747/3183
1747;https://www.hribi.net/izlet/vinska_gora_ramsakov_vrh_mimo_kmetije_vodosek/11/1747/3182
1747;https://www.hribi.net/izlet/vinska_gora_ramsakov_vrh_plezalna_pot/11/1747/3180
1748;https://www.hribi.net/izlet/dom_lovsko_sportnega_drustva_vinska_gora_temnjak/11/1748/3184
1749;https://www.hribi.net/izlet/prelska_vinska_gora/11/1749/3186
1749;https://www.hribi.net/izlet/dom_lovsko_sportnega_drustva_vinska_gora_vinska_gora/11/1749/3185
1752;https://www.hribi.net/izlet/boljunec___bagnoli_della_rosandra_dolina_reke_glinscice___val_rosandra/26/1752/3191
1753;https://www.hribi.net/izlet/renke_ostrez/25/1753/3195
1754;https://www.hribi.net/izlet/ribenski_most_tolsti_vrh_talez/21/1754/3194
1754;https://www.hribi.net/izlet/selski_most_tolsti_vrh_talez/21/1754/3196
1755;https://www.hribi.net/izlet/kal_rusni_vrh/1/1755/3199
1755;https://www.hribi.net/izlet/podbrdo_rusni_vrh/1/1755/3815
1755;https://www.hribi.net/izlet/kuk_rusni_vrh/1/1755/3813
1755;https://www.hribi.net/izlet/bohinjsko_sedlo_rusni_vrh/1/1755/4015
1755;https://www.hribi.net/izlet/vrh_bace_rusni_vrh/1/1755/4021
1755;https://www.hribi.net/izlet/petrovo_brdo_rusni_vrh/1/1755/4024
1755;https://www.hribi.net/izlet/podbrdo_rusni_vrh_cez_vrh_bace/1/1755/4028
1755;https://www.hribi.net/izlet/ravne_rusni_vrh_mimo_oroznove_koce/1/1755/6559
1755;https://www.hribi.net/izlet/ravne_rusni_vrh_cez_planino_za_crno_goro/1/1755/6562
1755;https://www.hribi.net/izlet/bohinjska_bistrica_rusni_vrh_cez_planino_za_crno_goro/1/1755/8483
1756;https://www.hribi.net/izlet/volce_mengore/26/1756/3200
1756;https://www.hribi.net/izlet/preval_poljance_mengore_strma_pot/26/1756/3201
1757;https://www.hribi.net/izlet/tolmin_kozlov_rob_ucna_pot/1/1757/3202
1757;https://www.hribi.net/izlet/tolmin_kozlov_rob_grajska_pot/1/1757/3203
1763;https://www.hribi.net/izlet/planinski_dom_pod_jezo_jeza/26/1763/3209
1763;https://www.hribi.net/izlet/solarji_jeza/26/1763/3205
1764;https://www.hribi.net/izlet/planinski_dom_pod_jezo_deveti_konfin_kota_930/26/1764/3210
1764;https://www.hribi.net/izlet/solarji_deveti_konfin_kota_930_cez_jezo/26/1764/3206
1765;https://www.hribi.net/izlet/solarji_deveti_konfin_kota_942_cez_jezo/26/1765/3207
1765;https://www.hribi.net/izlet/planinski_dom_pod_jezo_deveti_konfin_kota_942/26/1765/3211
1766;https://www.hribi.net/izlet/solarji_planinski_dom_pod_jezo/26/1766/3208
1767;https://www.hribi.net/izlet/livske_ravne_na_gradu/26/1767/3221
1767;https://www.hribi.net/izlet/solarji_na_gradu/26/1767/3212
1768;https://www.hribi.net/izlet/livske_ravne_trinski_vrh/26/1768/3220
1768;https://www.hribi.net/izlet/solarji_trinski_vrh/26/1768/3213
1769;https://www.hribi.net/izlet/solarji_bivak_zanuso_na_kolovratu/26/1769/3214
1769;https://www.hribi.net/izlet/livske_ravne_bivak_zanuso_na_kolovratu/26/1769/3219
1770;https://www.hribi.net/izlet/solarji_nagnoj/26/1770/3215
1770;https://www.hribi.net/izlet/livske_ravne_nagnoj/26/1770/3218
1771;https://www.hribi.net/izlet/solarji_kuk_kolovrat/26/1771/3216
1771;https://www.hribi.net/izlet/livske_ravne_kuk_kolovrat/26/1771/3217
1771;https://www.hribi.net/izlet/livek_kuk_kolovrat/26/1771/7064
1772;https://www.hribi.net/izlet/krn_planina_pretovc/1/1772/3222
1772;https://www.hribi.net/izlet/planina_polog_planina_pretovc/1/1772/3224
1773;https://www.hribi.net/izlet/krn_mrzli_vrh_nad_planino_pretovc/1/1773/3223
1773;https://www.hribi.net/izlet/planina_polog_mrzli_vrh_nad_planino_pretovc/1/1773/3225
1773;https://www.hribi.net/izlet/zatolmin_mrzli_vrh_nad_planino_pretovc_cez_vodel_na_mrzli_vrh/1/1773/7398
1774;https://www.hribi.net/izlet/kambresko_globocak/26/1774/3232
1774;https://www.hribi.net/izlet/srednje_globocak/26/1774/3233
1775;https://www.hribi.net/izlet/planina_kuhinja_italijanska_vojaska_kapela_na_planici/1/1775/3234
1775;https://www.hribi.net/izlet/dreznica_italijanska_vojaska_kapela_na_planici/1/1775/5440
1776;https://www.hribi.net/izlet/planina_kuhinja_planica_pod_krnom/1/1776/3235
1776;https://www.hribi.net/izlet/dreznica_planica_pod_krnom/1/1776/5439
1777;https://www.hribi.net/izlet/dolenji_novaki_bolnica_franja/21/1777/3236
1778;https://www.hribi.net/izlet/tegoska_planina_pungartska_gora/11/1778/3237
1779;https://www.hribi.net/izlet/pamz___pamschbauer_sveta_pec___helige_wand_po_cesti/11/1779/3242
1780;https://www.hribi.net/izlet/pamz___pamschbauer_bela_pec___weisse_wand_cez_sveto_pec/11/1780/3243
1781;https://www.hribi.net/izlet/poden___bodental_rjavca___rjautza/11/1781/3245
1781;https://www.hribi.net/izlet/pamz___pamschbauer_rjavca___rjautza_cez_sveto_pec/11/1781/3244
1782;https://www.hribi.net/izlet/poden___bodental_pozgani_rob/11/1782/3247
1783;https://www.hribi.net/izlet/na_jasi_bled_dobra_gora/1/1783/3248
1785;https://www.hribi.net/izlet/menges_mengeska_koca_na_gobavici_po_trim_stezi/5/1785/3834
1785;https://www.hribi.net/izlet/menges_mengeska_koca_na_gobavici/5/1785/3295
1785;https://www.hribi.net/izlet/phliski_bajer_mengeska_koca_na_gobavici_grebenska_pot/5/1785/3835
1785;https://www.hribi.net/izlet/phliski_bajer_mengeska_koca_na_gobavici_spodnja_pot/5/1785/6465
1785;https://www.hribi.net/izlet/topole_mengeska_koca_na_gobavici/5/1785/6626
1785;https://www.hribi.net/izlet/grad_jablje_mengeska_koca_na_gobavici_grebenska_pot/5/1785/6829
1785;https://www.hribi.net/izlet/grad_jablje_mengeska_koca_na_gobavici_spodnja_pot/5/1785/6830
1786;https://www.hribi.net/izlet/kurja_vas_kovinarska_koca_v_krmi/1/1786/3257
1786;https://www.hribi.net/izlet/dovje_kovinarska_koca_v_krmi/1/1786/3256
1786;https://www.hribi.net/izlet/krnica_most_cez_radovno_kovinarska_koca_v_krmi/1/1786/7368
1787;https://www.hribi.net/izlet/zaborst_poljsica_pri_bledu_planina_rcitno/1/1787/3262
1787;https://www.hribi.net/izlet/bled_velika_zaka_planina_rcitno/1/1787/7574
1787;https://www.hribi.net/izlet/poljsica_pri_gorjah_zatrata_planina_rcitno_po_pespoti/1/1787/6289
1787;https://www.hribi.net/izlet/bohinjska_bela_sv_marjeta_planina_rcitno/1/1787/7588
1788;https://www.hribi.net/izlet/rudno_polje_draski_rob/1/1788/3264
1788;https://www.hribi.net/izlet/rudno_polje_draski_rob_skozi_zgornji_razor/1/1788/3268
1789;https://www.hribi.net/izlet/heidi_alm_schwarzkofel_grebenska_pot/29/1789/3276
1789;https://www.hribi.net/izlet/heidi_alm_schwarzkofel_preko_sedla_falkertscharte/29/1789/3280
1790;https://www.hribi.net/izlet/heidi_alm_rodresnock_grebenska_pot/29/1790/3275
1790;https://www.hribi.net/izlet/heidi_alm_rodresnock_preko_sedla_falkertscharte/29/1790/3277
1791;https://www.hribi.net/izlet/heidi_alm_falkert_plezalna_pot/29/1791/3283
1791;https://www.hribi.net/izlet/heidi_alm_falkert_preko_sedla_falkertscharte/29/1791/3281
1791;https://www.hribi.net/izlet/heidi_alm_falkert_direktna_pot/29/1791/3282
1791;https://www.hribi.net/izlet/heidi_alm_falkert_preko_sedla_hundsfeldcharte/29/1791/3284
1791;https://www.hribi.net/izlet/schiestelscharte_falkert/29/1791/3291
1792;https://www.hribi.net/izlet/heidi_alm_steinnock/29/1792/3285
1792;https://www.hribi.net/izlet/schiestelscharte_steinnock_cez_klomnock/29/1792/3290
1793;https://www.hribi.net/izlet/heidi_alm_mallnock_cez_klomnock/29/1793/3288
1793;https://www.hribi.net/izlet/schiestelscharte_mallnock_cez_klomnock/29/1793/3289
1793;https://www.hribi.net/izlet/heidi_alm_mallnock/29/1793/3287
1794;https://www.hribi.net/izlet/heidi_alm_fadenberg/29/1794/3292
1795;https://www.hribi.net/izlet/heidi_alm_falkertkopfl/29/1795/3293
1796;https://www.hribi.net/izlet/bad_kleinkirchheim_wollaner_nock/29/1796/3296
1796;https://www.hribi.net/izlet/bad_kleinkirchheim_wollaner_nock_po_cesti/29/1796/3303
1796;https://www.hribi.net/izlet/kaiseburg_wollaner_nock/29/1796/3320
1797;https://www.hribi.net/izlet/bad_kleinkirchheim_kaiseburg/29/1797/3298
1797;https://www.hribi.net/izlet/bad_kleinkirchheim_kaiseburg_po_cesti/29/1797/3302
1798;https://www.hribi.net/izlet/bad_kleinkirchheim_rossalmhutte/29/1798/3297
1798;https://www.hribi.net/izlet/bad_kleinkirchheim_rossalmhutte_po_cesti/29/1798/3301
1799;https://www.hribi.net/izlet/bad_kleinkirchheim_waldtratte_po_cesti/29/1799/3299
1800;https://www.hribi.net/izlet/dobriach_breitwand_luft_unter_den_sohlen/29/1800/3294
1803;https://www.hribi.net/izlet/zgornje_danje_kremant_ratitovec/21/1803/3309
1803;https://www.hribi.net/izlet/soriska_pec_kremant_ratitovec/21/1803/3310
1803;https://www.hribi.net/izlet/bohinjsko_sedlo_kremant_ratitovec/21/1803/3563
1803;https://www.hribi.net/izlet/rotek_kremant_ratitovec/21/1803/5661
1803;https://www.hribi.net/izlet/spodnje_danje_kremant_ratitovec/21/1803/5667
1804;https://www.hribi.net/izlet/labot___lavamund_sveti_lovrenc___st_lorenzen_lorenzenberg/28/1804/3329
1805;https://www.hribi.net/izlet/labot___lavamund_sveta_trojica___dreifaltigkeitskirche_lavamund_plezalna_pot/28/1805/3338
1807;https://www.hribi.net/izlet/podkraj___unterort_panoramska_restavracija_oben___panoramarestaurant_oben_walter_mory_klettersteig/11/1807/3345
1807;https://www.hribi.net/izlet/podkraj___unterort_panoramska_restavracija_oben___panoramarestaurant_oben/11/1807/3346
1807;https://www.hribi.net/izlet/podkraj___unterort_panoramska_restavracija_oben___panoramarestaurant_oben_po_poti_st_p6/11/1807/9840
1809;https://www.hribi.net/izlet/globasnica___globasnitz_veska_planina___wackendorfer_alm/11/1809/3355
1809;https://www.hribi.net/izlet/podkraj___unterort_veska_planina___wackendorfer_alm_po_poti_st_p7/11/1809/10390
1810;https://www.hribi.net/izlet/podljubelj_zavetisce_na_kalu/11/1810/3831
1810;https://www.hribi.net/izlet/dolina_zavetisce_na_kalu/11/1810/3360
1810;https://www.hribi.net/izlet/trzic_zavetisce_na_kalu_cez_kamnek/11/1810/3828
1810;https://www.hribi.net/izlet/trzic_cegelse_zavetisce_na_kalu/11/1810/6937
1810;https://www.hribi.net/izlet/podljubelj_zavetisce_na_kalu_cez_javorje/11/1810/6552
1811;https://www.hribi.net/izlet/slovenski_planinski_muzej_grancisce_ferata_mojstrana_-_rdeca/1/1811/5994
1811;https://www.hribi.net/izlet/slovenski_planinski_muzej_grancisce_ferata_mojstrana_-_modra/1/1811/5995
1811;https://www.hribi.net/izlet/mojstrana_grancisce_juzna_pot/1/1811/3363
1811;https://www.hribi.net/izlet/mojstrana_grancisce_severna_pot/1/1811/5114
1812;https://www.hribi.net/izlet/turkov_rovt_vrata_pozgana_mlinarica/1/1812/3365
1812;https://www.hribi.net/izlet/dolina_kot_pozgana_mlinarica/1/1812/3366
1812;https://www.hribi.net/izlet/kosmacev_preval_pozgana_mlinarica/1/1812/3367
1813;https://www.hribi.net/izlet/preserje_sveti_jozef_mlecnik/26/1813/3368
1814;https://www.hribi.net/izlet/kosmacev_preval_lengarjeva_glava/1/1814/3371
1815;https://www.hribi.net/izlet/dolina_kot_pozar/1/1815/3372
1815;https://www.hribi.net/izlet/kosmacev_preval_pozar/1/1815/3370
1816;https://www.hribi.net/izlet/koca_porze_porze___cima_palombino_cez_tilliacher_joch_italijanska_ferata/27/1816/3382
1816;https://www.hribi.net/izlet/koca_porze_porze___cima_palombino_cez_skrbino_porze_avstrijska_zavarovana_pot/27/1816/3386
1817;https://www.hribi.net/izlet/planina_loka_kup_na_raduhi/3/1817/3380
1817;https://www.hribi.net/izlet/luce_kup_na_raduhi/3/1817/6267
1818;https://www.hribi.net/izlet/sentilj_v_slovenskih_goricah_placki_vrh/162/1818/5609
1818;https://www.hribi.net/izlet/svecina_placki_vrh/162/1818/8801
1818;https://www.hribi.net/izlet/zgornja_kungota_placki_vrh/162/1818/8800
1820;https://www.hribi.net/izlet/plajberk_pri_beljaku___bad_bleiberg_traningerwand_extrem_klettersteig/31/1820/3397
1820;https://www.hribi.net/izlet/plajberk_pri_beljaku___bad_bleiberg_traningerwand_bgv_klettersteig/31/1820/3398
1821;https://www.hribi.net/izlet/plajberk_pri_beljaku___bad_bleiberg_hachelnock/31/1821/3400
1822;https://www.hribi.net/izlet/plajberk_pri_beljaku___bad_bleiberg_schwandnock_cez_hachelnock/31/1822/3401
1828;https://www.hribi.net/izlet/beli_potok_pri_frankolovem_stenica/11/1828/3554
1828;https://www.hribi.net/izlet/vitanje_stenica/11/1828/4026
1828;https://www.hribi.net/izlet/vitanje_stenica_po_dolini_potoka_jez/11/1828/8781
1830;https://www.hribi.net/izlet/mokrine___nassfeld_torre_clampil_ferata_amicizia_nassfeld_pramollo/27/1830/3411
1831;https://www.hribi.net/izlet/rifugio_dibona_rifugio_pomedes_via_ferrata_astaldi/39/1831/3406
1831;https://www.hribi.net/izlet/rifugio_dibona_rifugio_pomedes/39/1831/4131
1831;https://www.hribi.net/izlet/ristorante_pietofana_rifugio_pomedes/39/1831/4148
1832;https://www.hribi.net/izlet/rifugio_dibona_punta_anna_via_ferrata_punta_anna/39/1832/3407
1833;https://www.hribi.net/izlet/passo_di_fedaia_punta_serauta_via_ferrata_eterna/39/1833/3408
1834;https://www.hribi.net/izlet/passo_tre_croci_rifugio_son_forca/39/1834/3409
1835;https://www.hribi.net/izlet/passo_tre_croci_rifugio_guido_lorenzi/39/1835/3410
1843;https://www.hribi.net/izlet/rifugio_bai_de_dones_rifugio_scoiattoli_po_smucarski_progi/39/1843/3413
1843;https://www.hribi.net/izlet/rifugio_bai_de_dones_rifugio_scoiattoli_pod_zicnico/39/1843/3414
1843;https://www.hribi.net/izlet/rifugio_bai_de_dones_rifugio_scoiattoli_mimo_rifugio_cinque_torri/39/1843/5040
1843;https://www.hribi.net/izlet/rifugio_bai_de_dones_rifugio_scoiattoli_trincee/39/1843/5099
1845;https://www.hribi.net/izlet/ciampac_rifugio_tobia_del_giagher/39/1845/3418
1846;https://www.hribi.net/izlet/platzwiese___prato_piazza_durrenstein___pico_di_vallandro_normalni_dostop/39/1846/3419
1847;https://www.hribi.net/izlet/passo_tre_croci_cima_di_mezzo_via_ferrata_marino_bianchi/39/1847/3420
1848;https://www.hribi.net/izlet/rifugio_dibona_torre_aglio_via_ferrata_gianni_aglio/39/1848/3421
1849;https://www.hribi.net/izlet/ciampac_sas_de_adam/39/1849/3424
1849;https://www.hribi.net/izlet/malga_crocifisso_sas_de_adam/39/1849/7101
1850;https://www.hribi.net/izlet/ciampac_sass_de_porcel/39/1850/3423
1851;https://www.hribi.net/izlet/ciampac_brunec/39/1851/3422
1854;https://www.hribi.net/izlet/passo_pordoi_rifugio_viel_del_pan_bindelweg/39/1854/4711
1854;https://www.hribi.net/izlet/rifugio_castiglioni_marmolada_rifugio_viel_del_pan/39/1854/3425
1855;https://www.hribi.net/izlet/forni_di_sopra_rifugio_som_picol/27/1855/3426
1856;https://www.hribi.net/izlet/forni_di_sopra_clap_varmost/27/1856/3427
1857;https://www.hribi.net/izlet/forni_di_sopra_malga_varmost/27/1857/3432
1860;https://www.hribi.net/izlet/ciampac_colac_ferrata_dei_finanzieri/39/1860/3431
1860;https://www.hribi.net/izlet/alba_di_canazei_colac_pot_646/39/1860/3502
1861;https://www.hribi.net/izlet/passo_tre_croci_cristallino_dampezzo/39/1861/3433
1862;https://www.hribi.net/izlet/rifugio_dibona_tofana_di_mezzo_via_ferrata_gianni_aglio/39/1862/3434
1862;https://www.hribi.net/izlet/rifugio_dibona_tofana_di_mezzo_via_ferrata_formenton/39/1862/4142
1862;https://www.hribi.net/izlet/ristorante_pietofana_tofana_di_mezzo_via_ferrata_gianni_aglio/39/1862/4365
1863;https://www.hribi.net/izlet/forni_di_sopra_casera_tartoi/27/1863/3436
1863;https://www.hribi.net/izlet/forni_di_sopra_casera_tartoi_cez_malga_varmost/27/1863/3435
1864;https://www.hribi.net/izlet/crnivec_planina_ravni/3/1864/3437
1864;https://www.hribi.net/izlet/hrusevka_planina_ravni/3/1864/3531
1864;https://www.hribi.net/izlet/bela_pec_planina_ravni_mimo_vrha_seduc/3/1864/6216
1864;https://www.hribi.net/izlet/bela_pec_planina_ravni_cez_ovcje_jame/3/1864/6218
1865;https://www.hribi.net/izlet/crnivec_planina_travnik/3/1865/3438
1865;https://www.hribi.net/izlet/tirosek_nova_stifta_planina_travnik/3/1865/3442
1865;https://www.hribi.net/izlet/hrusevka_planina_travnik/3/1865/3532
1865;https://www.hribi.net/izlet/bela_pec_planina_travnik_cez_ovcje_jame/3/1865/6242
1865;https://www.hribi.net/izlet/bela_pec_planina_travnik_mimo_vrha_seduc/3/1865/6237
1867;https://www.hribi.net/izlet/la_crusc_lavarella/39/1867/3440
1867;https://www.hribi.net/izlet/la_crusc_lavarella_cez_ju_dla_crusc/39/1867/3453
1867;https://www.hribi.net/izlet/rifugio_pederu_lavarella/39/1867/4732
1868;https://www.hribi.net/izlet/la_crusc_piz_dles_conturines/39/1868/3445
1868;https://www.hribi.net/izlet/rifugio_pederu_piz_dles_conturines/39/1868/5189
1870;https://www.hribi.net/izlet/la_crusc_lavarella_zahodni_vrh/39/1870/3446
1871;https://www.hribi.net/izlet/parkirisce_erichhutte_erichhutte/59/1871/3448
1872;https://www.hribi.net/izlet/parkirisce_erichhutte_hoher_kopf_konigsjodler/59/1872/3450
1872;https://www.hribi.net/izlet/parkirisce_erichhutte_hoher_kopf_pot_432/59/1872/3451
1873;https://www.hribi.net/izlet/valburga_smledniski_hrib_stari_grad_cez_kalvarijo/5/1873/3454
1873;https://www.hribi.net/izlet/repnje_smledniski_hrib_stari_grad/5/1873/5156
1873;https://www.hribi.net/izlet/valburga_smledniski_hrib_stari_grad_po_cesti/5/1873/3455
1873;https://www.hribi.net/izlet/hrase_smledniski_hrib_stari_grad/5/1873/5158
1873;https://www.hribi.net/izlet/skarucna_smledniski_hrib_stari_grad_cez_zaposki_hrib/5/1873/4768
1874;https://www.hribi.net/izlet/turlwandhutte_sudwandhutte/59/1874/3456
1875;https://www.hribi.net/izlet/turlwandhutte_mitterstein_anna_klettersteig/59/1875/3457
1876;https://www.hribi.net/izlet/zgornja_postaja_zicnice__jastrebec_musala_poletna_pot_na_musalo/88/1876/3459
1879;https://www.hribi.net/izlet/sveti_duh_pod_olsevo_lipseva_vrata_vrata_felsentore_pot_po_meji/11/1879/3466
1880;https://www.hribi.net/izlet/planina_mangrt_skutnik_torre_guarda/1/1880/4296
1881;https://www.hribi.net/izlet/turlwandhutte_seethalerhutte_johann_klettersteig/59/1881/3461
1881;https://www.hribi.net/izlet/turlwandhutte_seethalerhutte_cez_hunerscharte/59/1881/3923
1882;https://www.hribi.net/izlet/turlwandhutte_hunerkogel/59/1882/3463
1883;https://www.hribi.net/izlet/turlwandhutte_kleiner_koppenkarstein_cez_hunerscharte/59/1883/3465
1885;https://www.hribi.net/izlet/turlwandhutte_grosser_koppenkarstein_cez_hunerscharte/59/1885/3469
1886;https://www.hribi.net/izlet/turlwandhutte_hoher_dachstein_super_ferrata/59/1886/3470
1886;https://www.hribi.net/izlet/turlwandhutte_hoher_dachstein_cez_hunerscharte/59/1886/4454
1887;https://www.hribi.net/izlet/ukanc_planina_za_migovcem/1/1887/3477
1887;https://www.hribi.net/izlet/ski_hotel_vogel_planina_za_migovcem/1/1887/3482
1887;https://www.hribi.net/izlet/koca_pri_savici_planina_za_migovcem_mimo_doma_na_komni_in_cez_planino_govnjac/1/1887/3471
1887;https://www.hribi.net/izlet/ukanc_planina_za_migovcem_skozi_zagarjev_graben/1/1887/7869
1887;https://www.hribi.net/izlet/ukanc_planina_za_migovcem_cez_planino_zadnji_vogel/1/1887/7870
1887;https://www.hribi.net/izlet/koca_pri_savici_planina_za_migovcem_mimo_doma_na_komni/1/1887/10746
1888;https://www.hribi.net/izlet/planina_kuk_zeleni_vrh/1/1888/3481
1888;https://www.hribi.net/izlet/koca_pri_savici_zeleni_vrh_mimo_doma_na_komni_in_cez_skrbino/1/1888/3472
1888;https://www.hribi.net/izlet/ukanc_zeleni_vrh/1/1888/3480
1888;https://www.hribi.net/izlet/ski_hotel_vogel_zeleni_vrh/1/1888/3486
1888;https://www.hribi.net/izlet/tolminske_ravne_zeleni_vrh_cez_planino_razor/1/1888/6193
1888;https://www.hribi.net/izlet/tolminske_ravne_zeleni_vrh_po_dolini_pod_plosco/1/1888/8923
1888;https://www.hribi.net/izlet/kneske_ravne_zeleni_vrh_cez_skrbino/1/1888/6942
1889;https://www.hribi.net/izlet/parkirisce_erichhutte_hochkonig_konigsjodler/59/1889/3475
1889;https://www.hribi.net/izlet/parkirisce_erichhutte_hochkonig_pot_432/59/1889/3920
1890;https://www.hribi.net/izlet/turlwandhutte_kleiner_gjaidstein_cez_hunerscharte/59/1890/3483
1892;https://www.hribi.net/izlet/turlwandhutte_hoher_gjaidstein_cez_hunerscharte/59/1892/3491
1894;https://www.hribi.net/izlet/alba_di_canazei_locia_de_contrin/39/1894/3497
1895;https://www.hribi.net/izlet/alba_di_canazei_baita_cianci/39/1895/3498
1896;https://www.hribi.net/izlet/passo_di_fedaia_sass_del_mul/39/1896/3499
1897;https://www.hribi.net/izlet/alba_di_canazei_rifugio_contrin/39/1897/3500
1898;https://www.hribi.net/izlet/ski_hotel_vogel_orlove_glave/1/1898/3501
1899;https://www.hribi.net/izlet/ukanc_planina_zadnji_vogel_skozi_zagarjev_graben/1/1899/3510
1899;https://www.hribi.net/izlet/ski_hotel_vogel_planina_zadnji_vogel/1/1899/3509
1900;https://www.hribi.net/izlet/ski_hotel_vogel_visoki_orlov_rob/1/1900/3503
1900;https://www.hribi.net/izlet/ukanc_visoki_orlov_rob_skozi_zagarjev_graben/1/1900/7857
1901;https://www.hribi.net/izlet/passo_di_fedaia_rifugio_serauta_po_smuciscu/39/1901/3504
1902;https://www.hribi.net/izlet/ski_hotel_vogel_vrh_dlani/1/1902/3505
1903;https://www.hribi.net/izlet/passo_di_fedaia_punta_rocca_po_smuciscu/39/1903/3507
1905;https://www.hribi.net/izlet/alba_di_canazei_cima_ombretta_via_ferrata_ombretta/39/1905/3527
1905;https://www.hribi.net/izlet/alba_di_canazei_cima_ombretta_cez_passo_ombretta/39/1905/3937
1905;https://www.hribi.net/izlet/malga_ciapela_cima_ombretta_cez_passo_ombretta/39/1905/6263
1907;https://www.hribi.net/izlet/jezero_sveti_lovrenc_jezero/26/1907/3514
1910;https://www.hribi.net/izlet/murova_jesenice_kapelica_sv_barbare_na_pejcah/11/1910/3524
1911;https://www.hribi.net/izlet/srednji_vrh_murnovc_cez_grajsco/11/1911/3525
1914;https://www.hribi.net/izlet/hrusevka_sveti_miklavz_na_gori/3/1914/3529
1915;https://www.hribi.net/izlet/hrusevka_prevala/3/1915/3530
1915;https://www.hribi.net/izlet/bela_pec_prevala_cez_ovcje_jame/3/1915/6217
1915;https://www.hribi.net/izlet/bela_pec_prevala_cez_ojstri_vrh/3/1915/6215
1917;https://www.hribi.net/izlet/srnjak_grpisca/11/1917/3540
1918;https://www.hribi.net/izlet/srnjak_tamarca/11/1918/3541
1920;https://www.hribi.net/izlet/vrcice_sveti_ilija_planina/25/1920/3547
1921;https://www.hribi.net/izlet/beli_potok_pri_frankolovem_grad_lindek/11/1921/3552
1922;https://www.hribi.net/izlet/beli_potok_pri_frankolovem_lindeski_slap/11/1922/3553
1924;https://www.hribi.net/izlet/bohinjsko_sedlo_zbajnek/21/1924/3560
1924;https://www.hribi.net/izlet/soriska_pec_zbajnek/21/1924/8275
1925;https://www.hribi.net/izlet/bohinjsko_sedlo_kacji_rob_ovharn/21/1925/3561
1925;https://www.hribi.net/izlet/zgornje_danje_kacji_rob_ovharn/21/1925/5165
1925;https://www.hribi.net/izlet/soriska_pec_kacji_rob_ovharn/21/1925/8276
1926;https://www.hribi.net/izlet/medvodje_rus_preko_sedla_pri_lojtri/11/1926/3566
1926;https://www.hribi.net/izlet/rezman_rus_po_jugozahodnem_grebenu/11/1926/3568
1926;https://www.hribi.net/izlet/dol_rus_po_jugozahodnem_grebenu/11/1926/3567
1926;https://www.hribi.net/izlet/rezman_rus_po_severovzhodnem_grebenu/11/1926/3892
1927;https://www.hribi.net/izlet/medvodje_veliki_vrh_nad_komatevro/11/1927/3569
1928;https://www.hribi.net/izlet/podbrdo_sveti_lenart_baca_pri_podbrdu/1/1928/3583
1929;https://www.hribi.net/izlet/zavrh_pri_trojanah_reber/25/1929/3588
1929;https://www.hribi.net/izlet/kolovrat_reber/25/1929/3736
1929;https://www.hribi.net/izlet/orehovica_pri_mosarju_reber/25/1929/8889
1930;https://www.hribi.net/izlet/podmezakla_jesenice_snezna_jama_na_mezakli_cez_zakop_in_planski_vrh/1/1930/3590
1931;https://www.hribi.net/izlet/solcava_hribarska_huda_zijalka_mimo_solcavske_tise/11/1931/3591
1932;https://www.hribi.net/izlet/praprotno_sveti_tomaz_nad_praprotnim/21/1932/3594
1933;https://www.hribi.net/izlet/trojane_pasnik_lipovec/25/1933/3604
1934;https://www.hribi.net/izlet/trojane_lipovec/25/1934/3605
1935;https://www.hribi.net/izlet/zgornja_besnica_nova_vas_rovnik_vzhodna_pot/21/1935/3614
1935;https://www.hribi.net/izlet/zgornja_besnica_nova_vas_rovnik_zahodna_pot/21/1935/3613
1938;https://www.hribi.net/izlet/kranjska_gora_srnjak/11/1938/3619
1939;https://www.hribi.net/izlet/pri_rosu_koca_pri_pericniku_pot_triglavske_bistrice/1/1939/3620
1939;https://www.hribi.net/izlet/pri_rosu_koca_pri_pericniku_po_cesti/1/1939/3623
1943;https://www.hribi.net/izlet/tuskov_gric_medrce_po_cesti/21/1943/3630
1943;https://www.hribi.net/izlet/poce_medrce_strma_pot/21/1943/7045
1943;https://www.hribi.net/izlet/dolenji_novaki_medrce/21/1943/7042
1943;https://www.hribi.net/izlet/poce_medrce_cez_labinjske_lehe/21/1943/7880
1943;https://www.hribi.net/izlet/cerkno_medrce_cez_labinjske_lehe/21/1943/7890
1943;https://www.hribi.net/izlet/poce_medrce_zimska_smer/21/1943/7879
1944;https://www.hribi.net/izlet/pivka_primoz/26/1944/3632
1944;https://www.hribi.net/izlet/parje_primoz/26/1944/3633
1945;https://www.hribi.net/izlet/pivka_silentabor/26/1945/3634
1945;https://www.hribi.net/izlet/narin_silentabor/26/1945/3639
1945;https://www.hribi.net/izlet/sembije_silentabor_po_brkinskem_robu/26/1945/3693
1945;https://www.hribi.net/izlet/podtabor_silentabor/26/1945/3695
1945;https://www.hribi.net/izlet/zagorje_silentabor/26/1945/3636
1945;https://www.hribi.net/izlet/parje_silentabor/26/1945/3635
1946;https://www.hribi.net/izlet/narin_sveti_martin_silentabor/26/1946/3638
1946;https://www.hribi.net/izlet/sembije_sveti_martin_silentabor_po_brkinskem_robu/26/1946/3692
1946;https://www.hribi.net/izlet/podtabor_sveti_martin_silentabor/26/1946/3694
1946;https://www.hribi.net/izlet/zagorje_sveti_martin_silentabor/26/1946/3637
1947;https://www.hribi.net/izlet/krace_planinski_dom_na_zasavski_sveti_gori/25/1947/3647
1947;https://www.hribi.net/izlet/mlinse_planinski_dom_na_zasavski_sveti_gori/25/1947/3642
1947;https://www.hribi.net/izlet/rovisce_planinski_dom_na_zasavski_sveti_gori_pespot/25/1947/3643
1947;https://www.hribi.net/izlet/rovisce_planinski_dom_na_zasavski_sveti_gori_po_cesti/25/1947/3644
1947;https://www.hribi.net/izlet/vace_planinski_dom_na_zasavski_sveti_gori_po_pobocju/25/1947/7739
1947;https://www.hribi.net/izlet/vidrga_planinski_dom_na_zasavski_sveti_gori_po_gozdni_stezi/25/1947/7743
1947;https://www.hribi.net/izlet/vace_planinski_dom_na_zasavski_sveti_gori_po_grebenu/25/1947/7741
1947;https://www.hribi.net/izlet/vidrga_planinski_dom_na_zasavski_sveti_gori_po_kolovozu/25/1947/7745
1948;https://www.hribi.net/izlet/mlinse_roviskovec/25/1948/3645
1948;https://www.hribi.net/izlet/krace_roviskovec_zahodna_pot/25/1948/3649
1948;https://www.hribi.net/izlet/krace_roviskovec_vzhodna_pot/25/1948/3650
1949;https://www.hribi.net/izlet/krace_plese/25/1949/3651
1949;https://www.hribi.net/izlet/mlinse_plese_preko_zasavske_svete_gore/25/1949/3646
1949;https://www.hribi.net/izlet/izlake_plese_cez_veznico/25/1949/4758
1949;https://www.hribi.net/izlet/izlake_plese_cez_grobovscico/25/1949/4710
1950;https://www.hribi.net/izlet/crne_njive_ahac/26/1950/3657
1950;https://www.hribi.net/izlet/sembije_ahac/26/1950/3656
1950;https://www.hribi.net/izlet/vrbovo_ahac/26/1950/3659
1950;https://www.hribi.net/izlet/jasen_ahac/26/1950/3658
1950;https://www.hribi.net/izlet/vrbiski_dol_ahac/26/1950/3660
1950;https://www.hribi.net/izlet/zvanov_dol_ahac/26/1950/9060
1952;https://www.hribi.net/izlet/grad_hosperk_stari_grad/26/1952/3661
1954;https://www.hribi.net/izlet/grad_hosperk_unska_kolisevka/26/1954/3662
1954;https://www.hribi.net/izlet/unec_unska_kolisevka/26/1954/9449
1955;https://www.hribi.net/izlet/dragomer_strmca_cez_debeli_hrib/5/1955/3668
1955;https://www.hribi.net/izlet/dragomer_bajer_strmca_mimo_ferjanke/5/1955/3667
1955;https://www.hribi.net/izlet/log_pri_brezovici_strmca/5/1955/3666
1955;https://www.hribi.net/izlet/brezje_pri_dobrovi_strmca/5/1955/3665
1955;https://www.hribi.net/izlet/brezje_pri_dobrovi_pavlicek_strmca/5/1955/3669
1955;https://www.hribi.net/izlet/dragomer_os_log-dragomer_strmca_cez_strmec/5/1955/8192
1955;https://www.hribi.net/izlet/sveti_lovrenc_nad_dragomerom_strmca_cez_vrhovcev_gric/5/1955/8207
1957;https://www.hribi.net/izlet/sembije_vrh/26/1957/3690
1958;https://www.hribi.net/izlet/sembije_gradisce_cepan/26/1958/3691
1959;https://www.hribi.net/izlet/preloze_pri_lokvi_veliko_gradisce/26/1959/3702
1959;https://www.hribi.net/izlet/krvavi_potok_veliko_gradisce/26/1959/3700
1960;https://www.hribi.net/izlet/prtovc_lovska_koca_na_toli/21/1960/3730
1960;https://www.hribi.net/izlet/rudenska_grapa_lovska_koca_na_toli/21/1960/3731
1962;https://www.hribi.net/izlet/trbovlje_planinski_dom_vrhe/25/1962/3758
1962;https://www.hribi.net/izlet/loke_planinski_dom_vrhe/25/1962/3747
1962;https://www.hribi.net/izlet/podmeja_planinski_dom_vrhe/25/1962/3754
1962;https://www.hribi.net/izlet/loke_planinski_dom_vrhe_cez_krvavico/25/1962/3742
1962;https://www.hribi.net/izlet/podmeja_planinski_dom_vrhe_severna_pot/25/1962/7934
1962;https://www.hribi.net/izlet/dom_pod_resko_planino_planinski_dom_vrhe/25/1962/7939
1963;https://www.hribi.net/izlet/trbovlje_javor/25/1963/3757
1963;https://www.hribi.net/izlet/planinski_dom_vrhe_javor/25/1963/3751
1963;https://www.hribi.net/izlet/podmeja_javor/25/1963/3753
1963;https://www.hribi.net/izlet/loke_javor_cez_krvavico/25/1963/3743
1963;https://www.hribi.net/izlet/loke_javor/25/1963/3748
1963;https://www.hribi.net/izlet/dom_pod_resko_planino_javor/25/1963/7937
1964;https://www.hribi.net/izlet/reka_rodne/21/1964/3761
1965;https://www.hribi.net/izlet/reka_divje_babe_mimo_cerkve_sv_ivana/21/1965/3765
1966;https://www.hribi.net/izlet/reka_sveti_ivan_nad_divjimi_babami/21/1966/3766
1967;https://www.hribi.net/izlet/reka_sebrelje/21/1967/3767
1968;https://www.hribi.net/izlet/reka_vrhovec/21/1968/3768
1968;https://www.hribi.net/izlet/straza_vrhovec/21/1968/3769
1969;https://www.hribi.net/izlet/straza_jagrsce/21/1969/3764
1970;https://www.hribi.net/izlet/braslovsko_jezero_bezovec_dobrovlje_mimo_lovske_koce/3/1970/3771
1970;https://www.hribi.net/izlet/letus_bezovec_dobrovlje_mimo_lovske_koce/3/1970/3779
1970;https://www.hribi.net/izlet/braslovsko_jezero_bezovec_dobrovlje_mimo_covnikovega_kriza/3/1970/3772
1970;https://www.hribi.net/izlet/letus_bezovec_dobrovlje_mimo_covnikovega_kriza/3/1970/3780
1972;https://www.hribi.net/izlet/braslovsko_jezero_dom_na_dobrovljah/3/1972/3773
1972;https://www.hribi.net/izlet/letus_dom_na_dobrovljah/3/1972/3781
1973;https://www.hribi.net/izlet/zovnesko_jezero_sveti_janez_in_pavel_dobrovlje/3/1973/3787
1973;https://www.hribi.net/izlet/letus_sveti_janez_in_pavel_dobrovlje/3/1973/3782
1973;https://www.hribi.net/izlet/braslovsko_jezero_sveti_janez_in_pavel_dobrovlje/3/1973/3774
1974;https://www.hribi.net/izlet/zovnesko_jezero_grmada_dobrovlje/3/1974/3788
1974;https://www.hribi.net/izlet/letus_grmada_dobrovlje/3/1974/3783
1974;https://www.hribi.net/izlet/braslovsko_jezero_grmada_dobrovlje/3/1974/3775
1975;https://www.hribi.net/izlet/divje_jezero_zagrebenc/21/1975/3793
1976;https://www.hribi.net/izlet/matevljek_petelinjek_mimo_votle_stene/26/1976/3819
1976;https://www.hribi.net/izlet/matevljek_petelinjek/26/1976/3817
1977;https://www.hribi.net/izlet/matevljek_velika_jazbina/26/1977/3818
1978;https://www.hribi.net/izlet/trzic_veliki_vrh_nad_zavrsnikom_cez_kamnek/11/1978/3827
1978;https://www.hribi.net/izlet/podljubelj_veliki_vrh_nad_zavrsnikom/11/1978/6566
1978;https://www.hribi.net/izlet/trzic_veliki_vrh_nad_zavrsnikom_pod_kamnekom/11/1978/6377
1978;https://www.hribi.net/izlet/trzic_veliki_vrh_nad_zavrsnikom_milanova_pot/11/1978/6379
1978;https://www.hribi.net/izlet/trzic_cegelse_veliki_vrh_nad_zavrsnikom/11/1978/6563
1981;https://www.hribi.net/izlet/ruta_lobnikov_vrh_krozna_pot/4/1981/3848
1981;https://www.hribi.net/izlet/cinzat_lobnikov_vrh/4/1981/9612
1981;https://www.hribi.net/izlet/puscava_lobnikov_vrh/4/1981/9611
1981;https://www.hribi.net/izlet/fala_grad_lobnikov_vrh/4/1981/9613
1982;https://www.hribi.net/izlet/zagreb_sestine_sljeme_pot_hpd_pot_st_52/61/1982/3849
1982;https://www.hribi.net/izlet/zagreb_gracani_sljeme_bikceviceva_staza/61/1982/4765
1982;https://www.hribi.net/izlet/zagreb_sestine_sljeme_mimo_kraljicina_zdenca_po_mrcini/61/1982/4734
1982;https://www.hribi.net/izlet/pila_sljeme_cez_horvatove_stube_ter_mimo_hunjke_in_puntijarke/61/1982/5985
1982;https://www.hribi.net/izlet/gornja_bistra_sljeme_preko_bistranskega_sedla_-_pot_46/61/1982/4453
1982;https://www.hribi.net/izlet/zagreb_sestine_sljeme_mimo_kraljicinega_zdenca_po_hpd_poti/61/1982/4737
1982;https://www.hribi.net/izlet/gornja_bistra_sljeme_mimo_lugarnice_ostrica_-_pot_42/61/1982/4451
1982;https://www.hribi.net/izlet/zagreb_gracani_sljeme_leustekova_steza/61/1982/4766
1983;https://www.hribi.net/izlet/raspet_kopa_cimprovka/21/1983/3851
1983;https://www.hribi.net/izlet/poce_kopa_cimprovka_zimska_smer/21/1983/7883
1983;https://www.hribi.net/izlet/cerkno_kopa_cimprovka/21/1983/7889
1984;https://www.hribi.net/izlet/cvetrez_lascek/26/1984/3854
1984;https://www.hribi.net/izlet/srednji_lokovec_lascek_skozi_rastelo/26/1984/4788
1984;https://www.hribi.net/izlet/srednji_lokovec_lascek_skozi_novo_mesto/26/1984/4785
1984;https://www.hribi.net/izlet/cvetrez_lascek_po_cesti/26/1984/3855
1987;https://www.hribi.net/izlet/drnulk_vrh_skopice/26/1987/3860
1987;https://www.hribi.net/izlet/cepovan_zelinc_vrh_skopice/26/1987/3861
1988;https://www.hribi.net/izlet/krtovse_slap_v_sopotih_prsjak/21/1988/3862
1989;https://www.hribi.net/izlet/stara_fuzina_planina_vodicni_vrh/1/1989/3864
1989;https://www.hribi.net/izlet/planina_blato_planina_vodicni_vrh/1/1989/10990
1990;https://www.hribi.net/izlet/parkirisce_pri_botanicnem_vrtu_pasaricev_kuk_premuziceva_steza/30/1990/3873
1991;https://www.hribi.net/izlet/podkorita_bitenjska_planina/21/1991/3876
1991;https://www.hribi.net/izlet/nomenj_bitenjska_planina_mimo_eminega_plavza/21/1991/6863
1992;https://www.hribi.net/izlet/bitenjska_planina_ribceva_planina/21/1992/3883
1992;https://www.hribi.net/izlet/podkorita_ribceva_planina/21/1992/3877
1994;https://www.hribi.net/izlet/dobrova_vrhe_nad_dobrovo/5/1994/3910
1994;https://www.hribi.net/izlet/hrusevo_vrhe_nad_dobrovo/5/1994/4428
1996;https://www.hribi.net/izlet/rudno_polje_planina_zajamniki/1/1996/4318
1996;https://www.hribi.net/izlet/parkirisce_uskovnica_planina_zajamniki/1/1996/3898
1996;https://www.hribi.net/izlet/zgornji_goreljek_planina_zajamniki/1/1996/4317
1997;https://www.hribi.net/izlet/gozdarska_koca_rovtarica_pocitniski_dom_goricane/21/1997/3900
1998;https://www.hribi.net/izlet/gozdarska_koca_rovtarica_selska_planina/21/1998/3904
1999;https://www.hribi.net/izlet/gozdarska_koca_rovtarica_oblakova_planina_skozi_gladko_dolino/21/1999/3902
1999;https://www.hribi.net/izlet/gozdarska_koca_rovtarica_oblakova_planina_cez_zontarico/21/1999/3906
2000;https://www.hribi.net/izlet/gozdarska_koca_rovtarica_planina_tamar_skozi_gladko_dolino/21/2000/3903
2000;https://www.hribi.net/izlet/gozdarska_koca_rovtarica_planina_tamar_cez_zontarico/21/2000/3907
2001;https://www.hribi.net/izlet/alba_di_canazei_bivak_dal_bianco/39/2001/3919
2001;https://www.hribi.net/izlet/malga_ciapela_bivak_dal_bianco/39/2001/5496
2002;https://www.hribi.net/izlet/ortnek_sveti_gregor_na_slemenih/26/2002/3924
2003;https://www.hribi.net/izlet/pisnica_frdamane_police/1/2003/9837
2004;https://www.hribi.net/izlet/carbonin_durrensteinhutte___rifugio_vallandro/39/2004/3930
2005;https://www.hribi.net/izlet/carbonin_knollkopf___col_rotondo_dei_canope/39/2005/3931
2006;https://www.hribi.net/izlet/carbonin_helltaler_schlechten/39/2006/3932
2007;https://www.hribi.net/izlet/carbonin_strudelkopf___monte_specie/39/2007/3933
2007;https://www.hribi.net/izlet/drei_zinnen_blick_strudelkopf___monte_specie/39/2007/7507
2008;https://www.hribi.net/izlet/carbonin_monte_fumo___rauhkofel/39/2008/3935
2008;https://www.hribi.net/izlet/carbonin_monte_fumo___rauhkofel_severna_pot/39/2008/3934
2009;https://www.hribi.net/izlet/alba_di_canazei_cima_ombretta_di_mezzo_cez_passo_ombretta/39/2009/3936
2009;https://www.hribi.net/izlet/alba_di_canazei_cima_ombretta_di_mezzo_via_ferrata_ombretta/39/2009/3938
2009;https://www.hribi.net/izlet/malga_ciapela_cima_ombretta_di_mezzo_cez_passo_ombretta/39/2009/5804
2011;https://www.hribi.net/izlet/koca_na_pesku_jezerc/4/2011/3946
2011;https://www.hribi.net/izlet/lovrenc_na_pohorju_pokopalisce_jezerc/4/2011/10340
2011;https://www.hribi.net/izlet/lovrenc_na_pohorju_jezerc_po_poti_ob_radoljni/4/2011/10335
2011;https://www.hribi.net/izlet/lovrenc_na_pohorju_jezerc_spodaj_ob_radoljni_visje_po_cesti/4/2011/10336
2012;https://www.hribi.net/izlet/passo_gardena_gran_cir___grosse_cirspitze/39/2012/3947
2013;https://www.hribi.net/izlet/passo_gardena_jimmy_hutte/39/2013/3949
2014;https://www.hribi.net/izlet/passo_gardena_col_toronn/39/2014/3950
2015;https://www.hribi.net/izlet/passo_gardena_sas_ciampac/39/2015/3951
2015;https://www.hribi.net/izlet/colfosco_sas_ciampac/39/2015/3961
2016;https://www.hribi.net/izlet/passo_gardena_lech_de_crespeina/39/2016/3955
2017;https://www.hribi.net/izlet/passo_gardena_col_turont/39/2017/3954
2018;https://www.hribi.net/izlet/passo_gardena_rifugio_puez___puez_hutte/39/2018/3953
2018;https://www.hribi.net/izlet/colfosco_rifugio_puez___puez_hutte/39/2018/3960
2018;https://www.hribi.net/izlet/lech_da_sompunt_rifugio_puez___puez_hutte_pot_15/39/2018/5443
2018;https://www.hribi.net/izlet/lech_da_sompunt_rifugio_puez___puez_hutte_pot_11/39/2018/5442
2020;https://www.hribi.net/izlet/vurmat_sturm_sveti_duh_na_ostrem_vrhu/162/2020/3959
2020;https://www.hribi.net/izlet/selnica_ob_dravi_sveti_duh_na_ostrem_vrhu_aljazeva_pot/162/2020/4426
2020;https://www.hribi.net/izlet/veliki_boc_zgornji_kovac_sveti_duh_na_ostrem_vrhu/162/2020/8351
2020;https://www.hribi.net/izlet/gradisce_na_kozjaku_sveti_duh_na_ostrem_vrhu/162/2020/8354
2020;https://www.hribi.net/izlet/gradisce_na_kozjaku_hajdisev_mlin_sveti_duh_na_ostrem_vrhu/162/2020/8353
2020;https://www.hribi.net/izlet/janzeva_gora_sveti_duh_na_ostrem_vrhu_mimo_cerkve_sv_janeza_krstnika/162/2020/9620
2021;https://www.hribi.net/izlet/colfosco_rifugio_col_pradat_po_cesti/39/2021/3957
2022;https://www.hribi.net/izlet/colfosco_rifugio_edelweiss/39/2022/3956
2023;https://www.hribi.net/izlet/colfosco_sassongher/39/2023/3958
2025;https://www.hribi.net/izlet/malga_fosse_bivak_fiamme_gialle_via_ferrata_bolver_lugli/39/2025/3970
2025;https://www.hribi.net/izlet/san_martino_bivak_fiamme_gialle_mimo_rifugio_rosetta/39/2025/4110
2025;https://www.hribi.net/izlet/malga_fosse_bivak_fiamme_gialle/39/2025/4109
2026;https://www.hribi.net/izlet/malga_fosse_cima_vezzana_via_ferrata_bolver_lugli/39/2026/3971
2026;https://www.hribi.net/izlet/san_martino_cima_vezzana_mimo_rifugio_rosetta/39/2026/4352
2026;https://www.hribi.net/izlet/malga_fosse_cima_vezzana/39/2026/4351
2027;https://www.hribi.net/izlet/malga_fosse_il_nuvolo_via_ferrata_bolver_lugli/39/2027/3972
2027;https://www.hribi.net/izlet/san_martino_il_nuvolo_mimo_rifugio_rosetta/39/2027/4354
2027;https://www.hribi.net/izlet/malga_fosse_il_nuvolo/39/2027/4353
2028;https://www.hribi.net/izlet/malga_fosse_rifugio_rosetta/39/2028/3977
2028;https://www.hribi.net/izlet/san_martino_rifugio_rosetta/39/2028/3978
2029;https://www.hribi.net/izlet/san_martino_rifugio_malga_pala/39/2029/3975
2030;https://www.hribi.net/izlet/san_martino_rifugio_colverde/39/2030/3976
2031;https://www.hribi.net/izlet/san_martino_cima_della_rosetta/39/2031/3979
2031;https://www.hribi.net/izlet/malga_fosse_cima_della_rosetta/39/2031/3980
2033;https://www.hribi.net/izlet/passo_gardena_rifugio_pisciadu_via_ferrata_brigata_tridentina/39/2033/3985
2033;https://www.hribi.net/izlet/passo_gardena_rifugio_pisciadu/39/2033/3997
2034;https://www.hribi.net/izlet/passo_gardena_cima_pisciadu_via_ferrata_brigata_tridentina/39/2034/3987
2034;https://www.hribi.net/izlet/passo_gardena_cima_pisciadu_pot_666/39/2034/4104
2035;https://www.hribi.net/izlet/passo_pordoi_rifugio_boe/39/2035/4108
2035;https://www.hribi.net/izlet/passo_gardena_rifugio_boe/39/2035/4105
2035;https://www.hribi.net/izlet/passo_gardena_rifugio_boe_via_ferrata_brigata_tridentina/39/2035/3989
2037;https://www.hribi.net/izlet/rifugio_passo_sella_rifugio_toni_demetz/39/2037/4001
2038;https://www.hribi.net/izlet/rifugio_passo_sella_rifugio_vicenza_pot_525/39/2038/4002
2039;https://www.hribi.net/izlet/passo_sella_sassopiatto___plattkofel/39/2039/4038
2039;https://www.hribi.net/izlet/rifugio_passo_sella_sassopiatto___plattkofel_via_ferrata_oskar_schuster/39/2039/4003
2040;https://www.hribi.net/izlet/rosstratte_zehnernock/31/2040/4004
2041;https://www.hribi.net/izlet/rute___greuth_veliki_mosenik___grosse_muschenig_skozi_hasengraben/11/2041/4007
2041;https://www.hribi.net/izlet/rute___greuth_veliki_mosenik___grosse_muschenig_cez_podgorsko_planino/11/2041/4005
2042;https://www.hribi.net/izlet/rute___greuth_podgorska_planina___maria_elender_alm/11/2042/4006
2043;https://www.hribi.net/izlet/passo_sella_rifugio_friedrich_august/39/2043/4008
2046;https://www.hribi.net/izlet/erlacherhaus_grosser_rosennock_mimo_feldhutte/29/2046/4069
2046;https://www.hribi.net/izlet/erlacherhaus_grosser_rosennock_mimo_erlacher_bockhutte/29/2046/4070
2047;https://www.hribi.net/izlet/passo_sella_rifugio_sandro_pertini/39/2047/4036
2048;https://www.hribi.net/izlet/passo_sella_rifugio_sasso_piatto/39/2048/4037
2049;https://www.hribi.net/izlet/palafavera_monte_civetta_via_ferrata_alleghesi/39/2049/4043
2049;https://www.hribi.net/izlet/palafavera_monte_civetta_via_normale/39/2049/4045
2050;https://www.hribi.net/izlet/palafavera_rifugio_sonino_al_coldai/39/2050/4042
2051;https://www.hribi.net/izlet/palafavera_rifugio_torrani/39/2051/4044
2052;https://www.hribi.net/izlet/rifugio_rio_gere_rifugio_faloria/39/2052/4046
2052;https://www.hribi.net/izlet/lago_scin_rifugio_faloria_ferrata_sci_club_18/39/2052/5460
2052;https://www.hribi.net/izlet/lago_scin_rifugio_faloria/39/2052/5461
2053;https://www.hribi.net/izlet/rifugio_rio_gere_rifugio_tondi/39/2053/4047
2054;https://www.hribi.net/izlet/passo_tre_croci_sella_di_punta_nera_pot_215/39/2054/4051
2054;https://www.hribi.net/izlet/rifugio_rio_gere_sella_di_punta_nera/39/2054/4048
2055;https://www.hribi.net/izlet/passo_tre_croci_lago_di_sorapiss___rifugio_vandelli_pot_215/39/2055/4049
2057;https://www.hribi.net/izlet/passo_staulanza_rifugio_venezia/39/2057/4057
2058;https://www.hribi.net/izlet/passo_staulanza_monte_pena/39/2058/4058
2059;https://www.hribi.net/izlet/erschbaum_grosse_kinigat___monte_cavallino_klettersteig/27/2059/4083
2059;https://www.hribi.net/izlet/erschbaum_grosse_kinigat___monte_cavallino_zahodna_pot/27/2059/4090
2061;https://www.hribi.net/izlet/erschbaum_obstansersee_hutte/27/2061/4088
2062;https://www.hribi.net/izlet/erschbaum_pfannspitze___cima_vanscuro/27/2062/4089
2063;https://www.hribi.net/izlet/rifugio_valparola_piz_ciampei/39/2063/4092
2064;https://www.hribi.net/izlet/preserje_zalostna_gora_pri_preserju/26/2064/4101
2064;https://www.hribi.net/izlet/prevalje_pod_krimom_zalostna_gora_pri_preserju/26/2064/4100
2065;https://www.hribi.net/izlet/rifugio_valparola_les_pizades/39/2065/4102
2066;https://www.hribi.net/izlet/rifugio_valparola_setsas/39/2066/4103
2066;https://www.hribi.net/izlet/passo_campolongo_setsas/39/2066/7907
2067;https://www.hribi.net/izlet/passo_gardena_col_de_mesores___sass_dla_luesa/39/2067/4107
2071;https://www.hribi.net/izlet/nevlje_pri_kamniku_vovar/3/2071/4111
2071;https://www.hribi.net/izlet/gozd_vovar_pot_razgleda/3/2071/7732
2071;https://www.hribi.net/izlet/brezje_nad_kamnikom_vovar_zahodna_pot/3/2071/7729
2071;https://www.hribi.net/izlet/brezje_nad_kamnikom_vovar_severna_pot/3/2071/7730
2071;https://www.hribi.net/izlet/gozd_vovar_severna_pot/3/2071/7735
2071;https://www.hribi.net/izlet/gozd_vovar_vzhodna_pot/3/2071/7734
2072;https://www.hribi.net/izlet/zadnjica_vodnikov_vrsac_vrsac_nad_zadnjico/1/2072/4114
2072;https://www.hribi.net/izlet/zadnjica_vodnikov_vrsac_vrsac_nad_zadnjico_pot_mire_marko_debelakove/1/2072/4115
2072;https://www.hribi.net/izlet/trenta_vodnikov_vrsac_vrsac_nad_zadnjico/1/2072/5983
2072;https://www.hribi.net/izlet/koca_pri_savici_vodnikov_vrsac_vrsac_nad_zadnjico/1/2072/6641
2072;https://www.hribi.net/izlet/planina_blato_vodnikov_vrsac_vrsac_nad_zadnjico_po_dolini_za_kopico/1/2072/8261
2073;https://www.hribi.net/izlet/rifugio_pederu_rifugio_lavarella/39/2073/4119
2074;https://www.hribi.net/izlet/rifugio_pederu_rifugio_fanes/39/2074/4121
2075;https://www.hribi.net/izlet/rifugio_pederu_lciaval___kreuzkofel_pot_7/39/2075/4172
2075;https://www.hribi.net/izlet/la_crusc_lciaval___kreuzkofel/39/2075/4724
2075;https://www.hribi.net/izlet/rifugio_pederu_lciaval___kreuzkofel_pot_12/39/2075/4122
2076;https://www.hribi.net/izlet/rifugio_pederu_sasso_delle_dieci___zehnerspitze_pot_7/39/2076/4173
2076;https://www.hribi.net/izlet/rifugio_pederu_sasso_delle_dieci___zehnerspitze_pot_12/39/2076/4129
2076;https://www.hribi.net/izlet/la_crusc_sasso_delle_dieci___zehnerspitze/39/2076/5104
2077;https://www.hribi.net/izlet/ristorante_pietofana_rifugio_ra_valles/39/2077/4145
2077;https://www.hribi.net/izlet/rifugio_dibona_rifugio_ra_valles/39/2077/4132
2077;https://www.hribi.net/izlet/ristorante_pietofana_rifugio_ra_valles_mimo_rifugio_pomedes/39/2077/4150
2078;https://www.hribi.net/izlet/ristorante_pietofana_cima_formenton/39/2078/4156
2078;https://www.hribi.net/izlet/rifugio_dibona_cima_formenton/39/2078/4135
2078;https://www.hribi.net/izlet/ristorante_pietofana_cima_formenton_mimo_rifugio_pomedes/39/2078/4157
2079;https://www.hribi.net/izlet/rifugio_dibona_bivak_baracca_degli_alpini/39/2079/4138
2079;https://www.hribi.net/izlet/ristorante_pietofana_bivak_baracca_degli_alpini/39/2079/4366
2079;https://www.hribi.net/izlet/ristorante_pietofana_bivak_baracca_degli_alpini_mimo_rifugio_pomedes/39/2079/4367
2080;https://www.hribi.net/izlet/rifugio_dibona_tofana_di_dentro/39/2080/4139
2080;https://www.hribi.net/izlet/ristorante_pietofana_tofana_di_dentro/39/2080/5214
2081;https://www.hribi.net/izlet/litija_frtica_sitarjevec/25/2081/4280
2081;https://www.hribi.net/izlet/litija_bar_3m_sitarjevec/25/2081/4281
2083;https://www.hribi.net/izlet/ristorante_pietofana_rifugio_duca_daosta/39/2083/4146
2083;https://www.hribi.net/izlet/pocol_de_ra_crosc_rifugio_duca_daosta/39/2083/6041
2084;https://www.hribi.net/izlet/kamnolom_ljubelj_vranilac_kalnik_pot_2/61/2084/4155
2084;https://www.hribi.net/izlet/planinski_dom_kalnik_vranilac_kalnik_plezalna_pot/61/2084/4197
2084;https://www.hribi.net/izlet/planinski_dom_kalnik_vranilac_kalnik_pot_7_zob/61/2084/4195
2084;https://www.hribi.net/izlet/planinski_dom_kalnik_vranilac_kalnik/61/2084/4162
2084;https://www.hribi.net/izlet/planinski_dom_kalnik_vranilac_kalnik_mala_obhodnica_okoli_vrha_vranilac/61/2084/4196
2090;https://www.hribi.net/izlet/matrafuered_kekes___kekesteto_marijina_pot/134/2090/4164
2090;https://www.hribi.net/izlet/matrafuered_kekes___kekesteto_pot_modri_kriz/134/2090/4163
2090;https://www.hribi.net/izlet/matrafured_kekes___kekesteto_rdeca_pot_mimo_peresberca_in_negyeshatara/134/2090/4760
2090;https://www.hribi.net/izlet/matrafured_kekes___kekesteto_pot_modri_trikotnik/134/2090/4761
2090;https://www.hribi.net/izlet/matrafured_kekes___kekesteto_zelena_pot/134/2090/5081
2090;https://www.hribi.net/izlet/paradohuta_kekes___kekesteto_pot_rumeni_kriz/134/2090/6640
2090;https://www.hribi.net/izlet/paradohuta_kekes___kekesteto_pot_rdeci_kriz/134/2090/6639
2091;https://www.hribi.net/izlet/kisapati_szent_gyoergy_hegy/132/2091/4167
2093;https://www.hribi.net/izlet/medvodje_stegovniski_slap/11/2093/4174
2095;https://www.hribi.net/izlet/fuciade_passo_san_pellegrino_sasso_vernale/39/2095/4179
2096;https://www.hribi.net/izlet/fuciade_passo_san_pellegrino_cima_ombrettola/39/2096/4177
2097;https://www.hribi.net/izlet/matizovec_planina_pungrat/11/2097/4180
2097;https://www.hribi.net/izlet/pod_krnico_planina_pungrat/11/2097/4188
2097;https://www.hribi.net/izlet/mhe_zali_potok_planina_pungrat/11/2097/6529
2098;https://www.hribi.net/izlet/matizovec_tegoska_planina/11/2098/4181
2098;https://www.hribi.net/izlet/pod_krnico_tegoska_planina/11/2098/4187
2098;https://www.hribi.net/izlet/matizovec_tegoska_planina_granicarska_pot/11/2098/4186
2098;https://www.hribi.net/izlet/mhe_zali_potok_tegoska_planina/11/2098/6530
2099;https://www.hribi.net/izlet/matizovec_planina_ilovica/11/2099/4185
2099;https://www.hribi.net/izlet/pod_krnico_planina_ilovica/11/2099/4190
2101;https://www.hribi.net/izlet/tolminske_ravne_planina_na_kalu/1/2101/5913
2101;https://www.hribi.net/izlet/tolminska_korita_planina_na_kalu_skozi_tolminska_korita_in_cez_tolminske_ravne/1/2101/5918
2101;https://www.hribi.net/izlet/planina_kuk_planina_na_kalu/1/2101/7026
2101;https://www.hribi.net/izlet/tolminska_korita_planina_na_kalu_cez_hudicev_most_in_cez_tolminske_ravne/1/2101/5915
2101;https://www.hribi.net/izlet/cadrg_planina_na_kalu/1/2101/9224
2101;https://www.hribi.net/izlet/kneske_ravne_planina_na_kalu/1/2101/6935
2102;https://www.hribi.net/izlet/tolminske_ravne_tolminski_migovec/1/2102/4193
2102;https://www.hribi.net/izlet/cadrg_tolminski_migovec/1/2102/9369
2104;https://www.hribi.net/izlet/seljanec_ham_ob_seljaneckem_potoku/61/2104/4198
2105;https://www.hribi.net/izlet/passo_valles_cima_venegiotta_pot_749_in_751/39/2105/4201
2106;https://www.hribi.net/izlet/weinebene_grillitschhutte_golica_koralpe/28/2106/4202
2106;https://www.hribi.net/izlet/parkirisce_pod_prelazom_weinebene_grillitschhutte_golica_koralpe/28/2106/8863
2106;https://www.hribi.net/izlet/weinebene_grillitschhutte_golica_koralpe_cez_moschkogel/28/2106/9200
2107;https://www.hribi.net/izlet/weinebene_huhnerstutze_golica_koralpe/28/2107/4203
2107;https://www.hribi.net/izlet/parkirisce_pod_prelazom_weinebene_huhnerstutze_golica_koralpe_razgledna_pot/28/2107/8858
2108;https://www.hribi.net/izlet/passo_valles_cima_caladora___cima_del_lago_pot_749_in_751/39/2108/4236
2109;https://www.hribi.net/izlet/dobrovnik_bukovnisko_jezero/163/2109/4213
2109;https://www.hribi.net/izlet/bogojina_bukovnisko_jezero_po_cesti/163/2109/4212
2109;https://www.hribi.net/izlet/bukovnisko_jezero_bukovnisko_jezero_pot_okoli_jezera/163/2109/8412
2109;https://www.hribi.net/izlet/bogojina_bukovnisko_jezero/163/2109/8421
2109;https://www.hribi.net/izlet/motvarjevci_bukovnisko_jezero/163/2109/10750
2109;https://www.hribi.net/izlet/kobilje_bukovnisko_jezero/163/2109/10735
2110;https://www.hribi.net/izlet/weinebene_handalm/28/2110/4214
2110;https://www.hribi.net/izlet/glashutten_gasthof_almwirt_handalm/28/2110/10953
2110;https://www.hribi.net/izlet/gasthof_pfeifferstocker_handalm/28/2110/10152
2110;https://www.hribi.net/izlet/hebalm_gasthaus_zur_rehbockhutte_handalm/28/2110/9492
2110;https://www.hribi.net/izlet/weinebene_strasse_handalm/28/2110/10146
2111;https://www.hribi.net/izlet/weinebene_weberkogel/28/2111/4215
2111;https://www.hribi.net/izlet/hebalm_gasthaus_zur_rehbockhutte_weberkogel/28/2111/9491
2111;https://www.hribi.net/izlet/gasthof_pfeifferstocker_weberkogel/28/2111/10151
2111;https://www.hribi.net/izlet/weinebene_strasse_weberkogel/28/2111/10145
2112;https://www.hribi.net/izlet/weinebene_glashuttenkogel/28/2112/4216
2112;https://www.hribi.net/izlet/glashutten_gasthof_almwirt_glashuttenkogel/28/2112/10952
2113;https://www.hribi.net/izlet/andrejci_sveti_benedikt_kancevci/163/2113/4218
2113;https://www.hribi.net/izlet/sebeborci_sveti_benedikt_kancevci/163/2113/4217
2113;https://www.hribi.net/izlet/moravske_toplice_sveti_benedikt_kancevci/163/2113/8471
2113;https://www.hribi.net/izlet/selo_brunarica_tic_selo_sveti_benedikt_kancevci/163/2113/8490
2113;https://www.hribi.net/izlet/gornji_petrovci_dol_sveti_benedikt_kancevci/163/2113/8434
2114;https://www.hribi.net/izlet/gaber_pri_semicu_sveti_primoz_in_felicijan_nad_semicem/25/2114/4220
2115;https://www.hribi.net/izlet/gaber_pri_semicu_semenic/25/2115/4222
2116;https://www.hribi.net/izlet/gaber_pri_semicu_smuk_cez_semenic/25/2116/4223
2116;https://www.hribi.net/izlet/gaber_pri_semicu_smuk_po_smuski_cesti/25/2116/4224
2117;https://www.hribi.net/izlet/kolnica_planinski_dom_goska_ravan/21/2117/4227
2117;https://www.hribi.net/izlet/kolnica_planinski_dom_goska_ravan_po_cesti/21/2117/4226
2117;https://www.hribi.net/izlet/spodnja_lipnica_kolnica_planinski_dom_goska_ravan_zgoraj_po_cesti/21/2117/7385
2117;https://www.hribi.net/izlet/kamna_gorica_planinski_dom_goska_ravan/21/2117/7501
2117;https://www.hribi.net/izlet/kropa_slovenska_pec_planinski_dom_goska_ravan_zgoraj_po_cesti/21/2117/7381
2117;https://www.hribi.net/izlet/kropa_srednji_konec_planinski_dom_goska_ravan_cez_vreteno_in_zgoraj_po_cesti/21/2117/7506
2118;https://www.hribi.net/izlet/planica_planinsek_planina_ravne_po_cesti/3/2118/4228
2119;https://www.hribi.net/izlet/pirman_grad_turjak_daljsa_pot/25/2119/4234
2119;https://www.hribi.net/izlet/turjak_grad_turjak/25/2119/4235
2119;https://www.hribi.net/izlet/pirman_grad_turjak_krajsa_pot/25/2119/4233
2120;https://www.hribi.net/izlet/passo_valles_cima_valles___cima_venegia/39/2120/4272
2121;https://www.hribi.net/izlet/badacsony_badacsony_juzna_pot/132/2121/4239
2121;https://www.hribi.net/izlet/badacsonytordemic_badacsony_zahodna_pot/132/2121/4237
2121;https://www.hribi.net/izlet/badasconytomaj_badacsony_severna_pot/132/2121/4238
2122;https://www.hribi.net/izlet/badacsonytomaj___csangoi_dulo_gulacs_juzna_pot/132/2122/4240
2122;https://www.hribi.net/izlet/nemesgulacs_gulacs/132/2122/4242
2124;https://www.hribi.net/izlet/pri_jalnu___fusine_laghi_marija_snezna_kavalar___madonna_della_neve/11/2124/4246
2124;https://www.hribi.net/izlet/ratece_marija_snezna_kavalar___madonna_della_neve/11/2124/5653
2125;https://www.hribi.net/izlet/ljubljanica_marinceva_planina_hrib/5/2125/4247
2125;https://www.hribi.net/izlet/suhi_dol_marinceva_planina_hrib/5/2125/4248
2126;https://www.hribi.net/izlet/zavrh___hintergupf_macna___matzen/11/2126/4250
2126;https://www.hribi.net/izlet/zavrh___hintergupf_macna___matzen_mimo_sv_ane/11/2126/4252
2126;https://www.hribi.net/izlet/borovlje___ferlach_macna___matzen/11/2126/7394
2126;https://www.hribi.net/izlet/bajdise_gozdar___waidisch_forsthaus_macna___matzen/11/2126/7399
2127;https://www.hribi.net/izlet/zavrh___hintergupf_sveta_ana_macna___st_anna_matzen/11/2127/4251
2127;https://www.hribi.net/izlet/borovlje___ferlach_sveta_ana_macna___st_anna_matzen/11/2127/7393
2127;https://www.hribi.net/izlet/bajdise_gozdar___waidisch_forsthaus_sveta_ana_macna___st_anna_matzen/11/2127/7400
2128;https://www.hribi.net/izlet/rude_ostrc_hoffmannova_pot/61/2128/4255
2128;https://www.hribi.net/izlet/rude_ostrc/61/2128/4253
2128;https://www.hribi.net/izlet/mali_lipovec_soiceva_kuca_ostrc_mimo_starega_gradu_lipovec/61/2128/5134
2128;https://www.hribi.net/izlet/rude_ostrc_strma_pot_skozi_braslovje/61/2128/4577
2128;https://www.hribi.net/izlet/mali_lipovec_soiceva_kuca_ostrc/61/2128/5135
2129;https://www.hribi.net/izlet/izlake__zabreznik_sv_miklavz_cez_loke/25/2129/4254
2129;https://www.hribi.net/izlet/zgornje_izlake_zabreznik_sv_miklavz_cez_zgornje_izlake/25/2129/4256
2130;https://www.hribi.net/izlet/bezgovca_vetrh_vrh/11/2130/4257
2134;https://www.hribi.net/izlet/ratece_kopa___monte_coppa/11/2134/4283
2134;https://www.hribi.net/izlet/pri_jalnu___fusine_laghi_kopa___monte_coppa/11/2134/4282
2135;https://www.hribi.net/izlet/topol_belovka/26/2135/4297
2135;https://www.hribi.net/izlet/studenec_na_blokah_belovka/26/2135/4298
2136;https://www.hribi.net/izlet/jurna_vas_mehovski_hrib/25/2136/4302
2136;https://www.hribi.net/izlet/podgrad_mehovski_hrib_polozna_pot/25/2136/7536
2136;https://www.hribi.net/izlet/podgrad_mehovski_hrib_cez_skalo/25/2136/7538
2136;https://www.hribi.net/izlet/vinja_vas_mehovski_hrib_cez_skalo/25/2136/7535
2136;https://www.hribi.net/izlet/vinja_vas_mehovski_hrib_polozna_pot/25/2136/7534
2138;https://www.hribi.net/izlet/radovna_vosni_vrh/1/2138/4305
2139;https://www.hribi.net/izlet/radovna_frckova_planina/1/2139/4304
2140;https://www.hribi.net/izlet/litija_predilnica_stresni_vrh_svibno/25/2140/4348
2140;https://www.hribi.net/izlet/litija_dobrava_stresni_vrh_svibno/25/2140/5303
2141;https://www.hribi.net/izlet/izlake_medijske_toplice_vrhija_cez_podlipovico/25/2141/4307
2142;https://www.hribi.net/izlet/ziri_javorc/5/2142/4327
2142;https://www.hribi.net/izlet/gorenja_vas_javorc_cez_jermanco/5/2142/6605
2142;https://www.hribi.net/izlet/dolenja_dobrava_javorc/5/2142/6606
2145;https://www.hribi.net/izlet/skalnica_franciskov_hrib_pot_po_jarkih/26/2145/4334
2145;https://www.hribi.net/izlet/sveta_gora_franciskov_hrib/26/2145/4336
2145;https://www.hribi.net/izlet/grgar_franciskov_hrib/26/2145/4392
2146;https://www.hribi.net/izlet/ljubljana_sibirija_koseski_bajer_po_pst/5/2146/4342
2146;https://www.hribi.net/izlet/koseski_bajer_koseski_bajer_krozna_pot_po_pst/5/2146/6162
2147;https://www.hribi.net/izlet/resnica___ressnig_razgledisce_petelinc___aussicht_petelinz/29/2147/4344
2147;https://www.hribi.net/izlet/zihpolje___maria_rain_razgledisce_petelinc___aussicht_petelinz/29/2147/4345
2147;https://www.hribi.net/izlet/imov___haimach_razgledisce_petelinc___aussicht_petelinz/29/2147/4346
2147;https://www.hribi.net/izlet/senturh___st_ulrich_razgledisce_petelinc___aussicht_petelinz/29/2147/4347
2148;https://www.hribi.net/izlet/branik_sveti_duh_pedrovo_po_gozdni_poti/26/2148/4349
2148;https://www.hribi.net/izlet/branik_sveti_duh_pedrovo_po_kolovozu/26/2148/4357
2149;https://www.hribi.net/izlet/vitovlje_vitovsko_jezero/26/2149/4372
2151;https://www.hribi.net/izlet/zupeno_sveti_vid_vidovska_planota/26/2151/4378
2151;https://www.hribi.net/izlet/pikovnik_sveti_vid_vidovska_planota/26/2151/4382
2151;https://www.hribi.net/izlet/obcina_sveti_vid_vidovska_planota/26/2151/4379
2152;https://www.hribi.net/izlet/breginj__nizki_vrh/1/2152/4380
2153;https://www.hribi.net/izlet/breginj_brezje___montemaggiore_preko_plazov/1/2153/4381
2154;https://www.hribi.net/izlet/breginj_klatnica/1/2154/4383
2155;https://www.hribi.net/izlet/kamnik_stari_grad_kamnik/25/2155/4384
2155;https://www.hribi.net/izlet/kamnik_stari_grad_kamnik_po_cesti/25/2155/4388
2156;https://www.hribi.net/izlet/bakonybel_koris_hegy/132/2156/4385
2157;https://www.hribi.net/izlet/breginj__izvir_bele/1/2157/4391
2158;https://www.hribi.net/izlet/trbovlje_spicberg_krozna_pot/25/2158/4414
2158;https://www.hribi.net/izlet/bevsko_spicberg/25/2158/7747
2159;https://www.hribi.net/izlet/novo_selo_okicko_dom_pod_okicem/61/2159/4418
2162;https://www.hribi.net/izlet/ruse_pecke_delna_pespot_klasicen_pristop/4/2162/4435
2162;https://www.hribi.net/izlet/sp_postaja_pohorske_vzpenjace_pecke_preko_meranovega/4/2162/4932
2162;https://www.hribi.net/izlet/log_pecke_strma_pot/4/2162/8675
2162;https://www.hribi.net/izlet/log_pecke_cez_meranovo/4/2162/8908
2162;https://www.hribi.net/izlet/log_pecke_po_cesti/4/2162/8892
2163;https://www.hribi.net/izlet/kamnik_sveta_ana_tunjice/3/2163/4424
2163;https://www.hribi.net/izlet/lovski_dom_komenda_sveta_ana_tunjice/3/2163/7590
2163;https://www.hribi.net/izlet/mlaka_sveta_ana_tunjice/3/2163/7589
2164;https://www.hribi.net/izlet/krapina___dolici_brezovica/61/2164/4427
2164;https://www.hribi.net/izlet/krapina___zutnica_brezovica/61/2164/7757
2166;https://www.hribi.net/izlet/koschach_fallbach_fallbach_klettersteig/57/2166/4434
2167;https://www.hribi.net/izlet/klanjec_cesargradska_gora_eko_steza/61/2167/5891
2167;https://www.hribi.net/izlet/zelenjak_mihanovicev_dol_cesargradska_gora/61/2167/5892
2170;https://www.hribi.net/izlet/trebanjski_grad_trebni_vrh_mimo_jam/25/2170/4456
2170;https://www.hribi.net/izlet/trebanjski_grad_trebni_vrh_strma_pot/25/2170/4455
2170;https://www.hribi.net/izlet/sahovec_trebni_vrh_baragova_pot/25/2170/4461
2170;https://www.hribi.net/izlet/trebanjski_grad_trebni_vrh_mimo_jam_in_mimo_lovskega_doma/25/2170/4464
2170;https://www.hribi.net/izlet/dobrnic_trebni_vrh_skozi_sahovec/25/2170/4462
2170;https://www.hribi.net/izlet/trebanjski_grad_trebni_vrh_strma_pot_in_mimo_lovskega_doma/25/2170/4463
2171;https://www.hribi.net/izlet/trebanjski_grad_lovski_dom_na_vrhtrebnjem_mimo_jam/25/2171/4458
2171;https://www.hribi.net/izlet/trebanjski_grad_lovski_dom_na_vrhtrebnjem_strma_pot/25/2171/4457
2171;https://www.hribi.net/izlet/sahovec_lovski_dom_na_vrhtrebnjem_baragova_pot/25/2171/4460
2171;https://www.hribi.net/izlet/dobrnic_lovski_dom_na_vrhtrebnjem_skozi_sahovec/25/2171/4459
2172;https://www.hribi.net/izlet/zagorica_pri_dobrnicu_lisec_liska_gora/25/2172/4467
2173;https://www.hribi.net/izlet/zagorica_pri_dobrnicu_sveti_kriz_liska_gora/25/2173/4465
2174;https://www.hribi.net/izlet/sele_pri_cerkvi___zell_-_pfarre_koca_pod_kosuto___koschutahaus/11/2174/4480
2174;https://www.hribi.net/izlet/sele_sajda___zell_schaida_koca_pod_kosuto___koschutahaus/11/2174/5021
2174;https://www.hribi.net/izlet/ridovc___ridovcsage_koca_pod_kosuto___koschutahaus_po_dolini_mrzlega_potoka/11/2174/4486
2175;https://www.hribi.net/izlet/koca_pod_kosuto___koschutahaus_mejnik/11/2175/4482
2175;https://www.hribi.net/izlet/sele_pri_cerkvi___zell_-_pfarre_mejnik/11/2175/4481
2175;https://www.hribi.net/izlet/ridovc___ridovcsage_mejnik_po_dolini_mrzlega_potoka/11/2175/4487
2176;https://www.hribi.net/izlet/fiames_col_rosa_via_ferrata_ettore_bovero/39/2176/4495
2176;https://www.hribi.net/izlet/fiames_col_rosa/39/2176/4496
2177;https://www.hribi.net/izlet/passo_valparola_sasso_di_stria/39/2177/4497
2178;https://www.hribi.net/izlet/rifugio_valparola_monte_sief/39/2178/4501
2178;https://www.hribi.net/izlet/passo_campolongo_monte_sief/39/2178/7913
2180;https://www.hribi.net/izlet/rifugio_valparola_col_di_lana_pot_21/39/2180/4502
2180;https://www.hribi.net/izlet/rifugio_valparola_col_di_lana_vzhodna_pot/39/2180/4504
2180;https://www.hribi.net/izlet/passo_campolongo_col_di_lana/39/2180/7914
2181;https://www.hribi.net/izlet/rifugio_valparola_cenglei/39/2181/4503
2185;https://www.hribi.net/izlet/ribcev_laz_lovska_koca_na_glinu/1/2185/4509
2185;https://www.hribi.net/izlet/javorje_lovska_koca_na_glinu/1/2185/4508
2185;https://www.hribi.net/izlet/pod_debelo_glavo_lovska_koca_na_glinu/1/2185/4512
2185;https://www.hribi.net/izlet/pod_debelo_glavo_konec_ceste_lovska_koca_na_glinu_mimo_lovske_koce/1/2185/4514
2185;https://www.hribi.net/izlet/vodel_lovska_koca_na_glinu/1/2185/5963
2186;https://www.hribi.net/izlet/rifugio_pederu_rifugio_fodara_vedla/39/2186/4518
2187;https://www.hribi.net/izlet/rifugio_pederu_rifugio_sennes/39/2187/4519
2187;https://www.hribi.net/izlet/rifugio_pederu_rifugio_sennes_mimo_rifugio_fodara_vedla/39/2187/4520
2187;https://www.hribi.net/izlet/rifugio_ra_stua_rifugio_sennes_mimo_lago_di_fosses/39/2187/4695
2187;https://www.hribi.net/izlet/rifugio_ra_stua_rifugio_sennes/39/2187/4681
2188;https://www.hribi.net/izlet/rifugio_pederu_rifugio_munt_de_sennes/39/2188/4523
2188;https://www.hribi.net/izlet/rifugio_ra_stua_rifugio_munt_de_sennes/39/2188/4688
2189;https://www.hribi.net/izlet/rifugio_pederu_col_de_lasta/39/2189/4525
2189;https://www.hribi.net/izlet/rifugio_ra_stua_col_de_lasta/39/2189/4690
2190;https://www.hribi.net/izlet/rifugio_pederu_muntejela_de_sennes/39/2190/4526
2190;https://www.hribi.net/izlet/rifugio_ra_stua_muntejela_de_sennes/39/2190/4689
2191;https://www.hribi.net/izlet/rifugio_pederu_rifugio_biella___seekofel_hutte/39/2191/4527
2191;https://www.hribi.net/izlet/rifugio_ra_stua_rifugio_biella___seekofel_hutte/39/2191/4683
2192;https://www.hribi.net/izlet/rifugio_pederu_croda_del_beco___seekofel/39/2192/4531
2192;https://www.hribi.net/izlet/rifugio_ra_stua_croda_del_beco___seekofel/39/2192/4691
2193;https://www.hribi.net/izlet/fiames_punta_fiames_via_ferrata_strobel/39/2193/4534
2193;https://www.hribi.net/izlet/fiames_punta_fiames/39/2193/4535
2194;https://www.hribi.net/izlet/fiames_pezzories/39/2194/4537
2197;https://www.hribi.net/izlet/lovnik_sveti_mihael_na_pecici/11/2197/4538
2197;https://www.hribi.net/izlet/dolga_gora_sveti_mihael_na_pecici/11/2197/4965
2198;https://www.hribi.net/izlet/klammbruckl_linderhutte/68/2198/4555
2199;https://www.hribi.net/izlet/klammbruckl_spitzkofel/68/2199/4556
2200;https://www.hribi.net/izlet/klammbruckl_weittalspitze/68/2200/4558
2200;https://www.hribi.net/izlet/klammbruckl_weittalspitze_allmaier_toni_weg/68/2200/4559
2201;https://www.hribi.net/izlet/planina_jezerca_kriska_planina/3/2201/4560
2201;https://www.hribi.net/izlet/ambroz_pod_krvavcem_kriska_planina/3/2201/5945
2201;https://www.hribi.net/izlet/spodnja_postaja_zicnice_na_krvavec_kriska_planina_skozi_lukenjski_graben/3/2201/5930
2201;https://www.hribi.net/izlet/spodnja_postaja_zicnice_na_krvavec_kriska_planina_cez_davovec_in_po_grebenu_trdovnika/3/2201/5936
2201;https://www.hribi.net/izlet/spodnja_kokra_kriska_planina_cez_davovec_in_po_grebenu_trdovnika/3/2201/5937
2202;https://www.hribi.net/izlet/passo_di_fedaia_rifugio_padon/39/2202/4566
2203;https://www.hribi.net/izlet/passo_di_fedaia_bivak_bontadini/39/2203/4568
2204;https://www.hribi.net/izlet/passo_di_fedaia_bech_da_mesdi_ferrata_delle_trincee/39/2204/4574
2205;https://www.hribi.net/izlet/planinski_dom_maks_plotnik_okic_zoharov_plezalni_pot/61/2205/4576
2205;https://www.hribi.net/izlet/dom_pod_okicem_okic_dragojlina_plezalna_pot/61/2205/4579
2205;https://www.hribi.net/izlet/dom_pod_okicem_okic_lahka_pot/61/2205/4578
2207;https://www.hribi.net/izlet/leibnitzbachbrucke_leibnitzalm/57/2207/4587
2208;https://www.hribi.net/izlet/leibnitzbachbrucke_hochschoberhutte/57/2208/4594
2208;https://www.hribi.net/izlet/seichenbrunn_hochschoberhutte_cez_leibnitztorl/57/2208/7528
2209;https://www.hribi.net/izlet/topol_pri_medvodah_katarina_domacija_pr_lenart_belo/5/2209/4675
2209;https://www.hribi.net/izlet/gabrje_domacija_pr_lenart_belo/5/2209/4595
2210;https://www.hribi.net/izlet/leibnitzbachbrucke_schoberlacke/57/2210/4596
2211;https://www.hribi.net/izlet/leibnitzbachbrucke_hochschober_cez_staniskascharte/57/2211/4597
2213;https://www.hribi.net/izlet/seichenbrunn_wangenitzseehutte/57/2213/4604
2214;https://www.hribi.net/izlet/seichenbrunn_petzeck/57/2214/4605
2215;https://www.hribi.net/izlet/seichenbrunn_kruckelkopf/57/2215/4606
2216;https://www.hribi.net/izlet/zettersfeld_steinermandl/57/2216/4607
2218;https://www.hribi.net/izlet/zettersfeld_goiselemandl/57/2218/4609
2219;https://www.hribi.net/izlet/zettersfeld_neualplseen_goiselemandlweg_nord/57/2219/4611
2219;https://www.hribi.net/izlet/zettersfeld_neualplseen/57/2219/4610
2220;https://www.hribi.net/izlet/zettersfeld_ostlicher_sattelkopf/57/2220/4613
2221;https://www.hribi.net/izlet/zettersfeld_schleinitz/57/2221/4615
2221;https://www.hribi.net/izlet/zettersfeld_schleinitz_plezalna_pot/57/2221/4614
2222;https://www.hribi.net/izlet/robanov_kot_matkov_kot_pot_rmk/3/2222/4616
2223;https://www.hribi.net/izlet/brezovica_pri_ljubljani_vrh_debeli_hrib/5/2223/4968
2223;https://www.hribi.net/izlet/dragomer_vrh_debeli_hrib/5/2223/4617
2223;https://www.hribi.net/izlet/dragomer_vrh_debeli_hrib_po_pentlji/5/2223/8895
2223;https://www.hribi.net/izlet/brezje_pri_dobrovi_vrh_debeli_hrib_mimo_strmce/5/2223/8284
2223;https://www.hribi.net/izlet/brezje_pri_dobrovi_vrh_debeli_hrib_cez_strmco/5/2223/8812
2223;https://www.hribi.net/izlet/dragomer_os_log-dragomer_vrh_debeli_hrib_cez_strmec_in_strmco/5/2223/8785
2223;https://www.hribi.net/izlet/sveti_lovrenc_nad_dragomerom_vrh_debeli_hrib_mimo_vrhovcevega_grica/5/2223/8792
2224;https://www.hribi.net/izlet/lenzanger_naturfreundehaus_kolm_saigurn/57/2224/4618
2225;https://www.hribi.net/izlet/lenzanger_schutzhaus_neubau/57/2225/4619
2226;https://www.hribi.net/izlet/lenzanger_rojacher_hutte/57/2226/4620
2227;https://www.hribi.net/izlet/lenzanger_hoher_sonnblick/57/2227/4621
2227;https://www.hribi.net/izlet/lenzanger_hoher_sonnblick_cez_goldzechkopf/57/2227/4624
2228;https://www.hribi.net/izlet/lenzanger_goldzechkopf/57/2228/4622
2228;https://www.hribi.net/izlet/lenzanger_goldzechkopf_cez_hoher_sonnblick/57/2228/4623
2229;https://www.hribi.net/izlet/lenzanger_hocharn/57/2229/4625
2229;https://www.hribi.net/izlet/lenzanger_hocharn_cez_hoher_sonnblick/57/2229/4626
2230;https://www.hribi.net/izlet/bachwinkl_peter_wiechenthaler_hutte/59/2230/4627
2231;https://www.hribi.net/izlet/bachwinkl_schartenkopf/59/2231/4628
2232;https://www.hribi.net/izlet/bachwinkl_ingolstadter_haus/59/2232/4629
2233;https://www.hribi.net/izlet/bachwinkl_grosser_hundstod/59/2233/4630
2235;https://www.hribi.net/izlet/podevcevo_cevo/61/2235/4635
2235;https://www.hribi.net/izlet/zavrsje_podbelsko_cevo_tafrina_staza/61/2235/5544
2235;https://www.hribi.net/izlet/podevcevo_cevo_leva_pot_mimo_malega_ceva/61/2235/4632
2235;https://www.hribi.net/izlet/bela_cevo/61/2235/10874
2236;https://www.hribi.net/izlet/hinterstoder_prielschutzhaus/59/2236/4634
2237;https://www.hribi.net/izlet/hinterstoder_grosser_priel/59/2237/4638
2237;https://www.hribi.net/izlet/hinterstoder_grosser_priel_bert_rinesch_klettersteig/59/2237/4636
2238;https://www.hribi.net/izlet/obertauern_herbertspitze/58/2238/4639
2239;https://www.hribi.net/izlet/obertauern_gamsleitenspitze/58/2239/4640
2239;https://www.hribi.net/izlet/obertauern_gamsleitenspitze_cez_zehnerkar_sattel/58/2239/4645
2240;https://www.hribi.net/izlet/zbelovo_zbelovski_grad_strma_pot/11/2240/4641
2240;https://www.hribi.net/izlet/zbelovo_zbelovski_grad_po_cesti/11/2240/4678
2241;https://www.hribi.net/izlet/lesicno_oslica_bohor/25/2241/4644
2241;https://www.hribi.net/izlet/kozje_oslica_bohor_cez_vetrnik/25/2241/4673
2241;https://www.hribi.net/izlet/planina_pri_sevnici_oslica_bohor_severna_pot/25/2241/8557
2241;https://www.hribi.net/izlet/jablance_oslica_bohor_mimo_koce_na_bohorju/25/2241/8576
2241;https://www.hribi.net/izlet/sentvid_pri_planini_oslica_bohor_cez_skofov_travnik/25/2241/10201
2241;https://www.hribi.net/izlet/planina_pri_sevnici_oslica_bohor_cez_skofov_travnik/25/2241/8550
2241;https://www.hribi.net/izlet/sentvid_pri_planini_oslica_bohor_severna_pot/25/2241/10203
2241;https://www.hribi.net/izlet/kozje_oslica_bohor_cez_bredic/25/2241/10920
2241;https://www.hribi.net/izlet/stari_trg_pilstanj_oslica_bohor/25/2241/10929
2242;https://www.hribi.net/izlet/obertauern_gamsmilchbar/58/2242/4643
2243;https://www.hribi.net/izlet/obertauern_gamsspitzl/58/2243/4646
2244;https://www.hribi.net/izlet/lesicno_debeli_vrh_bohor/25/2244/4648
2244;https://www.hribi.net/izlet/kozje_debeli_vrh_bohor_cez_vetrnik/25/2244/4706
2244;https://www.hribi.net/izlet/jablance_debeli_vrh_bohor/25/2244/8574
2244;https://www.hribi.net/izlet/planina_pri_sevnici_debeli_vrh_bohor/25/2244/8548
2244;https://www.hribi.net/izlet/sentvid_pri_planini_debeli_vrh_bohor/25/2244/10200
2244;https://www.hribi.net/izlet/kozje_debeli_vrh_bohor_cez_bredic/25/2244/10922
2244;https://www.hribi.net/izlet/stari_trg_pilstanj_debeli_vrh_bohor/25/2244/10930
2245;https://www.hribi.net/izlet/obertauern_zehnerkarspitze/58/2245/4647
2246;https://www.hribi.net/izlet/lesicno_brest_bohor/25/2246/4649
2246;https://www.hribi.net/izlet/kozje_brest_bohor_cez_vetrnik/25/2246/4679
2246;https://www.hribi.net/izlet/jablance_brest_bohor_mimo_koce_na_bohorju/25/2246/8575
2246;https://www.hribi.net/izlet/planina_pri_sevnici_brest_bohor_cez_skofov_travnik/25/2246/8549
2246;https://www.hribi.net/izlet/planina_pri_sevnici_brest_bohor_severna_pot/25/2246/8556
2246;https://www.hribi.net/izlet/sentvid_pri_planini_brest_bohor_cez_skofov_travnik/25/2246/10202
2246;https://www.hribi.net/izlet/sentvid_pri_planini_brest_bohor_severna_pot/25/2246/10204
2246;https://www.hribi.net/izlet/kozje_brest_bohor_cez_bredic/25/2246/10921
2246;https://www.hribi.net/izlet/stari_trg_pilstanj_brest_bohor/25/2246/10928
2248;https://www.hribi.net/izlet/aljazev_dom_v_vratih__spodnji_rokav_potocnik_-_tominsek/1/2248/4654
2249;https://www.hribi.net/izlet/cmereska_gorca_tinska_gora/25/2249/4655
2249;https://www.hribi.net/izlet/spodnje_tinsko_tinska_gora/25/2249/10809
2249;https://www.hribi.net/izlet/pristava_pri_mestinju_tinska_gora/25/2249/10806
2250;https://www.hribi.net/izlet/obermoos_wiener_neustadter_hutte/59/2250/4656
2251;https://www.hribi.net/izlet/ambulanta_vhod_v_np_mljet_montokuc_polov_put/63/2251/4657
2251;https://www.hribi.net/izlet/vrbovica_montokuc_direktna_pot/63/2251/9919
2251;https://www.hribi.net/izlet/vrbovica_montokuc_cez_veliki_gradac/63/2251/9918
2252;https://www.hribi.net/izlet/obermoos_zugspitze_stopselziehersteig/59/2252/4659
2252;https://www.hribi.net/izlet/ehrwald_zugspitze_cez_gatterl/59/2252/4667
2253;https://www.hribi.net/izlet/ehrwald_ehrwalder_alm/59/2253/4660
2258;https://www.hribi.net/izlet/ehrwald_hochfeldern_alm/59/2258/4663
2259;https://www.hribi.net/izlet/ehrwald_knorrhutte/59/2259/4664
2260;https://www.hribi.net/izlet/ehrwald_sonnalpin_cez_gatterl/59/2260/4666
2261;https://www.hribi.net/izlet/kozje_raskoze_bohor_cez_vetrnik/25/2261/4669
2262;https://www.hribi.net/izlet/parkirisce_alpspitzbahn_kreuzeckhaus/59/2262/4668
2263;https://www.hribi.net/izlet/kozje_pokojni_vrh_bohor_cez_vetrnik/25/2263/4670
2264;https://www.hribi.net/izlet/parkirisce_alpspitzbahn_hochalm/59/2264/4671
2265;https://www.hribi.net/izlet/parkirisce_alpspitzbahn_osterfelderkopf/59/2265/4672
2266;https://www.hribi.net/izlet/parkirisce_alpspitzbahn_alpspitze_alpspitz_ferrata/59/2266/4674
2266;https://www.hribi.net/izlet/parkirisce_alpspitzbahn_alpspitze_ostgrat/59/2266/4676
2267;https://www.hribi.net/izlet/pescine_televrina/63/2267/7947
2267;https://www.hribi.net/izlet/osor_televrina/63/2267/7949
2267;https://www.hribi.net/izlet/halmac_televrina/63/2267/7952
2268;https://www.hribi.net/izlet/parkirisce_alpspitzbahn_bernadeinkopf_cez_osterfelderkopf/59/2268/4677
2270;https://www.hribi.net/izlet/celje_miklavzev_hrib_miklavski_hrib/25/2270/4680
2270;https://www.hribi.net/izlet/celje_miklavzev_hrib_miklavski_hrib_po_cesti/25/2270/4719
2271;https://www.hribi.net/izlet/rifugio_ra_stua_lago_di_fosses/39/2271/4682
2272;https://www.hribi.net/izlet/rifugio_ra_stua_remeda_rossa___rote_wand/39/2272/4684
2272;https://www.hribi.net/izlet/rifugio_pederu_remeda_rossa___rote_wand/39/2272/4693
2273;https://www.hribi.net/izlet/rifugio_ra_stua_piccola_croda_rossa___kleine_gaisl/39/2273/4685
2273;https://www.hribi.net/izlet/rifugio_pederu_piccola_croda_rossa___kleine_gaisl/39/2273/4694
2274;https://www.hribi.net/izlet/rifugio_ra_stua_roter_turm/39/2274/4687
2274;https://www.hribi.net/izlet/rifugio_pederu_roter_turm/39/2274/4692
2275;https://www.hribi.net/izlet/ristorante_pietofana_col_druscie/39/2275/4696
2276;https://www.hribi.net/izlet/passo_pordoi_rifugio_sass_bece/39/2276/4697
2277;https://www.hribi.net/izlet/zagrad_vipota/25/2277/4704
2277;https://www.hribi.net/izlet/tremerje_vipota/25/2277/4702
2277;https://www.hribi.net/izlet/zagrad_vipota_cez_razpotje_ivankovic/25/2277/5108
2278;https://www.hribi.net/izlet/passo_pordoi_rifugio_belvedere/39/2278/4698
2279;https://www.hribi.net/izlet/passo_pordoi_col_di_rosc/39/2279/4699
2280;https://www.hribi.net/izlet/passo_pordoi_rifugio_fredarola/39/2280/4700
2281;https://www.hribi.net/izlet/passo_pordoi_col_da_cuch/39/2281/4701
2282;https://www.hribi.net/izlet/passo_pordoi_sas_ciapel/39/2282/4703
2284;https://www.hribi.net/izlet/sveti_vid_vidovska_planota_sveti_primoz_in_felicijan_osredek/26/2284/4716
2287;https://www.hribi.net/izlet/planinska_ravna_javorca_golte_janezova_pot/3/2287/4718
2287;https://www.hribi.net/izlet/golte_alpski_vrt_javorca_golte/3/2287/9792
2287;https://www.hribi.net/izlet/radegunda_zekovec_javorca_golte_skozi_zagradisko_puso/3/2287/9929
2289;https://www.hribi.net/izlet/planina_donja_rog_medvednica_mimo_velike_peci/61/2289/4720
2289;https://www.hribi.net/izlet/planina_donja_rog_medvednica/61/2289/4721
2290;https://www.hribi.net/izlet/lipe_iski_morost/26/2290/4722
2290;https://www.hribi.net/izlet/iski_morost_iski_morost_kosceva_ucna_pot/26/2290/6213
2290;https://www.hribi.net/izlet/v_tracu_iski_morost/26/2290/5645
2291;https://www.hribi.net/izlet/vitanje_krajnikov_grad/11/2291/4723
2298;https://www.hribi.net/izlet/zgornja_bistrica_center_vintgar_ancnikovo_gradisce/4/2298/8793
2299;https://www.hribi.net/izlet/toplicica_veliki_lubenjak/61/2299/4727
2302;https://www.hribi.net/izlet/store_veliki_vrh_nad_svetino_cez_zlajfo_in_cez_svetino/25/2302/4743
2302;https://www.hribi.net/izlet/celje_veliki_vrh_nad_svetino/25/2302/4830
2302;https://www.hribi.net/izlet/store_veliki_vrh_nad_svetino_mimo_marije_in_cez_svetino/25/2302/4739
2302;https://www.hribi.net/izlet/store_veliki_vrh_nad_svetino_skozi_bojanski_graben_in_cez_svetino/25/2302/4744
2302;https://www.hribi.net/izlet/store_veliki_vrh_nad_svetino_cez_resevno_resje_in_svetino/25/2302/4777
2303;https://www.hribi.net/izlet/kopisca_kopa_belska_kopa/3/2303/4740
2305;https://www.hribi.net/izlet/treskavac_veli_vrh/63/2305/4748
2305;https://www.hribi.net/izlet/punat_veli_vrh/63/2305/6147
2306;https://www.hribi.net/izlet/treskavac_obzova/63/2306/4749
2306;https://www.hribi.net/izlet/stara_baska_obzova_cez_lipico/63/2306/4870
2306;https://www.hribi.net/izlet/stara_baska_obzova_cez_malo_brestovico/63/2306/4868
2307;https://www.hribi.net/izlet/kisla_voda_golarjeva_pec/11/2307/4751
2308;https://www.hribi.net/izlet/vratca__stanjel_sveti_danijel_vratca_-_sv_danijel_stanjel/26/2308/8178
2309;https://www.hribi.net/izlet/drezniske_ravne_lopatnik/1/2309/4757
2310;https://www.hribi.net/izlet/zagorje_ob_savi_vrh_sticna_smarjakova_pot/25/2310/4759
2316;https://www.hribi.net/izlet/store_resje_nad_storami_cez_zlajfo_in_mimo_vruncevega_doma/25/2316/4822
2316;https://www.hribi.net/izlet/store_resje_nad_storami_cez_resevno/25/2316/4767
2316;https://www.hribi.net/izlet/store_resje_nad_storami_cez_kompole_in_sentjanz/25/2316/4853
2316;https://www.hribi.net/izlet/store_resje_nad_storami_skozi_bojanski_graben_in_mimo_vruncevega_doma/25/2316/4793
2318;https://www.hribi.net/izlet/gozd_martuljek_rigljica_normalni_pristop/1/2318/4794
2319;https://www.hribi.net/izlet/studenice_studeniski_grad_po_samostanski_ucni_poti/11/2319/4780
2319;https://www.hribi.net/izlet/zgornje_poljcane_studeniski_grad/11/2319/5052
2319;https://www.hribi.net/izlet/studenice_studeniski_grad_direktno_na_grad/11/2319/4789
2319;https://www.hribi.net/izlet/makole_studeniski_grad_jakobova_pot/11/2319/10877
2319;https://www.hribi.net/izlet/zgornje_poljcane_studeniski_grad_po_jakobovi_poti/11/2319/10875
2320;https://www.hribi.net/izlet/store_turn_sv_janez_krstnik_cez_kompole/25/2320/4829
2320;https://www.hribi.net/izlet/store_turn_sv_janez_krstnik_skozi_bojanski_graben_in__mimo_vruncevega_doma/25/2320/4786
2320;https://www.hribi.net/izlet/store_turn_sv_janez_krstnik_mimo_marije_in_alminega_doma/25/2320/4797
2320;https://www.hribi.net/izlet/store_turn_sv_janez_krstnik_cez_zlajfo_in_mimo_vruncevega_doma/25/2320/4792
2320;https://www.hribi.net/izlet/tremerje_turn_sv_janez_krstnik_mimo_celjske_koce_in_vruncevega_doma/25/2320/4906
2321;https://www.hribi.net/izlet/ponikva_hotunje_sv_ursula_nad_dramljami/11/2321/4795
2321;https://www.hribi.net/izlet/dramlje_sv_ursula_nad_dramljami/11/2321/7303
2321;https://www.hribi.net/izlet/dramlje_sv_ursula_nad_dramljami_cez_sedino/11/2321/7626
2322;https://www.hribi.net/izlet/ponikva_hotunje_babcek_mimo_sv_ursule/11/2322/4796
2322;https://www.hribi.net/izlet/zicka_kartuzija_babcek/11/2322/5060
2322;https://www.hribi.net/izlet/spitalic_pri_slovenskih_konjicah_babcek/11/2322/5037
2322;https://www.hribi.net/izlet/zicka_kartuzija_babcek_cez_razpotje_podgrancek/11/2322/5049
2324;https://www.hribi.net/izlet/sport_hotel_lipensci_hrib/1/2324/4798
2325;https://www.hribi.net/izlet/sobcev_bajer_gradisce_bodesce/1/2325/4810
2325;https://www.hribi.net/izlet/bodesce_gradisce_bodesce/1/2325/4808
2326;https://www.hribi.net/izlet/sobcev_bajer_sveti_lenart_bodesce/1/2326/4809
2326;https://www.hribi.net/izlet/bodesce_sveti_lenart_bodesce/1/2326/4805
2327;https://www.hribi.net/izlet/pregrada_bukovski_vrh_kuna_gora/61/2327/4806
2327;https://www.hribi.net/izlet/kostel_bukovski_vrh_kuna_gora/61/2327/8605
2328;https://www.hribi.net/izlet/bodeski_most_sobcev_bajer/3/2328/4818
2328;https://www.hribi.net/izlet/kamna_gorica_sobcev_bajer_pot_ob_savi/3/2328/5862
2328;https://www.hribi.net/izlet/kamna_gorica_sobcev_bajer_over_pusti_grad/3/2328/5864
2328;https://www.hribi.net/izlet/zgornja_dobrava_sobcev_bajer_cez_ojstri_vrh_in_ob_savi/3/2328/6353
2328;https://www.hribi.net/izlet/zgornja_dobrava_sobcev_bajer_over_zjavka_and_pusti_grad/3/2328/6352
2329;https://www.hribi.net/izlet/turisticna_kmetija_zurej_zusem_panoramska_pot_-_stara_trasa/25/2329/4811
2329;https://www.hribi.net/izlet/grad_zusem_zusem/25/2329/7705
2329;https://www.hribi.net/izlet/turisticna_kmetija_zurej_zusem_plezalna_pot/25/2329/4812
2329;https://www.hribi.net/izlet/turisticna_kmetija_zurej_zusem_panoramska_pot/25/2329/9453
2329;https://www.hribi.net/izlet/turisticna_kmetija_zurej_zusem_strma_pot/25/2329/9451
2329;https://www.hribi.net/izlet/grad_zusem_zusem_gamsova_zelo_zahtevna_pot/25/2329/10326
2329;https://www.hribi.net/izlet/gorica_pri_slivnici_zusem_strma_pot/25/2329/9450
2329;https://www.hribi.net/izlet/loka_pri_zusmu_zamerk_zusem/25/2329/10120
2329;https://www.hribi.net/izlet/gorica_pri_slivnici_zusem_panoramska_pot/25/2329/9452
2329;https://www.hribi.net/izlet/loka_pri_zusmu_zamerk_zusem_cez_dobrino/25/2329/10122
2330;https://www.hribi.net/izlet/cmereska_gorca_sv_urban_cmereska_gorca/25/2330/4814
2330;https://www.hribi.net/izlet/pristava_pri_mestinju_sv_urban_cmereska_gorca/25/2330/10805
2331;https://www.hribi.net/izlet/zala_slap_kotel/26/2331/4813
2332;https://www.hribi.net/izlet/mali_lipovec_japetic_preko_velikih_vrat/61/2332/4817
2332;https://www.hribi.net/izlet/mali_lipovec_japetic_preko_velike_livade/61/2332/4820
2332;https://www.hribi.net/izlet/dragonos_krpesovka_japetic/61/2332/10372
2334;https://www.hribi.net/izlet/osredek_dom_v_iskem_vintgarju/26/2334/4819
2335;https://www.hribi.net/izlet/kamnica_pri_mariboru_sv_urban_nad_mariborom_cez_lucijin_breg/162/2335/4987
2335;https://www.hribi.net/izlet/maribor_sv_urban_nad_mariborom_po_poti_cez_kozjak/162/2335/4837
2335;https://www.hribi.net/izlet/kamnica_avtobusna_postaja_odcep_urban_sv_urban_nad_mariborom/162/2335/8355
2335;https://www.hribi.net/izlet/rospoh_kapelica_ob_avtobusni_postaji_sv_urban_nad_mariborom/162/2335/8356
2335;https://www.hribi.net/izlet/sober_log_sv_urban_nad_mariborom/162/2335/8417
2335;https://www.hribi.net/izlet/zgornja_kungota_sv_urban_nad_mariborom/162/2335/8698
2335;https://www.hribi.net/izlet/kozjak_nad_pesnico_sv_urban_nad_mariborom/162/2335/8422
2336;https://www.hribi.net/izlet/krka_ciganov_vrh_korinjski_hrib_del_krozne_poti_prijetno_domace/25/2336/4824
2337;https://www.hribi.net/izlet/store_sv_lovrenc_kompole/25/2337/4827
2337;https://www.hribi.net/izlet/store_sv_lovrenc_kompole_po_poti__na_resevno/25/2337/5215
2338;https://www.hribi.net/izlet/celje_vruncev_dom_na_svetini/25/2338/4833
2338;https://www.hribi.net/izlet/store_vruncev_dom_na_svetini_cez_zlajfo/25/2338/4832
2338;https://www.hribi.net/izlet/store_vruncev_dom_na_svetini_cez_kompole_in_sentjanz/25/2338/4835
2338;https://www.hribi.net/izlet/tremerje_vruncev_dom_na_svetini_mimo_celjske_koce/25/2338/4886
2338;https://www.hribi.net/izlet/store_vruncev_dom_na_svetini_cez_resevno_in_resje_nad_storami/25/2338/4989
2338;https://www.hribi.net/izlet/zvodno_vruncev_dom_na_svetini_skozi_bojanski_graben/25/2338/8113
2338;https://www.hribi.net/izlet/kozolec_laska_vas_-_pecovje__vruncev_dom_na_svetini_skozi_bojanski_graben/25/2338/8099
2338;https://www.hribi.net/izlet/kozolec_laska_vas_-_pecovje__vruncev_dom_na_svetini_mimo_mirta/25/2338/8088
2338;https://www.hribi.net/izlet/kozolec_laska_vas_-_pecovje__vruncev_dom_na_svetini_mimo_marije/25/2338/8198
2339;https://www.hribi.net/izlet/staro_volcje_blosko_jezero/26/2339/4838
2339;https://www.hribi.net/izlet/nova_vas_blosko_jezero/26/2339/5797
2339;https://www.hribi.net/izlet/strmca_blosko_jezero/26/2339/5796
2339;https://www.hribi.net/izlet/zvratnice_blosko_jezero/26/2339/4836
2340;https://www.hribi.net/izlet/maribor_sv_kriz_gaj_nad_mariborom_po_poti_cez_kozjak/162/2340/4839
2340;https://www.hribi.net/izlet/kozjak_nad_pesnico_sv_kriz_gaj_nad_mariborom/162/2340/8424
2340;https://www.hribi.net/izlet/sober_zgornji_tepeh_sv_kriz_gaj_nad_mariborom/162/2340/8380
2341;https://www.hribi.net/izlet/maribor_petnikov_vrh_po_poti_cez_kozjak/162/2341/4842
2342;https://www.hribi.net/izlet/rakitna_zupanov_vrh_vzhodna_pot/26/2342/5055
2342;https://www.hribi.net/izlet/brancljeva_senozet_zupanov_vrh/26/2342/4843
2342;https://www.hribi.net/izlet/rakitna_zupanov_vrh_zahodna_pot/26/2342/5054
2342;https://www.hribi.net/izlet/mesnice_zupanov_vrh/26/2342/4844
2342;https://www.hribi.net/izlet/rakitna_zupanov_vrh_cez_reber/26/2342/5216
2342;https://www.hribi.net/izlet/mesnice_zupanov_vrh_cez_reber/26/2342/5213
2343;https://www.hribi.net/izlet/celje_sv_peter_olesce/25/2343/4855
2343;https://www.hribi.net/izlet/store_sv_peter_olesce_cez_zlajfo_svetino_in_petrovo_selo/25/2343/4849
2344;https://www.hribi.net/izlet/maribor_samotni_bor/162/2344/4852
2345;https://www.hribi.net/izlet/store_lahomniski_sopot_cez_zlajfo_svetino_in_olesce/25/2345/4858
2346;https://www.hribi.net/izlet/vrbnik_sv_marija_vnebovzeta_vrbnik/63/2346/4859
2349;https://www.hribi.net/izlet/gabonjin_sv_peter_gabonjin___sv_petar_gabonjin/63/2349/4861
2349;https://www.hribi.net/izlet/gabonjin_sv_peter_gabonjin___sv_petar_gabonjin_po_cesti/63/2349/4860
2350;https://www.hribi.net/izlet/ponikva_hotunje_sv_ilija_spodnje_dramlje_mimo_sv_ursule/11/2350/4864
2350;https://www.hribi.net/izlet/dramlje_sv_ilija_spodnje_dramlje/11/2350/7629
2351;https://www.hribi.net/izlet/baska_sveti_ivan_baska/63/2351/4862
2352;https://www.hribi.net/izlet/baska_mesecev_plato___planina_mjesec_mimo_sv_ivana/63/2352/4863
2352;https://www.hribi.net/izlet/sveti_ivan_baska_mesecev_plato___planina_mjesec/63/2352/4867
2353;https://www.hribi.net/izlet/baska_diviska_mimo_sv_ivana/63/2353/4865
2353;https://www.hribi.net/izlet/sveti_ivan_baska_diviska/63/2353/4866
2354;https://www.hribi.net/izlet/ponikva_hotunje_sv_marija_magdalena_dramlje_mimo_sv_ursule/11/2354/4873
2354;https://www.hribi.net/izlet/dramlje_sv_marija_magdalena_dramlje/11/2354/7625
2355;https://www.hribi.net/izlet/stara_baska_zminja_cez_lipico/63/2355/4869
2356;https://www.hribi.net/izlet/ponikva_hotunje_razborski_ribniki/11/2356/4872
2357;https://www.hribi.net/izlet/ponikva_hotunje_partizanska_bolnica_zima_mimo_sv_ursule_in_skozi_dramlje/11/2357/4875
2358;https://www.hribi.net/izlet/baselj_gradisce_pustinjak_mimo_sv_lovrenca/3/2358/4889
2358;https://www.hribi.net/izlet/baselj_gradisce_pustinjak/3/2358/4874
2358;https://www.hribi.net/izlet/lasko_gradisce_pustinjak/3/2358/4890
2358;https://www.hribi.net/izlet/povlje_gradisce_pustinjak/3/2358/6385
2358;https://www.hribi.net/izlet/babni_vrt_gradisce_pustinjak_skozi_gozd_in_mimo_sv_lovrenca/3/2358/6384
2359;https://www.hribi.net/izlet/zgornje_poljcane_sveta_lucija_nad_studenicami/4/2359/5074
2359;https://www.hribi.net/izlet/studenice_sveta_lucija_nad_studenicami/4/2359/4877
2359;https://www.hribi.net/izlet/zgornje_poljcane_sveta_lucija_nad_studenicami_ob_studeniskem_gradu/4/2359/5103
2360;https://www.hribi.net/izlet/trbovlje_terezija_rov_sv_kriz_retje/25/2360/4882
2360;https://www.hribi.net/izlet/trbovlje_susnik_sv_kriz_retje/25/2360/4879
2360;https://www.hribi.net/izlet/trbovlje_obcina_trbovlje_sv_kriz_retje/25/2360/4883
2360;https://www.hribi.net/izlet/prapretno_pri_hrastniku_sv_kriz_retje/25/2360/4885
2360;https://www.hribi.net/izlet/gojda_jasek_iii_sv_kriz_retje/25/2360/4881
2360;https://www.hribi.net/izlet/gojda_jasek_iii_sv_kriz_retje_lovska_pot/25/2360/4880
2361;https://www.hribi.net/izlet/mace__sv_miklavz_nad_macami/3/2361/4894
2362;https://www.hribi.net/izlet/col_spicek_speck/26/2362/4907
2362;https://www.hribi.net/izlet/col_spicek_speck_cez_krizno_goro/26/2362/4910
2362;https://www.hribi.net/izlet/cenc_spicek_speck/26/2362/5174
2363;https://www.hribi.net/izlet/col_krizna_gora_nad_colom/26/2363/4909
2363;https://www.hribi.net/izlet/col_krizna_gora_nad_colom_cez_spicek/26/2363/4908
2364;https://www.hribi.net/izlet/studenice_grilova_kapela_na_bocu/11/2364/4936
2364;https://www.hribi.net/izlet/zgornje_poljcane_grilova_kapela_na_bocu/11/2364/5163
2364;https://www.hribi.net/izlet/cerovec_pod_bocem_grilova_kapela_na_bocu_po_cesti/11/2364/7684
2366;https://www.hribi.net/izlet/studenice_formila_na_bocu_po_cesti/11/2366/4922
2366;https://www.hribi.net/izlet/studenice_formila_na_bocu_po_cesti_in_planinski_poti_iz_makol/11/2366/4971
2366;https://www.hribi.net/izlet/zgornje_poljcane_formila_na_bocu_po_cesti/11/2366/5065
2366;https://www.hribi.net/izlet/makole_formila_na_bocu/11/2366/8680
2366;https://www.hribi.net/izlet/cerovec_pod_bocem_formila_na_bocu/11/2366/8959
2366;https://www.hribi.net/izlet/okrepcevalnica_zelena_dolina_formila_na_bocu/11/2366/9635
2366;https://www.hribi.net/izlet/brzika_formila_na_bocu/11/2366/9643
2367;https://www.hribi.net/izlet/studenice_partizanska_bolnica_na_formili_bocu_po_cesti/11/2367/4933
2367;https://www.hribi.net/izlet/studenice_partizanska_bolnica_na_formili_bocu_po_cesti_in_planinski_poti_iz_makol/11/2367/5034
2367;https://www.hribi.net/izlet/zgornje_poljcane_partizanska_bolnica_na_formili_bocu_po_cesti/11/2367/5088
2367;https://www.hribi.net/izlet/cerovec_pod_bocem_partizanska_bolnica_na_formili_bocu/11/2367/8957
2367;https://www.hribi.net/izlet/makole_partizanska_bolnica_na_formili_bocu/11/2367/8963
2367;https://www.hribi.net/izlet/okrepcevalnica_zelena_dolina_partizanska_bolnica_na_formili_bocu/11/2367/9634
2367;https://www.hribi.net/izlet/brzika_partizanska_bolnica_na_formili_bocu/11/2367/9644
2368;https://www.hribi.net/izlet/andrejev_dom_na_slemenu_sveti_vid_pod_jernejevim_vrhom/11/2368/4934
2368;https://www.hribi.net/izlet/sveti_danijel_zgornji_razbor_sveti_vid_pod_jernejevim_vrhom/11/2368/9830
2372;https://www.hribi.net/izlet/scuglielars_veliki_karman___monte_chiampon_cai_713/1/2372/4940
2372;https://www.hribi.net/izlet/rivoli_bianchi_veliki_karman___monte_chiampon_cai_708_-_713/1/2372/4941
2372;https://www.hribi.net/izlet/strada_di_foredor_veliki_karman___monte_chiampon_713/1/2372/7376
2374;https://www.hribi.net/izlet/tugliezzo__lopic___monte_plauris_cai_701/1/2374/4943
2374;https://www.hribi.net/izlet/zgornji_pobic___povici_di_sopra_lopic___monte_plauris_cai_702/1/2374/4942
2375;https://www.hribi.net/izlet/parkirisce_nad_scuglielarsom__mali_karman___monte_cuarnan_cai_717_-_715/1/2375/4944
2376;https://www.hribi.net/izlet/studenice_sveta_marjeta_na_bocu/11/2376/4945
2376;https://www.hribi.net/izlet/zgornje_poljcane_sveta_marjeta_na_bocu_po_cesti/11/2376/5100
2377;https://www.hribi.net/izlet/studenice_plesivec_pri_bocu/11/2377/4950
2377;https://www.hribi.net/izlet/studenice_plesivec_pri_bocu_zakljucek_po_gozdni_cesti/11/2377/4967
2377;https://www.hribi.net/izlet/makole_plesivec_pri_bocu_cez_formilo/11/2377/8964
2377;https://www.hribi.net/izlet/cerovec_pod_bocem_plesivec_pri_bocu_zahodna_pot/11/2377/8956
2377;https://www.hribi.net/izlet/cerovec_pod_bocem_plesivec_pri_bocu_vzhodna_pot/11/2377/8955
2377;https://www.hribi.net/izlet/okrepcevalnica_zelena_dolina_plesivec_pri_bocu/11/2377/9633
2377;https://www.hribi.net/izlet/brzika_plesivec_pri_bocu/11/2377/9646
2378;https://www.hribi.net/izlet/cerkno_sveti_jost_v_trebencah/21/2378/4948
2379;https://www.hribi.net/izlet/studenice_izvir_toplega_studeniskega_potoka/11/2379/4964
2379;https://www.hribi.net/izlet/zgornje_poljcane_izvir_toplega_studeniskega_potoka/11/2379/5036
2379;https://www.hribi.net/izlet/makole_izvir_toplega_studeniskega_potoka_jakobova_pot/11/2379/10876
2379;https://www.hribi.net/izlet/zgornje_poljcane_izvir_toplega_studeniskega_potoka_po_jakobovi_poti/11/2379/10873
2381;https://www.hribi.net/izlet/altes_almhaus_rappoldkogel/28/2381/4952
2381;https://www.hribi.net/izlet/salzstiegelhaus_rappoldkogel/28/2381/9986
2382;https://www.hribi.net/izlet/sajda___schaidasattel_kravji_vrh___kuhberg_cez_obirsko_sedlo/11/2382/4962
2382;https://www.hribi.net/izlet/sajda___schaidasattel_kravji_vrh___kuhberg_strma_pot/11/2382/4963
2384;https://www.hribi.net/izlet/kranjski_rak_planina_marjanine_njive_cez_seliski_rob/3/2384/4970
2385;https://www.hribi.net/izlet/matkov_kot_veliki_vrh_nad_matkovim_kotom/3/2385/4984
2387;https://www.hribi.net/izlet/lovrenc_na_pohorju_hlebov_vrh_rdeci_breg/4/2387/4992
2387;https://www.hribi.net/izlet/podvelka_hlebov_vrh_rdeci_breg_mimo_viltuznika/4/2387/6755
2387;https://www.hribi.net/izlet/janzevski_vrh_uran_hlebov_vrh_rdeci_breg/4/2387/8449
2387;https://www.hribi.net/izlet/he_ozbalt_hlebov_vrh_rdeci_breg/4/2387/8533
2387;https://www.hribi.net/izlet/janzevski_vrh_uran_hlebov_vrh_rdeci_breg_mimo_brabarja/4/2387/8451
2387;https://www.hribi.net/izlet/lovrenc_na_pohorju_hlebov_vrh_rdeci_breg_mimo_povha_in_brabarja/4/2387/8443
2387;https://www.hribi.net/izlet/lovrenc_na_pohorju_hlebov_vrh_rdeci_breg_mimo_kapusa/4/2387/8512
2387;https://www.hribi.net/izlet/puscava_hlebov_vrh_rdeci_breg/4/2387/8508
2388;https://www.hribi.net/izlet/landro_langalm_hutte/39/2388/4993
2389;https://www.hribi.net/izlet/preval_koca_klobuk/5/2389/4997
2389;https://www.hribi.net/izlet/ljubljana_bokalce_koca_klobuk/5/2389/5730
2389;https://www.hribi.net/izlet/stranska_vas_pri_jurcku_koca_klobuk/5/2389/5733
2390;https://www.hribi.net/izlet/preval_strazni_vrh/5/2390/4996
2391;https://www.hribi.net/izlet/ljubljana_bokalce_klobuk_pri_ljubljani/5/2391/5731
2391;https://www.hribi.net/izlet/stranska_vas_pri_jurcku_klobuk_pri_ljubljani/5/2391/5732
2392;https://www.hribi.net/izlet/landro_rifugio_auronzo/39/2392/4994
2393;https://www.hribi.net/izlet/santuberto_cascata_di_fanes_via_ferrata_giovanni_barbara/39/2393/4995
2394;https://www.hribi.net/izlet/zicka_kartuzija_trije_krizi_na_konjiski_gori/4/2394/5000
2395;https://www.hribi.net/izlet/lago_di_fedaia_col_di_bousc/39/2395/5006
2396;https://www.hribi.net/izlet/landro_monte_piano/39/2396/5010
2396;https://www.hribi.net/izlet/landro_monte_piano_via_ferrata_bilgeri/39/2396/5011
2399;https://www.hribi.net/izlet/lipica_skibini__jama_vilenica/26/2399/5015
2400;https://www.hribi.net/izlet/ljubljana_sv_urh_orle/25/2400/5956
2400;https://www.hribi.net/izlet/ljubljana_spodnji_rudnik_orle/25/2400/5012
2400;https://www.hribi.net/izlet/ljubljana_gruberjeva_brv_orle/25/2400/5859
2400;https://www.hribi.net/izlet/ljubljana_zabja_vas_orle/25/2400/5955
2400;https://www.hribi.net/izlet/ljubljana_stepanja_vas_orle/25/2400/6647
2405;https://www.hribi.net/izlet/passo_di_costalunga___karerpass_rifugio_roda_di_vael/39/2405/5031
2407;https://www.hribi.net/izlet/zgornje_poljcane_planinska_koca_velikonocnica_prvi_del_poti_cez_babo_in_po_cesti/11/2407/5161
2407;https://www.hribi.net/izlet/zgornje_poljcane_planinska_koca_velikonocnica_po_cesti/11/2407/5032
2407;https://www.hribi.net/izlet/zgornja_kostrivnica_planinska_koca_velikonocnica/11/2407/7340
2408;https://www.hribi.net/izlet/passo_di_costalunga___karerpass_roda_di_vael___rotwand_via_ferrata_majare/39/2408/5033
2408;https://www.hribi.net/izlet/passo_di_costalunga___karerpass_roda_di_vael___rotwand_cez_passo_dal_vaiolon/39/2408/5041
2409;https://www.hribi.net/izlet/passo_di_costalunga___karerpass_cima_latemar___latemarspitze/39/2409/5035
2409;https://www.hribi.net/izlet/passo_di_costalunga___karerpass_cima_latemar___latemarspitze_cez_malga_vallace/39/2409/5050
2410;https://www.hribi.net/izlet/rifugio_bai_de_dones_rifugio_cinque_torri/39/2410/5038
2410;https://www.hribi.net/izlet/ponte_de_ru_curto_rifugio_cinque_torri/39/2410/7537
2411;https://www.hribi.net/izlet/preddvor_novi_grad_pusti_grad/3/2411/5043
2411;https://www.hribi.net/izlet/potoce_novi_grad_pusti_grad/3/2411/5039
2412;https://www.hribi.net/izlet/podkilavac_dom_hahlic_preko_kolci/33/2412/5053
2412;https://www.hribi.net/izlet/podkilavac_dom_hahlic_mudna_dol/33/2412/5638
2413;https://www.hribi.net/izlet/jelasca_info_tabla_velika_lelija/141/2413/5051
2414;https://www.hribi.net/izlet/dobric_vedet_brezovec/3/2414/5058
2415;https://www.hribi.net/izlet/val_alba_monte_chiavals_po_poti_450_428_in_juznem_grebenu/27/2415/5061
2415;https://www.hribi.net/izlet/gravon_di_gleris_monte_chiavals_monte_chiavals_iz_doline_rio_gravon_di_gleris/27/2415/6509
2416;https://www.hribi.net/izlet/loz_grad_loz_pusti_grad/26/2416/5067
2417;https://www.hribi.net/izlet/pala_barzana_monte_raut_cai_967/27/2417/5068
2418;https://www.hribi.net/izlet/brancek_sv_katarina_nad_novokracinami/26/2418/5070
2418;https://www.hribi.net/izlet/rjavi_bg_sv_katarina_nad_novokracinami/26/2418/5071
2419;https://www.hribi.net/izlet/passo_della_forcella_col_gentile_po_grebenu/27/2419/5166
2420;https://www.hribi.net/izlet/ponte_de_ru_curto_rifugio_croda_da_lago/39/2420/5077
2421;https://www.hribi.net/izlet/ponte_de_ru_curto_la_rocchetta/39/2421/5078
2422;https://www.hribi.net/izlet/podkilavac_pakleno_preko_kolci_istocnim_podnozjem_obruca/33/2422/5079
2423;https://www.hribi.net/izlet/pokilavac_pakleno_sjeverni_vrh_preko_kolci_istocnim_podnozjem_obruca/33/2423/5080
2424;https://www.hribi.net/izlet/podkilavac_obruc_preko_kolci_istocnim_padinama_obruca/33/2424/5083
2424;https://www.hribi.net/izlet/podkilavac_obruc_preko_kolci_juznim_grebenom/33/2424/5084
2425;https://www.hribi.net/izlet/paradsasvar_galyateto_piros_kereszt_ut_pot_rdeci_kriz/134/2425/5082
2426;https://www.hribi.net/izlet/selo_pri_mirni_sveti_peter_selo_pri_mirni/25/2426/5085
2426;https://www.hribi.net/izlet/selo_pri_mirni_sveti_peter_selo_pri_mirni_po_cesti/25/2426/5086
2427;https://www.hribi.net/izlet/veliko_trebeljevo_sveta_marjeta_prezganje/25/2427/5087
2428;https://www.hribi.net/izlet/krsko_sveti_primoz_kremen/25/2428/5089
2429;https://www.hribi.net/izlet/ponte_de_ru_curto_monte_formin/39/2429/5090
2429;https://www.hribi.net/izlet/passo_giau_monte_formin/39/2429/6261
2429;https://www.hribi.net/izlet/ponte_de_ru_curto_monte_formin_mimo_rifugio_croda_da_lago/39/2429/5155
2431;https://www.hribi.net/izlet/olimje_sv_andrej_nad_olimjem/25/2431/5096
2433;https://www.hribi.net/izlet/planina_pod_golico_brdo_plezalisce_pod_golico_mimo_fenca/11/2433/5105
2435;https://www.hribi.net/izlet/krapina_susec_strahinjscica_pot_sedmih_ovinkov/61/2435/5106
2435;https://www.hribi.net/izlet/krapina_susec_strahinjscica_preke_jelenje_pecine/61/2435/5107
2435;https://www.hribi.net/izlet/gornje_jesenje_susec_strahinjscica/61/2435/5191
2435;https://www.hribi.net/izlet/radoboj_susec_strahinjscica/61/2435/7966
2435;https://www.hribi.net/izlet/radoboj_susec_strahinjscica_dedek_in_babica/61/2435/9595
2436;https://www.hribi.net/izlet/dovje_jezero_kreda/1/2436/5110
2436;https://www.hribi.net/izlet/pri_rosu_jezero_kreda/1/2436/5111
2437;https://www.hribi.net/izlet/dovje_erjavcev_rovt_planina_mlinca_pespot/11/2437/5113
2437;https://www.hribi.net/izlet/dovje_erjavcev_rovt_planina_mlinca_po_cesti/11/2437/5112
2438;https://www.hribi.net/izlet/podkoren_visoka_bavha/11/2438/5115
2439;https://www.hribi.net/izlet/kosmacev_preval_gogalova_lipa/1/2439/5122
2439;https://www.hribi.net/izlet/krnica_most_cez_radovno_gogalova_lipa/1/2439/7367
2440;https://www.hribi.net/izlet/koca_na_gozdu_tonkina_koca_na_vrsicu/1/2440/5130
2442;https://www.hribi.net/izlet/blejska_dobrava_pokopalisce_slap_sum_v_blejskem_vintgarju_po_cesti_/1/2442/5136
2443;https://www.hribi.net/izlet/blejska_dobrava_pokopalisce_sveta_katarina_na_homu/1/2443/5137
2443;https://www.hribi.net/izlet/podhom_sveta_katarina_na_homu/1/2443/5264
2446;https://www.hribi.net/izlet/dragonja_krizisce_sveti_duh_sveti_peter_severozahodna_pot/26/2446/5138
2446;https://www.hribi.net/izlet/dragonja_krizisce_sveti_duh_sveti_peter_jugovzhodna_pot/26/2446/5139
2449;https://www.hribi.net/izlet/logatec_gorenja_vas_sencurjev_vrh_skozi_zibrse/26/2449/5142
2449;https://www.hribi.net/izlet/travnarjev_gozd_hotenjsko_podolje_sencurjev_vrh/26/2449/5144
2450;https://www.hribi.net/izlet/travnarjev_gozd_hotenjsko_podolje_sveta_barbara_ravnik_pri_hotedrsici/26/2450/5143
2451;https://www.hribi.net/izlet/komenda_planinski_dom_milana_sinkovca/3/2451/5289
2452;https://www.hribi.net/izlet/kocna_kres_nad_kocno/1/2452/5147
2453;https://www.hribi.net/izlet/kocna_spominsko_obelezje_ales_kunaver/1/2453/5148
2454;https://www.hribi.net/izlet/trebez_jesenice_javorniski_slapovi_po_cesti/11/2454/5149
2455;https://www.hribi.net/izlet/repnje_sveti_tilen_nad_repnjami/5/2455/5152
2456;https://www.hribi.net/izlet/repnje_gradisce_zaposki_hrib/5/2456/5151
2457;https://www.hribi.net/izlet/kocna_zerjavec_kavce_juzna_pot/1/2457/5154
2457;https://www.hribi.net/izlet/kocna_zerjavec_kavce_strma_severna_pot/1/2457/5153
2458;https://www.hribi.net/izlet/mozjanca_apnisce/3/2458/5157
2458;https://www.hribi.net/izlet/olsevek_apnisce_zahodna_pot/3/2458/6430
2458;https://www.hribi.net/izlet/adergas_apnisce_mimo_sterne/3/2458/6573
2458;https://www.hribi.net/izlet/olsevek_apnisce_mimo_sterne/3/2458/6431
2458;https://www.hribi.net/izlet/preddvor_apnisce_po_pespoti/3/2458/6682
2458;https://www.hribi.net/izlet/velesovo_apnisce_mimo_sterne/3/2458/7950
2459;https://www.hribi.net/izlet/poljana_zavrsnica_slap_pod_gozdasnico_hudic_babo_pere/11/2459/5159
2460;https://www.hribi.net/izlet/jersice_lovska_koca_tresnja_ravan_pot_je_trajno_zaprta!/26/2460/5164
2462;https://www.hribi.net/izlet/jezero___san_lorenzo_dolina_reke_glinscice___val_rosandra_ferrata_b_biondi/48/2462/5707
2463;https://www.hribi.net/izlet/blejska_dobrava_pokopalisce__hom_pri_bledu_cez_katarino/1/2463/5171
2463;https://www.hribi.net/izlet/podhom_hom_pri_bledu/1/2463/5263
2463;https://www.hribi.net/izlet/blejska_dobrava_pokopalisce_hom_pri_bledu_po_vzhodnem_pobocju/1/2463/5180
2464;https://www.hribi.net/izlet/pri_zagi_javorniski_rovt__velika_boncla/11/2464/5172
2467;https://www.hribi.net/izlet/st_wolfgang_schafberg_preko_schafbergalma/59/2467/5192
2468;https://www.hribi.net/izlet/kocna_vrse_ob_smuciscu/1/2468/5198
2468;https://www.hribi.net/izlet/kocna_vrse_cez_senozeti/1/2468/5199
2469;https://www.hribi.net/izlet/poljane_spodnje_gorje_borst_po_cesti/1/2469/5200
2469;https://www.hribi.net/izlet/kocna_borst_cez_vrse/1/2469/5204
2469;https://www.hribi.net/izlet/trate_blejska_dobrava_borst/1/2469/5298
2470;https://www.hribi.net/izlet/store_kapelica_pri_mariji_pod_srebotnikom_barbarina_pot/25/2470/5201
2470;https://www.hribi.net/izlet/celje_kapelica_pri_mariji_pod_srebotnikom_po_celjski_planinski_poti/25/2470/5207
2471;https://www.hribi.net/izlet/ziri_sveti_tomaz_vrsnik_nad_zirmi/21/2471/5202
2471;https://www.hribi.net/izlet/govejk_sveti_tomaz_vrsnik_nad_zirmi/21/2471/5211
2472;https://www.hribi.net/izlet/ukova_jesenice_mirca_cez_pekovo_planco/11/2472/5206
2472;https://www.hribi.net/izlet/murova__mirca/11/2472/5208
2477;https://www.hribi.net/izlet/hrusevo_log_sveti_jurij_hrusevo/5/2477/5225
2478;https://www.hribi.net/izlet/poljana_zavrsnica__slap_pod_kurico/11/2478/5232
2479;https://www.hribi.net/izlet/dvor_kucelj_nad_polhovim_gradcem_po_markirani_poti/5/2479/5231
2479;https://www.hribi.net/izlet/polhov_gradec_kucelj_nad_polhovim_gradcem_cez_ravnek/5/2479/5270
2479;https://www.hribi.net/izlet/dvor_kucelj_nad_polhovim_gradcem_po_nemarkirani_poti/5/2479/5235
2480;https://www.hribi.net/izlet/trbovlje_tabor/25/2480/5237
2484;https://www.hribi.net/izlet/potoki_gradisce_nad_sotesko_soteska/11/2484/5241
2485;https://www.hribi.net/izlet/selski_most_kapelica_na_koren/21/2485/5242
2486;https://www.hribi.net/izlet/plave_kuk_nad_paljevim/26/2486/5249
2486;https://www.hribi.net/izlet/plave__kuk_nad_paljevim_cez_priznico/26/2486/5265
2486;https://www.hribi.net/izlet/plave_kuk_nad_paljevim_cez_paljevo/26/2486/5255
2487;https://www.hribi.net/izlet/lokva_derneciste_maglic/65/2487/5256
2487;https://www.hribi.net/izlet/prijevor_maglic/65/2487/6126
2488;https://www.hribi.net/izlet/plave__priznica/26/2488/5260
2488;https://www.hribi.net/izlet/plave_priznica_po_cesti/26/2488/5269
2489;https://www.hribi.net/izlet/plave__sveti_kvirin_na_paljevem_cez_priznico/26/2489/5261
2489;https://www.hribi.net/izlet/plave_sveti_kvirin_na_paljevem_po_cesti/26/2489/5268
2490;https://www.hribi.net/izlet/recica_pri_bledu_blejski_grad_cez_visce/1/2490/5279
2491;https://www.hribi.net/izlet/rekarjev_rovt_police/1/2491/5290
2492;https://www.hribi.net/izlet/podmezakla_jesenice_planina_ravne_cez_zakop/1/2492/5291
2493;https://www.hribi.net/izlet/zalog_pri_cerkljah_senturska_gora/3/2493/5297
2493;https://www.hribi.net/izlet/planinski_dom_milana_sinkovca_senturska_gora/3/2493/5292
2493;https://www.hribi.net/izlet/planinski_dom_milana_sinkovca_senturska_gora_cez_zaloski_rob/3/2493/5296
2494;https://www.hribi.net/izlet/lovska_koca_budanje_soncnica_reber/26/2494/5300
2494;https://www.hribi.net/izlet/col_soncnica_reber/26/2494/5310
2494;https://www.hribi.net/izlet/jamce_soncnica_reber/26/2494/5315
2495;https://www.hribi.net/izlet/col_podrta_gora_nad_ajdovscino/26/2495/5308
2495;https://www.hribi.net/izlet/lovska_koca_budanje_podrta_gora_nad_ajdovscino/26/2495/5302
2495;https://www.hribi.net/izlet/jamce_podrta_gora_nad_ajdovscino/26/2495/5311
2496;https://www.hribi.net/izlet/lovska_koca_budanje_kraguljc/26/2496/5304
2496;https://www.hribi.net/izlet/col_kraguljc/26/2496/5309
2496;https://www.hribi.net/izlet/jamce_kraguljc/26/2496/5314
2498;https://www.hribi.net/izlet/selski_most_planina_vrsana/21/2498/5324
2503;https://www.hribi.net/izlet/kupljenik_planina_prihod/21/2503/5331
2503;https://www.hribi.net/izlet/selski_most_planina_prihod/21/2503/5326
2503;https://www.hribi.net/izlet/selski_most_planina_prihod_cez_kupljenik/21/2503/5329
2504;https://www.hribi.net/izlet/selski_most_sveti_stefan_kupljenik/21/2504/5328
2505;https://www.hribi.net/izlet/zelimlje_stari_grad_nad_zelimljami/26/2505/5338
2506;https://www.hribi.net/izlet/podhocar_hoc/21/2506/5339
2506;https://www.hribi.net/izlet/petrovo_brdo_hoc/21/2506/5340
2507;https://www.hribi.net/izlet/preserje_lovska_koca_plehanov_laz/26/2507/5345
2508;https://www.hribi.net/izlet/mala_goricica_kmecki_turizem_obolno_cez_obolno/25/2508/5347
2508;https://www.hribi.net/izlet/mala_goricica_kmecki_turizem_obolno_po_cesti/25/2508/5348
2509;https://www.hribi.net/izlet/koca_na_naravskih_ledinah_dom_na_urslji_gori/11/2509/5351
2509;https://www.hribi.net/izlet/postarski_dom_pod_plesivcem_dom_na_urslji_gori_cez_kozarnico/11/2509/5350
2509;https://www.hribi.net/izlet/zapornica_pod_malim_vrhom_dom_na_urslji_gori_po_cesti/11/2509/5378
2509;https://www.hribi.net/izlet/andrejev_dom_na_slemenu_dom_na_urslji_gori/11/2509/5424
2509;https://www.hribi.net/izlet/ivarcko_jezero_dom_na_urslji_gori_cez_kozji_hrbet/11/2509/5422
2509;https://www.hribi.net/izlet/ciganija_dom_na_urslji_gori/11/2509/5423
2509;https://www.hribi.net/izlet/ivarcko_jezero_dom_na_urslji_gori_grofovska_pot/11/2509/5421
2509;https://www.hribi.net/izlet/postarski_dom_pod_plesivcem_dom_na_urslji_gori_cez_kal/11/2509/5420
2509;https://www.hribi.net/izlet/ciganija_dom_na_urslji_gori_zimska_pot/11/2509/5379
2509;https://www.hribi.net/izlet/zerjav_dom_na_urslji_gori/11/2509/5425
2509;https://www.hribi.net/izlet/sveti_danijel_zgornji_razbor_dom_na_urslji_gori/11/2509/9823
2510;https://www.hribi.net/izlet/potoce_mihceva_kopisca_mimo_sv_jakoba_in_izvira_pod_potosko_goro/3/2510/5353
2511;https://www.hribi.net/izlet/avtokamp_simuni_sv_vid_otok_pag/63/2511/5448
2511;https://www.hribi.net/izlet/bosana_sv_marija_sv_vid_otok_pag_pristop_po_severni_strani/63/2511/7349
2511;https://www.hribi.net/izlet/kolan_sv_vid_otok_pag_kolan_-_sveti_vid_pag/63/2511/8631
2512;https://www.hribi.net/izlet/spodnja_postaja_zicnice_na_krvavec_hotel_krvavec/3/2512/5376
2512;https://www.hribi.net/izlet/planina_jezerca_hotel_krvavec_po_cesti/3/2512/5374
2512;https://www.hribi.net/izlet/spodnja_kokra_hotel_krvavec/3/2512/5377
2512;https://www.hribi.net/izlet/dom_na_gospincu_hotel_krvavec/3/2512/5373
2513;https://www.hribi.net/izlet/gozdarska_koca_rovtarica_gozdarske_koce_martincek_mimo_radovljiske_planine/21/2513/5383
2513;https://www.hribi.net/izlet/gozdarska_koca_rovtarica_gozdarske_koce_martincek_mimo_poljanke/21/2513/5382
2514;https://www.hribi.net/izlet/gozdarska_koca_rovtarica_lipniska_planina_mimo_radovljiske_planine/21/2514/5384
2516;https://www.hribi.net/izlet/mp_ratece_spodnje_mangartsko_jezero/1/2516/5415
2516;https://www.hribi.net/izlet/scicchizza_spodnje_mangartsko_jezero/1/2516/5419
2516;https://www.hribi.net/izlet/ahlete___aclete_spodnje_mangartsko_jezero/1/2516/7147
2517;https://www.hribi.net/izlet/trg_toneta_cufarja_jesenice_slapisce_pod_kalvarijo/11/2517/5417
2518;https://www.hribi.net/izlet/bohinjsko_sedlo_slatnik_jugovzhodni_vrh_mimo_lajnarja/1/2518/5426
2518;https://www.hribi.net/izlet/bohinjsko_sedlo_slatnik_jugovzhodni_vrh_mimo_kasarne/1/2518/5428
2518;https://www.hribi.net/izlet/petrovo_brdo_slatnik_jugovzhodni_vrh_mimo_lajnarja/1/2518/5429
2518;https://www.hribi.net/izlet/podbrdo_slatnik_jugovzhodni_vrh/1/2518/5427
2518;https://www.hribi.net/izlet/podbrdo_slatnik_jugovzhodni_vrh_mimo_lajnarja/1/2518/7960
2519;https://www.hribi.net/izlet/lech_da_sompunt_rifugio_sponata/39/2519/5431
2520;https://www.hribi.net/izlet/lech_da_sompunt_rifugio_gherdenacia/39/2520/5433
2521;https://www.hribi.net/izlet/lech_da_sompunt_ciampani/39/2521/5435
2522;https://www.hribi.net/izlet/passo_gardena_muntejela_de_puez/39/2522/5449
2522;https://www.hribi.net/izlet/colfosco_muntejela_de_puez/39/2522/5450
2522;https://www.hribi.net/izlet/lech_da_sompunt_muntejela_de_puez_pot_11/39/2522/5436
2522;https://www.hribi.net/izlet/lech_da_sompunt_muntejela_de_puez_pot_15/39/2522/5444
2523;https://www.hribi.net/izlet/passo_gardena_col_de_puez___puezkofel/39/2523/5452
2523;https://www.hribi.net/izlet/colfosco_col_de_puez___puezkofel/39/2523/5453
2523;https://www.hribi.net/izlet/lech_da_sompunt_col_de_puez___puezkofel_pot_11/39/2523/5446
2523;https://www.hribi.net/izlet/lech_da_sompunt_col_de_puez___puezkofel_pot_15/39/2523/5451
2524;https://www.hribi.net/izlet/passo_gardena_piz_de_puez___puezspitz/39/2524/5455
2524;https://www.hribi.net/izlet/colfosco_piz_de_puez___puezspitz/39/2524/5456
2524;https://www.hribi.net/izlet/selva___wolkenstein_vallunga_piz_de_puez___puezspitz/39/2524/6026
2524;https://www.hribi.net/izlet/lech_da_sompunt_piz_de_puez___puezspitz_pot_11/39/2524/5447
2524;https://www.hribi.net/izlet/lech_da_sompunt_piz_de_puez___puezspitz_pot_15/39/2524/5454
2526;https://www.hribi.net/izlet/rifugio_gardeccia_rifugio_vajolet/39/2526/5463
2527;https://www.hribi.net/izlet/rifugio_gardeccia_rifugio_passo_principe___grasleitenpasshutte/39/2527/5465
2528;https://www.hribi.net/izlet/rifugio_gardeccia_catinaccio_dantermoia___kesselkogel/39/2528/5466
2528;https://www.hribi.net/izlet/rifugio_gardeccia_catinaccio_dantermoia___kesselkogel_cez_passo_di_antermoia/39/2528/5468
2529;https://www.hribi.net/izlet/rifugio_gardeccia_cima_scalieret_po_severnem_grebenu/39/2529/5472
2530;https://www.hribi.net/izlet/malga_ciapela_malga_ombretta/39/2530/5479
2531;https://www.hribi.net/izlet/malga_ciapela_rifugio_onorio_falier/39/2531/5495
2532;https://www.hribi.net/izlet/mixnitz_hochlantsch_skozi_sotesko_barenschutzklamm/138/2532/5507
2532;https://www.hribi.net/izlet/teichalm_teichalmsee_hochlantsch/138/2532/8821
2532;https://www.hribi.net/izlet/teichalm_teichalmsee_hochlantsch_mimo_gasthaus_steirischer_jockl/138/2532/8831
2532;https://www.hribi.net/izlet/breitalm_hochlantsch/138/2532/10324
2532;https://www.hribi.net/izlet/breitalm_hochlantsch_cez_zachenkreuz/138/2532/10323
2532;https://www.hribi.net/izlet/teichalm_teichalmsee_hochlantsch_cez_zachenkreuz/138/2532/10325
2533;https://www.hribi.net/izlet/ljubljana_koseze_mostec/5/2533/5508
2534;https://www.hribi.net/izlet/rakitna_trenk/26/2534/5512
2535;https://www.hribi.net/izlet/plavski_rovt_slapovi_v_preski/11/2535/5531
2536;https://www.hribi.net/izlet/seichenbrunn_lienzer_hutte/57/2536/5532
2538;https://www.hribi.net/izlet/logatec_sekirica_mimo_skakalnic/26/2538/5540
2538;https://www.hribi.net/izlet/logatec_sekirica_mimo_nogometnega_igrisca/26/2538/5535
2539;https://www.hribi.net/izlet/seichenbrunn_glodis/57/2539/5539
2540;https://www.hribi.net/izlet/gossgraben_giessener_hutte/57/2540/5551
2541;https://www.hribi.net/izlet/gossgraben_hochalmspitze_detmolder_grat/57/2541/5563
2541;https://www.hribi.net/izlet/gossgraben_hochalmspitze_mimo_steinerne_mandln/57/2541/5552
2542;https://www.hribi.net/izlet/kaisigen_brennerin/59/2542/5559
2543;https://www.hribi.net/izlet/kaisigen_dachsteinblick/59/2543/5560
2543;https://www.hribi.net/izlet/weissenbach_dachsteinblick/59/2543/5567
2544;https://www.hribi.net/izlet/weissenbach_schoberstein/59/2544/5565
2545;https://www.hribi.net/izlet/hotedrsica_sveti_urh_zavratec/26/2545/5564
2545;https://www.hribi.net/izlet/rovte_sveti_urh_zavratec_cez_kamnikov_gric/26/2545/5568
2545;https://www.hribi.net/izlet/rovte_sveti_urh_zavratec_po_trtovski_grapi/26/2545/5569
2546;https://www.hribi.net/izlet/weissenbach_mahdlgupf/59/2546/5566
2547;https://www.hribi.net/izlet/passo_staulanza_monte_pelmo/39/2547/5575
2549;https://www.hribi.net/izlet/piano_fiscalino___fischleinboden_rudihutte/39/2549/5577
2550;https://www.hribi.net/izlet/sadnighaus_sadnig_direktna_pot_oznaka_150/57/2550/5578
2550;https://www.hribi.net/izlet/sadnighaus_sadnig_mimo_planine_lindler_pot_149/57/2550/5581
2554;https://www.hribi.net/izlet/strma_reber_firstov_rep/26/2554/5583
2554;https://www.hribi.net/izlet/ravne_firstov_rep/26/2554/5585
2554;https://www.hribi.net/izlet/osilnica_firstov_rep/26/2554/5590
2554;https://www.hribi.net/izlet/18_serpentina_ceste_na_strmo_reber_firstov_rep/26/2554/5599
2554;https://www.hribi.net/izlet/bezgovica_firstov_rep/26/2554/5593
2555;https://www.hribi.net/izlet/strma_reber_loska_stena/26/2555/5584
2555;https://www.hribi.net/izlet/osilnica_loska_stena/26/2555/5591
2555;https://www.hribi.net/izlet/ravne_loska_stena/26/2555/5586
2555;https://www.hribi.net/izlet/18_serpentina_ceste_na_strmo_reber_loska_stena/26/2555/5598
2555;https://www.hribi.net/izlet/bezgovica_loska_stena/26/2555/5592
2556;https://www.hribi.net/izlet/osilnica_bezgarska_planina/26/2556/5588
2556;https://www.hribi.net/izlet/18_serpentina_ceste_na_strmo_reber_bezgarska_planina/26/2556/5596
2556;https://www.hribi.net/izlet/bezgovica_bezgarska_planina/26/2556/5594
2556;https://www.hribi.net/izlet/strma_reber_bezgarska_planina/26/2556/5587
2558;https://www.hribi.net/izlet/rakov_skocjan_hotel_rakov_skocjan_rakova_pot/26/2558/5993
2558;https://www.hribi.net/izlet/rakov_skocjan_hotel_rakov_skocjan_tkalceva_pot/26/2558/5600
2558;https://www.hribi.net/izlet/rakov_skocjan_hotel_rakov_skocjan_jamarska_pot/26/2558/5992
2559;https://www.hribi.net/izlet/murijeva_planina_pod_mlinarjevim_sedlom_na_krizu_kokrska_kocna_po_sz_grebenu_na_kocno_oz_vrh_na_krizu/3/2559/5610
2560;https://www.hribi.net/izlet/polhov_gradec_blagajev_grad_sveti_jurij_praproce/5/2560/5613
2561;https://www.hribi.net/izlet/cesta_na_zaplano_strmica/26/2561/5626
2562;https://www.hribi.net/izlet/srednja_vas_studor/1/2562/7692
2562;https://www.hribi.net/izlet/stara_fuzina_studor_cez_planino_blatce/1/2562/7693
2563;https://www.hribi.net/izlet/razpotje_vragovec_doslovska_planina/11/2563/5633
2564;https://www.hribi.net/izlet/tinckova_koca_lovska_koca_nad_doslovsko_planino/11/2564/6280
2564;https://www.hribi.net/izlet/razpotje_vragovec_lovska_koca_nad_doslovsko_planino/11/2564/5634
2565;https://www.hribi.net/izlet/pico_do_areeiro_pico_ruivo_vereda_do_areeiro/143/2565/5643
2566;https://www.hribi.net/izlet/rodik_ajdovscina/26/2566/5639
2567;https://www.hribi.net/izlet/kluze___chiusaforte_montusel_po_poti_427_in_427a/27/2567/5641
2571;https://www.hribi.net/izlet/gozdec_veliki_babanski_skedenj_preko_ruse_in_cez_sedlo_jezerca/1/2571/5646
2572;https://www.hribi.net/izlet/muzac___moggio_di_sopra_monticello_pot_420_421_preko_la_forcia_in_po_vojaski_mulatjeri/27/2572/5648
2572;https://www.hribi.net/izlet/muzac___moggio_di_sopra_monticello_pot_421_preko_stavolo_borghin_creste_delle_betulle/27/2572/5647
2573;https://www.hribi.net/izlet/ratece_bivak_brez_meja___bivacco_senza_confini_vzhodna_pot/11/2573/5650
2573;https://www.hribi.net/izlet/ratece_bivak_brez_meja___bivacco_senza_confini_zahodna_pot/11/2573/5654
2573;https://www.hribi.net/izlet/pri_jalnu___fusine_laghi_bivak_brez_meja___bivacco_senza_confini/11/2573/5649
2574;https://www.hribi.net/izlet/soriska_pec_erbelc/21/2574/6179
2574;https://www.hribi.net/izlet/rotek_erbelc/21/2574/5658
2574;https://www.hribi.net/izlet/bohinjsko_sedlo_erbelc/21/2574/6180
2574;https://www.hribi.net/izlet/spodnje_danje_erbelc/21/2574/5665
2575;https://www.hribi.net/izlet/spodnje_danje_tonderskofel/21/2575/5666
2575;https://www.hribi.net/izlet/soriska_pec_tonderskofel/21/2575/6178
2575;https://www.hribi.net/izlet/rotek_tonderskofel/21/2575/5660
2576;https://www.hribi.net/izlet/podkocna_jamnikov_spodmol/1/2576/5659
2577;https://www.hribi.net/izlet/rotek_sveti_marko_spodnje_danje/21/2577/5664
2578;https://www.hribi.net/izlet/prigorec_ivanscica_cez_konja_rajterjeva_pot/61/2578/5670
2578;https://www.hribi.net/izlet/prigorec_ivanscica_prekrizje/61/2578/5674
2578;https://www.hribi.net/izlet/prigorec_ivanscica_pionir/61/2578/7406
2578;https://www.hribi.net/izlet/prigorec_ivanscica_mrzljak/61/2578/7404
2578;https://www.hribi.net/izlet/juranscina_ivanscica_po_dolini_potoka_brana/61/2578/5738
2578;https://www.hribi.net/izlet/juranscina_ivanscica_pot_kopanja/61/2578/5740
2578;https://www.hribi.net/izlet/juranscina_ivanscica_cez_belige/61/2578/7753
2579;https://www.hribi.net/izlet/lasko_pri_gradu_tabor_hum_nad_laskim_skozi_zahum_in_po_vzhodnem_grebenu/25/2579/5676
2579;https://www.hribi.net/izlet/lasko_pri_gradu_tabor_hum_nad_laskim_po_zahodnem_grebenu/25/2579/5675
2580;https://www.hribi.net/izlet/srednji_vrh_bele_peci_lepi_vrh_cez_zeleznico/11/2580/5684
2580;https://www.hribi.net/izlet/srednji_vrh_bele_peci_lepi_vrh_po_dolini_potoka_zlebnica/11/2580/5685
2581;https://www.hribi.net/izlet/kanonir_turni_pri_kozjem_vrhu/3/2581/5690
2582;https://www.hribi.net/izlet/kanonir_licjanovec/3/2582/5691
2583;https://www.hribi.net/izlet/rocinj_cicer_krozna_pot/26/2583/5708
2585;https://www.hribi.net/izlet/dom_frata_ostri_vrh_nad_globodolom/25/2585/5711
2585;https://www.hribi.net/izlet/rdeci_kal_ostri_vrh_nad_globodolom_cez_veliko_raven/25/2585/5710
2585;https://www.hribi.net/izlet/rdeci_kal_ostri_vrh_nad_globodolom_mimo_doma_ld_dobrnic/25/2585/5714
2586;https://www.hribi.net/izlet/dom_frata_dom_ld_dobrnic/25/2586/5715
2586;https://www.hribi.net/izlet/rdeci_kal_dom_ld_dobrnic_po_cesti/25/2586/5713
2586;https://www.hribi.net/izlet/rdeci_kal_dom_ld_dobrnic_cez_veliko_raven/25/2586/5712
2587;https://www.hribi.net/izlet/precna_dom_frata/25/2587/7066
2587;https://www.hribi.net/izlet/rdeci_kal_dom_frata_po_cesti/25/2587/5719
2587;https://www.hribi.net/izlet/rdeci_kal_dom_frata_cez_veliko_raven/25/2587/5718
2588;https://www.hribi.net/izlet/parkirisce_v_gozdu_na_strani_jasenka_bijele_stijene_oznacena_pot_skozi_gozd/33/2588/7520
2588;https://www.hribi.net/izlet/vela_vrata_bijele_stijene/33/2588/10278
2589;https://www.hribi.net/izlet/lonice___passo_del_cason_di_lanza___lanzenpass_zermula_via_ferrata/27/2589/5717
2589;https://www.hribi.net/izlet/lonice___passo_del_cason_di_lanza___lanzenpass_zermula_normalni_pristop_oznaka_poti_442_/27/2589/5716
2590;https://www.hribi.net/izlet/lonice___passo_del_cason_di_lanza___lanzenpass_zuc_della_guardia_direktna_pot/27/2590/5721
2590;https://www.hribi.net/izlet/lonice___passo_del_cason_di_lanza___lanzenpass_zuc_della_guardia_pod_pobocji_monte_pizzul-a/27/2590/5720
2591;https://www.hribi.net/izlet/lonice___passo_del_cason_di_lanza___lanzenpass_pizzul_normalni_pristop_oznaka_poti_442/27/2591/5722
2592;https://www.hribi.net/izlet/moravce_hribce/25/2592/5723
2593;https://www.hribi.net/izlet/piano_fiscalino___fischleinboden_croda_rossa_di_sesto_via_ferrata_croda_rossa/39/2593/5734
2594;https://www.hribi.net/izlet/jersice_baba_pri_javornikih/26/2594/5742
2594;https://www.hribi.net/izlet/mesnice_baba_pri_javornikih/26/2594/5741
2596;https://www.hribi.net/izlet/piano_fiscalino___fischleinboden_rifugio_carducci/39/2596/5754
2597;https://www.hribi.net/izlet/podvolovljek_petkov_graben_kunsperski_vrh_brezovec/3/2597/5766
2597;https://www.hribi.net/izlet/volovljek_kunsperski_vrh_brezovec/3/2597/5756
2598;https://www.hribi.net/izlet/podvolovljek_petkov_graben_mali_rogatec_mali_rogac/3/2598/5767
2598;https://www.hribi.net/izlet/volovljek_mali_rogatec_mali_rogac/3/2598/5757
2599;https://www.hribi.net/izlet/jesenica_lovska_koca_ld_otavnik/21/2599/5773
2599;https://www.hribi.net/izlet/preval_vrh_ravni_lovska_koca_ld_otavnik/21/2599/5781
2600;https://www.hribi.net/izlet/jesenica_planina_otavnik/21/2600/5774
2600;https://www.hribi.net/izlet/preval_vrh_ravni_planina_otavnik/21/2600/5782
2601;https://www.hribi.net/izlet/jesenica_otavnik/21/2601/5776
2601;https://www.hribi.net/izlet/preval_vrh_ravni_otavnik/21/2601/5783
2602;https://www.hribi.net/izlet/rifugio_dibona_grotta_di_tofana/39/2602/5775
2603;https://www.hribi.net/izlet/playa_del_socorro_pico_del_teide/144/2603/5818
2604;https://www.hribi.net/izlet/ledinsko_razpotje_marutnik_vzhodna_pot/26/2604/5788
2604;https://www.hribi.net/izlet/ledinsko_razpotje_marutnik_zahodna_pot/26/2604/5791
2605;https://www.hribi.net/izlet/ledinsko_razpotje_sveta_marija_magdalena_gore_vzhodna_pot/26/2605/5789
2605;https://www.hribi.net/izlet/ledinsko_razpotje_sveta_marija_magdalena_gore_zahodna_pot/26/2605/5792
2606;https://www.hribi.net/izlet/koprivnik_v_bohinju_vodnikov_razglednik/1/2606/5795
2606;https://www.hribi.net/izlet/jereka_vodnikov_razglednik/1/2606/5794
2607;https://www.hribi.net/izlet/piano_fiscalino___fischleinboden_bivacco_de_toni_via_ferrata_severino_casara/39/2607/5823
2609;https://www.hribi.net/izlet/trebez_jesenice_copov_rovt/11/2609/5837
2610;https://www.hribi.net/izlet/prevala_veliki_hrib_kota_526/26/2610/5842
2612;https://www.hribi.net/izlet/catez_zaplaz/25/2612/5849
2612;https://www.hribi.net/izlet/okrog_lazar_zaplaz/25/2612/5847
2612;https://www.hribi.net/izlet/most_cez_dusico_zaplaz/25/2612/5848
2613;https://www.hribi.net/izlet/catez_bajturn_zaplaski_hrib_po_severnem_pobocju/25/2613/5853
2613;https://www.hribi.net/izlet/catez_bajturn_zaplaski_hrib_po_grebenu/25/2613/5852
2613;https://www.hribi.net/izlet/zaplaz_bajturn_zaplaski_hrib_po_grebenu/25/2613/5850
2613;https://www.hribi.net/izlet/zaplaz_bajturn_zaplaski_hrib_po_severnem_pobocju/25/2613/5851
2613;https://www.hribi.net/izlet/most_cez_dusico_bajturn_zaplaski_hrib_po_grebenu/25/2613/5854
2613;https://www.hribi.net/izlet/okrog_lazar_bajturn_zaplaski_hrib_po_grebenu/25/2613/5856
2613;https://www.hribi.net/izlet/okrog_lazar_bajturn_zaplaski_hrib_po_severnem_pobocju/25/2613/5857
2613;https://www.hribi.net/izlet/most_cez_dusico_bajturn_zaplaski_hrib_po_severnem_pobocju/25/2613/5855
2614;https://www.hribi.net/izlet/poetto_trdnjava_sv_elija_trdnjava_sv_ignacija_po_ulici_calamosca/38/2614/5863
2614;https://www.hribi.net/izlet/poetto_trdnjava_sv_elija_trdnjava_sv_ignacija_santelia/38/2614/5869
2615;https://www.hribi.net/izlet/bohinjska_bistrica_zelezniska_postaja_ajdovski_gradec_ob_zeleznici/1/2615/5860
2615;https://www.hribi.net/izlet/bohinjska_bistrica_zelezniska_postaja_ajdovski_gradec_ob_savi/1/2615/5872
2616;https://www.hribi.net/izlet/poetto_sella_del_diavolo/38/2616/5861
2616;https://www.hribi.net/izlet/poetto_sella_del_diavolo_mimo_trdnjave_santelia/38/2616/5882
2617;https://www.hribi.net/izlet/odcep_za_burcei_na_cesti_ss125_monte_dei_sette_fratelli/38/2617/5883
2618;https://www.hribi.net/izlet/radovljica_lipniski_grad_pusti_grad_nad_lipnico_po_naravoslovno_ucni_poti/21/2618/5896
2618;https://www.hribi.net/izlet/radovljica_lipniski_grad_pusti_grad_nad_lipnico_cez_ravnico/21/2618/5895
2618;https://www.hribi.net/izlet/kamna_gorica_lipniski_grad_pusti_grad_nad_lipnico/21/2618/5865
2618;https://www.hribi.net/izlet/kamna_gorica_lipniski_grad_pusti_grad_nad_lipnico_skozi_galerije/21/2618/5893
2618;https://www.hribi.net/izlet/sobcev_bajer_lipniski_grad_pusti_grad_nad_lipnico_mimo_fuxove_brvi_in_po_naravoslovno_ucni_poti/21/2618/5894
2618;https://www.hribi.net/izlet/sobcev_bajer_lipniski_grad_pusti_grad_nad_lipnico_mimo_boltarja/21/2618/5866
2618;https://www.hribi.net/izlet/sobcev_bajer_lipniski_grad_pusti_grad_nad_lipnico_mimo_fuxove_brvi_in_cez_ravnico/21/2618/5867
2618;https://www.hribi.net/izlet/zgornja_dobrava_lipniski_grad_pusti_grad_nad_lipnico_cez_zjavko_in_skozi_galerije/21/2618/6351
2618;https://www.hribi.net/izlet/zgornja_dobrava_lipniski_grad_pusti_grad_nad_lipnico_cez_ojstro_pec/21/2618/6350
2619;https://www.hribi.net/izlet/obrati_javornik_slovenski_javornik_strana/11/2619/5874
2620;https://www.hribi.net/izlet/zidani_most_sveta_marija_kljucevica/25/2620/5877
2620;https://www.hribi.net/izlet/hrastnik_podkraj_sveta_marija_kljucevica/25/2620/5876
2620;https://www.hribi.net/izlet/dolina_sopote_zagrad_sveta_marija_kljucevica/25/2620/9767
2620;https://www.hribi.net/izlet/radece_sveta_marija_kljucevica/25/2620/9762
2621;https://www.hribi.net/izlet/planina_pod_golico_na_peceh_pri_crnem_vrhu/11/2621/5879
2622;https://www.hribi.net/izlet/brancljeva_senozet_misnice/26/2622/5880
2622;https://www.hribi.net/izlet/zamlake_misnice/26/2622/5881
2624;https://www.hribi.net/izlet/celje_herkulovo_svetisce_na_bregu/25/2624/5885
2625;https://www.hribi.net/izlet/poljana_zavrsnica_mali_vrh_nad_zavrsnico/3/2625/5889
2626;https://www.hribi.net/izlet/lanisce_rimska_trdnjava_lanisce/26/2626/5890
2626;https://www.hribi.net/izlet/kalce_rimska_trdnjava_lanisce/26/2626/9744
2626;https://www.hribi.net/izlet/grcarevec_rimska_trdnjava_lanisce_mimo_razgledisca/26/2626/9743
2628;https://www.hribi.net/izlet/spodnja_postaja_zicnice_na_krvavec_kopa_partizanski_vrh/3/2628/5897
2628;https://www.hribi.net/izlet/spodnja_kokra_kopa_partizanski_vrh/3/2628/5903
2628;https://www.hribi.net/izlet/mozjanca_kopa_partizanski_vrh/3/2628/5898
2628;https://www.hribi.net/izlet/kokra_pocivalisce_kokra-sotocje_kopa_partizanski_vrh/3/2628/7491
2629;https://www.hribi.net/izlet/mozjanca_skutman/3/2629/5900
2629;https://www.hribi.net/izlet/spodnja_kokra_skutman_cez_kopo/3/2629/5902
2629;https://www.hribi.net/izlet/kokra_pocivalisce_kokra-sotocje_skutman/3/2629/7490
2629;https://www.hribi.net/izlet/spodnja_postaja_zicnice_na_krvavec_skutman_cez_kopo/3/2629/5901
2629;https://www.hribi.net/izlet/mozjanca_skutman_cez_zapecnikovo_planino/3/2629/7488
2630;https://www.hribi.net/izlet/preddvor_sveti_nikolaj_mozjanca_po_pespoti/3/2630/6681
2630;https://www.hribi.net/izlet/preddvor_sveti_nikolaj_mozjanca_po_cesti/3/2630/6481
2630;https://www.hribi.net/izlet/stefanja_gora_sveti_nikolaj_mozjanca_po_cesti/3/2630/5907
2630;https://www.hribi.net/izlet/olsevek_sveti_nikolaj_mozjanca/3/2630/6684
2631;https://www.hribi.net/izlet/bele_vode_sveti_andrej_sveti_kriz_kriska_gora_nad_belimi_vodami_spodnja_pot/3/2631/5910
2631;https://www.hribi.net/izlet/bele_vode_sveti_andrej_sveti_kriz_kriska_gora_nad_belimi_vodami_zgornja_pot/3/2631/5911
2631;https://www.hribi.net/izlet/izvir_ljubije_sveti_kriz_kriska_gora_nad_belimi_vodami/3/2631/5909
2631;https://www.hribi.net/izlet/bele_vode_kovac_sveti_kriz_kriska_gora_nad_belimi_vodami_po_juznem_grebenu/3/2631/5908
2632;https://www.hribi.net/izlet/tolminske_ravne_grusnica_cez_planino_na_kalu/1/2632/5912
2632;https://www.hribi.net/izlet/tolminska_korita_grusnica_cez_hudicev_most_in_cez_tolminske_ravne/1/2632/5916
2632;https://www.hribi.net/izlet/tolminska_korita_grusnica_skozi_tolminska_korita_in_cez_tolminske_ravne/1/2632/5919
2632;https://www.hribi.net/izlet/planina_kuk_grusnica/1/2632/7027
2632;https://www.hribi.net/izlet/cadrg_grusnica_cez_planino_na_kalu/1/2632/9244
2632;https://www.hribi.net/izlet/kneske_ravne_grusnica_cez_planino_na_kalu/1/2632/6940
2633;https://www.hribi.net/izlet/tolminske_ravne_javor_nad_tolminskimi_ravnami/1/2633/5914
2633;https://www.hribi.net/izlet/tolminska_korita_javor_nad_tolminskimi_ravnami_skozi_tolminska_korita_in_cez_tolminske_ravne/1/2633/5920
2633;https://www.hribi.net/izlet/tolminska_korita_javor_nad_tolminskimi_ravnami_cez_hudicev_most_in_cez_tolminske_ravne/1/2633/5917
2633;https://www.hribi.net/izlet/cadrg_javor_nad_tolminskimi_ravnami/1/2633/9312
2634;https://www.hribi.net/izlet/makekova_kocna_murijeva_planina/3/2634/5921
2635;https://www.hribi.net/izlet/makekova_kocna_ovca_koca_cez_murijevo_planino/3/2635/5922
2636;https://www.hribi.net/izlet/makekova_kocna_povsnarjeva_planina_cez_murijevo_planino_in_mimo_ovce_koce/3/2636/5923
2637;https://www.hribi.net/izlet/jezersko_polje_pec_razgledisce/1/2637/5927
2638;https://www.hribi.net/izlet/senturska_gora_ambroz_pod_krvavcem/3/2638/7390
2638;https://www.hribi.net/izlet/spodnja_postaja_zicnice_na_krvavec_ambroz_pod_krvavcem_skozi_lukenjski_graben/3/2638/5928
2638;https://www.hribi.net/izlet/senturska_gora_ambroz_pod_krvavcem_cez_jagosce/3/2638/7391
2638;https://www.hribi.net/izlet/apno_ambroz_pod_krvavcem_cez_prgozdnik/3/2638/7323
2638;https://www.hribi.net/izlet/senturska_gora_ambroz_pod_krvavcem_cez_prgozdnik/3/2638/7321
2638;https://www.hribi.net/izlet/planinski_dom_milana_sinkovca_ambroz_pod_krvavcem/3/2638/7476
2638;https://www.hribi.net/izlet/zalog_pri_cerkljah_ambroz_pod_krvavcem/3/2638/7475
2639;https://www.hribi.net/izlet/ambroz_pod_krvavcem_planina_jezerca/3/2639/5944
2639;https://www.hribi.net/izlet/spodnja_postaja_zicnice_na_krvavec_planina_jezerca_skozi_lukenjski_graben/3/2639/5929
2639;https://www.hribi.net/izlet/spodnja_postaja_zicnice_na_krvavec_planina_jezerca_cez_davovec_in_po_grebenu_trdovnika/3/2639/5931
2639;https://www.hribi.net/izlet/spodnja_kokra_planina_jezerca_cez_davovec_in_po_grebenu_trdovnika/3/2639/5938
2643;https://www.hribi.net/izlet/srednji_dolic_gostisce_repolusk_izvir_reke_pake_tematska_pot_od_hude_luknje_do_izvira_reke_pake/4/2643/5934
2644;https://www.hribi.net/izlet/koroska_bela_rc_kres_gank/11/2644/5940
2648;https://www.hribi.net/izlet/tatabanya_turul_emlekmu_het_vezer_vasalt_ut_ferata_sedmih_kapetanov/133/2648/5953
2648;https://www.hribi.net/izlet/tatabanya_turul_emlekmu/133/2648/5954
2649;https://www.hribi.net/izlet/vodel_gradovec/1/2649/5962
2649;https://www.hribi.net/izlet/pod_debelo_glavo_gradovec/1/2649/5966
2649;https://www.hribi.net/izlet/pod_debelo_glavo_konec_ceste_gradovec_mimo_lovske_koce/1/2649/5968
2649;https://www.hribi.net/izlet/javorje_gradovec_pot_cez_glin/1/2649/5967
2651;https://www.hribi.net/izlet/atene_konec_ulice_egeou_pelaous_hymettus/146/2651/5970
2653;https://www.hribi.net/izlet/atene_spodnja_postaja_zicnice_parnitha_krozna_pot/146/2653/5971
2655;https://www.hribi.net/izlet/otocec_sveta_marija_trska_gora/25/2655/5989
2655;https://www.hribi.net/izlet/otocec_sveta_marija_trska_gora_via_castle_stari_grad/25/2655/5988
2656;https://www.hribi.net/izlet/otocec_stari_grad_nad_otoccem/25/2656/5987
2657;https://www.hribi.net/izlet/osp_crnokalska_varda/26/2657/6800
2657;https://www.hribi.net/izlet/varda_crnokalska_varda/26/2657/6000
2657;https://www.hribi.net/izlet/zlebinje_crnokalska_varda/26/2657/5999
2658;https://www.hribi.net/izlet/kranjska_gora_visoka_pec_mimo_bedancevega_doma/1/2658/6008
2658;https://www.hribi.net/izlet/jasna_visoka_pec_mimo_mojcinega_doma/1/2658/6002
2658;https://www.hribi.net/izlet/dom_planica_visoka_pec_lovska_pot/1/2658/6012
2658;https://www.hribi.net/izlet/zelenci_visoka_pec/1/2658/6014
2659;https://www.hribi.net/izlet/kranjska_gora_bedancev_dom/1/2659/6003
2660;https://www.hribi.net/izlet/hotel_plesnik_plesnikova_planina/3/2660/6021
2665;https://www.hribi.net/izlet/senaru_gunung_rinjani_tropski_pristop___tropical_approach/147/2665/6036
2666;https://www.hribi.net/izlet/senaru_pelawangan_i_gn_rinjani_crater_rim_tropski_pristop/147/2666/6055
2668;https://www.hribi.net/izlet/senaru_aiq_kalak_mt_rinjanis_hot_springs_tropski_pristop/147/2668/6053
2669;https://www.hribi.net/izlet/senaru_danau_segara_anak_tropski_pristop/147/2669/7630
2670;https://www.hribi.net/izlet/senaru_turisticno_informacijski_center_air_terjun_sindang_gila_panoramska_pot/147/2670/6051
2670;https://www.hribi.net/izlet/senaru_pred_koncem_ceste_air_terjun_sindang_gila_po_stopnicah/147/2670/6052
2671;https://www.hribi.net/izlet/marangu_gate_kilimandzaro_marangu_route/148/2671/6030
2671;https://www.hribi.net/izlet/machame_gate_kilimandzaro_machame_route/148/2671/9341
2672;https://www.hribi.net/izlet/zelezniki_hujska/21/2672/6038
2672;https://www.hribi.net/izlet/zelezniki_hujska_cez_kres/21/2672/6037
2673;https://www.hribi.net/izlet/pri_mlincu_mangartska_planina/1/2673/6042
2674;https://www.hribi.net/izlet/mimice_kosmatica/64/2674/6043
2675;https://www.hribi.net/izlet/pocol_de_ra_crosc_ra_bujela_via_ferrata_maria_e_andrea_ferrari/39/2675/6047
2678;https://www.hribi.net/izlet/kemuda_pura_lempuyang/147/2678/6054
2680;https://www.hribi.net/izlet/ski_hotel_vogel_podrta_gora_po_bohinjski_planinski_poti/1/2680/6056
2680;https://www.hribi.net/izlet/koca_pri_savici_podrta_gora_pristop_po_grebenu_iz_zahodne_strani/1/2680/6443
2680;https://www.hribi.net/izlet/ski_hotel_vogel_podrta_gora_po_bpp_pod_rusnatim_vrhom_in_cez_mejo_in_skrbino/1/2680/6466
2681;https://www.hribi.net/izlet/pura_pasar_agung_gunung_agung/147/2681/6063
2684;https://www.hribi.net/izlet/wimbachbrucke_watzmann_hocheck/59/2684/6069
2685;https://www.hribi.net/izlet/parkplatz_innerfragant_wurtenspeicher_richard_helfer_weg/57/2685/6067
2686;https://www.hribi.net/izlet/wimbachbrucke_watzmann_mittelspitze/59/2686/6081
2687;https://www.hribi.net/izlet/wimbachbrucke_watzmannhaus/59/2687/6068
2689;https://www.hribi.net/izlet/parkplatz_innerfragant_mittelstation_molltaler_gletscher/57/2689/6070
2690;https://www.hribi.net/izlet/parkplatz_innerfragant_weissseehaus/57/2690/6071
2692;https://www.hribi.net/izlet/parkplatz_innerfragant_duisburger_hutte/57/2692/6082
2693;https://www.hribi.net/izlet/parkplatz_innerfragant_eisseehaus/57/2693/6083
2694;https://www.hribi.net/izlet/parkplatz_innerfragant_baumbachspitze/57/2694/6088
2695;https://www.hribi.net/izlet/parkplatz_innerfragant_schareck/57/2695/6089
2695;https://www.hribi.net/izlet/zgornja_postaja_gondole_molltaler_gletscher_schareck/57/2695/6080
2695;https://www.hribi.net/izlet/parkplatz_innerfragant_schareck_cez_fraganter_scharte/57/2695/6091
2696;https://www.hribi.net/izlet/parkplatz_innerfragant_herzog_ernst_spitze/57/2696/6090
2697;https://www.hribi.net/izlet/pod_peco___koprein-petzen_planinski_dom_na_kmetiji_kumer/11/2697/6092
2698;https://www.hribi.net/izlet/planinski_dom_na_kmetiji_kumer_sveta_ana_v_koprivni/11/2698/6107
2698;https://www.hribi.net/izlet/pod_peco___koprein-petzen_sveta_ana_v_koprivni/11/2698/6093
2699;https://www.hribi.net/izlet/planinski_dom_na_kmetiji_kumer_planina_rep_repija/11/2699/6106
2699;https://www.hribi.net/izlet/pod_peco___koprein-petzen_planina_rep_repija/11/2699/6094
2700;https://www.hribi.net/izlet/planinski_dom_na_kmetiji_kumer_govseva_planina/11/2700/6105
2700;https://www.hribi.net/izlet/pod_peco___koprein-petzen_govseva_planina_mimo_kumra/11/2700/6095
2702;https://www.hribi.net/izlet/pod_peco_kozelj___koprein-petzen_koschiel_sneznik_nad_koprivno/11/2702/6101
2704;https://www.hribi.net/izlet/ipsos_pirgi_pantokrator_cez_spartylas_in_strinilas_-_z_juzne_strani_s_kolesom/150/2704/6098
2705;https://www.hribi.net/izlet/parkplatz_innerfragant_goldbergtauernkopf_cez_fraganter_scharte/57/2705/6099
2706;https://www.hribi.net/izlet/parkplatz_innerfragant_alteck_cez_fraganter_scharte/57/2706/6100
2707;https://www.hribi.net/izlet/pod_peco_kozelj___koprein-petzen_koschiel_spicasti_vrh___spitzberg/11/2707/6102
2708;https://www.hribi.net/izlet/mlinarica_golicica/1/2708/6117
2709;https://www.hribi.net/izlet/dolina_drage_dolina_drage_gozdna_ucna_pot_draga/26/2709/6121
2710;https://www.hribi.net/izlet/kovacev_panj_ugljesin_vrh/65/2710/6127
2711;https://www.hribi.net/izlet/planina_ravne_jamarski_bivak_na_dleskovski_planoti_cez_zelene_trate/3/2711/6129
2711;https://www.hribi.net/izlet/planina_ravne_jamarski_bivak_na_dleskovski_planoti_cez_planino_polsak/3/2711/6130
2711;https://www.hribi.net/izlet/planina_ravne_jamarski_bivak_na_dleskovski_planoti_cez_dolgo_trato/3/2711/6131
2712;https://www.hribi.net/izlet/le_fer_a_cheval_col_de_vergio_paglia_orba_voie_normale/151/2712/6128
2714;https://www.hribi.net/izlet/volcji_potok_stari_grad_volcji_potok_polozna_pot/25/2714/6133
2714;https://www.hribi.net/izlet/volcji_potok_stari_grad_volcji_potok_strma_pot/25/2714/6132
2715;https://www.hribi.net/izlet/podrozca___rosenbach_planina_rozca___roschitzaalm/11/2715/6134
2716;https://www.hribi.net/izlet/visnja_gora_grad_visnja_gora_stari_grad/25/2716/6143
2717;https://www.hribi.net/izlet/visnja_gora_hotel_polzevo/25/2717/6146
2718;https://www.hribi.net/izlet/visnja_gora_sveti_duh_polzevo/25/2718/6145
2718;https://www.hribi.net/izlet/hotel_polzevo_sveti_duh_polzevo/25/2718/6144
2719;https://www.hribi.net/izlet/ljubelj_sveta_ana_ljubelj/11/2719/6157
2719;https://www.hribi.net/izlet/spominski_park_taborisca_mauthausen_ljubelj_sveta_ana_ljubelj/11/2719/6314
2721;https://www.hribi.net/izlet/crikvenica_drenin/33/2721/6161
2721;https://www.hribi.net/izlet/selce_drenin/33/2721/6163
2722;https://www.hribi.net/izlet/bilopolje_sveti_ilija_peljesac/64/2722/6160
2722;https://www.hribi.net/izlet/ruskovici_orebic_sveti_ilija_peljesac/64/2722/8281
2722;https://www.hribi.net/izlet/kuciste_viganj_sveti_ilija_peljesac/64/2722/8758
2722;https://www.hribi.net/izlet/nakovana_sveti_ilija_peljesac/64/2722/8755
2723;https://www.hribi.net/izlet/slovenska_vas_slovenski_vrh/25/2723/6166
2723;https://www.hribi.net/izlet/kocevje_slovenski_vrh/25/2723/6169
2723;https://www.hribi.net/izlet/koca_pri_jelenovem_studencu_slovenski_vrh/25/2723/6171
2724;https://www.hribi.net/izlet/kocevje_ledenik/25/2724/6168
2724;https://www.hribi.net/izlet/koca_pri_jelenovem_studencu_ledenik/25/2724/6170
2724;https://www.hribi.net/izlet/slovenska_vas_ledenik/25/2724/6167
2725;https://www.hribi.net/izlet/parkirisce_kot_velika_baba_kanin_preko_zg_brda_in_sedla_med_baban/1/2725/6173
2725;https://www.hribi.net/izlet/zaga_velika_baba_kanin/1/2725/10484
2725;https://www.hribi.net/izlet/parkirisce_kot_velika_baba_kanin_cez_med_babo/1/2725/10507
2725;https://www.hribi.net/izlet/parkirisce_kot_velika_baba_kanin_cez_skutnik/1/2725/10486
2725;https://www.hribi.net/izlet/hotel_boka_velika_baba_kanin/1/2725/10483
2726;https://www.hribi.net/izlet/gradisko_jezero_gradiski_gric_po_pespoti/25/2726/6174
2726;https://www.hribi.net/izlet/gradisko_jezero_gradiski_gric_po_cesti/25/2726/6175
2727;https://www.hribi.net/izlet/gradisko_jezero_sveti_mohor_na_mohorjevem_hribu_cez_prikrnico/25/2727/6176
2727;https://www.hribi.net/izlet/gradisko_jezero_sveti_mohor_na_mohorjevem_hribu_cez_vinje_pri_moravcah/25/2727/7150
2727;https://www.hribi.net/izlet/gradisko_jezero_sveti_mohor_na_mohorjevem_hribu/25/2727/7153
2728;https://www.hribi.net/izlet/gradisko_jezero_gradisko_jezero_krozna_pot_okrog_jezera/25/2728/6177
2729;https://www.hribi.net/izlet/polhov_gradec_blagajev_grad_blagajev_grad_polhograjska_grascina_blagajeva_pot/5/2729/6183
2730;https://www.hribi.net/izlet/stary_smokovec_slavkovsky_stit/78/2730/6189
2732;https://www.hribi.net/izlet/muljava_izvir_krke/25/2732/6201
2732;https://www.hribi.net/izlet/izvir_poltarice_izvir_krke/25/2732/6202
2733;https://www.hribi.net/izlet/korensko_sedlo_petelinjek_nad_korenskim_sedlom_po_avstrijski_strani/11/2733/6205
2733;https://www.hribi.net/izlet/polja_petelinjek_nad_korenskim_sedlom_mimo_kalisja/11/2733/6206
2734;https://www.hribi.net/izlet/polja_kalisje/11/2734/6207
2735;https://www.hribi.net/izlet/planina_jezerca_krzisce_pokovse/3/2735/6212
2735;https://www.hribi.net/izlet/ambroz_pod_krvavcem_krzisce_pokovse/3/2735/6301
2736;https://www.hribi.net/izlet/bela_pec_ojstri_vrh_nad_prevalo_mimo_vrha_seduc/3/2736/6214
2736;https://www.hribi.net/izlet/bela_pec_ojstri_vrh_nad_prevalo_cez_ovcje_jame/3/2736/6219
2737;https://www.hribi.net/izlet/podnanos_sveti_socerb_vipavska_brda_polozna_pot/26/2737/6220
2737;https://www.hribi.net/izlet/sveta_ana_razguri_sveti_socerb_vipavska_brda/26/2737/6221
2738;https://www.hribi.net/izlet/podnanos_sveta_ana_razguri_mimo_vrabc/26/2738/6222
2739;https://www.hribi.net/izlet/zupanova_jama_tabor_cerovo/25/2739/6224
2739;https://www.hribi.net/izlet/ponova_vas_tabor_cerovo/25/2739/6223
2739;https://www.hribi.net/izlet/turjak_tabor_cerovo/25/2739/8696
2740;https://www.hribi.net/izlet/rogla_hotel_planja_ostruscica/4/2740/6231
2740;https://www.hribi.net/izlet/mislinjski_graben_pestotnik_ostruscica/4/2740/6225
2740;https://www.hribi.net/izlet/mislinja_ostruscica_cez_tolsti_vrh/4/2740/6229
2740;https://www.hribi.net/izlet/ribniska_koca_ostruscica/4/2740/8847
2740;https://www.hribi.net/izlet/ribniska_koca_ostruscica_mimo_lovrenskih_jezer/4/2740/8845
2741;https://www.hribi.net/izlet/mislinjski_graben_pestotnik_lukov_slap/4/2741/6226
2743;https://www.hribi.net/izlet/drevesnica_stivan_stivanski_log/26/2743/6232
2744;https://www.hribi.net/izlet/ljubelj_zerjavov_praprotnik___loibler_prapotnik/11/2744/6233
2744;https://www.hribi.net/izlet/bucan_zerjavov_praprotnik___loibler_prapotnik/11/2744/6234
2746;https://www.hribi.net/izlet/pfitscher_tal___val_di_vizze_hochfeilerhutte/54/2746/6239
2747;https://www.hribi.net/izlet/pfitscher_tal___val_di_vizze_hochfeiler/54/2747/6240
2748;https://www.hribi.net/izlet/pecar_zagarski_vrh/25/2748/6241
2749;https://www.hribi.net/izlet/vrzdenec_gradisce_nad_zazarjem_skozi_zazar/5/2749/6243
2749;https://www.hribi.net/izlet/vrzdenec_gradisce_nad_zazarjem_mimo_plese/5/2749/6244
2750;https://www.hribi.net/izlet/zaplana_jamnik_vranje_pecine_rajna_pec/26/2750/6248
2751;https://www.hribi.net/izlet/passo_giau_corvo_alto/39/2751/6253
2751;https://www.hribi.net/izlet/parkirisce_pod_malga_giau_corvo_alto/39/2751/8258
2752;https://www.hribi.net/izlet/strazisce_leskovica_nad_straziscem/26/2752/6254
2752;https://www.hribi.net/izlet/kozljek_leskovica_nad_straziscem/26/2752/6255
2754;https://www.hribi.net/izlet/terme_topolsica_lomek_lom/3/2754/6259
2754;https://www.hribi.net/izlet/terme_topolsica_lomek_lom_lovska_pot/3/2754/6463
2755;https://www.hribi.net/izlet/ljubelj_cisovec/3/2755/6264
2755;https://www.hribi.net/izlet/dom_v_dragi_cisovec_cez_luknjo/3/2755/6266
2755;https://www.hribi.net/izlet/podljubelj_lajb_cisovec/3/2755/6375
2756;https://www.hribi.net/izlet/passo_falzarego_croda_negra_pot_441_in_422/39/2756/6272
2759;https://www.hribi.net/izlet/passo_stalle___staller_sattel_croda_rossa___rote_wand_pot_7/57/2759/6273
2760;https://www.hribi.net/izlet/brezje_slap_peracica/3/2760/6275
2760;https://www.hribi.net/izlet/peracica_slap_peracica/3/2760/6277
2760;https://www.hribi.net/izlet/crnivec_slap_peracica_po_pespoti/3/2760/6667
2760;https://www.hribi.net/izlet/crnivec_slap_peracica_po_cesti/3/2760/6669
2760;https://www.hribi.net/izlet/dvorska_vas_slap_peracica/3/2760/6668
2761;https://www.hribi.net/izlet/celje_miklavzev_hrib_razgledni_stolp_zerdonerjeva_pot/25/2761/6278
2761;https://www.hribi.net/izlet/celje_miklavzev_hrib_razgledni_stolp_mimo_kapucinskega_samostana/25/2761/6299
2762;https://www.hribi.net/izlet/brezje_bazilika_marije_pomagaj_na_brezjah_brezjanska_pot_miru/3/2762/6281
2762;https://www.hribi.net/izlet/brezje_bazilika_marije_pomagaj_na_brezjah_roznovenska_pot/3/2762/6429
2763;https://www.hribi.net/izlet/zatrnik_hotunjski_vrh_zahodna_pot/1/2763/6286
2763;https://www.hribi.net/izlet/poljsica_pri_gorjah_zatrata_hotunjski_vrh_po_pespoti/1/2763/6290
2763;https://www.hribi.net/izlet/zatrnik_hotunjski_vrh_severna_pot/1/2763/6288
2763;https://www.hribi.net/izlet/bled_velika_zaka_hotunjski_vrh/1/2763/7582
2763;https://www.hribi.net/izlet/poljsica_pri_gorjah_zatrata_hotunjski_vrh_po_cesti/1/2763/6292
2763;https://www.hribi.net/izlet/bohinjska_bela_sv_marjeta_hotunjski_vrh/1/2763/7652
2764;https://www.hribi.net/izlet/aussichtswarte_vulkanland_stradner_kogel/138/2764/10258
2764;https://www.hribi.net/izlet/bad_gleichenberg_sagewerk_weiss_stradner_kogel/138/2764/9096
2764;https://www.hribi.net/izlet/haag_stradner_kogel/138/2764/9097
2766;https://www.hribi.net/izlet/kupljenik_gradisce_pod_babjim_zobom/21/2766/6297
2767;https://www.hribi.net/izlet/mezica_volinjak/11/2767/6354
2767;https://www.hribi.net/izlet/lese_volinjak_mimo_praparja/11/2767/6311
2767;https://www.hribi.net/izlet/poljana_volinjak_mimo_stovcnika/11/2767/6305
2767;https://www.hribi.net/izlet/lese_volinjak_mimo_hermanka/11/2767/6310
2767;https://www.hribi.net/izlet/poljana_volinjak_mimo_leskih_cerkva_in_praparja/11/2767/6307
2767;https://www.hribi.net/izlet/poljana_volinjak_mimo_leskih_cerkva_in_hermanka/11/2767/6308
2768;https://www.hribi.net/izlet/poljana_leski_cerkvi/11/2768/6306
2768;https://www.hribi.net/izlet/lese_leski_cerkvi/11/2768/6309
2770;https://www.hribi.net/izlet/suhadole_koseski_hrib_mimo_mlinckov/5/2770/6328
2770;https://www.hribi.net/izlet/koseze_koseski_hrib/5/2770/6373
2770;https://www.hribi.net/izlet/bukovica_pri_vodicah_koseski_hrib_mimo_mlinckov/5/2770/6331
2770;https://www.hribi.net/izlet/topole_koseski_hrib/5/2770/6372
2770;https://www.hribi.net/izlet/suhadole_koseski_hrib_po_kolovozu/5/2770/6325
2771;https://www.hribi.net/izlet/suhadole_mlincki/5/2771/6326
2771;https://www.hribi.net/izlet/bukovica_pri_vodicah_mlincki/5/2771/6329
2772;https://www.hribi.net/izlet/ribcev_laz_sveti_janez_krstnik_ribcev_laz_pot_okoli_bohinjskega_jezera/1/2772/6330
2773;https://www.hribi.net/izlet/ukanc_koca_pri_savici/1/2773/6333
2773;https://www.hribi.net/izlet/ukanc_koca_pri_savici_skozi_blato/1/2773/6334
2773;https://www.hribi.net/izlet/jezersko_polje_koca_pri_savici/1/2773/6335
2774;https://www.hribi.net/izlet/koprivnik_v_bohinju_zgornji_goreljek_pokljuka_mimo_makete_mlina_na_veter/1/2774/6336
2774;https://www.hribi.net/izlet/bled_velika_zaka_zgornji_goreljek_pokljuka/1/2774/7581
2774;https://www.hribi.net/izlet/zatrnik_zgornji_goreljek_pokljuka/1/2774/7603
2774;https://www.hribi.net/izlet/bohinjska_bela_sv_marjeta_zgornji_goreljek_pokljuka/1/2774/7658
2774;https://www.hribi.net/izlet/planina_smrecica_poglajnov_rovt_zgornji_goreljek_pokljuka/1/2774/7615
2775;https://www.hribi.net/izlet/koprivnik_v_bohinju_spodnji_goreljek_pokljuka_mimo_makete_mlina_na_veter/1/2775/6337
2776;https://www.hribi.net/izlet/radovljica_zjavka/21/2776/6349
2776;https://www.hribi.net/izlet/kamna_gorica_zjavka/21/2776/6339
2776;https://www.hribi.net/izlet/globoko_zjavka/21/2776/6393
2776;https://www.hribi.net/izlet/zgornja_dobrava_zjavka/21/2776/6343
2776;https://www.hribi.net/izlet/sobcev_bajer_zjavka_mimo_fuxove_brvi/21/2776/6345
2776;https://www.hribi.net/izlet/misace_zjavka/21/2776/7944
2777;https://www.hribi.net/izlet/radovljica_ojstra_pec/21/2777/6346
2777;https://www.hribi.net/izlet/kamna_gorica_ojstra_pec_cez_zjavko/21/2777/6340
2777;https://www.hribi.net/izlet/radovljica_ojstra_pec_cez_zjavko/21/2777/6348
2777;https://www.hribi.net/izlet/sobcev_bajer_ojstra_pec_mimo_fuxove_brvi_in_cez_zjavko/21/2777/6344
2777;https://www.hribi.net/izlet/sobcev_bajer_ojstra_pec_mimo_fuxove_brvi/21/2777/6347
2777;https://www.hribi.net/izlet/kamna_gorica_ojstra_pec/21/2777/6341
2777;https://www.hribi.net/izlet/zgornja_dobrava_ojstra_pec/21/2777/6342
2777;https://www.hribi.net/izlet/globoko_ojstra_pec_cez_zjavko/21/2777/6392
2777;https://www.hribi.net/izlet/globoko_ojstra_pec/21/2777/6391
2777;https://www.hribi.net/izlet/misace_ojstra_pec/21/2777/7943
2778;https://www.hribi.net/izlet/mezica_andrejev_vrh_po_kolovozu/11/2778/6355
2778;https://www.hribi.net/izlet/mezica_andrejev_vrh_mimo_kapelice/11/2778/6356
2778;https://www.hribi.net/izlet/lese_andrejev_vrh_mimo_leskih_cerkva_in_mimo_kapelice/11/2778/6361
2778;https://www.hribi.net/izlet/poljana_andrejev_vrh_cez_volinjak_in_mimo_kapelice/11/2778/6358
2778;https://www.hribi.net/izlet/lese_andrejev_vrh_mimo_leskih_cerkva_in_po_kolovozu/11/2778/6362
2778;https://www.hribi.net/izlet/poljana_andrejev_vrh_mimo_leskih_cerkva_in_mimo_kapelice/11/2778/6360
2778;https://www.hribi.net/izlet/poljana_andrejev_vrh_mimo_leskih_cerkva_in_po_kolovozu/11/2778/6359
2778;https://www.hribi.net/izlet/poljana_andrejev_vrh_cez_volinjak_in_po_kolovozu/11/2778/6357
2779;https://www.hribi.net/izlet/mezica_bivak_suska_bajta/11/2779/6363
2779;https://www.hribi.net/izlet/lese_bivak_suska_bajta_mimo_leskih_cerkva/11/2779/6364
2779;https://www.hribi.net/izlet/lese_bivak_suska_bajta_skozi_kot_pri_prevaljah/11/2779/6786
2780;https://www.hribi.net/izlet/hotel_molika_pelister_po_kamenjarot/152/2780/6369
2781;https://www.hribi.net/izlet/suhadole_debeli_vrh_nad_topolami/5/2781/6374
2781;https://www.hribi.net/izlet/koseze_debeli_vrh_nad_topolami/5/2781/6371
2781;https://www.hribi.net/izlet/topole_debeli_vrh_nad_topolami/5/2781/6370
2782;https://www.hribi.net/izlet/zelezna_kapla___bad_eisenkappel_ojstra___oistra_pot_648_in_671/11/2782/6376
2783;https://www.hribi.net/izlet/zerjav_pogorevc/11/2783/6395
2784;https://www.hribi.net/izlet/ljubelj_potocnikova_planina_bornova_pot/11/2784/6396
2785;https://www.hribi.net/izlet/zatrnik_turn_nad_bohinjsko_belo/1/2785/6410
2785;https://www.hribi.net/izlet/bled_velika_zaka_turn_nad_bohinjsko_belo/1/2785/7583
2785;https://www.hribi.net/izlet/konjska_raven_pokljuka_turn_nad_bohinjsko_belo/1/2785/6414
2785;https://www.hribi.net/izlet/planina_smrecica_poglajnov_rovt_turn_nad_bohinjsko_belo/1/2785/6407
2785;https://www.hribi.net/izlet/ilovec_turn_nad_bohinjsko_belo/1/2785/6418
2786;https://www.hribi.net/izlet/konjska_raven_pokljuka_belska_planina/1/2786/6413
2786;https://www.hribi.net/izlet/zatrnik_belska_planina/1/2786/6411
2786;https://www.hribi.net/izlet/planina_smrecica_poglajnov_rovt_belska_planina/1/2786/6408
2786;https://www.hribi.net/izlet/bled_velika_zaka_belska_planina/1/2786/7584
2787;https://www.hribi.net/izlet/ilovec_planina_ilovec/1/2787/6416
2789;https://www.hribi.net/izlet/malga_crocifisso_rifugio_alpino_buffaure/39/2789/6444
2790;https://www.hribi.net/izlet/malga_crocifisso_rifugio_baita_cuz_via_ferrata_i_magnifici_4/39/2790/6448
2790;https://www.hribi.net/izlet/malga_crocifisso_rifugio_baita_cuz/39/2790/6445
2791;https://www.hribi.net/izlet/vajont_diga_del_vajont_via_ferrata_della_memoria/27/2791/6455
2792;https://www.hribi.net/izlet/malga_crocifisso_col_de_valvacin/39/2792/6475
2793;https://www.hribi.net/izlet/podrozca___rosenbach_planina_kladje___quadiaalm_mimo_izvira_hladne_vode/11/2793/6458
2793;https://www.hribi.net/izlet/podrozca___rosenbach_planina_kladje___quadiaalm_skozi_medji_dol/11/2793/6457
2793;https://www.hribi.net/izlet/tale___tallach_planina_kladje___quadiaalm_mimo_izvira_hladne_vode/11/2793/6460
2795;https://www.hribi.net/izlet/reks_-_rekreacijsko_kulturno_sredisce_ravne_vrholanov_vrh_ravne_pri_sostanju_ravenska_pot/3/2795/6462
2796;https://www.hribi.net/izlet/riegersburg_grad_riegersburg___burg_riegersburg_leopolds_klettersteig_krajsa_c_varianta/138/2796/6464
2796;https://www.hribi.net/izlet/riegersburg_parkirisce_pred_vzpenjaco_grad_riegersburg___burg_riegersburg_pot_okoli_gradu/138/2796/9772
2797;https://www.hribi.net/izlet/zabnice___camporosso_in_valcanale_florjanka___monte_florianca/1/2797/6468
2797;https://www.hribi.net/izlet/trbiz___tarviso_florjanka___monte_florianca_po_servisni_cesti/1/2797/6471
2799;https://www.hribi.net/izlet/dom_v_lepeni_velika_montura/1/2799/6482
2799;https://www.hribi.net/izlet/planina_polog_velika_montura/1/2799/7022
2800;https://www.hribi.net/izlet/planina_krnica_lopa/1/2800/6487
2800;https://www.hribi.net/izlet/d_postaja_lopa/1/2800/7469
2801;https://www.hribi.net/izlet/dolina_ropojana_maja_jezerce/153/2801/6498
2802;https://www.hribi.net/izlet/cadovlje_pri_trzicu_kuspergarjev_turn_kuspergarjevi_turni/11/2802/6492
2804;https://www.hribi.net/izlet/rifugio_primula_forcella_marmarole/39/2804/6501
2806;https://www.hribi.net/izlet/rifugio_auronzo_lastron_dei_scarperi___schusterplatte/39/2806/6503
2806;https://www.hribi.net/izlet/landro_lastron_dei_scarperi___schusterplatte/39/2806/6629
2807;https://www.hribi.net/izlet/verzej_babicev_mlin_na_muri/162/2807/6505
2807;https://www.hribi.net/izlet/beltinci_babicev_mlin_na_muri/162/2807/8263
2809;https://www.hribi.net/izlet/cadovlje_pri_trzicu_ris_dolina_dovzanova_soteska_lazja_pot/11/2809/6514
2809;https://www.hribi.net/izlet/cadovlje_pri_trzicu_ris_dolina_dovzanova_soteska_tezja_pot/11/2809/6513
2809;https://www.hribi.net/izlet/cadovlje_pri_trzicu_ris_dolina_dovzanova_soteska_po_cesti/11/2809/6515
2811;https://www.hribi.net/izlet/rifugio_tolazzi_pic_chiadin/27/2811/6570
2811;https://www.hribi.net/izlet/plockenpass_pic_chiadin/27/2811/6517
2812;https://www.hribi.net/izlet/plockenpass_pilastro_del_coglians/27/2812/6518
2812;https://www.hribi.net/izlet/rifugio_tolazzi_pilastro_del_coglians_mimo_rifugio_marinelli/27/2812/6588
2813;https://www.hribi.net/izlet/plockenpass_cima_di_mezzo___keller_warte_mimo_rifugio_marinelli/27/2813/6519
2813;https://www.hribi.net/izlet/rifugio_tolazzi_cima_di_mezzo___keller_warte_mimo_rifugio_marinelli/27/2813/6620
2813;https://www.hribi.net/izlet/plockenpass_cima_di_mezzo___keller_warte_po_dolini_vallone_della_chianevate/27/2813/6637
2814;https://www.hribi.net/izlet/rute_zavrh___barental_macenski_vrh___matschacher_gupf_pot_st_668/11/2814/6899
2814;https://www.hribi.net/izlet/ladine___ladinach_macenski_vrh___matschacher_gupf_pot_st_668/11/2814/6522
2814;https://www.hribi.net/izlet/rute_zavrh___barental_macenski_vrh___matschacher_gupf_cez_sedlo_mrzla_raven___gipssattel/11/2814/6900
2815;https://www.hribi.net/izlet/ljubelj_srednja_pec_spodnja_pot/11/2815/6526
2815;https://www.hribi.net/izlet/ljubelj_srednja_pec_zgornja_pot/11/2815/6537
2815;https://www.hribi.net/izlet/ljubelj_srednja_pec_mimo_vatelce_oz_sklede/11/2815/6538
2815;https://www.hribi.net/izlet/trate___johannsenruhe_srednja_pec_mimo_celovske_koce/11/2815/6557
2815;https://www.hribi.net/izlet/podnar___bodenbauer_srednja_pec/11/2815/6564
2816;https://www.hribi.net/izlet/mhe_zali_potok_planina_zali_potok/11/2816/6527
2818;https://www.hribi.net/izlet/podkanja_vas___wildenstein_podkanjski_slap___wildensteiner_wasserfall/11/2818/6531
2819;https://www.hribi.net/izlet/podkanja_vas___wildenstein_hofovska_planina___hoffmansalpe/11/2819/6533
2820;https://www.hribi.net/izlet/bele_vode___rio_bianco_visoka_bela_spica___cima_alta_di_riobianco_normalni_pristop_iz_zgornje_skrbine_belega_potoka/1/2820/6539
2821;https://www.hribi.net/izlet/rebrca___rechberg_stara_gora___altberg_cez_rokov_vrh/11/2821/6543
2821;https://www.hribi.net/izlet/rebrca___rechberg_stara_gora___altberg_mimo_bukovnika/11/2821/6541
2822;https://www.hribi.net/izlet/rebrca___rechberg_rokov_vrh___rochusberg_mimo_bukovnika/11/2822/6542
2822;https://www.hribi.net/izlet/rebrca___rechberg_rokov_vrh___rochusberg/11/2822/6540
2823;https://www.hribi.net/izlet/kesselfall_furthermoaralm/57/2823/6545
2824;https://www.hribi.net/izlet/kesselfall_mooserboden/57/2824/6546
2824;https://www.hribi.net/izlet/kesselfall_mooserboden_klettersteig_mobo_107/57/2824/6574
2825;https://www.hribi.net/izlet/kesselfall_heinrich_schwaiger_haus/57/2825/6547
2826;https://www.hribi.net/izlet/ullachtal_passauer_hutte/59/2826/6551
2827;https://www.hribi.net/izlet/ribiska_koca_sostanj_sostanj_trska_pot_okoli_sostanja/3/2827/6553
2828;https://www.hribi.net/izlet/ullachtal_westliche_mitterspitze_leoganger_sud_klettersteig/59/2828/6554
2828;https://www.hribi.net/izlet/ullachtal_westliche_mitterspitze_leoganger_nord_klettersteig/59/2828/6558
2829;https://www.hribi.net/izlet/sebenje_sebenje_pot_treh_zvonov/3/2829/6555
2830;https://www.hribi.net/izlet/gozd_martuljek_jezero_jasna_skozi_tofov_graben/1/2830/6556
2831;https://www.hribi.net/izlet/kesselfall_grosses_wiesbachhorn/57/2831/6561
2833;https://www.hribi.net/izlet/kesselfall_hohenburg/57/2833/6568
2834;https://www.hribi.net/izlet/ljubelj_hajnzev_praprotnik___zeller_prapotnik_mimo_koce_na_ljubelju/11/2834/6575
2834;https://www.hribi.net/izlet/koncentracijsko_taborisce_hajnzev_praprotnik___zeller_prapotnik/11/2834/6576
2834;https://www.hribi.net/izlet/vrancek_hajnzev_praprotnik___zeller_prapotnik/11/2834/6579
2834;https://www.hribi.net/izlet/sele-zvrhnji_kot_male___zell-oberwinkel_male_hajnzev_praprotnik___zeller_prapotnik/11/2834/6589
2834;https://www.hribi.net/izlet/bucan_hajnzev_praprotnik___zeller_prapotnik/11/2834/6593
2835;https://www.hribi.net/izlet/rifugio_cercena_bivak_montanel/27/2835/6578
2836;https://www.hribi.net/izlet/rifugio_cercena_cima_montanel/27/2836/6580
2836;https://www.hribi.net/izlet/rifugio_padova_cima_montanel_cez_forcella_di_crodon/27/2836/6587
2837;https://www.hribi.net/izlet/zgornja_sveca_dolina_winettou_jelovice_po_stoperski_planinski_poti/4/2837/6581
2837;https://www.hribi.net/izlet/naraplje_jelovice/4/2837/8600
2837;https://www.hribi.net/izlet/stogovci_vabca_vas_jelovice/4/2837/8604
2838;https://www.hribi.net/izlet/rifugio_padova_crodon_di_scodavacca/27/2838/6586
2838;https://www.hribi.net/izlet/rifugio_cercena_crodon_di_scodavacca/27/2838/6583
2841;https://www.hribi.net/izlet/sebenje_mokrisce_blata/3/2841/6591
2845;https://www.hribi.net/izlet/passo_giau_monte_cernera/39/2845/6603
2846;https://www.hribi.net/izlet/gorenja_vas_jermanca_jermancov_gric/5/2846/6607
2847;https://www.hribi.net/izlet/franz-josefs-hohe_fuscherkarkopf/57/2847/6608
2848;https://www.hribi.net/izlet/d_postaja_prestreljenisko_okno/1/2848/7459
2848;https://www.hribi.net/izlet/krizisce_nad_b_postajo_prestreljenisko_okno_ferata/1/2848/6609
2848;https://www.hribi.net/izlet/krizisce_nad_b_postajo_prestreljenisko_okno/1/2848/6632
2849;https://www.hribi.net/izlet/unteralmhutte_weneberger_alm_scharnik/57/2849/6665
2849;https://www.hribi.net/izlet/bergheimat_scharnik_pot_315/57/2849/6649
2849;https://www.hribi.net/izlet/bergheimat_leppner_alm_scharnik_mimo_unteralmhutte/57/2849/6664
2850;https://www.hribi.net/izlet/podblica_sveta_jedert_lajse/21/2850/6613
2850;https://www.hribi.net/izlet/nemilje_sveta_jedert_lajse_cez_prevoje/21/2850/8038
2851;https://www.hribi.net/izlet/podblica_sleme_povrsnica/21/2851/6614
2851;https://www.hribi.net/izlet/selca_sleme_povrsnica/21/2851/7700
2851;https://www.hribi.net/izlet/zelezniki_sleme_povrsnica_cez_stalco/21/2851/7703
2851;https://www.hribi.net/izlet/nemilje_sleme_povrsnica_cez_prevoje/21/2851/8039
2852;https://www.hribi.net/izlet/zelezniki_sveti_kriz_nad_selcami_cez_stalco/21/2852/7702
2852;https://www.hribi.net/izlet/selca_sveti_kriz_nad_selcami/21/2852/7699
2852;https://www.hribi.net/izlet/podblica_sveti_kriz_nad_selcami_cez_sleme/21/2852/6615
2852;https://www.hribi.net/izlet/nemilje_sveti_kriz_nad_selcami_cez_prevoje/21/2852/8040
2853;https://www.hribi.net/izlet/koprivna_kumer_soparjev_vrh/11/2853/6619
2853;https://www.hribi.net/izlet/topla_koncnik_soparjev_vrh/11/2853/6618
2853;https://www.hribi.net/izlet/pod_peco___koprein-petzen_soparjev_vrh/11/2853/6624
2854;https://www.hribi.net/izlet/koprivna_kumer_cofatijev_vrh_cez_soparjev_vrh/11/2854/6622
2854;https://www.hribi.net/izlet/topla_koncnik_cofatijev_vrh_cez_soparjev_vrh/11/2854/6625
2854;https://www.hribi.net/izlet/pod_peco___koprein-petzen_cofatijev_vrh_cez_soparjev_vrh/11/2854/6623
2855;https://www.hribi.net/izlet/poljane_nad_skofjo_loko_sveti_primoz_in_felicijan_na_gabrski_gori/21/2855/6628
2856;https://www.hribi.net/izlet/unteralmhutte_bergheimat/57/2856/6656
2857;https://www.hribi.net/izlet/bergheimat_ochsnerhutte_pot_315/57/2857/6648
2858;https://www.hribi.net/izlet/podblica_bela_pec_podbliska_gora/21/2858/6651
2858;https://www.hribi.net/izlet/nemilje_bela_pec_podbliska_gora_cez_sleme/21/2858/6655
2858;https://www.hribi.net/izlet/drazgose_jelensce_bela_pec_podbliska_gora/21/2858/6653
2858;https://www.hribi.net/izlet/njivica_bela_pec_podbliska_gora/21/2858/6654
2858;https://www.hribi.net/izlet/drazgose_jelensce_bela_pec_podbliska_gora_cez_rigle/21/2858/7838
2858;https://www.hribi.net/izlet/rovte_bela_pec_podbliska_gora/21/2858/8035
2858;https://www.hribi.net/izlet/sveta_jedert_lajse_bela_pec_podbliska_gora_cez_rigle/21/2858/7834
2858;https://www.hribi.net/izlet/kropa_slovenska_pec_bela_pec_podbliska_gora_mimo_tehnike_meta/21/2858/7795
2858;https://www.hribi.net/izlet/kropa__bela_pec_podbliska_gora_mimo_tehnike_meta/21/2858/7796
2858;https://www.hribi.net/izlet/sveta_jedert_lajse_bela_pec_podbliska_gora_zgoraj_po_cesti/21/2858/7836
2858;https://www.hribi.net/izlet/brezovica_bela_pec_podbliska_gora_mimo_tehnike_meta/21/2858/7797
2858;https://www.hribi.net/izlet/cesnjica_pri_kropi_bela_pec_podbliska_gora_mimo_tehnike_meta/21/2858/7798
2859;https://www.hribi.net/izlet/drazgose_jelensce_bickova_skala/21/2859/6652
2860;https://www.hribi.net/izlet/bergheimat_unteralmhutte/57/2860/6650
2861;https://www.hribi.net/izlet/unteralmhutte_weneberger_alm_lamnitzsee_po_gorski_dolini/57/2861/6660
2861;https://www.hribi.net/izlet/bergheimat_leppner_alm_lamnitzsee_mimo_unteralmhutte/57/2861/6659
2861;https://www.hribi.net/izlet/bergheimat_leppner_alm_lamnitzsee_mimo_ochsnerhutte/57/2861/6662
2863;https://www.hribi.net/izlet/unteralmhutte_weneberger_alm_dachskofel_po_gorski_dolini/57/2863/6658
2863;https://www.hribi.net/izlet/bergheimat_leppner_alm_dachskofel_mimo_ochsnerhutte/57/2863/6661
2863;https://www.hribi.net/izlet/bergheimat_leppner_alm_dachskofel_mimo_unteralmhutte/57/2863/6657
2864;https://www.hribi.net/izlet/mallnitz_jamnigalm_rupertiweg/57/2864/7121
2864;https://www.hribi.net/izlet/parkirisce_pod_planino_jamnig_jamnigalm/57/2864/6663
2866;https://www.hribi.net/izlet/kreuzeckbahn_mernik_alm/57/2866/6666
2867;https://www.hribi.net/izlet/kreuzeckbahn_koppen/57/2867/6672
2868;https://www.hribi.net/izlet/gorjusa_veliki_vrh_krizentaver/25/2868/6671
2868;https://www.hribi.net/izlet/ssk_sam_ihan_veliki_vrh_krizentaver/25/2868/6670
2869;https://www.hribi.net/izlet/gorjusa_sv_kunigunda_na_taboru_nad_ihanom/25/2869/6746
2869;https://www.hribi.net/izlet/ssk_sam_ihan_sv_kunigunda_na_taboru_nad_ihanom/25/2869/6673
2870;https://www.hribi.net/izlet/ssk_sam_ihan_sv_miklavz_na_goropecah/25/2870/6674
2870;https://www.hribi.net/izlet/gorjusa_sv_miklavz_na_goropecah/25/2870/6749
2871;https://www.hribi.net/izlet/gorjusa_oklo_nad_ihanom_skozi_dobovlje/25/2871/6751
2871;https://www.hribi.net/izlet/gorjusa_oklo_nad_ihanom_mimo_sv_miklavza/25/2871/6750
2871;https://www.hribi.net/izlet/ssk_sam_ihan_oklo_nad_ihanom_skozi_dobovlje/25/2871/6677
2871;https://www.hribi.net/izlet/ssk_sam_ihan_oklo_nad_ihanom_mimo_sv_miklavza/25/2871/6676
2872;https://www.hribi.net/izlet/gorjusa_sveta_trojica_nad_dobom_skozi_dobovlje/25/2872/6752
2872;https://www.hribi.net/izlet/ssk_sam_ihan_sveta_trojica_nad_dobom_skozi_dobovlje/25/2872/6679
2872;https://www.hribi.net/izlet/gorjusa_sveta_trojica_nad_dobom_mimo_sv_miklavza_in_oklega/25/2872/6753
2872;https://www.hribi.net/izlet/ssk_sam_ihan_sveta_trojica_nad_dobom_mimo_sv_miklavza_in_oklega/25/2872/6678
2873;https://www.hribi.net/izlet/parkirisce_pod_planino_jamnig_hagener_hutte/57/2873/6675
2873;https://www.hribi.net/izlet/mallnitz_hagener_hutte_rupertiweg/57/2873/7126
2873;https://www.hribi.net/izlet/sportgastein_hagener_hutte/57/2873/7179
2874;https://www.hribi.net/izlet/velenje_stari_trg_grad_velenje_po_stopnicah/3/2874/6687
2874;https://www.hribi.net/izlet/velenje_stari_trg_grad_velenje_po_stezi/3/2874/6701
2874;https://www.hribi.net/izlet/velenje_stari_trg_grad_velenje_po_cesti/3/2874/6703
2877;https://www.hribi.net/izlet/ljubljana_podgorica_pri_crnucah_oljska_gora/25/2877/6694
2877;https://www.hribi.net/izlet/ljubljana_soteska_pot_oljska_gora/25/2877/6693
2877;https://www.hribi.net/izlet/ljubljana_ocvirkova_ulica_oljska_gora/25/2877/6695
2878;https://www.hribi.net/izlet/paka_pri_velenju_visoko/11/2878/6706
2878;https://www.hribi.net/izlet/dom_na_paskem_kozjaku_visoko/11/2878/6734
2880;https://www.hribi.net/izlet/skalske_cirkovce_skalni_vrh_vodemla/11/2880/6733
2880;https://www.hribi.net/izlet/hrastovec_skalni_vrh_vodemla_po_grebenu/11/2880/6732
2881;https://www.hribi.net/izlet/skalske_cirkovce_smodivnik/11/2881/6730
2884;https://www.hribi.net/izlet/parkirisce_pod_planino_jamnig_greilkopf_via_hagener_hutte/57/2884/6710
2884;https://www.hribi.net/izlet/mallnitz_greilkopf/57/2884/7228
2884;https://www.hribi.net/izlet/sportgastein_greilkopf_via_hagener_hutte/57/2884/7198
2885;https://www.hribi.net/izlet/drazgose_na_peceh_drazgoska_gora/21/2885/6712
2885;https://www.hribi.net/izlet/drazgose_jelensce_drazgoska_gora/21/2885/6711
2886;https://www.hribi.net/izlet/drazgose_jelensce_planina_kalisnik/21/2886/6713
2886;https://www.hribi.net/izlet/drazgose_na_peceh_planina_kalisnik/21/2886/6714
2888;https://www.hribi.net/izlet/skofja_loka_kamnitnik_nad_skofjo_loko_grebenska_pot_okoli_kamnitnika/21/2888/6719
2888;https://www.hribi.net/izlet/skofja_loka_kamnitnik_nad_skofjo_loko_cez_puklo/21/2888/6721
2890;https://www.hribi.net/izlet/kreuzeckbahn_kleiner_salzkofel/57/2890/6726
2892;https://www.hribi.net/izlet/paka_pri_velenju_plakopec_brezejec/11/2892/6725
2893;https://www.hribi.net/izlet/dom_na_paskem_kozjaku_strukljev_vrh/11/2893/6738
2894;https://www.hribi.net/izlet/velenje_stari_trg_kozelj/3/2894/6727
2894;https://www.hribi.net/izlet/trebusa_plinska_postaja_kozelj/3/2894/6728
2896;https://www.hribi.net/izlet/dom_na_paskem_kozjaku_sveti_jost_na_paskem_kozjaku/11/2896/6731
2897;https://www.hribi.net/izlet/dom_na_paskem_kozjaku_ostrica/11/2897/6735
2899;https://www.hribi.net/izlet/ziri_planinska_koca_mrzlk/21/2899/6762
2899;https://www.hribi.net/izlet/sovodenj_planinska_koca_mrzlk/21/2899/6756
2899;https://www.hribi.net/izlet/jazne_lanisar_planinska_koca_mrzlk/21/2899/6759
2899;https://www.hribi.net/izlet/govejk_planinska_koca_mrzlk/21/2899/6763
2899;https://www.hribi.net/izlet/ledinica_planinska_koca_mrzlk/21/2899/6761
2899;https://www.hribi.net/izlet/ledinsko_razpotje_planinska_koca_mrzlk/21/2899/6764
2899;https://www.hribi.net/izlet/ledinica_planinska_koca_mrzlk_skozi_jarcjo_dolino/21/2899/7682
2900;https://www.hribi.net/izlet/ravne_na_koroskem_steharski_vrh_steharnikov_vrh/162/2900/6765
2900;https://www.hribi.net/izlet/dravograjsko_jezero_steharski_vrh_steharnikov_vrh/162/2900/6767
2900;https://www.hribi.net/izlet/lipovnik_steharski_vrh_steharnikov_vrh/162/2900/6766
2900;https://www.hribi.net/izlet/lovski_dom_ld_libelice_steharski_vrh_steharnikov_vrh/162/2900/7283
2900;https://www.hribi.net/izlet/libelice_steharski_vrh_steharnikov_vrh_mimo_trotovega_kriza/162/2900/7280
2901;https://www.hribi.net/izlet/ravne_na_koroskem_brinjeva_gora_nad_prevaljami/162/2901/6770
2901;https://www.hribi.net/izlet/prevalje_brinjeva_gora_nad_prevaljami_mimo_postaj_krizevega_pota/162/2901/6768
2901;https://www.hribi.net/izlet/prevalje_brinjeva_gora_nad_prevaljami_juzna_pot/162/2901/6769
2902;https://www.hribi.net/izlet/dravograjsko_jezero_sveti_kriz_pri_dravogradu/162/2902/6771
2903;https://www.hribi.net/izlet/prevalje_hom_nad_prevaljami/11/2903/6790
2903;https://www.hribi.net/izlet/lese_hom_nad_prevaljami_skozi_kot_pri_prevaljah/11/2903/6789
2905;https://www.hribi.net/izlet/blagusa_grohot_pot_60/61/2905/6793
2905;https://www.hribi.net/izlet/blagusa_grohot_pot_61/61/2905/6794
2906;https://www.hribi.net/izlet/prevalje_sveta_barbara_v_zagradu_juzna_pot/11/2906/6795
2906;https://www.hribi.net/izlet/prevalje_sveta_barbara_v_zagradu_polozna_pot/11/2906/6796
2906;https://www.hribi.net/izlet/prevalje_sveta_barbara_v_zagradu_strma_pot/11/2906/6797
2907;https://www.hribi.net/izlet/ankaran_jurjev_hrib/26/2907/6805
2908;https://www.hribi.net/izlet/dekani_slap_potoka_struga/26/2908/6812
2909;https://www.hribi.net/izlet/dekani_goli_hrib_zahodna_pot/26/2909/6809
2909;https://www.hribi.net/izlet/dekani_goli_hrib_vzhodna_pot/26/2909/6808
2910;https://www.hribi.net/izlet/dekani_lovsko_zavetisce_kolombar_vzhodna_pot/26/2910/6810
2910;https://www.hribi.net/izlet/dekani_lovsko_zavetisce_kolombar_zahodna_pot/26/2910/6811
2911;https://www.hribi.net/izlet/csesznek_komoso_hegy_futrinka_ucca_vasalt_ut___ferata_futrinka_ucca/133/2911/6813
2911;https://www.hribi.net/izlet/csesznek_komoso_hegy/133/2911/6814
2912;https://www.hribi.net/izlet/vanganel_marezige/26/2912/6815
2912;https://www.hribi.net/izlet/vanganel_marezige_mimo_vanganelskega_jezera/26/2912/6816
2913;https://www.hribi.net/izlet/vanganel_vanganelsko_jezero/26/2913/6817
2914;https://www.hribi.net/izlet/csesznek_cseszneki_var_ostromlok_utja_vasalt_ut___ferata_ostromlok_utja/133/2914/6818
2915;https://www.hribi.net/izlet/ankaran_crni_vrh_iskra/26/2915/6821
2916;https://www.hribi.net/izlet/crnotice_marija_snezna_na_gradiscah/26/2916/6822
2916;https://www.hribi.net/izlet/praproce_marija_snezna_na_gradiscah/26/2916/6825
2917;https://www.hribi.net/izlet/davca_davski_slapovi/21/2917/6834
2918;https://www.hribi.net/izlet/mezica_jesenik_jesenikov_vrh_cez_preval_vrh_steng/11/2918/6836
2918;https://www.hribi.net/izlet/koca_na_pikovem_jesenik_jesenikov_vrh/11/2918/6838
2918;https://www.hribi.net/izlet/mezica_jesenik_jesenikov_vrh_mimo_domacije_jesenik/11/2918/6837
2918;https://www.hribi.net/izlet/sumahovo_sedlo_jesenik_jesenikov_vrh_cez_veliki_in_pikov_vrh/11/2918/6855
2919;https://www.hribi.net/izlet/mezica_stalekarjev_vrh_po_smuciscu/11/2919/6835
2920;https://www.hribi.net/izlet/koca_na_pikovem_pikov_vrh/11/2920/6846
2920;https://www.hribi.net/izlet/crna_na_koroskem_musenik_pikov_vrh_mimo_koce_na_pikovem/11/2920/7727
2920;https://www.hribi.net/izlet/mezica_pikov_vrh_mimo_domacije_jesenik/11/2920/6845
2920;https://www.hribi.net/izlet/sumahovo_sedlo_pikov_vrh_cez_veliki_vrh/11/2920/6847
2920;https://www.hribi.net/izlet/crna_na_koroskem_musenik_pikov_vrh_cez_sumahovo_sedlo/11/2920/7726
2921;https://www.hribi.net/izlet/mezica_veliki_vrh_nad_mezisko_dolino_cez_pikov_vrh/11/2921/6850
2921;https://www.hribi.net/izlet/koca_na_pikovem_veliki_vrh_nad_mezisko_dolino_cez_pikov_vrh/11/2921/6849
2921;https://www.hribi.net/izlet/crna_na_koroskem_musenik_veliki_vrh_nad_mezisko_dolino_cez_sumahovo_sedlo/11/2921/7725
2921;https://www.hribi.net/izlet/crna_na_koroskem_musenik_veliki_vrh_nad_mezisko_dolino_mimo_koce_na_pikovem/11/2921/7728
2921;https://www.hribi.net/izlet/sumahovo_sedlo_veliki_vrh_nad_mezisko_dolino/11/2921/6848
2922;https://www.hribi.net/izlet/koca_na_pikovem_sumahov_vrh_cez_pikov_in_veliki_vrh/11/2922/6853
2922;https://www.hribi.net/izlet/mezica_sumahov_vrh_cez_pikov_in_veliki_vrh/11/2922/6852
2922;https://www.hribi.net/izlet/crna_na_koroskem_musenik_sumahov_vrh_cez_sumahovo_sedlo/11/2922/7724
2922;https://www.hribi.net/izlet/sumahovo_sedlo_sumahov_vrh/11/2922/6851
2923;https://www.hribi.net/izlet/gornji_obod_strazisce_pot_ronalda_browna/64/2923/6843
2923;https://www.hribi.net/izlet/zvekovica_strazisce_po_cesti/64/2923/6844
2926;https://www.hribi.net/izlet/bistrica_pri_trzicu_grad_gutenberk_hudi_grad_zahodna_pot/3/2926/6868
2926;https://www.hribi.net/izlet/bistrica_pri_trzicu_grad_gutenberk_hudi_grad_vzhodna_pot/3/2926/6869
2927;https://www.hribi.net/izlet/vrtinjlogarski_graben___val_bartolo_veliki_kopinj___kapinberg___monte_capin_di_ponente_cez_sedlo_kot___sella_canton/27/2927/6874
2927;https://www.hribi.net/izlet/vrtinjlogarski_graben___val_bartolo_veliki_kopinj___kapinberg___monte_capin_di_ponente_cez_vrtinjlogarsko_sedlo___bartolosattel___sella_bartolo/27/2927/6876
2928;https://www.hribi.net/izlet/vrtinjlogarski_graben___val_bartolo_gorjanski_vrh___goriacher_berg___monte_goriane_cez_sedlo_kot___sella_canton/27/2928/6873
2928;https://www.hribi.net/izlet/vrtinjlogarski_graben___val_bartolo_gorjanski_vrh___goriacher_berg___monte_goriane_cez_vrtinjlogarsko_sedlo___bartolosattel___sella_bartolo/27/2928/6875
2929;https://www.hribi.net/izlet/vrtinjlogarski_graben___val_bartolo_gorjanska_planina___goriacher_alm___malga_goriane_cez_sedlo_kot___sella_canton/27/2929/6871
2929;https://www.hribi.net/izlet/vrtinjlogarski_graben___val_bartolo_gorjanska_planina___goriacher_alm___malga_goriane_cez_vrtinjlogarsko_sedlo___bartolosattel___sella_bartolo/27/2929/6872
2930;https://www.hribi.net/izlet/stara_fuzina_okrepcevalnica_slap_voje_skozi_korita_mostnice/1/2930/6880
2931;https://www.hribi.net/izlet/stara_fuzina_slap_mostnice_skozi_korita_mostnice/1/2931/6881
2932;https://www.hribi.net/izlet/stara_fuzina_planina_blatce/1/2932/6883
2932;https://www.hribi.net/izlet/srednja_vas_planina_blatce/1/2932/7691
2933;https://www.hribi.net/izlet/kljuc_kanjon_cikole_ferata_kanjon_cikole/64/2933/6888
2934;https://www.hribi.net/izlet/rute_zavrh___barental_sv_mihael_rute_zavrh___st_michael_barental/11/2934/6898
2935;https://www.hribi.net/izlet/santuberto_lago_di_fanes/39/2935/6901
2936;https://www.hribi.net/izlet/santuberto_lago_di_limo/39/2936/6902
2936;https://www.hribi.net/izlet/rifugio_pederu_lago_di_limo/39/2936/7065
2936;https://www.hribi.net/izlet/capanna_alpina_lago_di_limo/39/2936/7769
2937;https://www.hribi.net/izlet/rifugio_pederu_col_bechei/39/2937/7100
2937;https://www.hribi.net/izlet/santuberto_col_bechei/39/2937/6903
2937;https://www.hribi.net/izlet/capanna_alpina_col_bechei/39/2937/8475
2938;https://www.hribi.net/izlet/rifugio_pederu_cima_nove___neunerspitze/39/2938/6905
2939;https://www.hribi.net/izlet/divaca_lokavska_cesta_udornica_risnik_krasoslovno_naravoslovna_ucna_pot/26/2939/6907
2940;https://www.hribi.net/izlet/kampel_kapelca_pomjan_pot_vinka_lovrecica/26/2940/6910
2940;https://www.hribi.net/izlet/kampel_kapelca_pomjan_stara_pot/26/2940/6909
2941;https://www.hribi.net/izlet/izola_jagodje_strunjanski_kriz/26/2941/6913
2941;https://www.hribi.net/izlet/strunjan_strunjanski_kriz/26/2941/7415
2941;https://www.hribi.net/izlet/srgasi_krizisce_strunjanski_kriz/26/2941/6912
2942;https://www.hribi.net/izlet/rifugio_pederu_piz_sant_antone/39/2942/6911
2943;https://www.hribi.net/izlet/kreuzeckbahn_salzkofel/57/2943/6914
2944;https://www.hribi.net/izlet/lopar_hisa_od_bardinca_lopar_po_poti_oslovega_hrbta/26/2944/6915
2945;https://www.hribi.net/izlet/ankaran_debeli_rtic/26/2945/6916
2946;https://www.hribi.net/izlet/povir_gura/26/2946/6918
2947;https://www.hribi.net/izlet/spodnja_kokra_skrbina_slaparjeva_gora_mimo_zajca/3/2947/6904
2948;https://www.hribi.net/izlet/kneske_ravne_proscek_planina_v_prodih/1/2948/6931
2949;https://www.hribi.net/izlet/pian_dei_spiriti_rifugio_fonda_savio/39/2949/6930
2951;https://www.hribi.net/izlet/passo_campolongo_rifugio_lago_boe/39/2951/6938
2952;https://www.hribi.net/izlet/passo_campolongo_lago_boe/39/2952/6939
2953;https://www.hribi.net/izlet/passo_campolongo_utia_franz_kostner/39/2953/6943
2953;https://www.hribi.net/izlet/ossario_del_pordoi_utia_franz_kostner/39/2953/7029
2954;https://www.hribi.net/izlet/pian_dei_spiriti_cima_cadin_nord_est_via_ferrata_ceria_merlone/39/2954/6944
2955;https://www.hribi.net/izlet/koprivna_kos_izvir_reke_meze/11/2955/6947
2956;https://www.hribi.net/izlet/passo_campolongo_boeseekofel___piz_da_lech_via_ferrata/39/2956/6948
2956;https://www.hribi.net/izlet/passo_campolongo_boeseekofel___piz_da_lech/39/2956/6950
2962;https://www.hribi.net/izlet/lendava_tic_lendava_lendavski_grad_dolnjelendavski_grad/163/2962/6952
2963;https://www.hribi.net/izlet/lendava_tic_lendava_sveta_trojica_v_lendavskih_goricah/163/2963/6954
2963;https://www.hribi.net/izlet/dolga_vas_sveta_trojica_v_lendavskih_goricah/163/2963/8487
2964;https://www.hribi.net/izlet/lendava_tic_lendava_razgledni_stolp_vinarium_lendava/163/2964/6955
2964;https://www.hribi.net/izlet/lendava_tus_supermarket_kocet_razgledni_stolp_vinarium_lendava/163/2964/6957
2964;https://www.hribi.net/izlet/dolga_vas_razgledni_stolp_vinarium_lendava_po_opekarniski_poti/163/2964/8498
2964;https://www.hribi.net/izlet/dolga_vas_razgledni_stolp_vinarium_lendava/163/2964/8482
2965;https://www.hribi.net/izlet/lendava_tic_lendava_piramida_lendavske_gorice/163/2965/6956
2965;https://www.hribi.net/izlet/lendava_tus_supermarket_kocet_piramida_lendavske_gorice/163/2965/6953
2965;https://www.hribi.net/izlet/dolga_vas_piramida_lendavske_gorice/163/2965/8485
2965;https://www.hribi.net/izlet/dolga_vas_piramida_lendavske_gorice_po_opekarniski_poti/163/2965/8500
2966;https://www.hribi.net/izlet/valbone_dobra_kolata___kollata_e_mire/153/2966/6951
2968;https://www.hribi.net/izlet/gornje_vusanje_zla_kolata___kollata_e_keqe_normalni_pristop_po_pastirski_poti_iz_zarunice_/153/2968/6959
2969;https://www.hribi.net/izlet/valbone_razgledisce_nad_valbono_vzhodna_pot/153/2969/6961
2969;https://www.hribi.net/izlet/valbone_razgledisce_nad_valbono_zahodna_pot/153/2969/6962
2970;https://www.hribi.net/izlet/negovsko_jezero_grad_negova/162/2970/8268
2970;https://www.hribi.net/izlet/radvenci_ketiseva_kapelica_grad_negova/162/2970/6964
2970;https://www.hribi.net/izlet/sveti_trije_kralji_v_slovenskih_goricah_grad_negova/162/2970/8277
2971;https://www.hribi.net/izlet/ilicev_rovt___illitsch_rauth_kamnica_komnica___ferlacher_spitze/11/2971/7003
2971;https://www.hribi.net/izlet/cemernica___tschemernitzen_kamnica_komnica___ferlacher_spitze/11/2971/6970
2971;https://www.hribi.net/izlet/podrozca___rosenbach_kamnica_komnica___ferlacher_spitze/11/2971/6967
2972;https://www.hribi.net/izlet/ilicev_rovt___illitsch_rauth_koca_berta___bertahutte_po_pespoti/11/2972/6998
2972;https://www.hribi.net/izlet/ilicev_rovt___illitsch_rauth_koca_berta___bertahutte_po_cesti/11/2972/6999
2972;https://www.hribi.net/izlet/podrozca___rosenbach_koca_berta___bertahutte/11/2972/6966
2972;https://www.hribi.net/izlet/cemernica___tschemernitzen_koca_berta___bertahutte/11/2972/6969
2973;https://www.hribi.net/izlet/cemernica___tschemernitzen_koca_nad_arihovo_pecjo___rossalmhutte/11/2973/6968
2974;https://www.hribi.net/izlet/cemernica___tschemernitzen_arihova_pec___arichwand/11/2974/6965
2975;https://www.hribi.net/izlet/selce_gregorcicev_slap/1/2975/7005
2976;https://www.hribi.net/izlet/baita_rododendro_monte_lastroni_sentiero_138/27/2976/6971
2978;https://www.hribi.net/izlet/podolseva_sveti_duh_strevc_sveti_lenart___st_leonhard/11/2978/6972
2979;https://www.hribi.net/izlet/podolseva_sveti_duh_strevc_obel_kamen_olseva_zahodna_pot/11/2979/6975
2979;https://www.hribi.net/izlet/podolseva_rogar_obel_kamen_olseva_zahodna_pot/11/2979/6981
2979;https://www.hribi.net/izlet/zadnji_travnik_obel_kamen_olseva/11/2979/8250
2979;https://www.hribi.net/izlet/podolseva_sveti_duh_strevc_obel_kamen_olseva_vzhodna_pot/11/2979/6985
2979;https://www.hribi.net/izlet/podolseva_rogar_obel_kamen_olseva_vzhodna_pot/11/2979/6986
2979;https://www.hribi.net/izlet/spodnje_sleme_obel_kamen_olseva/11/2979/6987
2980;https://www.hribi.net/izlet/sedlo_sedlo_bobotov_kuk/128/2980/6976
2980;https://www.hribi.net/izlet/dolina_dobri_do_bobotov_kuk/128/2980/6984
2981;https://www.hribi.net/izlet/dolina_todorov_do_prutas/128/2981/6978
2982;https://www.hribi.net/izlet/baita_sun_bar_rifugio_scotter_palatini/39/2982/6996
2983;https://www.hribi.net/izlet/baita_sun_bar_monte_antelao_via_normale/39/2983/6997
2984;https://www.hribi.net/izlet/lepena_planina_zagreben/1/2984/7004
2985;https://www.hribi.net/izlet/zgornja_postaja_zicnice_patscherkofelbahn_glungezer_hutte/156/2985/7007
2986;https://www.hribi.net/izlet/dom_v_lepeni_vogel_nad_lepeno/1/2986/7009
2986;https://www.hribi.net/izlet/lepena_vogel_nad_lepeno_cez_planino_zagreben/1/2986/7008
2987;https://www.hribi.net/izlet/senicno_planica_vzletisce_gozd_polozna_pot/3/2987/7011
2987;https://www.hribi.net/izlet/zalog_planica_vzletisce_gozd/3/2987/7086
2987;https://www.hribi.net/izlet/senicno_planica_vzletisce_gozd_strma_pot/3/2987/7013
2987;https://www.hribi.net/izlet/trzic_planica_vzletisce_gozd/3/2987/7779
2987;https://www.hribi.net/izlet/zavetisce_v_gozdu_planica_vzletisce_gozd/3/2987/7014
2987;https://www.hribi.net/izlet/krize_planica_vzletisce_gozd/3/2987/7777
2987;https://www.hribi.net/izlet/pristava_planica_vzletisce_gozd/3/2987/7778
2988;https://www.hribi.net/izlet/dom_v_lepeni_veliki_lemez/1/2988/7015
2988;https://www.hribi.net/izlet/lepena_veliki_lemez_cez_planino_zagreben/1/2988/7016
2989;https://www.hribi.net/izlet/parkirisce_pod_planino_jamnig_vordere_geislspitze___vorderer_gesselkopf/57/2989/7028
2989;https://www.hribi.net/izlet/sportgastein_vordere_geislspitze___vorderer_gesselkopf_via_hagener_hutte/57/2989/7392
2989;https://www.hribi.net/izlet/parkirisce_pod_planino_jamnig_vordere_geislspitze___vorderer_gesselkopf_via_feldseescharte/57/2989/7229
2989;https://www.hribi.net/izlet/mallnitz_vordere_geislspitze___vorderer_gesselkopf/57/2989/7127
2989;https://www.hribi.net/izlet/mallnitz_vordere_geislspitze___vorderer_gesselkopf_via_feldseescharte/57/2989/7379
2990;https://www.hribi.net/izlet/dolina_krma_kredarica/1/2990/7030
2990;https://www.hribi.net/izlet/rudno_polje_kredarica/1/2990/10695
2990;https://www.hribi.net/izlet/konec_ceste_na_pokljuki_kredarica/1/2990/10702
2990;https://www.hribi.net/izlet/aljazev_dom_v_vratih_kredarica_tominskova_pot/1/2990/10684
2990;https://www.hribi.net/izlet/dolina_kot_kredarica/1/2990/10680
2990;https://www.hribi.net/izlet/aljazev_dom_v_vratih_kredarica_cez_prag/1/2990/10682
2990;https://www.hribi.net/izlet/turkov_rovt_vrata_kredarica_po_dolini_za_cmirom/1/2990/10756
2991;https://www.hribi.net/izlet/passo_campolongo_pizes_dl_valun_via_ferrata_vallon/39/2991/7031
2991;https://www.hribi.net/izlet/passo_campolongo_pizes_dl_valun_pot_672/39/2991/7036
2991;https://www.hribi.net/izlet/ossario_del_pordoi_pizes_dl_valun_via_ferrata_vallon/39/2991/7068
2991;https://www.hribi.net/izlet/ossario_del_pordoi_pizes_dl_valun_pot_672/39/2991/7069
2992;https://www.hribi.net/izlet/mangartska_planina_planja_nad_mangartsko_planino/1/2992/7034
2993;https://www.hribi.net/izlet/passo_duran_moiazza_sud_ferrata_gianni_costantini/39/2993/7035
2994;https://www.hribi.net/izlet/podljubelj_lajb_zajmenove_peci/11/2994/7039
2994;https://www.hribi.net/izlet/podljubelj_pod_kosuto_zajmenove_peci/11/2994/7984
2995;https://www.hribi.net/izlet/rifugio_fedare_monte_pore/39/2995/7040
2996;https://www.hribi.net/izlet/ukanc_ozarjeni_kamen_ferata_ozarjeni_kamen/1/2996/7041
2997;https://www.hribi.net/izlet/dolenji_novaki_sveti_duh_labinje/21/2997/7046
2997;https://www.hribi.net/izlet/cerkno_sveti_duh_labinje/21/2997/7888
2998;https://www.hribi.net/izlet/avsa_srednji_vrh_na_matajurju_stara_pot/1/2998/7047
2999;https://www.hribi.net/izlet/avsa_visoka_glava_na_matajurju_stara_pot/1/2999/7050
3000;https://www.hribi.net/izlet/passo_campolongo_piz_lech_dlace_lichtenfels/39/3000/7051
3000;https://www.hribi.net/izlet/passo_campolongo_piz_lech_dlace_via_ferrata_vallon/39/3000/7059
3000;https://www.hribi.net/izlet/ossario_del_pordoi_piz_lech_dlace_lichtenfels/39/3000/7070
3000;https://www.hribi.net/izlet/ossario_del_pordoi_piz_lech_dlace_via_ferrata_vallon/39/3000/7071
3001;https://www.hribi.net/izlet/livek_sv_peter_in_pavel_perati/1/3001/7054
3002;https://www.hribi.net/izlet/plockenpass_creta_di_collina___kollinkofel_pot_171/27/3002/7063
3002;https://www.hribi.net/izlet/plockenpass_creta_di_collina___kollinkofel_cez_cresta_verde/27/3002/7094
3003;https://www.hribi.net/izlet/plockenpass_cresta_verde___grune_schneid/27/3003/7093
3004;https://www.hribi.net/izlet/ossario_del_pordoi_cresta_strenta_lichtenfels/39/3004/7075
3004;https://www.hribi.net/izlet/passo_campolongo_cresta_strenta_lichtenfels/39/3004/7073
3004;https://www.hribi.net/izlet/passo_campolongo_cresta_strenta_via_ferrata_vallon/39/3004/7074
3004;https://www.hribi.net/izlet/ossario_del_pordoi_cresta_strenta_via_ferrata_vallon/39/3004/7076
3006;https://www.hribi.net/izlet/kuna_konavoska_ilijin_vrh/64/3006/7085
3009;https://www.hribi.net/izlet/dubrovnik_srd_krizev_pot___krizni_put/64/3009/7095
3009;https://www.hribi.net/izlet/dubrovnik_nuncijata_srd_pot_mimo_strincjere/64/3009/8834
3010;https://www.hribi.net/izlet/muta_spodnja_muta_sveti_primoz_nad_muto/162/3010/7096
3010;https://www.hribi.net/izlet/radlje_ob_dravi_sveti_primoz_nad_muto/162/3010/7292
3010;https://www.hribi.net/izlet/bistriski_jarek_glasbeni_dom_sveti_primoz_nad_muto/162/3010/7117
3010;https://www.hribi.net/izlet/bistriski_jarek_verdinek_sveti_primoz_nad_muto/162/3010/7112
3010;https://www.hribi.net/izlet/dolina_radeljskega_potoka_razdevsek_sveti_primoz_nad_muto/162/3010/7297
3011;https://www.hribi.net/izlet/radlje_ob_dravi_bricnik/162/3011/7288
3011;https://www.hribi.net/izlet/muta_spodnja_muta_bricnik/162/3011/7098
3011;https://www.hribi.net/izlet/bistriski_jarek_glasbeni_dom_bricnik/162/3011/7115
3011;https://www.hribi.net/izlet/bistriski_jarek_verdinek_bricnik/162/3011/7111
3011;https://www.hribi.net/izlet/sv_lovrenc_na_ivniku___st_lorenzen_ob_eibiswald_bricnik/162/3011/7106
3011;https://www.hribi.net/izlet/radlje_ob_dravi_bricnik_mimo_zavetisca_onuk_-_glavar/162/3011/7291
3011;https://www.hribi.net/izlet/dolina_radeljskega_potoka_razdevsek_bricnik/162/3011/7295
3011;https://www.hribi.net/izlet/dolina_radeljskega_potoka_razdevsek_bricnik_mimo_zavetisca_onuk_-_glavar/162/3011/7298
3012;https://www.hribi.net/izlet/bistriski_jarek_verdinek_sv_lovrenc_na_ivniku___st_lorenzen_ob_eibiswald/28/3012/7109
3012;https://www.hribi.net/izlet/muta_spodnja_muta_sv_lovrenc_na_ivniku___st_lorenzen_ob_eibiswald/28/3012/7102
3012;https://www.hribi.net/izlet/bistriski_jarek_glasbeni_dom_sv_lovrenc_na_ivniku___st_lorenzen_ob_eibiswald/28/3012/7116
3013;https://www.hribi.net/izlet/baita_sun_bar_rifugio_san_marco/39/3013/7097
3014;https://www.hribi.net/izlet/muta_spodnja_muta_zavetisce_onuk_-_glavar/162/3014/7099
3014;https://www.hribi.net/izlet/radlje_ob_dravi_zavetisce_onuk_-_glavar/162/3014/7289
3014;https://www.hribi.net/izlet/dolina_radeljskega_potoka_razdevsek_zavetisce_onuk_-_glavar/162/3014/7296
3015;https://www.hribi.net/izlet/bistriski_jarek_verdinek_sveti_jernej_nad_muto/162/3015/7110
3015;https://www.hribi.net/izlet/bistriski_jarek_glasbeni_dom_sveti_jernej_nad_muto/162/3015/7114
3015;https://www.hribi.net/izlet/muta_spodnja_muta_sveti_jernej_nad_muto_mimo_sv_primoza/162/3015/7104
3015;https://www.hribi.net/izlet/muta_spodnja_muta_sveti_jernej_nad_muto_cez_bricnik/162/3015/7103
3015;https://www.hribi.net/izlet/sv_lovrenc_na_ivniku___st_lorenzen_ob_eibiswald_sveti_jernej_nad_muto_slovenska_pot/162/3015/7108
3015;https://www.hribi.net/izlet/sv_lovrenc_na_ivniku___st_lorenzen_ob_eibiswald_sveti_jernej_nad_muto_avstrijska_pot/162/3015/7107
3016;https://www.hribi.net/izlet/mallnitz_westerfrolkekogel/57/3016/7178
3016;https://www.hribi.net/izlet/parkirisce_pod_planino_jamnig_westerfrolkekogel/57/3016/7105
3016;https://www.hribi.net/izlet/sportgastein_westerfrolkekogel/57/3016/7226
3017;https://www.hribi.net/izlet/bistriski_jarek_glasbeni_dom_sedelnikov_slap/162/3017/7113
3019;https://www.hribi.net/izlet/baita_sun_bar_punta_dei_ross/39/3019/7146
3020;https://www.hribi.net/izlet/bistriski_jarek_glasbeni_dom_sv_simon_in_juda_tadej_pernice/162/3020/7129
3020;https://www.hribi.net/izlet/bistriski_jarek_mp_muta_sv_simon_in_juda_tadej_pernice/162/3020/7118
3020;https://www.hribi.net/izlet/muta_zgornja_muta_sv_simon_in_juda_tadej_pernice/162/3020/10034
3021;https://www.hribi.net/izlet/sveti_janez_krstnik_na_ojstrici_bivak_piramida/162/3021/7136
3021;https://www.hribi.net/izlet/bistriski_jarek_mp_muta_bivak_piramida/162/3021/7119
3021;https://www.hribi.net/izlet/bistriski_jarek_glasbeni_dom_bivak_piramida/162/3021/7130
3021;https://www.hribi.net/izlet/bistriski_jarek_mp_muta_bivak_piramida_mimo_sv_urbana/162/3021/7128
3021;https://www.hribi.net/izlet/bistriski_jarek_glasbeni_dom_bivak_piramida_mimo_sv_urbana/162/3021/7135
3021;https://www.hribi.net/izlet/muta_zgornja_muta_bivak_piramida/162/3021/10036
3021;https://www.hribi.net/izlet/muta_zgornja_muta_bivak_piramida_mimo_sv_urbana/162/3021/10041
3022;https://www.hribi.net/izlet/sveti_janez_krstnik_na_ojstrici_kozji_vrh_pri_kosenjaku/162/3022/7138
3022;https://www.hribi.net/izlet/bistriski_jarek_mp_muta_kozji_vrh_pri_kosenjaku/162/3022/7122
3022;https://www.hribi.net/izlet/bistriski_jarek_glasbeni_dom_kozji_vrh_pri_kosenjaku/162/3022/7132
3022;https://www.hribi.net/izlet/muta_zgornja_muta_kozji_vrh_pri_kosenjaku/162/3022/10038
3023;https://www.hribi.net/izlet/podnar___bodenbauer_kosmatica___kosmatitza/11/3023/7301
3023;https://www.hribi.net/izlet/poden___bodental_kosmatica___kosmatitza/11/3023/7142
3023;https://www.hribi.net/izlet/slovenji_plajberk___windisch_bleiberg_kosmatica___kosmatitza/11/3023/7140
3024;https://www.hribi.net/izlet/belopeska_jezera___lago_di_fusine_jezerska_planina___alpe_del_lago/1/3024/7143
3025;https://www.hribi.net/izlet/belopeska_jezera___lago_di_fusine_crni_vrh___colrotondo/1/3025/7144
3025;https://www.hribi.net/izlet/bela_pec___villa_bassa_crni_vrh___colrotondo/1/3025/7145
3027;https://www.hribi.net/izlet/malenski_vrh_malenski_vrh/21/3027/7155
3027;https://www.hribi.net/izlet/volca_malenski_vrh/21/3027/7319
3027;https://www.hribi.net/izlet/dolencice_malenski_vrh/21/3027/7159
3027;https://www.hribi.net/izlet/preval_hlevisce_malenski_vrh_skozi_gozd/21/3027/7157
3028;https://www.hribi.net/izlet/moravce_gorisca/25/3028/7164
3029;https://www.hribi.net/izlet/geoss_sveti_florjan_zgornja_gora/25/3029/7168
3029;https://www.hribi.net/izlet/moravce_sveti_florjan_zgornja_gora/25/3029/7165
3029;https://www.hribi.net/izlet/kandrse_trata_sveti_florjan_zgornja_gora/25/3029/7746
3030;https://www.hribi.net/izlet/rudnik_pri_radomljah_tolsta_gora/25/3030/7171
3030;https://www.hribi.net/izlet/pravdan_tolsta_gora_mimo_ceha/25/3030/7174
3031;https://www.hribi.net/izlet/rudnik_pri_radomljah_vrtace_cez_lancar/25/3031/7172
3031;https://www.hribi.net/izlet/pravdan_vrtace_cez_zgornje_palovce/25/3031/7173
3032;https://www.hribi.net/izlet/parkirisce_pod_planino_jamnig_hinterer_geisslkopf/57/3032/7180
3032;https://www.hribi.net/izlet/mallnitz_hinterer_geisslkopf_via_hagener_hutte/57/3032/7199
3032;https://www.hribi.net/izlet/sportgastein_hinterer_geisslkopf_via_hagener_hutte/57/3032/7396
3032;https://www.hribi.net/izlet/mallnitz_hinterer_geisslkopf_via_feldseescharte/57/3032/7395
3032;https://www.hribi.net/izlet/parkirisce_pod_planino_jamnig_hinterer_geisslkopf_via_feldseescharte/57/3032/7244
3033;https://www.hribi.net/izlet/parkirisce_pod_planino_jamnig_feldseekopf_via_feldseecharte/57/3033/7408
3033;https://www.hribi.net/izlet/mallnitz_feldseekopf_via_feldseescharte/57/3033/7243
3034;https://www.hribi.net/izlet/mallnitz_dr_rudolf_weissgerber_biwak_bivouac/57/3034/7224
3034;https://www.hribi.net/izlet/parkirisce_pod_planino_jamnig_dr_rudolf_weissgerber_biwak_bivouac/57/3034/7208
3036;https://www.hribi.net/izlet/weissenbach_fischeralm/31/3036/7177
3039;https://www.hribi.net/izlet/plockenhaus_grunsee_pot_403/27/3039/7181
3040;https://www.hribi.net/izlet/weissenbach_bodenalm/31/3040/7188
3041;https://www.hribi.net/izlet/weissenbach_radnigeralm/31/3041/7217
3042;https://www.hribi.net/izlet/brezovica_pri_ljubljani_radna_gradisce_nad_dobrovo/5/3042/7212
3042;https://www.hribi.net/izlet/ljubljana_g_design_hotel_gradisce_nad_dobrovo/5/3042/7184
3044;https://www.hribi.net/izlet/radlje_ob_dravi_zupank/162/3044/7186
3046;https://www.hribi.net/izlet/radeljski_prelaz_kapunerhutte/28/3046/7348
3046;https://www.hribi.net/izlet/radlje_ob_dravi_kapunerhutte_mimo_zupanka_in_koce_radioamaterjev/28/3046/7189
3046;https://www.hribi.net/izlet/omp_remsnik_kapunerhutte_avstrijska_pot/28/3046/7200
3046;https://www.hribi.net/izlet/radlje_ob_dravi_kapunerhutte_mimo_starega_gradu_in_koce_radioamaterjev/28/3046/7362
3046;https://www.hribi.net/izlet/omp_remsnik_kapunerhutte_mimo_sv_urbana/28/3046/7196
3046;https://www.hribi.net/izlet/sv_pankracij_legat___st_pongratzen_legat_kapunerhutte_avstrijska_pot/28/3046/7206
3046;https://www.hribi.net/izlet/brezno_kapunerhutte_ob_remsniskem_potoku/28/3046/8659
3046;https://www.hribi.net/izlet/sv_pankracij_legat___st_pongratzen_legat_kapunerhutte_mimo_sv_urbana/28/3046/7204
3046;https://www.hribi.net/izlet/sveti_jurij_remsnik_kapunerhutte/28/3046/8663
3047;https://www.hribi.net/izlet/omp_remsnik_sveti_urban_radelca/162/3047/7194
3047;https://www.hribi.net/izlet/radlje_ob_dravi_sveti_urban_radelca_mimo_zupanka/162/3047/7190
3047;https://www.hribi.net/izlet/sv_pankracij_legat___st_pongratzen_legat_sveti_urban_radelca/162/3047/7202
3047;https://www.hribi.net/izlet/radeljski_prelaz_sveti_urban_radelca/162/3047/7350
3047;https://www.hribi.net/izlet/sveti_jurij_remsnik_sveti_urban_radelca/162/3047/8661
3047;https://www.hribi.net/izlet/brezno_sveti_urban_radelca_ob_remsniskem_potoku/162/3047/8657
3048;https://www.hribi.net/izlet/omp_remsnik_sveti_pankracij_radelca/162/3048/7193
3048;https://www.hribi.net/izlet/radlje_ob_dravi_sveti_pankracij_radelca_mimo_zupanka_in_sv_urbana/162/3048/7191
3048;https://www.hribi.net/izlet/radeljski_prelaz_sveti_pankracij_radelca_avstrijska_pot/162/3048/7351
3048;https://www.hribi.net/izlet/sveti_jurij_remsnik_sveti_pankracij_radelca/162/3048/8660
3048;https://www.hribi.net/izlet/radeljski_prelaz_sveti_pankracij_radelca_mimo_sv_urbana/162/3048/7352
3048;https://www.hribi.net/izlet/sv_pankracij_legat___st_pongratzen_legat_sveti_pankracij_radelca/162/3048/7201
3048;https://www.hribi.net/izlet/brezno_sveti_pankracij_radelca_ob_remsniskem_potoku/162/3048/8656
3048;https://www.hribi.net/izlet/sveta_katarina_zgornja_kapla_sveti_pankracij_radelca_slovenska_pot/162/3048/9593
3048;https://www.hribi.net/izlet/sveta_katarina_zgornja_kapla_sveti_pankracij_radelca_avstrijska_pot/162/3048/9594
3051;https://www.hribi.net/izlet/dom_v_dragi_tolsti_vrh_pri_poljski_planini/11/3051/7209
3051;https://www.hribi.net/izlet/zavrsnica_pri_zagi_tolsti_vrh_pri_poljski_planini_cez_preval_kalisca/11/3051/7569
3053;https://www.hribi.net/izlet/plockenhaus_untere_spielbodenalm_pot_403/27/3053/7211
3054;https://www.hribi.net/izlet/ziri_goropeski_gric_pikrej/26/3054/7214
3055;https://www.hribi.net/izlet/ziri_sveti_janez_krstnik_goropeke/26/3055/7215
3056;https://www.hribi.net/izlet/globasnica___globasnitz_gora_sv_eme_junska_gora___hemmaberg/11/3056/7219
3056;https://www.hribi.net/izlet/podjuna___jaunstein_gora_sv_eme_junska_gora___hemmaberg_umik_zaprti_poti/11/3056/7218
3057;https://www.hribi.net/izlet/weissenbach_spitzegel___negal_25d/31/3057/7222
3057;https://www.hribi.net/izlet/weissenbach_spitzegel___negal_via_bodenalm/31/3057/7241
3058;https://www.hribi.net/izlet/plockenhaus_obere_spielbodenalm_pot_403/27/3058/7223
3059;https://www.hribi.net/izlet/weissenbach_zgornja_belska_planina___obervellacheralm_via_bodenalm/31/3059/7240
3060;https://www.hribi.net/izlet/polzela_vinski_vrh_vimperk/3/3060/7225
3060;https://www.hribi.net/izlet/podvin_pri_polzeli_vinski_vrh_vimperk_po_pespoti/3/3060/7230
3060;https://www.hribi.net/izlet/podvin_pri_polzeli_vinski_vrh_vimperk_po_cesti/3/3060/7231
3061;https://www.hribi.net/izlet/plockenhaus_polinik_pot_403/27/3061/7242
3062;https://www.hribi.net/izlet/bohinjsko_sedlo_crni_vrh_nad_sorisko_planino/21/3062/7246
3062;https://www.hribi.net/izlet/razglednik_crni_vrh_nad_sorisko_planino_po_cesti/21/3062/7245
3063;https://www.hribi.net/izlet/plockenpass_creta_della_chianevate___kellerspitzen_cez_cresta_verde/27/3063/7265
3063;https://www.hribi.net/izlet/plockenpass_creta_della_chianevate___kellerspitzen_pot_171/27/3063/7247
3064;https://www.hribi.net/izlet/casa_da_monthana_pico/157/3064/7249
3065;https://www.hribi.net/izlet/izlake_sv_primoz_in_felicijan_razbor_pri_cemseniku/25/3065/7251
3065;https://www.hribi.net/izlet/kisovec_sv_primoz_in_felicijan_razbor_pri_cemseniku/25/3065/10103
3065;https://www.hribi.net/izlet/zagorje_ob_savi_sv_primoz_in_felicijan_razbor_pri_cemseniku/25/3065/10111
3066;https://www.hribi.net/izlet/slovenj_gradec_gradisce_nad_slovenj_gradcem/4/3066/7256
3067;https://www.hribi.net/izlet/stari_trg_sveti_rok_sele/11/3067/7261
3068;https://www.hribi.net/izlet/stari_trg_sveti_pankracij_grajski_gric_polozna_pot/11/3068/7259
3068;https://www.hribi.net/izlet/stari_trg_sveti_pankracij_grajski_gric_ob_kapelicah_krizevega_pota/11/3068/7258
3068;https://www.hribi.net/izlet/stari_trg_na_klancu_sveti_pankracij_grajski_gric/11/3068/7264
3069;https://www.hribi.net/izlet/stari_trg_sveti_miklavz_sele/11/3069/7260
3070;https://www.hribi.net/izlet/zaloze_hotunjscica_sevcnik_andraska_pot_pri_vodostecni/3/3070/7269
3071;https://www.hribi.net/izlet/ravne_na_koroskem_pokerznikov_vrh_cez_steharski_vrh/162/3071/7281
3071;https://www.hribi.net/izlet/libelice_pokerznikov_vrh/162/3071/7276
3071;https://www.hribi.net/izlet/sveti_urh_strojna_pokerznikov_vrh/162/3071/7278
3072;https://www.hribi.net/izlet/gorenja_dobrava_sveti_urban_nad_gorenjo_dobravo/5/3072/7272
3072;https://www.hribi.net/izlet/pc_todraz_sveti_urban_nad_gorenjo_dobravo/5/3072/7271
3073;https://www.hribi.net/izlet/sakusak_gomila/162/3073/7273
3073;https://www.hribi.net/izlet/rucmanci_gomila/162/3073/7275
3073;https://www.hribi.net/izlet/jursinci_gomila/162/3073/8927
3073;https://www.hribi.net/izlet/sveti_jurij_ob_scavnici_gomila/162/3073/8464
3073;https://www.hribi.net/izlet/terbegovci_gomila/162/3073/8463
3073;https://www.hribi.net/izlet/grabsinski_breg_gomila/162/3073/8465
3073;https://www.hribi.net/izlet/moravci_v_slovenskih_goricah_bioterme_gomila_mimo_zelenega_okna/162/3073/9113
3073;https://www.hribi.net/izlet/sveti_tomaz_gomila/162/3073/8837
3073;https://www.hribi.net/izlet/lovsko_zavetisce_ld_mala_nedelja_gomila/162/3073/9104
3074;https://www.hribi.net/izlet/sakusak_turisticna_kmetija_amur/162/3074/7274
3074;https://www.hribi.net/izlet/jursinci_turisticna_kmetija_amur/162/3074/8926
3075;https://www.hribi.net/izlet/libelice_sveti_urh_strojna/162/3075/7277
3075;https://www.hribi.net/izlet/ravne_na_koroskem_sveti_urh_strojna_cez_steharski_vrh/162/3075/7282
3076;https://www.hribi.net/izlet/libelice_steknetov_vrh_mimo_trotovega_kriza/162/3076/7279
3077;https://www.hribi.net/izlet/preddvor_jamna_pec_po_pespoti/3/3077/7284
3077;https://www.hribi.net/izlet/olsevek_jamna_pec/3/3077/7285
3077;https://www.hribi.net/izlet/mozjanca_jamna_pec/3/3077/7286
3078;https://www.hribi.net/izlet/dravograd_na_mezi_sveti_danijel_nad_trbonjami/4/3078/7356
3079;https://www.hribi.net/izlet/radlje_ob_dravi_sveti_trije_kralji_nad_radljami_ob_dravi/162/3079/7287
3079;https://www.hribi.net/izlet/dolina_radeljskega_potoka_razdevsek_sveti_trije_kralji_nad_radljami_ob_dravi/162/3079/7293
3079;https://www.hribi.net/izlet/muta_spodnja_muta_sveti_trije_kralji_nad_radljami_ob_dravi/162/3079/7299
3080;https://www.hribi.net/izlet/dolina_radeljskega_potoka_razdevsek_lovska_koca_radlje_ob_dravi/162/3080/7294
3081;https://www.hribi.net/izlet/doklece_janski_vrh_po_cesti/4/3081/7302
3081;https://www.hribi.net/izlet/naraplje_janski_vrh/4/3081/8597
3081;https://www.hribi.net/izlet/dolena_stojana_vas_janski_vrh/4/3081/8596
3082;https://www.hribi.net/izlet/janzevski_vrh_uran_janzevski_vrh/4/3082/7306
3082;https://www.hribi.net/izlet/vuhred_janzevski_vrh/4/3082/7305
3085;https://www.hribi.net/izlet/janzevski_vrh_uran_ribnica_na_pohorju/4/3085/7307
3086;https://www.hribi.net/izlet/nc_planica_izvir_nadize_po_pespoti/1/3086/7309
3088;https://www.hribi.net/izlet/renke_plezalisce_in_ferata_renke_razgledna_pot_cez_ferato_do_spitala/25/3088/7312
3089;https://www.hribi.net/izlet/senturska_gora_prgozdnik_martinova_pot/3/3089/7320
3089;https://www.hribi.net/izlet/apno_prgozdnik_martinova_pot/3/3089/7322
3090;https://www.hribi.net/izlet/skofja_loka_vrh_soteske_krizna_gora/21/3090/7324
3090;https://www.hribi.net/izlet/vester_vrh_soteske_krizna_gora/21/3090/7326
3091;https://www.hribi.net/izlet/javorje_sveti_brikcij_cetena_ravan/21/3091/7329
3092;https://www.hribi.net/izlet/jablance_grmada_bohor/25/3092/7341
3093;https://www.hribi.net/izlet/radlje_ob_dravi_stari_grad_nad_radljami_ob_dravi_mahrenberg/162/3093/7343
3094;https://www.hribi.net/izlet/bidrovec_planinski_dom_gorscica_pot_24/61/3094/7342
3094;https://www.hribi.net/izlet/bidrovec_planinski_dom_gorscica_grebenska_pot/61/3094/7806
3094;https://www.hribi.net/izlet/bidrovec_planinski_dom_gorscica_pot_25/61/3094/7346
3095;https://www.hribi.net/izlet/radeljski_prelaz_sv_anton_na_mp_radelj___st_anton_am_radlpass/28/3095/7353
3095;https://www.hribi.net/izlet/radlje_ob_dravi_sv_anton_na_mp_radelj___st_anton_am_radlpass_mimo_starega_gradu/28/3095/7345
3096;https://www.hribi.net/izlet/dravograd_na_mezi_lovski_dom_ld_gradisce/4/3096/7357
3097;https://www.hribi.net/izlet/dravograd_na_mezi_skala_nad_dravogradom/4/3097/7355
3098;https://www.hribi.net/izlet/dravograd_na_mezi_golarjev_vrh/4/3098/7360
3099;https://www.hribi.net/izlet/dravograd_na_mezi_anski_vrh_nad_pamecami/4/3099/7361
3100;https://www.hribi.net/izlet/rc_korant_ajdovscina_nad_ihanom_po_vlaki/25/3100/7363
3101;https://www.hribi.net/izlet/strada_di_foredor_malga_cuarnan/1/3101/7375
3102;https://www.hribi.net/izlet/krnica_most_cez_radovno_izvir_lipnika/1/3102/7364
3103;https://www.hribi.net/izlet/krnica_most_cez_radovno_jezerce_v_dolini_radovne/1/3103/7365
3104;https://www.hribi.net/izlet/krnica_most_cez_radovno_jezero_kreda_v_dolini_radovne/1/3104/7366
3105;https://www.hribi.net/izlet/poljana_zavrsnica_jezero_zavrsnica_krozna_pot_po_trim_stezi/11/3105/7377
3106;https://www.hribi.net/izlet/bordano_monte_san_simeone/27/3106/7374
3107;https://www.hribi.net/izlet/spodnja_lipnica_kolnica_razpok/21/3107/7383
3107;https://www.hribi.net/izlet/kropa_slovenska_pec_razpok_zgoraj_po_cesti/21/3107/7380
3107;https://www.hribi.net/izlet/planinski_dom_goska_ravan_razpok_po_cesti/21/3107/7388
3107;https://www.hribi.net/izlet/kamna_gorica_razpok/21/3107/7492
3107;https://www.hribi.net/izlet/kropa_srednji_konec_razpok_cez_vreteno_in_zgoraj_po_cesti/21/3107/7504
3108;https://www.hribi.net/izlet/spodnja_lipnica_kolnica_azmanov_rovt_zgoraj_po_cesti/21/3108/7384
3108;https://www.hribi.net/izlet/planinski_dom_goska_ravan_azmanov_rovt_po_cesti/21/3108/7387
3108;https://www.hribi.net/izlet/kamna_gorica_azmanov_rovt/21/3108/7500
3108;https://www.hribi.net/izlet/kropa_slovenska_pec_azmanov_rovt_zgoraj_po_cesti/21/3108/7382
3108;https://www.hribi.net/izlet/kropa_srednji_konec_azmanov_rovt_cez_vreteno_in_zgoraj_po_cesti/21/3108/7505
3110;https://www.hribi.net/izlet/cruzloma_rucu_pichincha_teleferiqo_/158/3110/7403
3111;https://www.hribi.net/izlet/bele_vode___rio_bianco_rifugio_brunner/1/3111/7405
3112;https://www.hribi.net/izlet/zadraga_kriva_jelka/3/3112/7410
3112;https://www.hribi.net/izlet/spodnje_duplje_kriva_jelka/3/3112/7411
3113;https://www.hribi.net/izlet/turisticna_kmetija_trnovc_turisticna_kmetija_trnovc_ucna_pot_kriva_jelka/3/3113/7409
3114;https://www.hribi.net/izlet/kaning_turkhaus_predigerstuhl_mimo_erlacher_bockhutte/29/3114/7412
3115;https://www.hribi.net/izlet/strunjan_strunjanske_soline_krozna_ucna_pot_strunjan_v_podobah_morja/26/3115/7416
3115;https://www.hribi.net/izlet/izola_jagodje_strunjanske_soline/26/3115/7414
3118;https://www.hribi.net/izlet/passo_di_santantonio_monte_aiarnola_via_normala/39/3118/7418
3119;https://www.hribi.net/izlet/turracher_hohe_schwarzsee_pri_turracher_hohe/29/3119/7419
3120;https://www.hribi.net/izlet/turracher_hohe_gesgeralm/29/3120/7420
3121;https://www.hribi.net/izlet/val_aupa_rifugio_grauzaria/27/3121/7461
3122;https://www.hribi.net/izlet/edelweiss_monte_volaia___wolayer_kopf_pot_176/27/3122/7422
3122;https://www.hribi.net/izlet/collina_monte_volaia___wolayer_kopf_pot_141/27/3122/7424
3123;https://www.hribi.net/izlet/turracher_hohe_gillendorferalm/29/3123/7423
3124;https://www.hribi.net/izlet/collina_cima_ombladet_pot_141/27/3124/7425
3125;https://www.hribi.net/izlet/turrach_eisenhut/29/3125/7432
3125;https://www.hribi.net/izlet/turracher_hohe_eisenhut/29/3125/7426
3125;https://www.hribi.net/izlet/turrach_eisenhut_cez_strassburger_spitz/29/3125/7433
3125;https://www.hribi.net/izlet/turracher_hohe_eisenhut_cez_strassburger_spitz/29/3125/7430
3126;https://www.hribi.net/izlet/turrach_strassburger_spitz/29/3126/7434
3126;https://www.hribi.net/izlet/turracher_hohe_strassburger_spitz/29/3126/7427
3127;https://www.hribi.net/izlet/turrach_wintertalernock/29/3127/7435
3127;https://www.hribi.net/izlet/turracher_hohe_wintertalernock/29/3127/7428
3128;https://www.hribi.net/izlet/turrach_geisseckhutte/29/3128/7429
3129;https://www.hribi.net/izlet/lokve_crni_vrh_pri_lokvah/26/3129/7431
3130;https://www.hribi.net/izlet/koprivna_sumel_sveti_jakob_v_koprivni/11/3130/7440
3132;https://www.hribi.net/izlet/koprivna_sumel_izletniska_kmetija_bukovc_bukovnik_mimo_domacije_haderlap/3/3132/7444
3132;https://www.hribi.net/izlet/koprivna_sumel_izletniska_kmetija_bukovc_bukovnik_mimo_domacije_jansek/3/3132/7445
3133;https://www.hribi.net/izlet/santuberto_utia_de_gran_fanes/39/3133/7481
3133;https://www.hribi.net/izlet/capanna_alpina_utia_de_gran_fanes/39/3133/7443
3133;https://www.hribi.net/izlet/rifugio_pederu_utia_de_gran_fanes/39/3133/7533
3134;https://www.hribi.net/izlet/capanna_alpina_vallon_bianco/39/3134/7448
3134;https://www.hribi.net/izlet/santuberto_vallon_bianco/39/3134/7971
3134;https://www.hribi.net/izlet/rifugio_pederu_vallon_bianco/39/3134/7972
3135;https://www.hribi.net/izlet/capanna_alpina_bivacco_baccon_barborka/39/3135/7449
3135;https://www.hribi.net/izlet/rifugio_pederu_bivacco_baccon_barborka/39/3135/7970
3135;https://www.hribi.net/izlet/santuberto_bivacco_baccon_barborka/39/3135/7969
3136;https://www.hribi.net/izlet/capanna_alpina_furcia_rossa_iii/39/3136/7450
3136;https://www.hribi.net/izlet/rifugio_pederu_furcia_rossa_iii/39/3136/8476
3136;https://www.hribi.net/izlet/santuberto_furcia_rossa_iii/39/3136/8477
3137;https://www.hribi.net/izlet/gozdec_stara_koca_na_kaninu/1/3137/7451
3138;https://www.hribi.net/izlet/capanna_alpina_bivacco_della_pace_via_della_pace/39/3138/7453
3138;https://www.hribi.net/izlet/capanna_alpina_bivacco_della_pace_pot_17/39/3138/7452
3139;https://www.hribi.net/izlet/gozdec_vrh_osojnic/1/3139/7454
3139;https://www.hribi.net/izlet/d_postaja_vrh_osojnic/1/3139/7456
3139;https://www.hribi.net/izlet/d_postaja_vrh_osojnic_mimo_doma_petra_skalarja_na_kaninu/1/3139/7458
3140;https://www.hribi.net/izlet/borovlje___ferlach_borovski_vrh_zehtar___sechter_raketensteig/11/3140/7460
3140;https://www.hribi.net/izlet/bajdise___waidisch_borovski_vrh_zehtar___sechter/11/3140/7462
3141;https://www.hribi.net/izlet/dolina_avpe___val_aupa_creta_grauzaria_via_normale/27/3141/7465
3142;https://www.hribi.net/izlet/klosterle_osojscica___gerlitzen/29/3142/7463
3142;https://www.hribi.net/izlet/klosterle_osojscica___gerlitzen_skozi_stifterboden/29/3142/7468
3143;https://www.hribi.net/izlet/klosterle_huaba_hittn/29/3143/7464
3144;https://www.hribi.net/izlet/klosterle_neugarten_almseehutte/29/3144/7466
3145;https://www.hribi.net/izlet/klosterle_stifterboden/29/3145/7467
3148;https://www.hribi.net/izlet/cellino_di_sopra_col_nudo/27/3148/7479
3149;https://www.hribi.net/izlet/spodnja_lipnica_kolnica_suharna_cez_vrtaco/21/3149/7480
3150;https://www.hribi.net/izlet/gobovce_v_bostku/3/3150/7483
3150;https://www.hribi.net/izlet/podbrezje_dolenja_vas_v_bostku/3/3150/7482
3151;https://www.hribi.net/izlet/ratece_ledine_planinsko_zavetisce_slatna/1/3151/7484
3152;https://www.hribi.net/izlet/kokra_pocivalisce_kokra-sotocje_zapecnikova_planina/3/3152/7489
3152;https://www.hribi.net/izlet/mozjanca_zapecnikova_planina/3/3152/7487
3153;https://www.hribi.net/izlet/seichenbrunn_gartlsee/57/3153/7493
3153;https://www.hribi.net/izlet/leibnitzbachbrucke_gartlsee/57/3153/7760
3154;https://www.hribi.net/izlet/zbelovo_podvoz_pod_zeleznico_ljubicna_gora_cez_marijine_stopinje/11/3154/7494
3154;https://www.hribi.net/izlet/zbelovo_podvoz_pod_zeleznico_ljubicna_gora/11/3154/7495
3154;https://www.hribi.net/izlet/zgornje_poljcane_ljubicna_gora/11/3154/9653
3154;https://www.hribi.net/izlet/lovnik_ljubicna_gora/11/3154/9656
3154;https://www.hribi.net/izlet/zgornje_poljcane_ljubicna_gora_po_jakobovi_poti/11/3154/10964
3155;https://www.hribi.net/izlet/oplotnica_brinjeva_gora_nad_zrecami_po_gozdni_poti/4/3155/7497
3155;https://www.hribi.net/izlet/oplotnica_brinjeva_gora_nad_zrecami_nad_kamnolomom/4/3155/7496
3155;https://www.hribi.net/izlet/zrece_terme_zrece_brinjeva_gora_nad_zrecami_po_pp1/4/3155/8815
3155;https://www.hribi.net/izlet/zrece_terme_zrece_brinjeva_gora_nad_zrecami_cez_goliko/4/3155/8818
3155;https://www.hribi.net/izlet/zrece_terme_zrece_brinjeva_gora_nad_zrecami_mimo_kmetije_pudgrosek/4/3155/8816
3157;https://www.hribi.net/izlet/dolina_avpe___val_aupa_sernio_via_normale/27/3157/7509
3157;https://www.hribi.net/izlet/dolina_avpe___val_aupa_sernio_via_normale_-_bliznjica/27/3157/7617
3158;https://www.hribi.net/izlet/konoba_mala_kapja_kom/63/3158/7510
3159;https://www.hribi.net/izlet/begunje_pgd_begunje_plece_petrova_pot/3/3159/7514
3159;https://www.hribi.net/izlet/begunje_krpin_plece_skozi_sotesko_blatnice/3/3159/7558
3159;https://www.hribi.net/izlet/zavrsnica_pri_zagi_plece/3/3159/7567
3159;https://www.hribi.net/izlet/begunje_krpin_plece_ob_smuciscu_in_mimo_sankaske_koce/3/3159/7513
3159;https://www.hribi.net/izlet/begunje_krpin_plece_po_cesti/3/3159/7515
3159;https://www.hribi.net/izlet/rodine_plece_mimo_sankaske_koce/3/3159/7512
3160;https://www.hribi.net/izlet/poden___bodental_veliki_rob___grosser_rain/11/3160/7517
3160;https://www.hribi.net/izlet/poden___bodental_veliki_rob___grosser_rain_cez_veronjak___hausberg/11/3160/7521
3160;https://www.hribi.net/izlet/slovenji_plajberk___windisch_bleiberg_veliki_rob___grosser_rain/11/3160/7529
3160;https://www.hribi.net/izlet/slovenji_plajberk___windisch_bleiberg_veliki_rob___grosser_rain_cez_veronjak___hausberg/11/3160/7530
3161;https://www.hribi.net/izlet/poden___bodental_veronjak___hausberg/11/3161/7518
3161;https://www.hribi.net/izlet/slovenji_plajberk___windisch_bleiberg_veronjak___hausberg_cez_veronjak___hausberg/11/3161/7531
3162;https://www.hribi.net/izlet/passo_di_giau_monte_gusella/39/3162/7519
3173;https://www.hribi.net/izlet/pustal_na_dobravi_sveti_andrej_nad_zmincem/5/3173/7540
3173;https://www.hribi.net/izlet/sveta_barbara_nova_hrastnica_sveti_andrej_nad_zmincem/5/3173/7542
3174;https://www.hribi.net/izlet/podljubelj_pod_kosuto_robic_mimo_jezera_pri_cezov/11/3174/7556
3174;https://www.hribi.net/izlet/podljubelj_robic_mimo_zavetisca_na_kalu/11/3174/7544
3174;https://www.hribi.net/izlet/dolina_robic/11/3174/7545
3174;https://www.hribi.net/izlet/trzic_robic_cez_kamnek_in_mimo_zavetisca_na_kalu/11/3174/7546
3174;https://www.hribi.net/izlet/trzic_cegelse_robic_mimo_zavetisca_na_kalu/11/3174/7547
3176;https://www.hribi.net/izlet/parkirisce_muritzen_sticklerhutte_po_cesti/57/3176/7550
3177;https://www.hribi.net/izlet/parkirisce_muritzen_izvir_mure___murusprung_planinska_pot_mimo_koce_sticklerhutte/57/3177/7549
3181;https://www.hribi.net/izlet/rehabilitacijski_center_st_radegund_pri_gradcu_stubenberghaus_planinska_pot/138/3181/7554
3182;https://www.hribi.net/izlet/rehabilitacijski_center_st_radegund_pri_gradcu_schockl_planinska_pot/138/3182/7555
3182;https://www.hribi.net/izlet/parkirisce_schocklkreuz_schockl_pot_cez_schocklkopf/138/3182/8751
3183;https://www.hribi.net/izlet/rogla_hotel_natura_pot_med_krosnjami_pohorje_pot_med_krosnjami/4/3183/7560
3188;https://www.hribi.net/izlet/sveta_barbara_nova_hrastnica_sveta_barbara_nad_hrastnico/5/3188/7564
3190;https://www.hribi.net/izlet/domos_dobogo_ko_ram_szakadek_tura/133/3190/7570
3190;https://www.hribi.net/izlet/domos_dobogo_ko_lukacs_arok/133/3190/7571
3191;https://www.hribi.net/izlet/turracher_hohe_grunsee_pri_turracher_hohe_pot_treh_jezer___3-seen_weg/29/3191/7572
3192;https://www.hribi.net/izlet/graz_center_west_sv_martin_gradec___st_martin_graz_pot_sv_martina___st_martin-steig/28/3192/7573
3193;https://www.hribi.net/izlet/bled_velika_zaka_gozdarska_koca_mali_vokel/1/3193/7575
3193;https://www.hribi.net/izlet/zatrnik_gozdarska_koca_mali_vokel/1/3193/7598
3193;https://www.hribi.net/izlet/bohinjska_bela_sv_marjeta_gozdarska_koca_mali_vokel/1/3193/7653
3194;https://www.hribi.net/izlet/graz_center_west_buchkogel_rudolfswarte_mimo_sv_martina/28/3194/7576
3195;https://www.hribi.net/izlet/bled_velika_zaka_lovska_koca_mali_vokel/1/3195/7577
3195;https://www.hribi.net/izlet/bohinjska_bela_sv_marjeta_lovska_koca_mali_vokel/1/3195/7654
3195;https://www.hribi.net/izlet/zatrnik_lovska_koca_mali_vokel/1/3195/7599
3195;https://www.hribi.net/izlet/planina_smrecica_poglajnov_rovt_lovska_koca_mali_vokel/1/3195/7604
3196;https://www.hribi.net/izlet/zatrnik_berjanca/1/3196/7600
3196;https://www.hribi.net/izlet/cesta_na_pokljuko_deponija_lesa_gg_bled_berjanca/1/3196/7586
3196;https://www.hribi.net/izlet/bled_velika_zaka_berjanca/1/3196/7578
3196;https://www.hribi.net/izlet/bohinjska_bela_sv_marjeta_berjanca/1/3196/7655
3196;https://www.hribi.net/izlet/planina_smrecica_poglajnov_rovt_berjanca/1/3196/7612
3197;https://www.hribi.net/izlet/bled_velika_zaka_reciska_planina/1/3197/7579
3197;https://www.hribi.net/izlet/zatrnik_reciska_planina/1/3197/7601
3197;https://www.hribi.net/izlet/planina_smrecica_poglajnov_rovt_reciska_planina/1/3197/7613
3197;https://www.hribi.net/izlet/bohinjska_bela_sv_marjeta_reciska_planina/1/3197/7657
3198;https://www.hribi.net/izlet/planina_smrecica_poglajnov_rovt_grajska_planina_ribsca/1/3198/7614
3198;https://www.hribi.net/izlet/zatrnik_grajska_planina_ribsca/1/3198/7602
3198;https://www.hribi.net/izlet/bled_velika_zaka_grajska_planina_ribsca/1/3198/7580
3198;https://www.hribi.net/izlet/bohinjska_bela_sv_marjeta_grajska_planina_ribsca/1/3198/7656
3199;https://www.hribi.net/izlet/bohinjska_bela_sv_marjeta_mlina_pec/1/3199/7587
3200;https://www.hribi.net/izlet/graz_center_west_sv_janez_in_pavel___st_johann_und_paul_cez_buchkogel/28/3200/7593
3201;https://www.hribi.net/izlet/graz_center_west_furstenstand_plabutsch_cez_buchkogel/28/3201/7594
3202;https://www.hribi.net/izlet/vojnik_sv_tomaz_nad_vojnikom/11/3202/7595
3202;https://www.hribi.net/izlet/vojnik_sv_tomaz_nad_vojnikom_direktna_pot/11/3202/7596
3203;https://www.hribi.net/izlet/ravne_planina_zgornji_kozjek/1/3203/7597
3204;https://www.hribi.net/izlet/bistrica_v_rozu___feistritz_im_rosental_rabenberg/11/3204/7610
3204;https://www.hribi.net/izlet/slovenji_plajberk___windisch_bleiberg_rabenberg/11/3204/7606
3204;https://www.hribi.net/izlet/plajberski_graben___bleiberger_graben_rabenberg/11/3204/7607
3205;https://www.hribi.net/izlet/kandrse_trata_sveti_lenart_kandrse/25/3205/7616
3206;https://www.hribi.net/izlet/kandrse_trata_sveti_mihael_krizate/25/3206/7618
3207;https://www.hribi.net/izlet/rein_muhlbacher_hutte_lovska_pot___jagersteig/28/3207/7623
3207;https://www.hribi.net/izlet/rein_muhlbacher_hutte_pot_cez_hochstein/28/3207/8733
3209;https://www.hribi.net/izlet/rein_muhlbacher_kogel_lovska_pot___jagersteig/28/3209/7624
3209;https://www.hribi.net/izlet/rein_muhlbacher_kogel_pot_cez_hochstein/28/3209/8734
3211;https://www.hribi.net/izlet/eagles_nest_lake_cootapatamba_mt_kosciuszko_track/160/3211/7632
3211;https://www.hribi.net/izlet/thredbo_lake_cootapatamba_merritts_track__mt_kosciuszko_track/160/3211/7638
3212;https://www.hribi.net/izlet/eagles_nest_mount_kosciuszko_mt_kosciuszko_track/160/3212/7633
3212;https://www.hribi.net/izlet/charlotte_pass_mount_kosciuszko_summit_walk/160/3212/7650
3212;https://www.hribi.net/izlet/thredbo_mount_kosciuszko_merritts_track__mt_kosciuszko_track/160/3212/7642
3213;https://www.hribi.net/izlet/sydney_-_coogee_beach_sydney_-_bondi_beach/161/3213/7662
3214;https://www.hribi.net/izlet/sydney_-_bondi_beach_sydney_-_coogee_beach_bondi_to_coogee_walk/161/3214/7631
3215;https://www.hribi.net/izlet/charlotte_pass_seamans_hut_summit_walk/160/3215/7649
3216;https://www.hribi.net/izlet/skale_lubela_mimo_lovskega_doma/11/3216/7627
3216;https://www.hribi.net/izlet/skalske_cirkovce_lubela_po_cesti/11/3216/7628
3217;https://www.hribi.net/izlet/thredbo_eagles_nest_merritts_track/160/3217/7637
3218;https://www.hribi.net/izlet/maribor_kapela_sv_rozalije_na_samotnem_boru/162/3218/7634
3219;https://www.hribi.net/izlet/sentviska_gora_crvov_vrh/21/3219/7643
3219;https://www.hribi.net/izlet/bukovo_crvov_vrh/21/3219/7636
3219;https://www.hribi.net/izlet/reka_kozarska_grapa_crvov_vrh_skozi_polisko_grapo_policanka/21/3219/7733
3219;https://www.hribi.net/izlet/slap_ob_idrijci_crvov_vrh_skozi_zlebi/21/3219/9005
3219;https://www.hribi.net/izlet/grahovo_ob_baci_brelih_crvov_vrh_skozi_zrelo/21/3219/7710
3219;https://www.hribi.net/izlet/grahovo_ob_baci_brelih_crvov_vrh_mimo_domacije_pusnik/21/3219/7713
3219;https://www.hribi.net/izlet/reka_laze_crvov_vrh_skozi_grapo_potoka_sjaunk_sejalnik/21/3219/7718
3219;https://www.hribi.net/izlet/reka_kozarska_grapa_crvov_vrh_skozi_kozarsko_grapo/21/3219/7761
3220;https://www.hribi.net/izlet/bukovo_bukovski_vrh/21/3220/7644
3220;https://www.hribi.net/izlet/sentviska_gora_bukovski_vrh/21/3220/7645
3220;https://www.hribi.net/izlet/grahovo_ob_baci_brelih_bukovski_vrh_skozi_zrelo/21/3220/7711
3220;https://www.hribi.net/izlet/grahovo_ob_baci_brelih_bukovski_vrh_mimo_domacije_pusnik/21/3220/7712
3221;https://www.hribi.net/izlet/smrecje_virnikova_planina/11/3221/7647
3222;https://www.hribi.net/izlet/smrecje_robniske_peci_cez_virnikovo_planina/11/3222/7651
3222;https://www.hribi.net/izlet/smrecje_robniske_peci_mimo_lovske_koce_stanic/11/3222/7648
3223;https://www.hribi.net/izlet/cima_sappada_rifugio_monte_siera/27/3223/7685
3224;https://www.hribi.net/izlet/hotavlje_vrh_slajke/21/3224/7661
3224;https://www.hribi.net/izlet/hotavlje_vrh_slajke_cez_belo/21/3224/8023
3224;https://www.hribi.net/izlet/podgora_vrh_slajke/21/3224/8027
3225;https://www.hribi.net/izlet/hotavlje_vrhovski_gric_cez_slajko/21/3225/7663
3225;https://www.hribi.net/izlet/trebija_vrhovski_gric_mimo_sv_pavla/21/3225/8052
3225;https://www.hribi.net/izlet/trebija_vrhovski_gric/21/3225/8041
3225;https://www.hribi.net/izlet/podgora_vrhovski_gric_cez_slajko/21/3225/8030
3226;https://www.hribi.net/izlet/onek_lovski_vrh/25/3226/7665
3226;https://www.hribi.net/izlet/mackovec_lovski_vrh/25/3226/7664
3227;https://www.hribi.net/izlet/kocevje_rudnik_rudnisko_jezero_krozna_pot_okoli_jezera/25/3227/7666
3228;https://www.hribi.net/izlet/gradisce_pri_vipavi_plaz/26/3228/7667
3229;https://www.hribi.net/izlet/straza_-_zelin_sveti_pavel_straza/21/3229/7670
3230;https://www.hribi.net/izlet/straza_-_zelin_zaganjalka/21/3230/7672
3231;https://www.hribi.net/izlet/skrilje_skrivski_izvir_skrlanka/26/3231/7674
3232;https://www.hribi.net/izlet/ziri_krog_ledinski_gric/21/3232/7677
3232;https://www.hribi.net/izlet/ledinica_krog_ledinski_gric/21/3232/7676
3232;https://www.hribi.net/izlet/govejk_krog_ledinski_gric/21/3232/7680
3232;https://www.hribi.net/izlet/ledinsko_razpotje_krog_ledinski_gric/21/3232/7679
3232;https://www.hribi.net/izlet/sovodenj_krog_ledinski_gric/21/3232/7681
3232;https://www.hribi.net/izlet/jazne_lanisar_krog_ledinski_gric/21/3232/7678
3233;https://www.hribi.net/izlet/ledinica_sveta_ana_ledinica/21/3233/7675
3234;https://www.hribi.net/izlet/crnova_lipnik_pri_velenju_po_poteh_vinske_gore/3/3234/7689
3236;https://www.hribi.net/izlet/cima_sappada_creton_di_tul/27/3236/7716
3237;https://www.hribi.net/izlet/selca_lepo_brdo/21/3237/7696
3238;https://www.hribi.net/izlet/migojnice_gradisce_pri_grizah_krozna_pot/25/3238/7697
3239;https://www.hribi.net/izlet/liboje_liko_sveta_neza_liboje/25/3239/7698
3240;https://www.hribi.net/izlet/strane_maj/26/3240/7701
3241;https://www.hribi.net/izlet/kostanjevica_na_krasu_jama_pecinka_mimo_borojevicevega_prestola/26/3241/7708
3242;https://www.hribi.net/izlet/temnica_sveti_ambroz_tabor_zahodna_pot/26/3242/7709
3242;https://www.hribi.net/izlet/temnica_sveti_ambroz_tabor_severna_pot/26/3242/8592
3243;https://www.hribi.net/izlet/gornje_jelenje_tuhobic_planinska_pot_na_tuhobic/33/3243/7784
3244;https://www.hribi.net/izlet/reka_kozarska_grapa_cerkev_marijinega_rojstva_v_policah_skozi_polisko_grapo_policanka/21/3244/7731
3244;https://www.hribi.net/izlet/reka_kozarska_grapa_cerkev_marijinega_rojstva_v_policah_skozi_kozarsko_grapo/21/3244/7758
3244;https://www.hribi.net/izlet/reka_laze_cerkev_marijinega_rojstva_v_policah_skozi_grapo_potoka_sjaunk_sejalnik/21/3244/7714
3246;https://www.hribi.net/izlet/zajasovnik_-_del_strmce_kapelica_jasovnik_motniska_planinska_pot/25/3246/7715
3247;https://www.hribi.net/izlet/cima_sappada_creta_forata/27/3247/7717
3248;https://www.hribi.net/izlet/otoce_stovc_stolec/21/3248/7719
3248;https://www.hribi.net/izlet/zalose_stovc_stolec/21/3248/7720
3248;https://www.hribi.net/izlet/spodnja_dobrava_stovc_stolec/21/3248/7896
3248;https://www.hribi.net/izlet/prezrenje_stovc_stolec/21/3248/7893
3249;https://www.hribi.net/izlet/gozd_razgledisce_skroti/3/3249/7736
3250;https://www.hribi.net/izlet/vace_sveti_kriz_slemsek/25/3250/7738
3251;https://www.hribi.net/izlet/medvodje_penatca/11/3251/7754
3252;https://www.hribi.net/izlet/pod_krnico_crna_pec/11/3252/7756
3254;https://www.hribi.net/izlet/jelendol_grascina_puterhof_primozkovi_hribi/11/3254/7762
3254;https://www.hribi.net/izlet/mhe_zali_potok_primozkovi_hribi/11/3254/7765
3255;https://www.hribi.net/izlet/jelendol_grascina_puterhof_kapelica_srca_jezusovega_jelendol/11/3255/7766
3256;https://www.hribi.net/izlet/jelendol_grascina_puterhof_mali_juhej/11/3256/7767
3257;https://www.hribi.net/izlet/leibnitzbachbrucke_barrenlesee/57/3257/7768
3258;https://www.hribi.net/izlet/grad_stiska_vas_krizev_pot/3/3258/7770
3259;https://www.hribi.net/izlet/jelendol_grascina_puterhof_veliki_juhej/11/3259/7771
3261;https://www.hribi.net/izlet/jelendol_grascina_puterhof_grobnica_barona_borna/11/3261/7772
3262;https://www.hribi.net/izlet/dom_v_iskem_vintgarju_klada_evropska_pespot_e6/26/3262/7775
3264;https://www.hribi.net/izlet/medvodje_planina_brsnina/11/3264/7780
3264;https://www.hribi.net/izlet/medvodje_planina_brsnina_mimo_konjskega_roba/11/3264/7782
3265;https://www.hribi.net/izlet/medvodje_medvodnica_ob_trziski_bistrici/11/3265/7783
3265;https://www.hribi.net/izlet/medvodje_medvodnica_ob_kosutniku/11/3265/7785
3266;https://www.hribi.net/izlet/gozd_martuljek_hvadnik_ferata_hvadnik/11/3266/7786
3267;https://www.hribi.net/izlet/kropa__partizanska_tehnika_meta_cez_beriglo/21/3267/7791
3267;https://www.hribi.net/izlet/kropa_slovenska_pec_partizanska_tehnika_meta/21/3267/7793
3267;https://www.hribi.net/izlet/brezovica_partizanska_tehnika_meta/21/3267/7792
3267;https://www.hribi.net/izlet/cesnjica_pri_kropi_partizanska_tehnika_meta_cez_beriglo/21/3267/7794
3268;https://www.hribi.net/izlet/sobcev_bajer_sveti_lambert_lancovo/21/3268/7801
3271;https://www.hribi.net/izlet/dovje_bela_pec_nad_dovjem/11/3271/7807
3271;https://www.hribi.net/izlet/ravne_bela_pec_nad_dovjem/11/3271/7811
3271;https://www.hribi.net/izlet/erjavcev_rovt_bela_pec_nad_dovjem/11/3271/7812
3271;https://www.hribi.net/izlet/dovje_bela_pec_nad_dovjem_cez_blazcevo_skalo/11/3271/7810
3272;https://www.hribi.net/izlet/dovje_planina_goreljse/11/3272/7808
3273;https://www.hribi.net/izlet/dovje_blazceva_skala_zahodna_pot/11/3273/7809
3274;https://www.hribi.net/izlet/gradisce_pri_vipavi_skavnica/26/3274/7816
3275;https://www.hribi.net/izlet/hungerburg_parkirisce_pri_postaji_vzpenjace_hafelekarspitze_pespot_iz_hungerburga_po_poti_216/59/3275/7817
3276;https://www.hribi.net/izlet/sp_postaja_kabinske_zicnice_patscherkofelbahn_patscherkofel_po_poti_350_mimo_lanser_alm_in_zirbenweg/156/3276/7819
3277;https://www.hribi.net/izlet/suhi_dol_strazni_stolp_pod_vrhom_kovcka/5/3277/7820
3278;https://www.hribi.net/izlet/blagusko_jezero_blagusko_jezero_pot_okoli_jezera/162/3278/8319
3278;https://www.hribi.net/izlet/sveti_jurij_ob_scavnici_blagusko_jezero/162/3278/7823
3279;https://www.hribi.net/izlet/sveti_jurij_ob_scavnici_sveti_duh_stara_gora/162/3279/7824
3279;https://www.hribi.net/izlet/terbegovci_sveti_duh_stara_gora/162/3279/7825
3280;https://www.hribi.net/izlet/neustift_im_stubaital__hoher_burgstall_juzna_pot_mimo_starkenburger_hutte/51/3280/7826
3282;https://www.hribi.net/izlet/leibnitzbachbrucke_hoher_prijakt/57/3282/7828
3283;https://www.hribi.net/izlet/sora_breznik_boben/5/3283/7827
3283;https://www.hribi.net/izlet/rakovnik_breznik_boben/5/3283/7829
3284;https://www.hribi.net/izlet/maria_waldrast_serles_zahodni_pristop_z_marie_waldrast/51/3284/7832
3285;https://www.hribi.net/izlet/maria_waldrast_lampermahdspitze_pot_preko_severnega_grebena/51/3285/7833
3286;https://www.hribi.net/izlet/axamer_lizum_marchreisenspitze_lustige_bergler_steig/51/3286/7837
3287;https://www.hribi.net/izlet/tonnerhutte_herterhohe/28/3287/7840
3287;https://www.hribi.net/izlet/tonnerhutte_herterhohe_zirbenweg/28/3287/7851
3288;https://www.hribi.net/izlet/axamer_lizum_ampferstein_lustige_bergler_steig/51/3288/7841
3289;https://www.hribi.net/izlet/belopeska_jezera_poldnik_kopa___picco_di_mezzodi/1/3289/7843
3290;https://www.hribi.net/izlet/trkulji_zir/62/3290/7844
3291;https://www.hribi.net/izlet/bergstation_hafelekar_kemacher_innsbrucker_klettersteig/59/3291/7847
3292;https://www.hribi.net/izlet/znidarjeva_planina_ribenska_planina/21/3292/7852
3292;https://www.hribi.net/izlet/planinski_dom_goska_ravan_ribenska_planina/21/3292/7854
3294;https://www.hribi.net/izlet/kuhtai_sulzkogel_obicajni_pristop_iz_kuhtaia/51/3294/7853
3295;https://www.hribi.net/izlet/kuhtai_kraspesspitze_zahodni_pristop_iz_kuhtaia_in_cez_sedlo_finstertal/51/3295/7855
3296;https://www.hribi.net/izlet/kuhtai_finsteltaler_schartenkopf_zahodni_pristop_iz_kuhtaia_in_cez_sedlo_finstertal/51/3296/7856
3297;https://www.hribi.net/izlet/mojstrana_mali_vrh_na_mezakli/1/3297/7860
3297;https://www.hribi.net/izlet/mojstrana_mali_vrh_na_mezakli_cez_pobocje_na_tnalu/1/3297/7875
3298;https://www.hribi.net/izlet/oberissalm_rinnenspitze_obicajni_pristop_mimo_franz-senn-hutte/51/3298/7862
3299;https://www.hribi.net/izlet/mojstrana_risnati_rob_polevec/1/3299/7865
3299;https://www.hribi.net/izlet/mojstrana_risnati_rob_polevec_cez_pobocje_na_tnalu/1/3299/7876
3300;https://www.hribi.net/izlet/oberissalm_vordere_sommerwand_obicajna_pot/51/3300/7867
3301;https://www.hribi.net/izlet/osor_planinarski_dom_sveti_gaudent/63/3301/7874
3301;https://www.hribi.net/izlet/halmac_planinarski_dom_sveti_gaudent/63/3301/7926
3302;https://www.hribi.net/izlet/oberissalm_innere_sommerwand_pristop_preko_sommerwandskega_ledenika/51/3302/7873
3304;https://www.hribi.net/izlet/pescine_sveti_nikola/63/3304/7884
3306;https://www.hribi.net/izlet/zia_dikeos_kos/150/3306/7885
3307;https://www.hribi.net/izlet/passo_campolongo_rifugio_la_marmotta/39/3307/7886
3308;https://www.hribi.net/izlet/passo_campolongo_rifugio_incisa/39/3308/7887
3309;https://www.hribi.net/izlet/velem_irrotko___geschriebenstein_pot_modra_plus/132/3309/7894
3309;https://www.hribi.net/izlet/rechnitz_badesee_irrotko___geschriebenstein/132/3309/8909
3309;https://www.hribi.net/izlet/geschriebenstein_passhohe_irrotko___geschriebenstein/132/3309/8913
3309;https://www.hribi.net/izlet/lockenhaus_irrotko___geschriebenstein_cez_weidriegel/132/3309/10114
3309;https://www.hribi.net/izlet/lockenhaus_irrotko___geschriebenstein_skozi_marchgraben/132/3309/10115
3310;https://www.hribi.net/izlet/passo_campolongo_rifugio_punta_trieste/39/3310/7895
3311;https://www.hribi.net/izlet/klippitztorl_geierkogel_svinska_planina___saualpe/28/3311/7897
3312;https://www.hribi.net/izlet/passo_campolongo_pralongia/39/3312/7898
3313;https://www.hribi.net/izlet/klippitztorl_forstalpe_svinska_planina___saualpe/28/3313/7905
3313;https://www.hribi.net/izlet/klippitztorl_forstalpe_svinska_planina___saualpe_cez_geierkogel/28/3313/7899
3314;https://www.hribi.net/izlet/klippitztorl_kienberg_svinska_planina___saualpe/28/3314/7906
3314;https://www.hribi.net/izlet/klippitztorl_kienberg_svinska_planina___saualpe_cez_geierkogel/28/3314/7900
3315;https://www.hribi.net/izlet/passo_campolongo_stores/39/3315/7901
3316;https://www.hribi.net/izlet/klippitztorl_gertrusk_svinska_planina___saualpe/28/3316/7908
3316;https://www.hribi.net/izlet/klippitztorl_gertrusk_svinska_planina___saualpe_cez_geierkogel/28/3316/7903
3317;https://www.hribi.net/izlet/rifugio_valparola_pico_setsas/39/3317/8073
3317;https://www.hribi.net/izlet/passo_campolongo_pico_setsas/39/3317/7912
3319;https://www.hribi.net/izlet/laubau_sonntagshorn/59/3319/7917
3319;https://www.hribi.net/izlet/laubau_sonntagshorn/59/3319/7918
3320;https://www.hribi.net/izlet/svtrojica_v_slov_goricah_ribiska_trgovina_som_sveta_trojica_v_slovenskih_goricah/162/3320/7916
3320;https://www.hribi.net/izlet/sveti_trije_kralji_v_slovenskih_goricah_sveta_trojica_v_slovenskih_goricah/162/3320/8280
3321;https://www.hribi.net/izlet/svtrojica_v_slov_goricah_ribiska_trgovina_som_trojisko_jezero_gradisko_jezero_krozna_pot_okrog_jezera/162/3321/7919
3322;https://www.hribi.net/izlet/dolenja_vas_gricek/26/3322/7920
3323;https://www.hribi.net/izlet/passo_san_pellegrino_col_margherita/39/3323/8092
3324;https://www.hribi.net/izlet/passo_san_pellegrino_cima_juribrutto/39/3324/8093
3325;https://www.hribi.net/izlet/predgrad_kozice/25/3325/7921
3325;https://www.hribi.net/izlet/predgrad_kozice_po_cesti/25/3325/7922
3325;https://www.hribi.net/izlet/dol_kozice/25/3325/11000
3326;https://www.hribi.net/izlet/most_cez_kotnico_jelovicka_in_mihova_jama/25/3326/7923
3327;https://www.hribi.net/izlet/jablanovec_kameniti_svati_pot_stevilka_sedem/61/3327/7924
3327;https://www.hribi.net/izlet/ivanec_bistranski_kameniti_svati_pot_stevilka_43/61/3327/10776
3328;https://www.hribi.net/izlet/kostel_grad_kostel/26/3328/7927
3328;https://www.hribi.net/izlet/gorenja_zaga_grad_kostel/26/3328/7925
3329;https://www.hribi.net/izlet/radenski_kal_radenski_kal/25/3329/7928
3330;https://www.hribi.net/izlet/radenski_kal_velika_radenska_stena/25/3330/7929
3331;https://www.hribi.net/izlet/radenski_kal_mala_radenska_stena/25/3331/7930
3332;https://www.hribi.net/izlet/osor_krizica/63/3332/7946
3332;https://www.hribi.net/izlet/osor_krizica_mimo_koce/63/3332/7938
3332;https://www.hribi.net/izlet/halmac_krizica_mimo_koce/63/3332/7941
3333;https://www.hribi.net/izlet/dolina_kot_slapovi_v_kotu_krozna_pot/1/3333/7945
3334;https://www.hribi.net/izlet/aljazev_dom_v_vratih_kucelj_julijske_alpe/1/3334/7953
3335;https://www.hribi.net/izlet/kozolec_laska_vas_-_pecovje__veliki_bojanski_vrh_skozi_bojanski_graben/25/3335/7954
3335;https://www.hribi.net/izlet/kozolec_laska_vas_-_pecovje__veliki_bojanski_vrh_cez_zlajfo/25/3335/8011
3335;https://www.hribi.net/izlet/zvodno_veliki_bojanski_vrh_skozi_bojanski_graben/25/3335/8170
3335;https://www.hribi.net/izlet/store_veliki_bojanski_vrh_cez_kompole_in_sentjanz/25/3335/8210
3339;https://www.hribi.net/izlet/postaja_most_na_soci__razgledna_tocka_siroko/26/3339/7985
3340;https://www.hribi.net/izlet/zvodno_bavc_skozi_hudicev_graben/25/3340/7981
3340;https://www.hribi.net/izlet/zvodno_bavc_skozi_suhi_potok/25/3340/8010
3340;https://www.hribi.net/izlet/kozolec_laska_vas_-_pecovje__bavc_mimo_marije/25/3340/8021
3340;https://www.hribi.net/izlet/teharje_bavc_mimo_marije/25/3340/8245
3341;https://www.hribi.net/izlet/siroko_veliki_vrh_nad_lomom_skozi_kanalski_lom_-_po_poti_lom_je_moj_dom/26/3341/7995
3341;https://www.hribi.net/izlet/siroko_veliki_vrh_nad_lomom_direktna_pot/26/3341/7993
3341;https://www.hribi.net/izlet/siroko_veliki_vrh_nad_lomom_skozi_grudnico_-_po_poti_lom_je_moj_dom/26/3341/7994
3341;https://www.hribi.net/izlet/postaja_most_na_soci_veliki_vrh_nad_lomom/26/3341/7988
3342;https://www.hribi.net/izlet/dom_pod_storzicem_javorce/11/3342/8008
3342;https://www.hribi.net/izlet/grahovse_javorce_mimo_rekarja/11/3342/7992
3345;https://www.hribi.net/izlet/socka_kozjek_nad_socko/11/3345/8000
3347;https://www.hribi.net/izlet/kozolec_laska_vas_-_pecovje__mali_bojanski_vrh_cez_zlajfo/25/3347/8001
3347;https://www.hribi.net/izlet/kozolec_laska_vas_-_pecovje__mali_bojanski_vrh_skozi_bojanski_graben/25/3347/8070
3347;https://www.hribi.net/izlet/zvodno_mali_bojanski_vrh_skozi_bojanski_graben/25/3347/8159
3347;https://www.hribi.net/izlet/store_mali_bojanski_vrh_cez_kompole_in_sentjanz/25/3347/8255
3347;https://www.hribi.net/izlet/teharje_mali_bojanski_vrh_pot_i_celjske_cete/25/3347/8271
3348;https://www.hribi.net/izlet/podljubelj_krsise_juzna_pot/11/3348/8003
3348;https://www.hribi.net/izlet/podljubelj_krsise_vzhodna_pot/11/3348/8002
3349;https://www.hribi.net/izlet/trzic_sveta_neza_brezje_pri_trzicu/3/3349/8005
3350;https://www.hribi.net/izlet/kozolec_laska_vas_-_pecovje__babni_vrh_vladimirjeva_pot/25/3350/8006
3350;https://www.hribi.net/izlet/zvodno_babni_vrh_skozi_bojanski_graben/25/3350/8148
3350;https://www.hribi.net/izlet/store_babni_vrh_cez_kompole_in_sentjanz/25/3350/8196
3350;https://www.hribi.net/izlet/teharje_babni_vrh_pot_i_celjske_cete/25/3350/8195
3351;https://www.hribi.net/izlet/zgornje_jezersko_stara_cerkev_sv_ozbolta_jezersko/11/3351/8007
3352;https://www.hribi.net/izlet/rocinj__sveti_pavel_nad_rocinjem_cez_sedlo/26/3352/8013
3352;https://www.hribi.net/izlet/rocinj__sveti_pavel_nad_rocinjem_mimo_znamenj/26/3352/8015
3352;https://www.hribi.net/izlet/rocinj__sveti_pavel_nad_rocinjem_cez_preval/26/3352/8014
3353;https://www.hribi.net/izlet/bled_velika_zaka_blejsko_jezero_sprehajalna_pot_okoli_jezera/1/3353/8012
3354;https://www.hribi.net/izlet/hotavlje_spik_vranskov_gric/21/3354/8026
3354;https://www.hribi.net/izlet/hotavlje_spik_vranskov_gric_cez_belo/21/3354/8025
3354;https://www.hribi.net/izlet/podgora_spik_vranskov_gric/21/3354/8029
3355;https://www.hribi.net/izlet/tri_studnicky_krivan/78/3355/8036
3356;https://www.hribi.net/izlet/parkirisce_na_jasi_rudnica_nad_podcetrtkom_srednja_krozna_pot_po_rudnici/4/3356/8045
3356;https://www.hribi.net/izlet/parkirisce_pod_stolpom_rudnica_nad_podcetrtkom_mikro_krozna_pot_na_stolp/4/3356/8047
3356;https://www.hribi.net/izlet/parkirisce_pri_cerkvi_v_podcetrtku_rudnica_nad_podcetrtkom_daljsa_krozna_pot/4/3356/8043
3356;https://www.hribi.net/izlet/parkirisce_pod_stolpom_rudnica_nad_podcetrtkom_kratka_krozna_pot_z_zavetiscem_smarnica/4/3356/8046
3356;https://www.hribi.net/izlet/minoritski_samostan_olimje_rudnica_nad_podcetrtkom_neposredna_pot_olimje_-_stolp_zdravja_in_veselja/4/3356/8334
3356;https://www.hribi.net/izlet/parkirisce_pri_cerkvi_v_podcetrtku_rudnica_nad_podcetrtkom_dolga_krozna_pot_po_rudnici/4/3356/8044
3356;https://www.hribi.net/izlet/slake_cerkev_device_marije_na_pesku_rudnica_nad_podcetrtkom_slake_-_stolp_zdravja_in_veselja/4/3356/8333
3357;https://www.hribi.net/izlet/trebija_sveti_pavel_stara_oselica/21/3357/8050
3358;https://www.hribi.net/izlet/tremerje_kamcic_po_grebenu_malega_slomnika/25/3358/8058
3358;https://www.hribi.net/izlet/liboje_kamcic_mimo_ekoloske_kmetije_kralj_-_juzni_pristop/25/3358/8064
3358;https://www.hribi.net/izlet/liboje_kamcic_mimo_ekoloske_kmetije_kralj_-_severni_pristop/25/3358/8063
3359;https://www.hribi.net/izlet/pokopalisce_radenci_razgledna_tocka_kapela/162/3359/8057
3359;https://www.hribi.net/izlet/gornja_radgona_os_gornja_radgona_razgledna_tocka_kapela/162/3359/8132
3359;https://www.hribi.net/izlet/gornja_radgona_os_gornja_radgona_razgledna_tocka_kapela_cez_piramido/162/3359/8211
3360;https://www.hribi.net/izlet/srednja_vas-poljane_cerkev_sv_kriza_na_brezju_nad_srednjo_vasjo_po_cesti/21/3360/8060
3360;https://www.hribi.net/izlet/srednja_vas-poljane_cerkev_sv_kriza_na_brezju_nad_srednjo_vasjo_po_pespoti/21/3360/8061
3360;https://www.hribi.net/izlet/dobje_cerkev_sv_kriza_na_brezju_nad_srednjo_vasjo/21/3360/8062
3361;https://www.hribi.net/izlet/hotavlje_kucelj_nad_kopacnico_cez_srednje_brdo/21/3361/8067
3361;https://www.hribi.net/izlet/hotavlje_kucelj_nad_kopacnico_skozi_vas_studor/21/3361/8066
3362;https://www.hribi.net/izlet/andraz_nad_polzelo_brunski_vrh_po_poteh_andraza/3/3362/8076
3363;https://www.hribi.net/izlet/sotina_izvir_slatine_pod_cincevim_bregom/163/3363/8077
3364;https://www.hribi.net/izlet/sotina_cincev_breg_mimo_izvira_slatine/163/3364/8079
3364;https://www.hribi.net/izlet/sotina_cincev_breg_cez_cincev_breg/163/3364/8082
3366;https://www.hribi.net/izlet/velika_ilova_gora_gradisce_nad_ilovo_goro/25/3366/8084
3367;https://www.hribi.net/izlet/grad_kripta_zahodna_pot/163/3367/8087
3367;https://www.hribi.net/izlet/grad_grad_na_gorickem_kripta_po_grascakovi_poti/163/3367/8141
3367;https://www.hribi.net/izlet/grad_kripta_severna_pot/163/3367/8085
3367;https://www.hribi.net/izlet/grad_grad_na_gorickem_kripta_po_cesti/163/3367/8140
3368;https://www.hribi.net/izlet/struznica_kuzeljska_stena/26/3368/8117
3369;https://www.hribi.net/izlet/gschnitz_habicht_obicajna_pot_mimo_innsbrucker_hutte_gschnitz/51/3369/8095
3369;https://www.hribi.net/izlet/parkirisce_pri_gostiscu_feuerstein_habicht_obicajna_pot_mimo_innsbrucker_hutte_feuerstein/51/3369/8224
3370;https://www.hribi.net/izlet/gschnitz_kalkwand_zahodni_pristop_iz_gschnitza_preko_pinnisjocha/51/3370/8097
3371;https://www.hribi.net/izlet/parkirisce_pred_plangerossom_v_pitztalu_hohe_geige_smer_preko_zahodnega_grebena_i-ii/42/3371/8098
3372;https://www.hribi.net/izlet/gornji_petrovci_pokopalisce_cerkev_sv_ane_v_boreci/163/3372/8188
3372;https://www.hribi.net/izlet/krizarka_cerkev_sv_ane_v_boreci/163/3372/8108
3372;https://www.hribi.net/izlet/zenavlje_spominsko_obelezje_cerkev_sv_ane_v_boreci/163/3372/8100
3372;https://www.hribi.net/izlet/boreca_cerkev_sv_ane_v_boreci/163/3372/8101
3372;https://www.hribi.net/izlet/otovci_nogometno_igrisce_cerkev_sv_ane_v_boreci/163/3372/8323
3373;https://www.hribi.net/izlet/zelezniska_postaja_hochzirl_kleiner_solstein_po_hottinger_schutzensteig/59/3373/8102
3374;https://www.hribi.net/izlet/salamenci_griski_vrh/163/3374/8109
3374;https://www.hribi.net/izlet/bodonci_varas_griski_vrh/163/3374/8110
3375;https://www.hribi.net/izlet/martinje_sportni_center_martinje_srebrni_breg/163/3375/8111
3375;https://www.hribi.net/izlet/zenavlje_spominsko_obelezje_srebrni_breg_mimo_pokopalisca/163/3375/8435
3375;https://www.hribi.net/izlet/zenavlje_spominsko_obelezje_srebrni_breg_mimo_kapele/163/3375/8437
3376;https://www.hribi.net/izlet/gornji_slaveci_pokopalisce_planinska_koca_rak/163/3376/8119
3376;https://www.hribi.net/izlet/dolnji_slaveci_avtobusna_postaja_mlin_planinska_koca_rak/163/3376/8116
3376;https://www.hribi.net/izlet/sveti_jurij_planinska_koca_rak/163/3376/8120
3376;https://www.hribi.net/izlet/kuzma_planinska_koca_rak/163/3376/8183
3376;https://www.hribi.net/izlet/sotina_planinska_koca_rak/163/3376/8182
3376;https://www.hribi.net/izlet/omp_kuzma_planinska_koca_rak/163/3376/10558
3377;https://www.hribi.net/izlet/parkirisce_sulzenauhutte_wilder_freiger_mimo_sulzenauhutte_in_preko_sedla_seescharte/51/3377/8121
3378;https://www.hribi.net/izlet/hodos_hodosko_jezero_krozna_pot_okoli_jezera/163/3378/8122
3378;https://www.hribi.net/izlet/hodos_hodosko_jezero/163/3378/9592
3379;https://www.hribi.net/izlet/velika_kostrevnica_kozljevec/25/3379/8127
3380;https://www.hribi.net/izlet/gornja_radgona_os_gornja_radgona_noricki_vrh/162/3380/8123
3381;https://www.hribi.net/izlet/parkirisce_sulzenauhutte_becherhaus_mimo_sulzenauhutte_in_preko_sedla_seescharte/51/3381/8129
3382;https://www.hribi.net/izlet/becherhaus_wilder_pfaff_preko_vzhodnega_grebena_ii_i-ii/51/3382/8130
3383;https://www.hribi.net/izlet/becherhaus_zuckerhutl_preko_wilder_pfaffa_in_v_pobocja_ii_i-ii/51/3383/8131
3383;https://www.hribi.net/izlet/parkirisce_stubaier_gletscher_mutterbergalm_zuckerhutl_obicajni_pristop_z_zahoda/51/3383/8133
3384;https://www.hribi.net/izlet/vent_wildspitze_obicajna_pot_mimo_breslauer_hutte_in_preko_mitterkarjocha/42/3384/8134
3390;https://www.hribi.net/izlet/parkirisce_sulzenauhutte_gamsspitzl_mimo_sulzenauhutte_in_preko_sedla_seescharte/51/3390/8143
3391;https://www.hribi.net/izlet/budinci_mejni_prehod_mejni_kamen_a_115_po_drzavni_meji/163/3391/8145
3391;https://www.hribi.net/izlet/cepinci_pokopalisce_cepinci_mejni_kamen_a_115/163/3391/8144
3391;https://www.hribi.net/izlet/budinci_mejni_prehod_mejni_kamen_a_115_po_oznaceni_poti/163/3391/8915
3391;https://www.hribi.net/izlet/mp_hodos_mejni_kamen_a_115/163/3391/9585
3391;https://www.hribi.net/izlet/andovci___orfalu_mejni_kamen_a_115/163/3391/9542
3391;https://www.hribi.net/izlet/hodos_mejni_kamen_a_115_mimo_parka_hatarkopark/163/3391/9650
3391;https://www.hribi.net/izlet/mladinski_dom_hodos_mejni_kamen_a_115/163/3391/9652
3392;https://www.hribi.net/izlet/sedlo_nad_lohaco_spilnik_zgornja_pot_-_cez_lipovec/26/3392/8146
3392;https://www.hribi.net/izlet/sedlo_nad_lohaco_spilnik_spodnja_pot/26/3392/8147
3393;https://www.hribi.net/izlet/nuskova_slatinski_vrelec_nuskova/163/3393/8151
3393;https://www.hribi.net/izlet/slatinski_vrelec_nuskova_slatinski_vrelec_nuskova_pot_cuka_in_puscavnika/163/3393/8670
3393;https://www.hribi.net/izlet/sveti_jurij_slatinski_vrelec_nuskova/163/3393/9305
3394;https://www.hribi.net/izlet/nuskova_beli_breg/163/3394/8154
3394;https://www.hribi.net/izlet/nuskova_beli_breg_cez_rozicev_breg/163/3394/8155
3394;https://www.hribi.net/izlet/serdica_beli_breg_cez_rozicev_breg/163/3394/8321
3394;https://www.hribi.net/izlet/omp_kramarovci_beli_breg/163/3394/8980
3395;https://www.hribi.net/izlet/jagnjedovac_stankov_vrh_bilogora/61/3395/8160
3395;https://www.hribi.net/izlet/glogovac_stankov_vrh_bilogora/61/3395/8166
3396;https://www.hribi.net/izlet/sveti_jurij_kacova_mlaka/163/3396/8163
3396;https://www.hribi.net/izlet/grad_kacova_mlaka/163/3396/8164
3397;https://www.hribi.net/izlet/podgrad_kamnolom_mlinskih_kamnov/25/3397/8167
3398;https://www.hribi.net/izlet/ocinje_apneni_breg/163/3398/8171
3398;https://www.hribi.net/izlet/ocinje_apneni_breg_mimo_slatinskega_vrelca_ocinje/163/3398/10766
3399;https://www.hribi.net/izlet/podgrad_murjevka/25/3399/8173
3400;https://www.hribi.net/izlet/podgrad_grmadnik/25/3400/8174
3401;https://www.hribi.net/izlet/gornja_radgona_mejni_prehod_radgonski_grad/162/3401/8177
3401;https://www.hribi.net/izlet/gornja_radgona_zupnijska_cerkev_sv_petra_radgonski_grad_po_cesti/162/3401/8175
3401;https://www.hribi.net/izlet/gornja_radgona_maistrov_trg_radgonski_grad/162/3401/9552
3402;https://www.hribi.net/izlet/jezero_mikleuska_humka_moslavacka_gora/167/3402/8176
3402;https://www.hribi.net/izlet/kutinica_humka_moslavacka_gora/167/3402/8688
3402;https://www.hribi.net/izlet/krajiska_kutinica_humka_moslavacka_gora/167/3402/8687
3403;https://www.hribi.net/izlet/cepinci_pokopalisce_cepinci_goricki_breg/163/3403/8179
3404;https://www.hribi.net/izlet/grad_pepelscek/163/3404/8181
3404;https://www.hribi.net/izlet/grad_pokopalisce_pepelscek/163/3404/8180
3405;https://www.hribi.net/izlet/zenavlje_spominsko_obelezje_sveta_trojica_gornji_petrovci/163/3405/8184
3405;https://www.hribi.net/izlet/gornji_petrovci_dol_sveta_trojica_gornji_petrovci/163/3405/8186
3405;https://www.hribi.net/izlet/peskovci_sveta_trojica_gornji_petrovci/163/3405/8914
3406;https://www.hribi.net/izlet/dragomer_liparjev_gric_direktna_pot/5/3406/8185
3406;https://www.hribi.net/izlet/dragomer_liparjev_gric_mimo_lukovice/5/3406/8786
3406;https://www.hribi.net/izlet/dragomer_liparjev_gric_po_kolovozu/5/3406/8819
3407;https://www.hribi.net/izlet/gornji_petrovci_pokopalisce_kapela_v_stanjevcih/163/3407/8189
3408;https://www.hribi.net/izlet/sportni_center_-_sd_nk_krizevci_jezero_krizevci/163/3408/8190
3409;https://www.hribi.net/izlet/kostel__kostelgrad/61/3409/8199
3409;https://www.hribi.net/izlet/pregrada_kostelgrad/61/3409/8201
3410;https://www.hribi.net/izlet/gornja_radgona_os_gornja_radgona_piramida_nad_gornjo_radgono/162/3410/8200
3410;https://www.hribi.net/izlet/lomanose_krizisce_za_plitvico_in_lesane_piramida_nad_gornjo_radgono/162/3410/8217
3411;https://www.hribi.net/izlet/gozd_martuljek_jerman_ferata_jermn/11/3411/8202
3413;https://www.hribi.net/izlet/brezje_pri_dobrovi_vrhovcev_gric_cez_strmco/5/3413/8213
3413;https://www.hribi.net/izlet/dragomer_os_log-dragomer_vrhovcev_gric_cez_strmec_in_strmco/5/3413/8350
3413;https://www.hribi.net/izlet/sveti_lovrenc_nad_dragomerom_vrhovcev_gric/5/3413/8205
3413;https://www.hribi.net/izlet/dragomer_bajer_vrhovcev_gric_mimo_ferjanke_in_cez_strmco/5/3413/8822
3413;https://www.hribi.net/izlet/brezje_pri_dobrovi_vrhovcev_gric_mimo_strmce/5/3413/8249
3414;https://www.hribi.net/izlet/krasci_brezje_ledavsko_jezero_pot_okrog_jezera/163/3414/8214
3414;https://www.hribi.net/izlet/krasci_brezje_ledavsko_jezero_bernardina_pot/163/3414/8572
3415;https://www.hribi.net/izlet/domanjsevci_evangelicanska_cerkev_sveti_martin_stari_breg/163/3415/8216
3416;https://www.hribi.net/izlet/zgornja_scavnica_mlin_rozman_sveta_ana_v_slovenskih_goricah/162/3416/8218
3416;https://www.hribi.net/izlet/lenart_v_slovenskih_goricah_sveta_ana_v_slovenskih_goricah/162/3416/8358
3417;https://www.hribi.net/izlet/vent_similaun_obicajni_pristop_iz_venta/42/3417/8219
3418;https://www.hribi.net/izlet/vent_fineilspitze_obicajna_smer_preko_sv_grebena/42/3418/8221
3419;https://www.hribi.net/izlet/vent_obelezje_v_blizini_najdisca_otzija_mimo_koce_similaunhutte/42/3419/8222
3420;https://www.hribi.net/izlet/parkirisce_stupfer_v_dolini_gaistal_hohe_munde_-_zahodni_vrh_po_plezalni_poti_preko_zahodnega_grebena/59/3420/8226
3421;https://www.hribi.net/izlet/lovski_dom_ld_krizevci_v_prekmurju_kamenek/163/3421/8225
3421;https://www.hribi.net/izlet/gornji_petrovci_dol_kamenek/163/3421/8433
3422;https://www.hribi.net/izlet/bokraci_zvonik_trestenjak/163/3422/8230
3422;https://www.hribi.net/izlet/krnci_vasko_gasilski_dom_trestenjak_po_cesti/163/3422/8231
3423;https://www.hribi.net/izlet/bokraci_zvonik_ograd/163/3423/8232
3424;https://www.hribi.net/izlet/expano_sobosko_jezero_krozna_pot_okrog_jezera/163/3424/8233
3425;https://www.hribi.net/izlet/savica_kamin_siroka_polica_ferata_kamin_siroka_polica/1/3425/8234
3426;https://www.hribi.net/izlet/cesta_chortata_-_egklouvi__stavrota_lefkada/150/3426/8241
3427;https://www.hribi.net/izlet/lipovci_gramoznica_vucja_jama_krozna_pot_okoli_jezera/163/3427/8238
3427;https://www.hribi.net/izlet/dvorec_rakican_gramoznica_vucja_jama_po_poljski_poti/163/3427/8235
3427;https://www.hribi.net/izlet/dvorec_rakican_gramoznica_vucja_jama_mimo_kapelice/163/3427/8237
3428;https://www.hribi.net/izlet/store_gradise_nad_storami_cez_kompole_in_sentjanz/25/3428/8236
3429;https://www.hribi.net/izlet/nidri_slap_nidri_lefkada/150/3429/8243
3430;https://www.hribi.net/izlet/podgrad_lazarjev_vrh/25/3430/8244
3431;https://www.hribi.net/izlet/lisjakova_struga_lisjakova_struga_sprehajalna_pot_lisjakova_struga/162/3431/8246
3432;https://www.hribi.net/izlet/ljubelj_celovska_spica_zgornja_pot/11/3432/8324
3432;https://www.hribi.net/izlet/ljubelj_celovska_spica_mimo_vatelce_oz_sklede/11/3432/8252
3434;https://www.hribi.net/izlet/beltinci_ribnik_taskal/163/3434/8257
3435;https://www.hribi.net/izlet/beltinci_gramoznica_doklezovje/163/3435/8262
3436;https://www.hribi.net/izlet/negovsko_jezero_lovska_koca_ld_negova_zeleni_gaj/162/3436/8267
3437;https://www.hribi.net/izlet/radvenci_ketiseva_kapelica_ribnik_gosijak/162/3437/8269
3438;https://www.hribi.net/izlet/omp_matjasevci_wegkapelle_kolbereck/138/3438/8272
3439;https://www.hribi.net/izlet/sveta_trojica_v_slovenskih_goricah_sveti_trije_kralji_v_slovenskih_goricah/162/3439/8282
3439;https://www.hribi.net/izlet/benedikt_sveti_trije_kralji_v_slovenskih_goricah/162/3439/10795
3440;https://www.hribi.net/izlet/blagusko_jezero_cerkvenjak/162/3440/8320
3440;https://www.hribi.net/izlet/negovsko_jezero_cerkvenjak/162/3440/8283
3441;https://www.hribi.net/izlet/vitlenica_veliki_vilinac_vitlenica_-_vilinac/65/3441/8285
3441;https://www.hribi.net/izlet/masna_luka_veliki_vilinac_mimo_plocnega_in_koce_vilinac/65/3441/10630
3443;https://www.hribi.net/izlet/zgornji_tuhinj_sveti_vid_nad_zgornjim_tuhinjem_ob_postajah_krizevega_pota/3/3443/8287
3443;https://www.hribi.net/izlet/zgornji_tuhinj_sveti_vid_nad_zgornjim_tuhinjem_po_kolovozu/3/3443/8289
3444;https://www.hribi.net/izlet/mariborski_otok_kalvarija_cerkev_svete_barbare/162/3444/8302
3445;https://www.hribi.net/izlet/martinje_sportni_center_martinje_evharisticni_kriz_v_trdkovi/163/3445/8290
3446;https://www.hribi.net/izlet/zadnja_trenta_flori_planina_zapotok/1/3446/8307
3447;https://www.hribi.net/izlet/dom_v_kamniski_bistrici_spominski_park_v_kamniski_bistrici/3/3447/8291
3448;https://www.hribi.net/izlet/negovsko_jezero_rimsko_gomilno_grobisce_v_anzelovem_gozdu/162/3448/8293
3449;https://www.hribi.net/izlet/stahovica_cerkev_sv_petra_nad_crno_pri_kamniku/3/3449/8295
3450;https://www.hribi.net/izlet/otok_ljubezni_otok_ljubezni_krozna_pot_po_in_ob_otoku/163/3450/8301
3450;https://www.hribi.net/izlet/beltinci_otok_ljubezni/163/3450/8296
3450;https://www.hribi.net/izlet/verzej_otok_ljubezni_ob_desnem_bregu_mure/163/3450/10676
3450;https://www.hribi.net/izlet/zgornje_krapje_otok_ljubezni/163/3450/10678
3451;https://www.hribi.net/izlet/dragomer_bajer_strmec_nad_dragomerom_mimo_ferjanke/5/3451/8298
3451;https://www.hribi.net/izlet/dragomer_os_log-dragomer_strmec_nad_dragomerom/5/3451/8811
3452;https://www.hribi.net/izlet/trdkova_zalka/163/3452/8300
3452;https://www.hribi.net/izlet/kuzma_zalka/163/3452/8306
3453;https://www.hribi.net/izlet/kuzma_bogin_breg/163/3453/8304
3453;https://www.hribi.net/izlet/trdkova_bogin_breg/163/3453/8303
3454;https://www.hribi.net/izlet/blagusko_jezero_koca_v_nasi_grabi/162/3454/8316
3455;https://www.hribi.net/izlet/sober_spodnji_rusnik_mozicev_vrh_cez_zavcarjev_vrh/162/3455/8330
3455;https://www.hribi.net/izlet/sober_dobajev_mlin_mozicev_vrh_zaprta_pot!/162/3455/8344
3455;https://www.hribi.net/izlet/veliki_boc_zgornji_kovac_mozicev_vrh_cez_zavcarjev_vrh/162/3455/8328
3455;https://www.hribi.net/izlet/jelovec_mozicev_vrh/162/3455/8340
3455;https://www.hribi.net/izlet/spodnji_slemen_mozicev_vrh/162/3455/10996
3455;https://www.hribi.net/izlet/zgornji_slemen_siker_mozicev_vrh/162/3455/10999
3456;https://www.hribi.net/izlet/korovci_fuks_graba/163/3456/8331
3457;https://www.hribi.net/izlet/losenheim_parkplatz_am_schneeberg_klosterwappen_schneeberg_cez_schauerstein/59/3457/9335
3457;https://www.hribi.net/izlet/losenheim_parkplatz_am_schneeberg_klosterwappen_schneeberg_mimo_kriza_witzanikreuz/59/3457/9336
3458;https://www.hribi.net/izlet/podsreda_grad_podsreda_grajska_pot/25/3458/8337
3458;https://www.hribi.net/izlet/gorjane_zelezno_grad_podsreda/25/3458/10810
3458;https://www.hribi.net/izlet/pisece_pri_mlinu_grad_podsreda/25/3458/10849
3458;https://www.hribi.net/izlet/podsreda_grad_podsreda_mimo_kapele_sv_florijana/25/3458/10818
3458;https://www.hribi.net/izlet/grad_pisece_grad_podsreda_mimo_velike_bukve/25/3458/10861
3458;https://www.hribi.net/izlet/marof_pri_pisecah_grad_podsreda_mimo_velike_bukve/25/3458/10855
3459;https://www.hribi.net/izlet/podsreda_stara_sveta_gora_krizev_pot/25/3459/8339
3459;https://www.hribi.net/izlet/podsreda_stara_sveta_gora_po_cesti/25/3459/8565
3459;https://www.hribi.net/izlet/podsreda_stara_sveta_gora_ob_postajah_krizevega_pota/25/3459/8564
3460;https://www.hribi.net/izlet/gruska_jama_gruska_jama_krozna_pot_nasprotna_smer_urinega_kazalca/25/3460/8341
3461;https://www.hribi.net/izlet/kozje_grad_kozje_drachenburg_najkrajsa_pot_od_ribnika/25/3461/8343
3461;https://www.hribi.net/izlet/kozje_grad_kozje_drachenburg_strma_pot/25/3461/10917
3462;https://www.hribi.net/izlet/cinzat_sveti_kriz_kumen/4/3462/8336
3463;https://www.hribi.net/izlet/wiesser_alm_mirnock_pot_184/29/3463/8346
3464;https://www.hribi.net/izlet/cinzat_lamprehtov_vrh/4/3464/8349
3464;https://www.hribi.net/izlet/ruse_lamprehtov_vrh/4/3464/9163
3465;https://www.hribi.net/izlet/zadnja_trenta_flori_zagorelec/1/3465/8352
3465;https://www.hribi.net/izlet/zadnja_trenta_flori_zagorelec_cez_prehodec/1/3465/9022
3466;https://www.hribi.net/izlet/lovska_koca_muljava_mali_petrovac_petrova_gora_cez_mali_velebit/61/3466/8370
3466;https://www.hribi.net/izlet/lovska_koca_muljava_mali_petrovac_petrova_gora_rimska_pot/61/3466/8364
3467;https://www.hribi.net/izlet/koca_na_pesku_lasina/4/3467/8388
3467;https://www.hribi.net/izlet/koca_na_klopnem_vrhu_lasina/4/3467/8385
3467;https://www.hribi.net/izlet/lovrenc_na_pohorju_lasina/4/3467/8365
3468;https://www.hribi.net/izlet/koca_na_klopnem_vrhu_pesek/4/3468/8387
3468;https://www.hribi.net/izlet/koca_na_pesku_pesek/4/3468/8368
3468;https://www.hribi.net/izlet/lovrenc_na_pohorju_pesek/4/3468/8367
3469;https://www.hribi.net/izlet/lovska_koca_muljava_veliki_petrovac_petrova_gora_rimska_pot/61/3469/8369
3471;https://www.hribi.net/izlet/lovska_koca_muljava_mali_velebit_petrova_gora/61/3471/8373
3473;https://www.hribi.net/izlet/parkirisce_muritzen_schmalzscharte_muritzen_-_izvir_mure_-_schmalzscharte/57/3473/8378
3474;https://www.hribi.net/izlet/zipline_kanin_pred_planino_krnica_plesivec/1/3474/8394
3476;https://www.hribi.net/izlet/log_v_trenti_velika_glava_pot_cez_trebiski_dol/1/3476/8391
3476;https://www.hribi.net/izlet/log_v_trenti_velika_glava_stara_vojaska_mulatjera_na_veliko_glavo/1/3476/8395
3478;https://www.hribi.net/izlet/zipline_kanin_pred_planino_krnica_vratni_vrh_vojaska_mulatjera_na_vratni_vrh/1/3478/8399
3480;https://www.hribi.net/izlet/lovrenc_na_pohorju_turn_pri_klopnem_vrhu_cez_spodnji_trg/4/3480/8400
3480;https://www.hribi.net/izlet/lovrenc_na_pohorju_turn_pri_klopnem_vrhu_cez_zgornji_trg/4/3480/8404
3481;https://www.hribi.net/izlet/lovrenc_na_pohorju_jezerce_drticnikovo_cez_zgornji_trg/4/3481/8409
3481;https://www.hribi.net/izlet/lovrenc_na_pohorju_jezerce_drticnikovo_cez_spodnji_trg/4/3481/8408
3482;https://www.hribi.net/izlet/bukovnisko_jezero_sveti_vid_pri_bukovniskem_jezeru/163/3482/8413
3482;https://www.hribi.net/izlet/bogojina_sveti_vid_pri_bukovniskem_jezeru/163/3482/8418
3483;https://www.hribi.net/izlet/bukovnisko_jezero_plecnikova_cerkev_bogojina/163/3483/8414
3483;https://www.hribi.net/izlet/moravske_toplice_plecnikova_cerkev_bogojina/163/3483/8886
3485;https://www.hribi.net/izlet/galerija_berebica_v_trenti_trentski_pelc_stara_vojaska_cesta_-_trentski_pelc/1/3485/8423
3486;https://www.hribi.net/izlet/brezovica_markova_glava_razgledna_stena/25/3486/8428
3487;https://www.hribi.net/izlet/dolenjske_toplice_vzletisce_peter_straska_gora/25/3487/8431
3489;https://www.hribi.net/izlet/lovrenc_na_dravskem_polju_ptujska_gora/4/3489/8457
3489;https://www.hribi.net/izlet/doklece_ptujska_gora/4/3489/8430
3489;https://www.hribi.net/izlet/ptujska_gora_krozisce_ptujska_gora/4/3489/8427
3489;https://www.hribi.net/izlet/stogovci_ptujska_gora/4/3489/8432
3490;https://www.hribi.net/izlet/zenavlje_spominsko_obelezje_kapela_presvetega_srca_jezusovega_in_brezmadeznega_srca_marijinega_v_martinju/163/3490/8436
3491;https://www.hribi.net/izlet/loncarovci_mocvara_loncarovci_pot_po_mocvari/163/3491/8440
3491;https://www.hribi.net/izlet/sportni_center_-_sd_nk_krizevci_mocvara_loncarovci/163/3491/8445
3493;https://www.hribi.net/izlet/zadnja_trenta_flori_smihelovec/1/3493/8442
3493;https://www.hribi.net/izlet/zadnja_trenta_flori_smihelovec_cez_prehodec/1/3493/9023
3494;https://www.hribi.net/izlet/lovrenc_na_pohorju_sveti_ignacij_rdeci_breg/4/3494/8444
3494;https://www.hribi.net/izlet/lovrenc_na_pohorju_sveti_ignacij_rdeci_breg_mimo_povha_in_brabarja/4/3494/8441
3494;https://www.hribi.net/izlet/podvelka_sveti_ignacij_rdeci_breg/4/3494/9006
3494;https://www.hribi.net/izlet/janzevski_vrh_uran_sveti_ignacij_rdeci_breg/4/3494/8448
3494;https://www.hribi.net/izlet/he_ozbalt_sveti_ignacij_rdeci_breg/4/3494/8532
3494;https://www.hribi.net/izlet/janzevski_vrh_uran_sveti_ignacij_rdeci_breg_mimo_brabarja/4/3494/8450
3494;https://www.hribi.net/izlet/puscava_sveti_ignacij_rdeci_breg/4/3494/8507
3494;https://www.hribi.net/izlet/lovrenc_na_pohorju_sveti_ignacij_rdeci_breg_mimo_kapusa/4/3494/8511
3495;https://www.hribi.net/izlet/sportni_center_-_sd_nk_krizevci_vidrin_center_aqualutra/163/3495/8446
3496;https://www.hribi.net/izlet/smartno_na_pohorju_setorov_mlin/4/3496/8447
3496;https://www.hribi.net/izlet/zgornja_bistrica_center_vintgar_setorov_mlin_skozi_bistriski_vintgar/4/3496/9127
3497;https://www.hribi.net/izlet/ruska_koca_na_arehu_izvir_polskave_zgornja_pot/4/3497/8738
3497;https://www.hribi.net/izlet/smartno_na_pohorju_izvir_polskave_cez_bojtino/4/3497/8454
3497;https://www.hribi.net/izlet/koca_na_sumiku_izvir_polskave/4/3497/8774
3497;https://www.hribi.net/izlet/sveti_trije_kralji_izvir_polskave/4/3497/8760
3498;https://www.hribi.net/izlet/smartno_na_pohorju_sveta_ursula_bojtina_cez_bojtino/4/3498/8455
3498;https://www.hribi.net/izlet/zgornja_bistrica_center_vintgar_sveta_ursula_bojtina_skozi_bistriski_vintgar/4/3498/9129
3499;https://www.hribi.net/izlet/smartno_na_pohorju_majalova_kapelica/4/3499/8456
3499;https://www.hribi.net/izlet/zgornja_bistrica_center_vintgar_majalova_kapelica_skozi_bistriski_vintgar/4/3499/9128
3500;https://www.hribi.net/izlet/sveta_katarina_zgornja_kapla_srsenov_vrh/162/3500/8459
3500;https://www.hribi.net/izlet/ozbalt_srsenov_vrh/162/3500/8458
3500;https://www.hribi.net/izlet/sveti_jurij_remsnik_srsenov_vrh/162/3500/9065
3500;https://www.hribi.net/izlet/brezno_srsenov_vrh_ob_brezniskem_potoku/162/3500/9063
3501;https://www.hribi.net/izlet/odomovo_jezero_sveta_katarina_zgornja_kapla/162/3501/9059
3501;https://www.hribi.net/izlet/sveti_jurij_remsnik_sveta_katarina_zgornja_kapla/162/3501/9064
3501;https://www.hribi.net/izlet/brezno_sveta_katarina_zgornja_kapla_ob_brezniskem_potoku/162/3501/9061
3502;https://www.hribi.net/izlet/zamarkova_jezero_komarnik_pot_okoli_jezera/162/3502/8460
3502;https://www.hribi.net/izlet/hrastovec_v_slovenskih_goricah_jezero_komarnik_agatina_pot/162/3502/10657
3502;https://www.hribi.net/izlet/hrastovec_v_slovenskih_goricah_jezero_komarnik/162/3502/10659
3502;https://www.hribi.net/izlet/crni_kriz_pri_hrastovcu_jezero_komarnik/162/3502/10021
3504;https://www.hribi.net/izlet/slovenska_bistrica_cerkev_sv_jerneja_sv_marjeta_ritoznoj_po_cesti/4/3504/8462
3505;https://www.hribi.net/izlet/sveti_trije_kralji_veliki_vrh_na_pohorju/4/3505/8469
3505;https://www.hribi.net/izlet/veliko_tinje_veliki_vrh_na_pohorju/4/3505/8468
3505;https://www.hribi.net/izlet/oplotnica_veliki_vrh_na_pohorju/4/3505/8638
3505;https://www.hribi.net/izlet/dom_na_osankarici_veliki_vrh_na_pohorju/4/3505/8644
3505;https://www.hribi.net/izlet/koca_na_sumiku_veliki_vrh_na_pohorju/4/3505/8740
3505;https://www.hribi.net/izlet/kebelj_veliki_vrh_na_pohorju/4/3505/8647
3505;https://www.hribi.net/izlet/zgornja_bistrica_center_vintgar_veliki_vrh_na_pohorju_cez_veliko_tinje/4/3505/8791
3505;https://www.hribi.net/izlet/veliko_tinje_veliki_vrh_na_pohorju_mimo_sv_urha/4/3505/8481
3505;https://www.hribi.net/izlet/zgornja_bistrica_center_vintgar_veliki_vrh_na_pohorju_skozi_bistriski_vintgar/4/3505/9123
3505;https://www.hribi.net/izlet/smartno_na_pohorju_veliki_vrh_na_pohorju/4/3505/9121
3506;https://www.hribi.net/izlet/veliko_tinje_sveti_urh_urh/4/3506/8472
3506;https://www.hribi.net/izlet/zgornja_bistrica_center_vintgar_sveti_urh_urh_skozi_bistriski_vintgar/4/3506/8796
3506;https://www.hribi.net/izlet/smartno_na_pohorju_sveti_urh_urh/4/3506/9119
3506;https://www.hribi.net/izlet/zgornja_bistrica_center_vintgar_sveti_urh_urh_cez_veliko_tinje/4/3506/8788
3507;https://www.hribi.net/izlet/veliko_tinje_repnikov_vrh/4/3507/8473
3507;https://www.hribi.net/izlet/zgornja_bistrica_center_vintgar_repnikov_vrh_skozi_bistriski_vintgar/4/3507/8797
3507;https://www.hribi.net/izlet/zgornja_bistrica_center_vintgar_repnikov_vrh_cez_veliko_tinje/4/3507/8789
3508;https://www.hribi.net/izlet/moravske_toplice_kapela_v_zgornjih_moravcih/163/3508/8484
3508;https://www.hribi.net/izlet/moravske_toplice_kapela_v_zgornjih_moravcih_po_cesti/163/3508/8494
3508;https://www.hribi.net/izlet/selo_brunarica_tic_selo_kapela_v_zgornjih_moravcih/163/3508/8495
3509;https://www.hribi.net/izlet/selo_brunarica_tic_selo_makotrov_breg/163/3509/8488
3509;https://www.hribi.net/izlet/sveti_benedikt_kancevci_makotrov_breg/163/3509/8496
3510;https://www.hribi.net/izlet/velenje_stari_trg_sveti_jakob_jakec_po_planinski_poti/3/3510/8491
3511;https://www.hribi.net/izlet/velenje_stari_trg_malo_gradisce_po_planinski_poti/3/3511/8492
3512;https://www.hribi.net/izlet/velenje_stari_trg_veliko_gradisce/3/3512/8493
3513;https://www.hribi.net/izlet/ljubljana_rakovnik_luknje/25/3513/8497
3514;https://www.hribi.net/izlet/lovrenc_na_pohorju_pokopalisce_koglerjev_vrh/4/3514/8501
3514;https://www.hribi.net/izlet/lovrenc_na_pohorju_pokopalisce_koglerjev_vrh_cez_hozicev_vrh/4/3514/8503
3515;https://www.hribi.net/izlet/lovrenc_na_pohorju_pokopalisce_hozicev_vrh/4/3515/8502
3516;https://www.hribi.net/izlet/puscava_klancnik_glancnik/4/3516/8505
3516;https://www.hribi.net/izlet/lovrenc_na_pohorju_klancnik_glancnik_mimo_kapusa/4/3516/8509
3516;https://www.hribi.net/izlet/he_ozbalt_klancnik_glancnik/4/3516/8529
3516;https://www.hribi.net/izlet/podvelka_klancnik_glancnik_mimo_sv_ignacija/4/3516/9008
3516;https://www.hribi.net/izlet/janzevski_vrh_uran_klancnik_glancnik_mimo_sv_ignacija/4/3516/8518
3516;https://www.hribi.net/izlet/janzevski_vrh_uran_klancnik_glancnik_mimo_brabarja_in_hudeja/4/3516/8516
3516;https://www.hribi.net/izlet/lovrenc_na_pohorju_klancnik_glancnik_mimo_povha_brabarja_in_hudeja/4/3516/8514
3517;https://www.hribi.net/izlet/lovrenc_na_pohorju_lovska_koca_klancnik_mimo_kapusa/4/3517/8510
3517;https://www.hribi.net/izlet/puscava_lovska_koca_klancnik/4/3517/8506
3517;https://www.hribi.net/izlet/lovrenc_na_pohorju_lovska_koca_klancnik_mimo_povha_brabarja_in_hudeja/4/3517/8513
3517;https://www.hribi.net/izlet/podvelka_lovska_koca_klancnik_mimo_sv_ignacija/4/3517/9007
3517;https://www.hribi.net/izlet/he_ozbalt_lovska_koca_klancnik/4/3517/8531
3517;https://www.hribi.net/izlet/janzevski_vrh_uran_lovska_koca_klancnik_mimo_brabarja_in_hudeja/4/3517/8515
3517;https://www.hribi.net/izlet/janzevski_vrh_uran_lovska_koca_klancnik_mimo_sv_ignacija/4/3517/8519
3518;https://www.hribi.net/izlet/lovrenski_most_kapela_sv_ane_v_puscavi/4/3518/8547
3518;https://www.hribi.net/izlet/puscava_kapela_sv_ane_v_puscavi/4/3518/8504
3520;https://www.hribi.net/izlet/ravne_lisc_lisec/1/3520/8520
3521;https://www.hribi.net/izlet/razkrizje_razkriski_kot_sotocje_mure_in_scavnice_pot_kulturne_in_naravne_dediscine/162/3521/8521
3521;https://www.hribi.net/izlet/gibina_razkriski_kot_sotocje_mure_in_scavnice/162/3521/8522
3522;https://www.hribi.net/izlet/planina_pri_sevnici_lovski_dom_bohor/25/3522/8523
3523;https://www.hribi.net/izlet/jablance_plesivec_bohor/25/3523/8573
3523;https://www.hribi.net/izlet/planina_pri_sevnici_plesivec_bohor/25/3523/8543
3523;https://www.hribi.net/izlet/planina_pri_sevnici_plesivec_bohor_mimo_lovskega_doma_bohor_in_cez_veliki_javornik/25/3523/8535
3523;https://www.hribi.net/izlet/sentvid_pri_planini_plesivec_bohor/25/3523/10206
3523;https://www.hribi.net/izlet/podgorje_ob_sevnicni_kurja_vas_plesivec_bohor/25/3523/10214
3524;https://www.hribi.net/izlet/jablance_petrova_skala_na_bohorju_mimo_koce_na_bohorju/25/3524/8580
3524;https://www.hribi.net/izlet/planina_pri_sevnici_petrova_skala_na_bohorju_mimo_lovskega_doma_bohor_in_cez_veliki_javornik/25/3524/8536
3524;https://www.hribi.net/izlet/planina_pri_sevnici_petrova_skala_na_bohorju/25/3524/8545
3524;https://www.hribi.net/izlet/podgorje_ob_sevnicni_kurja_vas_petrova_skala_na_bohorju/25/3524/10212
3524;https://www.hribi.net/izlet/sentvid_pri_planini_petrova_skala_na_bohorju/25/3524/10198
3525;https://www.hribi.net/izlet/jablance_naravno_bohorsko_okno_mimo_koce_na_bohorju/25/3525/8579
3525;https://www.hribi.net/izlet/planina_pri_sevnici_naravno_bohorsko_okno_mimo_lovskega_doma_bohor_in_cez_veliki_javornik/25/3525/8537
3525;https://www.hribi.net/izlet/planina_pri_sevnici_naravno_bohorsko_okno/25/3525/8544
3525;https://www.hribi.net/izlet/sentvid_pri_planini_naravno_bohorsko_okno/25/3525/10199
3525;https://www.hribi.net/izlet/podgorje_ob_sevnicni_kurja_vas_naravno_bohorsko_okno/25/3525/10213
3526;https://www.hribi.net/izlet/morava_mali_mosenik/26/3526/8539
3527;https://www.hribi.net/izlet/trzin_grad_jablje_po_gozdni_ucni_poti_onger/5/3527/8546
3528;https://www.hribi.net/izlet/fram_vodni_izvir_zlati_studenec/4/3528/8551
3529;https://www.hribi.net/izlet/fram_lovski_dom_-_ld_fram/4/3529/8552
3530;https://www.hribi.net/izlet/fram_sveti_kriz_planica/4/3530/8553
3531;https://www.hribi.net/izlet/fram_potnikova_smreka/4/3531/8554
3531;https://www.hribi.net/izlet/sveti_kriz_planica_potnikova_smreka/4/3531/8586
3532;https://www.hribi.net/izlet/podgrad_spanov_vrh_besnica/25/3532/8555
3533;https://www.hribi.net/izlet/planina_pri_sevnici_sveti_kriz_nad_planino_pri_sevnici/25/3533/8559
3533;https://www.hribi.net/izlet/planina_pri_sevnici_sveti_kriz_nad_planino_pri_sevnici_skozi_pravljicni_gozd/25/3533/8558
3534;https://www.hribi.net/izlet/fram_planinski_dom_zarja_hotel_zarja/4/3534/8560
3534;https://www.hribi.net/izlet/sveti_kriz_planica_planinski_dom_zarja_hotel_zarja/4/3534/8587
3536;https://www.hribi.net/izlet/vurberk_grmada_pri_vurberku/162/3536/8582
3536;https://www.hribi.net/izlet/trnovska_vas_grmada_pri_vurberku/162/3536/8566
3537;https://www.hribi.net/izlet/vurberk_grmada_pri_vurberku_-_jugovzhodni_vrh/162/3537/8583
3537;https://www.hribi.net/izlet/trnovska_vas_grmada_pri_vurberku_-_jugovzhodni_vrh/162/3537/8567
3538;https://www.hribi.net/izlet/vurberk_grad_vurberk/162/3538/8581
3538;https://www.hribi.net/izlet/trnovska_vas_grad_vurberk/162/3538/8568
3538;https://www.hribi.net/izlet/ptuj_grad_vurberk/162/3538/10030
3539;https://www.hribi.net/izlet/nuskova_marija_snezna_fiksinci/163/3539/8569
3539;https://www.hribi.net/izlet/pertoca_marija_snezna_fiksinci/163/3539/8571
3540;https://www.hribi.net/izlet/pertoca_sveta_helena_pertoca/163/3540/8570
3541;https://www.hribi.net/izlet/trnovska_vas_ostragova/162/3541/8584
3542;https://www.hribi.net/izlet/trnovska_vas_sveti_andraz_vitomarci/162/3542/8585
3542;https://www.hribi.net/izlet/jursinci_sveti_andraz_vitomarci/162/3542/8928
3549;https://www.hribi.net/izlet/naraplje_sveti_bolfenk_jelovice/4/3549/8598
3549;https://www.hribi.net/izlet/stogovci_vabca_vas_sveti_bolfenk_jelovice/4/3549/8601
3550;https://www.hribi.net/izlet/naraplje_kerjesetov_vrh/4/3550/8599
3550;https://www.hribi.net/izlet/stogovci_vabca_vas_kerjesetov_vrh/4/3550/8603
3551;https://www.hribi.net/izlet/zetale_cerkev_marije_tolaznice_brezje_nad_zetalami/11/3551/8606
3552;https://www.hribi.net/izlet/rudijev_dom_na_donacki_gori_donacka_gora_vzhodni_vrh_po_grebenu/11/3552/8623
3552;https://www.hribi.net/izlet/sveti_jurij_donacka_gora_vzhodni_vrh_zahodna_pot/11/3552/8628
3552;https://www.hribi.net/izlet/zetale_donacka_gora_vzhodni_vrh/11/3552/8607
3552;https://www.hribi.net/izlet/stoperce_donacka_gora_vzhodni_vrh_tezja_pot/11/3552/8619
3552;https://www.hribi.net/izlet/brzika_donacka_gora_vzhodni_vrh_tezja_pot/11/3552/8614
3552;https://www.hribi.net/izlet/rudijev_dom_na_donacki_gori_donacka_gora_vzhodni_vrh_tezja_pot/11/3552/8624
3552;https://www.hribi.net/izlet/stoperce_donacka_gora_vzhodni_vrh_po_grebenu/11/3552/8622
3552;https://www.hribi.net/izlet/sveti_jurij_donacka_gora_vzhodni_vrh_vzhodna_pot/11/3552/8629
3552;https://www.hribi.net/izlet/prelaz_vrhe_donacka_gora_vzhodni_vrh/11/3552/8630
3552;https://www.hribi.net/izlet/brzika_donacka_gora_vzhodni_vrh_po_grebenu/11/3552/8613
3553;https://www.hribi.net/izlet/zetale_joski_vrh/11/3553/8609
3553;https://www.hribi.net/izlet/rudijev_dom_na_donacki_gori_joski_vrh/11/3553/8626
3553;https://www.hribi.net/izlet/sveti_jurij_joski_vrh/11/3553/8634
3553;https://www.hribi.net/izlet/prelaz_vrhe_joski_vrh/11/3553/8633
3553;https://www.hribi.net/izlet/stoperce_joski_vrh/11/3553/8618
3553;https://www.hribi.net/izlet/brzika_joski_vrh/11/3553/8615
3555;https://www.hribi.net/izlet/oplotnica_sveti_mohor_lacna_gora/4/3555/8635
3556;https://www.hribi.net/izlet/oplotnica_kebeljski_grad_zajcev_grad/4/3556/8636
3556;https://www.hribi.net/izlet/kebelj_kebeljski_grad_zajcev_grad/4/3556/8645
3556;https://www.hribi.net/izlet/kebelj_kebeljski_grad_zajcev_grad_vzhodna_pot/4/3556/8652
3557;https://www.hribi.net/izlet/brezno_sveti_jurij_remsnik_ob_remsniskem_potoku/162/3557/8655
3557;https://www.hribi.net/izlet/vas_sportno_igrisce_sveti_jurij_remsnik/162/3557/8653
3557;https://www.hribi.net/izlet/brezno_sveti_jurij_remsnik_ob_brezniskem_potoku/162/3557/8654
3557;https://www.hribi.net/izlet/sveta_katarina_zgornja_kapla_sveti_jurij_remsnik/162/3557/9055
3558;https://www.hribi.net/izlet/zadnja_trenta_flori_zapotoski_slapovi/1/3558/8669
3559;https://www.hribi.net/izlet/zenavlje_spominsko_obelezje_krizarka_kamlik/163/3559/8664
3559;https://www.hribi.net/izlet/gornji_petrovci_pokopalisce_krizarka_kamlik/163/3559/8666
3559;https://www.hribi.net/izlet/boreca_krizarka_kamlik_mimo_sv_ane/163/3559/8665
3559;https://www.hribi.net/izlet/otovci_nogometno_igrisce_krizarka_kamlik/163/3559/8667
3560;https://www.hribi.net/izlet/otovci_nogometno_igrisce_vukova_kapela_vidonci/163/3560/8668
3561;https://www.hribi.net/izlet/rimska_trdnjava_lanisce_grcarevec_mimo_razgledisca/26/3561/8671
3562;https://www.hribi.net/izlet/nagybakonak_hubertus_vadaszhaz_koszikla_szurdok_ut/132/3562/8678
3562;https://www.hribi.net/izlet/nagybakonak_hubertus_vadaszhaz_pot_ob_izvirih___forrasok_ut/132/3562/8679
3563;https://www.hribi.net/izlet/spodnja_trenta_planina_berebica/1/3563/8681
3564;https://www.hribi.net/izlet/spodnja_trenta_lovska_koca_berebica/1/3564/8682
3565;https://www.hribi.net/izlet/planina_zajzera_laghetto_di_somdogna/1/3565/8689
3566;https://www.hribi.net/izlet/planina_zajzera_krniska_glavica___jof_di_sompdogna/1/3566/8690
3566;https://www.hribi.net/izlet/planina_zajzera_krniska_glavica___jof_di_sompdogna_pot_639_in_652/1/3566/8705
3567;https://www.hribi.net/izlet/stari_grad_sega_dedni_vrh_sustarica/11/3567/8692
3568;https://www.hribi.net/izlet/poldov_rovt_vrata_brinova_glava/1/3568/8693
3569;https://www.hribi.net/izlet/turjak_zupanova_jama/25/3569/8695
3569;https://www.hribi.net/izlet/ponova_vas_zupanova_jama/25/3569/8697
3570;https://www.hribi.net/izlet/spodnja_trenta_na_glavi/1/3570/8702
3572;https://www.hribi.net/izlet/anina_koca_smrekov_vrh_na_smrekov_vrh/26/3572/8700
3574;https://www.hribi.net/izlet/grcarevec_laze_cez_vranjo_jamo/26/3574/8701
3575;https://www.hribi.net/izlet/luznice_malga_granuda/1/3575/8703
3575;https://www.hribi.net/izlet/ombrico_malga_granuda/1/3575/8704
3577;https://www.hribi.net/izlet/sella_di_razzo_chiansaveit_210/27/3577/8707
3578;https://www.hribi.net/izlet/zrece_terme_zrece_golek/4/3578/8709
3578;https://www.hribi.net/izlet/zrece_pokopalisce_golek/4/3578/8724
3578;https://www.hribi.net/izlet/zrece_terme_zrece_golek_cez_bork/4/3578/8711
3578;https://www.hribi.net/izlet/zrece_terme_zrece_golek_mimo_izletniske_kmetije_ancka/4/3578/8721
3578;https://www.hribi.net/izlet/zrece_terme_zrece_golek_strma_pot/4/3578/8720
3578;https://www.hribi.net/izlet/ljubnica_golek_spodnja_pot/4/3578/10956
3578;https://www.hribi.net/izlet/ljubnica_golek_zgornja_pot/4/3578/10955
3579;https://www.hribi.net/izlet/ruse_lorbekov_vrh/4/3579/8708
3580;https://www.hribi.net/izlet/luznice_monte_gosadon/1/3580/8710
3580;https://www.hribi.net/izlet/ombrico_monte_gosadon/1/3580/8719
3580;https://www.hribi.net/izlet/planina_zajzera_monte_gosadon/1/3580/9372
3580;https://www.hribi.net/izlet/luznice_monte_gosadon_cez_forcella_cuel_tarond/1/3580/8717
3581;https://www.hribi.net/izlet/sella_di_razzo_clapsavon_via_210/27/3581/8714
3581;https://www.hribi.net/izlet/sella_di_razzo_clapsavon_via_210__212/27/3581/8712
3582;https://www.hribi.net/izlet/sella_di_razzo_bivera_via_210__212/27/3582/8713
3582;https://www.hribi.net/izlet/sella_di_razzo_bivera_via_forcella_chiansaveit_monte_clapsavon_forcella_de_bivera/27/3582/8715
3584;https://www.hribi.net/izlet/zrece_terme_zrece_izletniska_kmetija_ancka/4/3584/8722
3584;https://www.hribi.net/izlet/zrece_pokopalisce_izletniska_kmetija_ancka/4/3584/8723
3585;https://www.hribi.net/izlet/planina_zajzera_cima_vildiver_dve_spici/1/3585/9352
3585;https://www.hribi.net/izlet/naborjet___malborghetto_cima_vildiver_dve_spici_pot_605/1/3585/9361
3586;https://www.hribi.net/izlet/parkirisce_rote_wand_tyrnau_rote_wand_planinska_pot_cez_sedlo_bucheben/138/3586/8726
3586;https://www.hribi.net/izlet/teichalm_teichalmsee_rote_wand_spodnja_pot/138/3586/9401
3586;https://www.hribi.net/izlet/teichalm_teichalmsee_rote_wand_zgornja_pot/138/3586/9405
3587;https://www.hribi.net/izlet/bijela_kanjon_mostarske_bijele/65/3587/8728
3588;https://www.hribi.net/izlet/veli_losinj_hotel_punta_veli_losinj_sveti_ivan_otok_losinj_planinska_pot/63/3588/8730
3589;https://www.hribi.net/izlet/zadnja_trenta_flori_vrsac_nad_zadnjo_trento/1/3589/8731
3589;https://www.hribi.net/izlet/zadnja_trenta_flori_vrsac_nad_zadnjo_trento_cez_srednjico/1/3589/8746
3590;https://www.hribi.net/izlet/rein_hochstein_lovska_pot___jagersteig/28/3590/8732
3591;https://www.hribi.net/izlet/wildon_buchkogel_wildoner_berg/28/3591/8735
3592;https://www.hribi.net/izlet/deutschfeistritz_gamskogel/28/3592/8736
3593;https://www.hribi.net/izlet/deutschfeistritz_schartnerkogel_pot_cez_gamskogel/28/3593/8737
3593;https://www.hribi.net/izlet/deutschfeistritz_schartnerkogel_po_cesti/28/3593/8745
3594;https://www.hribi.net/izlet/frohnleiten_gschwendt_gschwendtberg/138/3594/8741
3595;https://www.hribi.net/izlet/teichalm_parkirisce_heulantsch_heulantsch/138/3595/8747
3595;https://www.hribi.net/izlet/sommeralm_heulantsch/138/3595/9680
3595;https://www.hribi.net/izlet/stoakoglhutte_heulantsch/138/3595/9671
3595;https://www.hribi.net/izlet/pension_camping_holzmeister_heulantsch/138/3595/9682
3595;https://www.hribi.net/izlet/strassegg_heulantsch/138/3595/9697
3597;https://www.hribi.net/izlet/gozdec_vrh_laske_planje/1/3597/8752
3597;https://www.hribi.net/izlet/parkirisce_kot_vrh_laske_planje/1/3597/10552
3598;https://www.hribi.net/izlet/matala_obzidje_nad_matalo_kreta_red_beach_walk/150/3598/8757
3599;https://www.hribi.net/izlet/matala_kokkini_ammos___red_beach_crete___rdeca_plaza_kreta_red_beach_walk/150/3599/8761
3600;https://www.hribi.net/izlet/nida_idaion_andro_kreta/150/3600/8763
3601;https://www.hribi.net/izlet/nida_agathias_kreta/150/3601/8772
3601;https://www.hribi.net/izlet/lakkos_tou_mygerou_agathias_kreta/150/3601/9773
3602;https://www.hribi.net/izlet/ruski_kriz_bivak_v_veliki_dnini/1/3602/8766
3603;https://www.hribi.net/izlet/crno_polje_zelena_glava/65/3603/8767
3604;https://www.hribi.net/izlet/nida_timios_stavros___psiloritis_kreta/150/3604/8775
3604;https://www.hribi.net/izlet/lakkos_tou_mygerou_timios_stavros___psiloritis_kreta/150/3604/9769
3605;https://www.hribi.net/izlet/vitanje_kapelica_marijina_roka_stenica/11/3605/8778
3605;https://www.hribi.net/izlet/vitanje_kapelica_marijina_roka_stenica_po_dolini_potoka_jez/11/3605/8780
3606;https://www.hribi.net/izlet/vitanje_cerkev_marijinega_vnebovzetja_vitanje/11/3606/8776
3607;https://www.hribi.net/izlet/vitanje_razgledna_tocka_na_stenici/11/3607/8777
3608;https://www.hribi.net/izlet/xyloskalo_agia_roumeli_kreta_soteska_samaria/150/3608/8779
3609;https://www.hribi.net/izlet/mavros_charakas_pahnes_kreta/150/3609/8828
3610;https://www.hribi.net/izlet/vitanje_golezev_grad_zgornja_pot/11/3610/8782
3610;https://www.hribi.net/izlet/vitanje_golezev_grad_spodnja_pot/11/3610/8784
3611;https://www.hribi.net/izlet/zgornja_bistrica_center_vintgar_sv_peter_in_pavel_veliko_tinje/4/3611/8787
3612;https://www.hribi.net/izlet/zgornja_bistrica_center_vintgar_slap_sum_bistriski_vintgar/4/3612/8794
3613;https://www.hribi.net/izlet/zgornja_bistrica_center_vintgar_maroltova_jelka_bistriski_vintgar/4/3613/8795
3614;https://www.hribi.net/izlet/zgornja_kungota_cajzic/162/3614/8799
3614;https://www.hribi.net/izlet/svecina_cajzic/162/3614/8802
3615;https://www.hribi.net/izlet/zerjav_soteska_mucevo_ferata_mucevo_-_rdeca_pot/11/3615/8804
3615;https://www.hribi.net/izlet/zerjav_soteska_mucevo_ferata_mucevo_-_modra_pot/11/3615/8823
3616;https://www.hribi.net/izlet/center_vintgar_razgledna_ploscad_pri_ancnikovem_gradiscu_skozi_bistriski_vintgar/4/3616/8803
3617;https://www.hribi.net/izlet/zerovinci_dom_krajanov_in_gasilcev_zerovinci_rojstna_hisa_stanka_vraza/162/3617/8805
3617;https://www.hribi.net/izlet/radomerscak_rojstna_hisa_stanka_vraza/162/3617/8807
3618;https://www.hribi.net/izlet/zrece_terme_zrece_sveti_martin_zlakova_po_pp1/4/3618/8813
3618;https://www.hribi.net/izlet/zrece_cerkev_sv_egidija_sveti_martin_zlakova_po_pp4/4/3618/9917
3619;https://www.hribi.net/izlet/zrece_terme_zrece_golika/4/3619/8817
3620;https://www.hribi.net/izlet/teichalm_teichalmsee_zachenkreuz/138/3620/8820
3620;https://www.hribi.net/izlet/breitalm_zachenkreuz/138/3620/10322
3621;https://www.hribi.net/izlet/teichalm_teichalmsee_zum_guten_hirten/138/3621/8824
3622;https://www.hribi.net/izlet/preloze_pri_lokvi_obrovnik/26/3622/8825
3623;https://www.hribi.net/izlet/radoboj_sekolje_strahinjcica/61/3623/8826
3623;https://www.hribi.net/izlet/gornje_jesenje_sekolje_strahinjcica/61/3623/8827
3624;https://www.hribi.net/izlet/teichalm_teichalmsee_gasthaus_steirischer_jockl/138/3624/8829
3625;https://www.hribi.net/izlet/teichalm_teichalmsee_schusserlbrunn/138/3625/8830
3626;https://www.hribi.net/izlet/teichalm_teichalmsee_teichalmsee_pot_okoli_jezera/138/3626/8832
3627;https://www.hribi.net/izlet/prelaz_lius_nad_ligosullom_tersadia_iz_ligosulla/27/3627/8838
3628;https://www.hribi.net/izlet/ivanjkovci_svetinje/162/3628/8836
3629;https://www.hribi.net/izlet/sveti_tomaz_kostanj/162/3629/8839
3629;https://www.hribi.net/izlet/zerovinci_dom_krajanov_in_gasilcev_zerovinci_kostanj/162/3629/9027
3630;https://www.hribi.net/izlet/lovrenc_na_pohorju_pokopalisce_vrelenk/4/3630/8849
3631;https://www.hribi.net/izlet/dragomer_os_log-dragomer_ferjanka_cez_strmec/5/3631/8888
3631;https://www.hribi.net/izlet/dragomer_bajer_ferjanka/5/3631/9032
3632;https://www.hribi.net/izlet/weinebene_kleiner_speikkogel_golica___koralpe_razgledna_pot/28/3632/8855
3632;https://www.hribi.net/izlet/parkirisce_pod_prelazom_weinebene_kleiner_speikkogel_golica___koralpe_razgledna_pot/28/3632/8861
3632;https://www.hribi.net/izlet/soboski_prelaz___koglereck_kleiner_speikkogel_golica___koralpe/28/3632/9018
3632;https://www.hribi.net/izlet/parkirisce__pod_prelazom_weinebene_kleiner_speikkogel_golica___koralpe_mimo_koce_grunangerhutte/28/3632/8873
3632;https://www.hribi.net/izlet/smucisce_koralpe_koralpenparkplatz_kleiner_speikkogel_golica___koralpe_cez_grosser_speikkogel/28/3632/10959
3632;https://www.hribi.net/izlet/parkirisce_pod_prelazom_weinebene_kleiner_speikkogel_golica___koralpe_mimo_kriza_schaferkreuz/28/3632/8866
3632;https://www.hribi.net/izlet/oberfresen_brendlwald_kleiner_speikkogel_golica___koralpe_zgornja_pot/28/3632/9822
3632;https://www.hribi.net/izlet/oberfresen_brendlwald_kleiner_speikkogel_golica___koralpe_spodnja_pot/28/3632/9812
3632;https://www.hribi.net/izlet/glashutten_kleiner_speikkogel_golica___koralpe/28/3632/10306
3632;https://www.hribi.net/izlet/st_vinzenz_st_vinzenz_kleiner_speikkogel_golica___koralpe/28/3632/9190
3633;https://www.hribi.net/izlet/weinebene_krakaberg_golica___koralpe_razgledna_pot/28/3633/8856
3633;https://www.hribi.net/izlet/parkirisce_pod_prelazom_weinebene_krakaberg_golica___koralpe_razgledna_pot/28/3633/8862
3633;https://www.hribi.net/izlet/glashutten_krakaberg_golica___koralpe/28/3633/10307
3633;https://www.hribi.net/izlet/parkirisce__pod_prelazom_weinebene_krakaberg_golica___koralpe_mimo_koce_grunangerhutte/28/3633/8874
3633;https://www.hribi.net/izlet/st_vinzenz_st_vinzenz_krakaberg_golica___koralpe/28/3633/9191
3633;https://www.hribi.net/izlet/parkirisce_pod_prelazom_weinebene_krakaberg_golica___koralpe_mimo_kriza_schaferkreuz/28/3633/8867
3633;https://www.hribi.net/izlet/oberfresen_brendlwald_krakaberg_golica___koralpe_spodnja_pot/28/3633/9813
3633;https://www.hribi.net/izlet/oberfresen_brendlwald_krakaberg_golica___koralpe_zgornja_pot/28/3633/9821
3634;https://www.hribi.net/izlet/parkirisce_pod_prelazom_weinebene_barentalhutte_golica___koralpe/28/3634/8857
3635;https://www.hribi.net/izlet/parkirisce__pod_prelazom_weinebene_grunangerhutte_golica___koralpe/28/3635/8868
3635;https://www.hribi.net/izlet/glashutten_grunangerhutte_golica___koralpe/28/3635/10300
3636;https://www.hribi.net/izlet/parkirisce__pod_prelazom_weinebene_loskogel_golica___koralpe_mimo_koce_grunangerhutte/28/3636/8869
3636;https://www.hribi.net/izlet/glashutten_loskogel_golica___koralpe/28/3636/10302
3637;https://www.hribi.net/izlet/parkirisce__pod_prelazom_weinebene_steinmandl_golica___koralpe_mimo_koce_grunangerhutte/28/3637/8870
3637;https://www.hribi.net/izlet/glashutten_steinmandl_golica___koralpe/28/3637/10303
3638;https://www.hribi.net/izlet/monichkirchen_berggasthof_monichkirchner-schwaig/138/3638/8875
3638;https://www.hribi.net/izlet/mariensee_berggasthof_monichkirchner-schwaig_rdeca_pot/138/3638/10574
3639;https://www.hribi.net/izlet/sezana_veliki_medvejk___monte_orsario_cez_zivi_muzej_krasa_orlek_in_fernetice/26/3639/8876
3640;https://www.hribi.net/izlet/mariensee_hallerhaus_am_wechsel_rdeca_pot/138/3640/10579
3640;https://www.hribi.net/izlet/monichkirchen_hallerhaus_am_wechsel/138/3640/8877
3641;https://www.hribi.net/izlet/mariensee_kulinarik_zur_stoa_alm_rdeca_pot/138/3641/10580
3641;https://www.hribi.net/izlet/monichkirchen_kulinarik_zur_stoa_alm/138/3641/8879
3642;https://www.hribi.net/izlet/orlek_orleska_draga/26/3642/8878
3643;https://www.hribi.net/izlet/monichkirchen_steinerne_stiege/138/3643/8880
3643;https://www.hribi.net/izlet/mariensee_steinerne_stiege_rdeca_pot/138/3643/10581
3644;https://www.hribi.net/izlet/monichkirchen_niederwechsel_cez_steinerne_stiege/138/3644/8881
3644;https://www.hribi.net/izlet/mariensee_niederwechsel_rdeca_pot/138/3644/10582
3645;https://www.hribi.net/izlet/monichkirchen_hochwechsel_cez_steinerne_stiege/138/3645/8882
3645;https://www.hribi.net/izlet/feistritzsattel_hochwechsel/138/3645/9370
3645;https://www.hribi.net/izlet/mariensee_biotop_hochwechsel_schindlsteig/138/3645/10576
3645;https://www.hribi.net/izlet/monichkirchen_hochwechsel_mimo_studentenkreuz/138/3645/8884
3645;https://www.hribi.net/izlet/feistritzsattel_hochwechsel_cez_schoberlriegel_in_umschussriegel/138/3645/9374
3645;https://www.hribi.net/izlet/st_corona_am_wechsel_hochwechsel/138/3645/10645
3645;https://www.hribi.net/izlet/unternberg_hochwechsel_cez_kampstein/138/3645/10638
3645;https://www.hribi.net/izlet/mariensee_biotop_hochwechsel_leichterer_anstieg/138/3645/10983
3645;https://www.hribi.net/izlet/mariensee_hochwechsel_rdeca_pot/138/3645/10583
3645;https://www.hribi.net/izlet/mariensee_biotop_hochwechsel_mimo_slapu_marienseer_wasserfall/138/3645/10987
3646;https://www.hribi.net/izlet/monichkirchen_vorauer_schwaig_mimo_studentenkreuz/138/3646/8883
3647;https://www.hribi.net/izlet/moravske_toplice_gomba/163/3647/8885
3647;https://www.hribi.net/izlet/bogojina_gomba/163/3647/8887
3648;https://www.hribi.net/izlet/bogojina_gramoznica_ivanci/163/3648/8890
3648;https://www.hribi.net/izlet/moravske_toplice_gramoznica_ivanci/163/3648/8891
3648;https://www.hribi.net/izlet/moravske_toplice_gramoznica_ivanci_po_evropski_pespoti_e7/163/3648/9273
3648;https://www.hribi.net/izlet/hrascica_gramoznica_ivanci_po_evropski_pespoti_e7/163/3648/9284
3649;https://www.hribi.net/izlet/zgornja_postaja_vzpenjace_ledinekov_kogel/4/3649/8898
3649;https://www.hribi.net/izlet/log_ledinekov_kogel/4/3649/8894
3649;https://www.hribi.net/izlet/mariborska_koca_ledinekov_kogel_vzhodna_pot/4/3649/8904
3649;https://www.hribi.net/izlet/mariborska_koca_ledinekov_kogel_zahodna_pot/4/3649/8905
3649;https://www.hribi.net/izlet/spodnje_radvanje_ledinekov_kogel_po_spp/4/3649/9854
3649;https://www.hribi.net/izlet/slivnica_pri_mariboru_ledinekov_kogel_vzhodna_pot/4/3649/10316
3649;https://www.hribi.net/izlet/fram_ledinekov_kogel_cez_petkovo_sedlo_vzhodna_pot/4/3649/9362
3649;https://www.hribi.net/izlet/pivola_reka_ledinekov_kogel_zahodna_pot/4/3649/9357
3649;https://www.hribi.net/izlet/pivola_reka_ledinekov_kogel_vzhodna_pot/4/3649/9356
3649;https://www.hribi.net/izlet/fram_ledinekov_kogel_cez_petkovo_sedlo_zahodna_pot/4/3649/9363
3649;https://www.hribi.net/izlet/slivnica_pri_mariboru_ledinekov_kogel_zahodna_pot/4/3649/10317
3650;https://www.hribi.net/izlet/spodnje_radvanje_sveti_bolfenk_mariborsko_pohorje_po_spp/4/3650/9852
3650;https://www.hribi.net/izlet/mariborska_koca_sveti_bolfenk_mariborsko_pohorje/4/3650/8902
3650;https://www.hribi.net/izlet/spodnje_radvanje_sveti_bolfenk_mariborsko_pohorje_juzna_pot/4/3650/9858
3650;https://www.hribi.net/izlet/log_sveti_bolfenk_mariborsko_pohorje/4/3650/8897
3650;https://www.hribi.net/izlet/pivola_reka_sveti_bolfenk_mariborsko_pohorje_cez_petkovo_sedlo_in_mimo_mariborske_koce/4/3650/9358
3650;https://www.hribi.net/izlet/fram_sveti_bolfenk_mariborsko_pohorje_cez_petkovo_sedlo/4/3650/9360
3650;https://www.hribi.net/izlet/slivnica_pri_mariboru_sveti_bolfenk_mariborsko_pohorje/4/3650/10315
3651;https://www.hribi.net/izlet/rechnitz_badesee_badesee_rechnitz/138/3651/8910
3652;https://www.hribi.net/izlet/rechnitz_badesee_donatikappele_nad_krajem_rechnitz/138/3652/8911
3652;https://www.hribi.net/izlet/cesta_na_geschriebenstein_passhohe_donatikappele_nad_krajem_rechnitz/138/3652/8912
3653;https://www.hribi.net/izlet/prebold_adijev_bivak_na_reski_planini/25/3653/8945
3653;https://www.hribi.net/izlet/podmeja_adijev_bivak_na_reski_planini_po_grebenu/25/3653/10140
3653;https://www.hribi.net/izlet/prebold_adijev_bivak_na_reski_planini_cez_tolsti_vrh_in_strnik/25/3653/10137
3653;https://www.hribi.net/izlet/marija_reka_strgarjev_kamnolom_adijev_bivak_na_reski_planini/25/3653/10133
3653;https://www.hribi.net/izlet/prebold_adijev_bivak_na_reski_planini_mimo_zvajge/25/3653/10130
3653;https://www.hribi.net/izlet/prebold_adijev_bivak_na_reski_planini_cez_gradisce/25/3653/10132
3654;https://www.hribi.net/izlet/stubenbergsee_kulmkogerl_kulmgipfel/138/3654/8916
3655;https://www.hribi.net/izlet/stubenbergsee_kulm_cez_kulmkogerl/138/3655/8917
3656;https://www.hribi.net/izlet/stubenbergsee_mariabrunn_cez_kulmkogerl/138/3656/8918
3657;https://www.hribi.net/izlet/pusztaszentlaszlo_hahot_hegy/132/3657/8919
3658;https://www.hribi.net/izlet/stubenbergsee_stubenbergsee_pot_okoli_jezera/138/3658/8920
3659;https://www.hribi.net/izlet/pichla_bei_radkersburg_konigsberg/138/3659/8922
3659;https://www.hribi.net/izlet/deutsch_haseldorf_konigsberg/138/3659/8921
3660;https://www.hribi.net/izlet/jursinci_puhov_muzej_sakusak/162/3660/8924
3661;https://www.hribi.net/izlet/hetinj___hosszuheteny_zengo_mecsek_pot_rumeni_trikotnik/135/3661/8925
3661;https://www.hribi.net/izlet/hetinj___hosszuheteny_zengo_mecsek_pot_modri_trikotnik/135/3661/8929
3662;https://www.hribi.net/izlet/prvacina_kamno_celo_mandrija_po_cesti/26/3662/9036
3663;https://www.hribi.net/izlet/schloss_kapfenstein_schloss_kapelle/138/3663/8930
3663;https://www.hribi.net/izlet/schloss_kapfenstein_schloss_kapelle_cez_kapfensteiner_kogel/138/3663/8931
3663;https://www.hribi.net/izlet/omp_kuzma_schloss_kapelle/138/3663/9557
3663;https://www.hribi.net/izlet/dobra___neuhaus_am_klausenbach_schloss_kapelle_cez_pfaffenriegel/138/3663/9565
3663;https://www.hribi.net/izlet/dobra___neuhaus_am_klausenbach_schloss_kapelle_skozi_hofwald/138/3663/9581
3663;https://www.hribi.net/izlet/dobra___neuhaus_am_klausenbach_schloss_kapelle_cez_pfaffengraben/138/3663/9562
3663;https://www.hribi.net/izlet/lahmbach_schloss_kapelle/138/3663/9579
3663;https://www.hribi.net/izlet/tv_neuhaus_am_klausenbach_schloss_kapelle/138/3663/9569
3664;https://www.hribi.net/izlet/schloss_kapfenstein_kapfensteiner_kogel_juzna_pot/138/3664/8932
3664;https://www.hribi.net/izlet/omp_kuzma_kapfensteiner_kogel/138/3664/9556
3664;https://www.hribi.net/izlet/schloss_kapfenstein_kapfensteiner_kogel_zahodna_pot/138/3664/8933
3664;https://www.hribi.net/izlet/lahmbach_kapfensteiner_kogel/138/3664/9578
3664;https://www.hribi.net/izlet/dobra___neuhaus_am_klausenbach_kapfensteiner_kogel_cez_pfaffengraben/138/3664/9561
3664;https://www.hribi.net/izlet/dobra___neuhaus_am_klausenbach_kapfensteiner_kogel_skozi_hofwald/138/3664/9580
3664;https://www.hribi.net/izlet/dobra___neuhaus_am_klausenbach_kapfensteiner_kogel_cez_pfaffenriegel/138/3664/9566
3664;https://www.hribi.net/izlet/tv_neuhaus_am_klausenbach_kapfensteiner_kogel/138/3664/9570
3665;https://www.hribi.net/izlet/bad_gleichenberg_eichgraben_weg_muhlsteinbruch/138/3665/8934
3666;https://www.hribi.net/izlet/bad_gleichenberg_eichgraben_weg_gleichenberger_kogel_cez_steinriegel/138/3666/8992
3666;https://www.hribi.net/izlet/bad_gleichenberg_eichgraben_weg_gleichenberger_kogel/138/3666/8936
3666;https://www.hribi.net/izlet/bad_gleichenberg_eichgraben_weg_gleichenberger_kogel_cez_muhlsteinbruch/138/3666/8935
3666;https://www.hribi.net/izlet/gleichenberg_dorf_gleichenberger_kogel/138/3666/10872
3667;https://www.hribi.net/izlet/brod_na_muri_sladki_vrh_beli_vrh/162/3667/8937
3668;https://www.hribi.net/izlet/brod_na_muri_sladki_vrh_gradisce_novine/162/3668/8938
3668;https://www.hribi.net/izlet/cersak_gradisce_novine/162/3668/8939
3668;https://www.hribi.net/izlet/sentilj_v_slovenskih_goricah_gradisce_novine/162/3668/8940
3670;https://www.hribi.net/izlet/frankolovo_cerkev_marije_roznovenske_cresnjice/11/3670/8950
3672;https://www.hribi.net/izlet/cerovec_pod_bocem_ravnocerje/11/3672/8954
3672;https://www.hribi.net/izlet/okrepcevalnica_zelena_dolina_ravnocerje/11/3672/9628
3672;https://www.hribi.net/izlet/brzika_ravnocerje/11/3672/9642
3674;https://www.hribi.net/izlet/zetale_maceljska_gora/11/3674/8966
3674;https://www.hribi.net/izlet/prelaz_vrhe_maceljska_gora_mimo_izvira_sotle/11/3674/8971
3674;https://www.hribi.net/izlet/lovska_koca_lipovec_maceljska_gora_zahodna_pot/11/3674/8968
3674;https://www.hribi.net/izlet/lovska_koca_lipovec_maceljska_gora_vzhodna_pot/11/3674/8970
3675;https://www.hribi.net/izlet/omp_kramarovci_mejni_kamen_marije_terezije_tromejnik_cez_sveto_ano_pri_igu___sankt_anna_am_aigen/163/3675/8984
3675;https://www.hribi.net/izlet/omp_sotina_mejni_kamen_marije_terezije_tromejnik_cez_serdiski_breg/163/3675/8972
3675;https://www.hribi.net/izlet/omp_sotina_mejni_kamen_marije_terezije_tromejnik/163/3675/8973
3675;https://www.hribi.net/izlet/omp_sotina_mejni_kamen_marije_terezije_tromejnik_avstrijska_pot/163/3675/8974
3675;https://www.hribi.net/izlet/omp_kramarovci_mejni_kamen_marije_terezije_tromejnik_cez_beli_breg/163/3675/8983
3675;https://www.hribi.net/izlet/serdica_mejni_kamen_marije_terezije_tromejnik/163/3675/8982
3676;https://www.hribi.net/izlet/omp_sotina_sveta_ana_pri_igu___sankt_anna_am_aigen/138/3676/8977
3676;https://www.hribi.net/izlet/omp_kramarovci_sveta_ana_pri_igu___sankt_anna_am_aigen/138/3676/8979
3676;https://www.hribi.net/izlet/frutten-giesselsdorf_sveta_ana_pri_igu___sankt_anna_am_aigen/138/3676/10218
3676;https://www.hribi.net/izlet/omp_sotina_sveta_ana_pri_igu___sankt_anna_am_aigen_cez_serdiski_breg/138/3676/8976
3676;https://www.hribi.net/izlet/omp_cankova_sveta_ana_pri_igu___sankt_anna_am_aigen/138/3676/10679
3676;https://www.hribi.net/izlet/omp_sotina_sveta_ana_pri_igu___sankt_anna_am_aigen_avstrijska_pot/138/3676/8978
3676;https://www.hribi.net/izlet/ocinje_sveta_ana_pri_igu___sankt_anna_am_aigen/138/3676/10764
3677;https://www.hribi.net/izlet/zgornji_leskovec_zvelicarjeva_kapela_velika_varnica/4/3677/8988
3678;https://www.hribi.net/izlet/bad_gleichenberg_eichgraben_weg_bschaidkogel_cez_muhlsteinbruch/138/3678/8989
3678;https://www.hribi.net/izlet/bad_gleichenberg_eichgraben_weg_bschaidkogel_cez_steinriegel/138/3678/8990
3681;https://www.hribi.net/izlet/parkplatz_tappenkarweg_weissgrubenkopf_parkplatz_tappenkarweg_-_weissgrubenkopf/58/3681/8991
3682;https://www.hribi.net/izlet/lenart_v_slovenskih_goricah_jezero_radehova/162/3682/8995
3683;https://www.hribi.net/izlet/lenart_v_slovenskih_goricah_kapela_sv_marije_radehova/162/3683/8996
3684;https://www.hribi.net/izlet/budinci_mejni_prehod_budinci_pot_cvetocih_travnikov_v_budincih/163/3684/8998
3684;https://www.hribi.net/izlet/budinci_budinci_pout_po_dolaj_pa_bregaj/163/3684/9545
3685;https://www.hribi.net/izlet/budinci_mejni_prehod_katin_breg___katalin-hegy_po_drzavni_meji/132/3685/9000
3685;https://www.hribi.net/izlet/budinci_mejni_prehod_katin_breg___katalin-hegy_po_oznaceni_poti/132/3685/9001
3685;https://www.hribi.net/izlet/andovci___orfalu_katin_breg___katalin-hegy_mimo_mejnega_kamna_a_115/132/3685/9543
3685;https://www.hribi.net/izlet/mp_cepinci_katin_breg___katalin-hegy/132/3685/9002
3686;https://www.hribi.net/izlet/frohnleiten_haneggkogel_panoramska_pot/28/3686/9003
3687;https://www.hribi.net/izlet/gornja_brela_subotisce_sveti_nikola_planinska_pot/64/3687/9004
3688;https://www.hribi.net/izlet/gornja_brela_subotisce_planinska_koca_bukovac_planinska_pot/64/3688/9009
3689;https://www.hribi.net/izlet/eisenberg_an_der_raab_strazni_stolp_nad_eisenbergom/138/3689/9010
3689;https://www.hribi.net/izlet/gornji_senik___felsoszolnok_strazni_stolp_nad_eisenbergom/138/3689/10912
3690;https://www.hribi.net/izlet/eisenberg_an_der_raab_holzmannkogel_ob_drzavni_meji/138/3690/9013
3690;https://www.hribi.net/izlet/omp_matjasevci_holzmannkogel/138/3690/9016
3690;https://www.hribi.net/izlet/trdkova_holzmannkogel_po_markirani_poti_skozi_gozd/138/3690/9015
3690;https://www.hribi.net/izlet/eisenberg_an_der_raab_holzmannkogel_po_cesti/138/3690/9014
3690;https://www.hribi.net/izlet/oberdrosen_holzmannkogel/138/3690/9173
3690;https://www.hribi.net/izlet/gornji_senik___felsoszolnok_holzmannkogel_cez_janezov_breg/138/3690/10914
3691;https://www.hribi.net/izlet/brela_biokovsko_oko_suplja_stina_po_napoleonovi_cesti/64/3691/9017
3692;https://www.hribi.net/izlet/koca_pri_savici_glava_za_bajto_cez_komno/1/3692/9021
3692;https://www.hribi.net/izlet/planina_blato_glava_za_bajto_cez_stapce/1/3692/10730
3692;https://www.hribi.net/izlet/koca_pri_savici_glava_za_bajto_mimo_dvojnega_jezera/1/3692/10736
3692;https://www.hribi.net/izlet/planina_blato_glava_za_bajto_cez_prode/1/3692/10733
3693;https://www.hribi.net/izlet/gornja_brela_subotisce_bukovac/64/3693/9024
3694;https://www.hribi.net/izlet/brela_planinsko_zavetisce_pakline_planinska_pot/64/3694/9025
3695;https://www.hribi.net/izlet/schrems_frohnleiten_hautabauer_harterberg_hoaterberg/138/3695/9026
3696;https://www.hribi.net/izlet/zerovinci_dom_krajanov_in_gasilcev_zerovinci_skrivalisce_konjev/162/3696/9028
3697;https://www.hribi.net/izlet/zerovinci_dom_krajanov_in_gasilcev_zerovinci_kapela_sv_druzine_runec/162/3697/9029
3697;https://www.hribi.net/izlet/ormoz_kapela_sv_druzine_runec/162/3697/9050
3698;https://www.hribi.net/izlet/frohnleiten_hochtrotsch_trotsch/138/3698/9030
3699;https://www.hribi.net/izlet/laufnitzdorf_schiffall/28/3699/9031
3700;https://www.hribi.net/izlet/skalske_cirkovce_stropnik/11/3700/9033
3702;https://www.hribi.net/izlet/rocinj_sveti_peter_nad_ajbo/26/3702/9035
3703;https://www.hribi.net/izlet/marno_sveti_stefan_turje/25/3703/9038
3704;https://www.hribi.net/izlet/marno_vrhe_pri_gorah/25/3704/9039
3704;https://www.hribi.net/izlet/rimske_toplice_vrhe_pri_gorah_po_dolini_ogeskega_potoka/25/3704/9046
3704;https://www.hribi.net/izlet/rimske_toplice_smarjeta_vrhe_pri_gorah_skozi_lurd/25/3704/9048
3706;https://www.hribi.net/izlet/rimske_toplice_smarjeta_cerkev_lurske_matere_bozje_lurd_skozi_lurd/25/3706/9041
3707;https://www.hribi.net/izlet/rimske_toplice_straznik_cez_borovo/25/3707/9043
3708;https://www.hribi.net/izlet/ormoz_kogel_litmerk/162/3708/9049
3708;https://www.hribi.net/izlet/zerovinci_dom_krajanov_in_gasilcev_zerovinci_kogel_litmerk/162/3708/9051
3709;https://www.hribi.net/izlet/laufnitzdorf_kreuzkogel_cez_schiffall/28/3709/9052
3709;https://www.hribi.net/izlet/laufnitzdorf_kreuzkogel/28/3709/9066
3710;https://www.hribi.net/izlet/polhov_gradec_severjeva_hisa_severjev_gric_neuradna_uhojena_pot/5/3710/9054
3711;https://www.hribi.net/izlet/sveta_katarina_zgornja_kapla_tolsti_vrh_na_kozjaku/162/3711/9056
3711;https://www.hribi.net/izlet/odomovo_jezero_tolsti_vrh_na_kozjaku/162/3711/9058
3711;https://www.hribi.net/izlet/omp_remsnik_tolsti_vrh_na_kozjaku_slovenska_pot/162/3711/9600
3711;https://www.hribi.net/izlet/omp_remsnik_tolsti_vrh_na_kozjaku_avstrijska_pot/162/3711/9599
3713;https://www.hribi.net/izlet/sveta_katarina_zgornja_kapla_odomovo_jezero/162/3713/9057
3714;https://www.hribi.net/izlet/skalske_cirkovce_stropnica_cez_stropnik/11/3714/9062
3714;https://www.hribi.net/izlet/skalske_cirkovce_stropnica/11/3714/9069
3716;https://www.hribi.net/izlet/ozbalt_jez_na_potoku_crmenica_grilov_vrh_cez_tursko_pec/162/3716/9067
3716;https://www.hribi.net/izlet/ozbalt_jez_na_potoku_crmenica_grilov_vrh_po_kolovozu/162/3716/9072
3717;https://www.hribi.net/izlet/ozbalt_jez_na_potoku_crmenica_turska_pec/162/3717/9068
3717;https://www.hribi.net/izlet/ozbalt_jez_na_potoku_crmenica_turska_pec_po_kolovozu/162/3717/9071
3718;https://www.hribi.net/izlet/lasko_pokopalisce_lasko_cerkev_sv_mihaela_na_smihelu/25/3718/9073
3718;https://www.hribi.net/izlet/lasko_pokopalisce_lasko_cerkev_sv_mihaela_na_smihelu_mimo_sv_kristofa/25/3718/9092
3719;https://www.hribi.net/izlet/kirchdorf_predigtstuhl/28/3719/9074
3720;https://www.hribi.net/izlet/lasko_pokopalisce_lasko_sveta_katarina_kuretno/25/3720/9075
3721;https://www.hribi.net/izlet/lasko_pokopalisce_lasko_lovski_dom_na_govcah/25/3721/9076
3721;https://www.hribi.net/izlet/zavrate_lovski_dom_na_govcah_lazja_pot/25/3721/9090
3721;https://www.hribi.net/izlet/zavrate_lovski_dom_na_govcah_tezja_pot/25/3721/9089
3721;https://www.hribi.net/izlet/zgornja_recica_macek_lovski_dom_na_govcah/25/3721/10155
3722;https://www.hribi.net/izlet/rein_pfaffenkogel/28/3722/9077
3725;https://www.hribi.net/izlet/vilenica_tupla_jama/26/3725/9079
3726;https://www.hribi.net/izlet/lasko_pokopalisce_lasko_pastirska_kapelica/25/3726/9080
3726;https://www.hribi.net/izlet/zgornja_recica_macek_pastirska_kapelica/25/3726/10157
3727;https://www.hribi.net/izlet/ljubljana_izletniska_ulica_tabor_nad_crnucami/5/3727/9087
3728;https://www.hribi.net/izlet/lasko_pokopalisce_lasko_cerkev_sv_kristofa_na_gramnu/25/3728/9091
3730;https://www.hribi.net/izlet/prezid_pri_graccu_crnopac/30/3730/9094
3733;https://www.hribi.net/izlet/veli_iz__sveti_rok_otok_iz/63/3733/9095
3734;https://www.hribi.net/izlet/gajsevsko_jezero_lovsko_zavetisce_ld_mala_nedelja/162/3734/9098
3737;https://www.hribi.net/izlet/veli_iz__korinjak_mimo_svetega_roka/63/3737/9099
3738;https://www.hribi.net/izlet/prezid_pri_graccu_planinsko_zavetisce_crnopac_/30/3738/9100
3738;https://www.hribi.net/izlet/prezid_pri_graccu_planinsko_zavetisce_crnopac__po_cesti/30/3738/9249
3739;https://www.hribi.net/izlet/lovsko_zavetisce_ld_mala_nedelja_sveta_trojica_mala_nedelja/162/3739/9101
3740;https://www.hribi.net/izlet/moravci_v_slovenskih_goricah_bioterme_zeleno_okno/162/3740/9112
3740;https://www.hribi.net/izlet/sveti_jurij_ob_scavnici_zeleno_okno/162/3740/9105
3740;https://www.hribi.net/izlet/lovsko_zavetisce_ld_mala_nedelja_zeleno_okno/162/3740/9102
3742;https://www.hribi.net/izlet/smiljan__krcmar_krizev_pot/62/3742/9103
3742;https://www.hribi.net/izlet/smiljan__krcmar_po_markirani_poti/62/3742/9319
3744;https://www.hribi.net/izlet/soteska_bednje_vrazji_stolcek_daljsa_pot/61/3744/9108
3744;https://www.hribi.net/izlet/soteska_bednje_vrazji_stolcek_strma_pot/61/3744/9106
3747;https://www.hribi.net/izlet/prezid_pri_graccu_bili_kuk_po_poti_malega_princa/30/3747/9162
3747;https://www.hribi.net/izlet/prezid_pri_graccu_bili_kuk_direktna_pot/30/3747/9111
3747;https://www.hribi.net/izlet/prezid_pri_graccu_bili_kuk_po_cesti_in_poti_malega_princa/30/3747/9170
3747;https://www.hribi.net/izlet/prezid_pri_graccu_bili_kuk_po_cesti/30/3747/9252
3748;https://www.hribi.net/izlet/geschriebenstein_passhohe_grosser_hirschenstein/138/3748/9114
3748;https://www.hribi.net/izlet/rechnitz_badesee_grosser_hirschenstein/138/3748/9116
3748;https://www.hribi.net/izlet/waldgebiet_grosser_hirschenstein/138/3748/9115
3749;https://www.hribi.net/izlet/smartno_na_pohorju_ribnika_devin_v_oselju/4/3749/9117
3749;https://www.hribi.net/izlet/zgornja_bistrica_center_vintgar_ribnika_devin_v_oselju_skozi_bistriski_vintgar/4/3749/9126
3750;https://www.hribi.net/izlet/zgornja_bistrica_center_vintgar_ribnik_zahodno_od_oselja_skozi_bistriski_vintgar/4/3750/9125
3750;https://www.hribi.net/izlet/smartno_na_pohorju_ribnik_zahodno_od_oselja/4/3750/9118
3751;https://www.hribi.net/izlet/sveti_trije_kralji_partizanska_bolnisnica_jesen/4/3751/9132
3751;https://www.hribi.net/izlet/zgornja_bistrica_center_vintgar_partizanska_bolnisnica_jesen_skozi_bistriski_vintgar/4/3751/9124
3751;https://www.hribi.net/izlet/smartno_na_pohorju_partizanska_bolnisnica_jesen/4/3751/9133
3752;https://www.hribi.net/izlet/prezid_pri_graccu_kita_gacesina_mimo_zavetisca_in_bilega_kuka/30/3752/9134
3752;https://www.hribi.net/izlet/prezid_pri_graccu_kita_gacesina_mimo_zavetisca_in_po_poti_malega_princa/30/3752/9202
3752;https://www.hribi.net/izlet/prezid_pri_graccu_kita_gacesina_po_cesti_in_poti_malega_princa/30/3752/9208
3752;https://www.hribi.net/izlet/prezid_pri_graccu_kita_gacesina_po_cesti/30/3752/9236
3752;https://www.hribi.net/izlet/prezid_pri_graccu_kita_gacesina_mimo_zavetisca_in_po_direktni_poti/30/3752/9204
3752;https://www.hribi.net/izlet/prezid_pri_graccu_kita_gacesina_po_cesti_in_mimo_bilega_kuka/30/3752/9235
3755;https://www.hribi.net/izlet/pfaffensattel_stuhleck/138/3755/9135
3755;https://www.hribi.net/izlet/roseggerhaus_stuhleck/138/3755/9148
3755;https://www.hribi.net/izlet/rettenegg_stuhleck_mimo_koce_roseggerhaus/138/3755/10276
3755;https://www.hribi.net/izlet/rettenegg_stuhleck/138/3755/10269
3756;https://www.hribi.net/izlet/pfaffensattel_grazer_stuhleck/138/3756/9136
3756;https://www.hribi.net/izlet/rettenegg_grazer_stuhleck_mimo_koce_roseggerhaus/138/3756/10266
3756;https://www.hribi.net/izlet/roseggerhaus_grazer_stuhleck/138/3756/9147
3756;https://www.hribi.net/izlet/rettenegg_grazer_stuhleck_cez_schwarzriegel/138/3756/10270
3757;https://www.hribi.net/izlet/rettenegg_geiereck_mimo_koce_roseggerhaus/138/3757/10265
3757;https://www.hribi.net/izlet/pfaffensattel_geiereck/138/3757/9137
3757;https://www.hribi.net/izlet/roseggerhaus_geiereck/138/3757/9145
3757;https://www.hribi.net/izlet/rettenegg_geiereck_cez_schwarzriegel/138/3757/10271
3758;https://www.hribi.net/izlet/rettenegg_peter-bergner-warte_pretul_mimo_koce_roseggerhaus/138/3758/10263
3758;https://www.hribi.net/izlet/rettenegg_peter-bergner-warte_pretul_cez_schwarzriegel/138/3758/10273
3758;https://www.hribi.net/izlet/pfaffensattel_peter-bergner-warte_pretul/138/3758/9138
3758;https://www.hribi.net/izlet/roseggerhaus_peter-bergner-warte_pretul/138/3758/9142
3759;https://www.hribi.net/izlet/alpl_zisleranger_weg_roseggerhaus/138/3759/9872
3759;https://www.hribi.net/izlet/rettenegg_roseggerhaus/138/3759/10260
3759;https://www.hribi.net/izlet/pfaffensattel_roseggerhaus/138/3759/9139
3759;https://www.hribi.net/izlet/rettenegg_roseggerhaus_cez_schwarzriegel/138/3759/10274
3759;https://www.hribi.net/izlet/alpl_waldschulle_alpl_roseggerhaus/138/3759/9886
3760;https://www.hribi.net/izlet/pfaffensattel_amundsenhohe/138/3760/9140
3760;https://www.hribi.net/izlet/rettenegg_amundsenhohe_cez_schwarzriegel/138/3760/10275
3760;https://www.hribi.net/izlet/rettenegg_amundsenhohe_mimo_koce_roseggerhaus/138/3760/10262
3760;https://www.hribi.net/izlet/roseggerhaus_amundsenhohe/138/3760/9143
3761;https://www.hribi.net/izlet/rettenegg_moschkogelhutte_mimo_koce_roseggerhaus/138/3761/10264
3761;https://www.hribi.net/izlet/rettenegg_moschkogelhutte_cez_schwarzriegel/138/3761/10272
3761;https://www.hribi.net/izlet/pfaffensattel_moschkogelhutte/138/3761/9141
3761;https://www.hribi.net/izlet/roseggerhaus_moschkogelhutte/138/3761/9146
3762;https://www.hribi.net/izlet/feistritzsattel_grabmayr-kogel/138/3762/9381
3762;https://www.hribi.net/izlet/pfaffensattel_grabmayr-kogel/138/3762/9149
3763;https://www.hribi.net/izlet/pfaffensattel_grosser_pfaff/138/3763/9150
3763;https://www.hribi.net/izlet/feistritzsattel_grosser_pfaff_tezja_pot/138/3763/9378
3763;https://www.hribi.net/izlet/feistritzsattel_grosser_pfaff_lazja_pot/138/3763/9379
3764;https://www.hribi.net/izlet/pfaffensattel_kleiner_pfaff/138/3764/9151
3764;https://www.hribi.net/izlet/feistritzsattel_kleiner_pfaff/138/3764/9380
3765;https://www.hribi.net/izlet/monoster___szentgotthard_jezero_harsas___harsas_to_juzna_pot/132/3765/9158
3765;https://www.hribi.net/izlet/jezero_harsas___harsas_to_jezero_harsas___harsas_to_pot_okoli_jezera/132/3765/9152
3765;https://www.hribi.net/izlet/monoster___szentgotthard_jezero_harsas___harsas_to_mimo_kapele_brenner/132/3765/9157
3766;https://www.hribi.net/izlet/jezero_harsas___harsas_to_kapela_brenner___brenner_kapolna/132/3766/9153
3766;https://www.hribi.net/izlet/monoster___szentgotthard_kapela_brenner___brenner_kapolna/132/3766/9154
3768;https://www.hribi.net/izlet/ainos_national_park__ainos_kefalonija/150/3768/9167
3769;https://www.hribi.net/izlet/ruse_kluze/4/3769/9159
3770;https://www.hribi.net/izlet/ruse_globokarjev_vrh/4/3770/9160
3771;https://www.hribi.net/izlet/ruse_sveta_marija_smolnik/4/3771/9161
3771;https://www.hribi.net/izlet/smolnik_marotov_most_sveta_marija_smolnik_po_dolini_lobnice/4/3771/9171
3772;https://www.hribi.net/izlet/vuzenica_sveti_janez_krstnik_sentjanz_nad_dravcami/4/3772/9175
3773;https://www.hribi.net/izlet/vuzenica_koca_planinc/4/3773/9180
3773;https://www.hribi.net/izlet/gradisce_koca_planinc/4/3773/9178
3773;https://www.hribi.net/izlet/vuhred_koca_planinc/4/3773/10438
3774;https://www.hribi.net/izlet/vuzenica_sveti_primoz_sveti_primoz_na_pohorju/4/3774/9179
3775;https://www.hribi.net/izlet/vuzenica_sedovnikov_vrh/4/3775/9181
3776;https://www.hribi.net/izlet/jezero_sobote___stausee_soboth_jausenstation_charlys_hutte/28/3776/9184
3777;https://www.hribi.net/izlet/jezero_sobote___stausee_soboth_st_vinzenz_st_vinzenz/28/3777/9185
3778;https://www.hribi.net/izlet/st_vinzenz_st_vinzenz_dreieckhutte/28/3778/9186
3779;https://www.hribi.net/izlet/st_vinzenz_st_vinzenz_dreieckkogel/28/3779/9187
3780;https://www.hribi.net/izlet/soboski_prelaz___koglereck_kleinalpl/28/3780/9194
3780;https://www.hribi.net/izlet/st_vinzenz_st_vinzenz_kleinalpl/28/3780/9188
3781;https://www.hribi.net/izlet/glavas_planinsko_zavetisce_martinova_kosara/62/3781/9192
3783;https://www.hribi.net/izlet/glavas_planinsko_zavetisce_glavas/62/3783/9193
3786;https://www.hribi.net/izlet/weinebene_weinhofen/28/3786/9197
3787;https://www.hribi.net/izlet/weinebene_brandhohe/28/3787/9198
3788;https://www.hribi.net/izlet/weinebene_moschkogel/28/3788/9199
3788;https://www.hribi.net/izlet/parkirisce_pod_prelazom_weinebene_moschkogel/28/3788/9205
3789;https://www.hribi.net/izlet/knodelhutte_bernsteinhutte/28/3789/9206
3789;https://www.hribi.net/izlet/hirschegg_bernsteinhutte/28/3789/10528
3789;https://www.hribi.net/izlet/unterauerlinger_hutte_bernsteinhutte/28/3789/9217
3790;https://www.hribi.net/izlet/knodelhutte_hirschegger_alm_juzni_vrh/28/3790/9207
3790;https://www.hribi.net/izlet/hirschegg_hirschegger_alm_juzni_vrh_mimo_koce_saureishutte/28/3790/10527
3790;https://www.hribi.net/izlet/hirschegg_hirschegger_alm_juzni_vrh_mimo_koce_bernsteinhutte/28/3790/10529
3790;https://www.hribi.net/izlet/unterauerlinger_hutte_hirschegger_alm_juzni_vrh/28/3790/9220
3794;https://www.hribi.net/izlet/prezid_pri_graccu_orlov_kuk_orlov_kamen_mimo_zavetisca/30/3794/9210
3794;https://www.hribi.net/izlet/prezid_pri_graccu_orlov_kuk_orlov_kamen_po_cesti/30/3794/9241
3795;https://www.hribi.net/izlet/hirschegg_hirschegger_alm_severni_vrh_cez_seinerkreuz/28/3795/10526
3795;https://www.hribi.net/izlet/knodelhutte_hirschegger_alm_severni_vrh/28/3795/9211
3795;https://www.hribi.net/izlet/unterauerlinger_hutte_hirschegger_alm_severni_vrh/28/3795/9219
3795;https://www.hribi.net/izlet/hirschegg_hirschegger_alm_severni_vrh_mimo_koce_bernsteinhutte/28/3795/10530
3796;https://www.hribi.net/izlet/salzstiegelhaus_peterer_riegel/28/3796/10534
3796;https://www.hribi.net/izlet/knodelhutte_peterer_riegel_ob_pasni_ograji/28/3796/9212
3796;https://www.hribi.net/izlet/reichenfels_most_cez_labotnico___lavant_peterer_riegel_skozi_hollgraben/28/3796/10537
3796;https://www.hribi.net/izlet/hirschegg_peterer_riegel_ob_pasni_ograji/28/3796/10524
3796;https://www.hribi.net/izlet/hirschegg_peterer_riegel_cez_planino_peterer_alm/28/3796/10525
3796;https://www.hribi.net/izlet/reichenfels_taxwirt_peterer_riegel_skozi_rossbachgraben/28/3796/10532
3796;https://www.hribi.net/izlet/unterauerlinger_hutte_peterer_riegel_ob_pasni_ograji/28/3796/9218
3796;https://www.hribi.net/izlet/unterauerlinger_hutte_peterer_riegel_cez_planino_peterer_alm/28/3796/9221
3796;https://www.hribi.net/izlet/knodelhutte_peterer_riegel_cez_planino_peterer_alm/28/3796/9213
3797;https://www.hribi.net/izlet/knodelhutte_saureishutte/28/3797/9214
3797;https://www.hribi.net/izlet/hirschegg_saureishutte/28/3797/10523
3798;https://www.hribi.net/izlet/knodelhutte_seinerkreuz/28/3798/9215
3798;https://www.hribi.net/izlet/hirschegg_seinerkreuz/28/3798/10522
3799;https://www.hribi.net/izlet/knodelhutte_unterauerlinger_hutte/28/3799/9216
3800;https://www.hribi.net/izlet/unterauerlinger_hutte_knodelhutte/28/3800/9222
3801;https://www.hribi.net/izlet/salzstiegelhaus_rosseben/28/3801/9223
3802;https://www.hribi.net/izlet/reichenfels_taxwirt_hofhutte_skozi_rossbachgraben/28/3802/10531
3802;https://www.hribi.net/izlet/salzstiegelhaus_hofhutte/28/3802/9231
3802;https://www.hribi.net/izlet/walischeben_hofhutte/28/3802/9242
3803;https://www.hribi.net/izlet/sankt_ilgen_der_bodenbauer_hauslalmhutte/59/3803/9243
3804;https://www.hribi.net/izlet/sankt_ilgen_der_bodenbauer_buchbergkogel/59/3804/9245
3805;https://www.hribi.net/izlet/sankt_ilgen_der_bodenbauer_sackwiesenalm/59/3805/9261
3806;https://www.hribi.net/izlet/sankt_ilgen_der_bodenbauer_sackwiesensee/59/3806/9262
3807;https://www.hribi.net/izlet/smucisce_koralpe_koralpenparkplatz_steinschneider_ob_robu_planote_grosses_kar/28/3807/9282
3807;https://www.hribi.net/izlet/parkirisce_pod_prelazom_weinebene_steinschneider_nad_slapom_pomswasserfall/28/3807/9271
3807;https://www.hribi.net/izlet/weinebene_steinschneider_cez_planoto_grosses_kar/28/3807/9264
3807;https://www.hribi.net/izlet/weinebene_steinschneider_nad_slapom_pomswasserfall/28/3807/9268
3807;https://www.hribi.net/izlet/parkirisce_pod_prelazom_weinebene_steinschneider_cez_planoto_grosses_kar/28/3807/9266
3807;https://www.hribi.net/izlet/smucisce_koralpe_koralpenparkplatz_steinschneider/28/3807/10961
3809;https://www.hribi.net/izlet/glavas_planinsko_zavetisce_drago_grubac/62/3809/9275
3810;https://www.hribi.net/izlet/zelovo_planinski_dom_orlove_stine_/64/3810/9286
3811;https://www.hribi.net/izlet/zelovo_orlove_stine_vzhodna_pot/64/3811/9287
3811;https://www.hribi.net/izlet/zelovo_orlove_stine_zahodna_pot/64/3811/9288
3811;https://www.hribi.net/izlet/planinski_dom_orlove_stine_orlove_stine_vzhodna_pot/64/3811/9295
3811;https://www.hribi.net/izlet/planinski_dom_orlove_stine__orlove_stine_zahodna_pot/64/3811/9294
3812;https://www.hribi.net/izlet/planinski_dom_orlove_stine__umac_pri_svilaji/64/3812/9293
3812;https://www.hribi.net/izlet/zelovo_umac_pri_svilaji/64/3812/9289
3814;https://www.hribi.net/izlet/planinski_dom_orlove_stine__svilaja_mimo_umaca/64/3814/9292
3814;https://www.hribi.net/izlet/zelovo_svilaja_mimo_umaca/64/3814/9290
3815;https://www.hribi.net/izlet/gozd_martuljek_brunarica_krmise_ferata_jermn/11/3815/9291
3816;https://www.hribi.net/izlet/lisnjak_cesta_na_promino_planinska_koca_promina/64/3816/9296
3817;https://www.hribi.net/izlet/hegyesd_vas_hegyesd_severna_pot/132/3817/9297
3817;https://www.hribi.net/izlet/hegyesd_vas_hegyesd_juzna_pot/132/3817/9298
3818;https://www.hribi.net/izlet/lisnjak_cesta_na_promino_cavnovka_promina_mimo_koce_in_po_cesti/64/3818/9301
3818;https://www.hribi.net/izlet/planinska_koca_promina_cavnovka_promina_po_pes_poti/64/3818/9313
3818;https://www.hribi.net/izlet/lisnjak_cesta_na_promino_cavnovka_promina_mimo_koce_in_po_pes_poti/64/3818/9299
3818;https://www.hribi.net/izlet/planinska_koca_promina_cavnovka_promina_po_cesti/64/3818/9314
3819;https://www.hribi.net/izlet/gyulakeszi_csobanc/132/3819/9302
3820;https://www.hribi.net/izlet/bijela_osobac_via_ferrata_osobac/65/3820/9303
3821;https://www.hribi.net/izlet/2_serpentina_vrsiske_ceste_skrbinjek/1/3821/9306
3822;https://www.hribi.net/izlet/oberort_messnerin/59/3822/9307
3822;https://www.hribi.net/izlet/oberort_parkirisce_zeleno_jezero_messnerin_kamplsteig/59/3822/9310
3823;https://www.hribi.net/izlet/oberort_parkirisce_zeleno_jezero_kamplriedel_blick_zum_grunen_see/59/3823/9309
3823;https://www.hribi.net/izlet/oberort_kamplriedel_blick_zum_grunen_see/59/3823/9308
3824;https://www.hribi.net/izlet/oberort_parkirisce_zeleno_jezero_zeleno_jezero___gruner_see_po_cesti/59/3824/9311
3826;https://www.hribi.net/izlet/malovan_cardak_tremzina/30/3826/9315
3830;https://www.hribi.net/izlet/malovan_oklinak/30/3830/9316
3831;https://www.hribi.net/izlet/seetal_florhutte/59/3831/9320
3832;https://www.hribi.net/izlet/seetal_voisthalerhutte/59/3832/9321
3833;https://www.hribi.net/izlet/sankt_ilgen_der_bodenbauer_schiestelhaus/59/3833/10503
3833;https://www.hribi.net/izlet/seetal_schiestelhaus/59/3833/9322
3833;https://www.hribi.net/izlet/sankt_ilgen_der_bodenbauer_schiestelhaus_mimo_koce_hauslalmhutte/59/3833/10376
3834;https://www.hribi.net/izlet/bjelsko_planinski_dom_klek/33/3834/9323
3835;https://www.hribi.net/izlet/bjelsko_klecica/33/3835/9324
3838;https://www.hribi.net/izlet/cesta_na_bjelsko_stozac/33/3838/9325
3839;https://www.hribi.net/izlet/seetal_kleiner_hochschwab/59/3839/9326
3840;https://www.hribi.net/izlet/seetal_hochschwab/59/3840/9327
3840;https://www.hribi.net/izlet/sankt_ilgen_der_bodenbauer_hochschwab/59/3840/10502
3840;https://www.hribi.net/izlet/seetal_hochschwab_mimo_koce_schiestelhaus/59/3840/9328
3840;https://www.hribi.net/izlet/sankt_ilgen_der_bodenbauer_hochschwab_mimo_koce_hauslalmhutte/59/3840/10374
3841;https://www.hribi.net/izlet/losenheim_parkplatz_am_schneeberg_edelweisshutte_am_schneeberg/59/3841/9329
3842;https://www.hribi.net/izlet/losenheim_parkplatz_am_schneeberg_almreserlhaus/59/3842/9330
3843;https://www.hribi.net/izlet/losenheim_parkplatz_am_schneeberg_sparbacherhutte/59/3843/9331
3844;https://www.hribi.net/izlet/losenheim_parkplatz_am_schneeberg_heinrich-krempel-hutte/59/3844/9332
3845;https://www.hribi.net/izlet/losenheim_parkplatz_am_schneeberg_fischerhutte_schneeberg_cez_schauerstein/59/3845/9333
3846;https://www.hribi.net/izlet/losenheim_parkplatz_am_schneeberg_kaiserstein_schneeberg_cez_schauerstein/59/3846/9334
3848;https://www.hribi.net/izlet/oplotnica_sveti_miklavz_koritno/4/3848/9342
3849;https://www.hribi.net/izlet/oplotnica_sveti_lenart_koritno/4/3849/9343
3850;https://www.hribi.net/izlet/oplotnica_koca_na_jurgovem/4/3850/9344
3850;https://www.hribi.net/izlet/gorenje_pri_zrecah_koca_na_jurgovem/4/3850/9913
3850;https://www.hribi.net/izlet/zrece_cerkev_sv_egidija_koca_na_jurgovem/4/3850/9911
3851;https://www.hribi.net/izlet/oplotnica_izvir_dravinje/4/3851/9347
3851;https://www.hribi.net/izlet/gorenje_pri_zrecah_izvir_dravinje/4/3851/9915
3851;https://www.hribi.net/izlet/zrece_cerkev_sv_egidija_izvir_dravinje/4/3851/9909
3852;https://www.hribi.net/izlet/oplotnica_cerkev_jezusove_spremenitve_na_gori_rogla/4/3852/9348
3852;https://www.hribi.net/izlet/zrece_cerkev_sv_egidija_cerkev_jezusove_spremenitve_na_gori_rogla/4/3852/9910
3852;https://www.hribi.net/izlet/gorenje_pri_zrecah_cerkev_jezusove_spremenitve_na_gori_rogla/4/3852/9916
3853;https://www.hribi.net/izlet/pivola_reka_hotel_tisa_postarski_dom_cez_petkovo_sedlo/4/3853/9364
3853;https://www.hribi.net/izlet/fram_hotel_tisa_postarski_dom_cez_petkovo_sedlo/4/3853/9365
3853;https://www.hribi.net/izlet/slivnica_pri_mariboru_hotel_tisa_postarski_dom/4/3853/10310
3854;https://www.hribi.net/izlet/feistritzsattel_kranichberger_schwaig/138/3854/9367
3855;https://www.hribi.net/izlet/st_corona_am_wechsel_arabichl/138/3855/10641
3855;https://www.hribi.net/izlet/unternberg_arabichl_cez_kampstein/138/3855/10634
3855;https://www.hribi.net/izlet/feistritzsattel_arabichl/138/3855/9368
3856;https://www.hribi.net/izlet/feistritzsattel_schoberlriegel/138/3856/9371
3856;https://www.hribi.net/izlet/unternberg_schoberlriegel_cez_kampstein/138/3856/10636
3856;https://www.hribi.net/izlet/st_corona_am_wechsel_schoberlriegel/138/3856/10643
3857;https://www.hribi.net/izlet/feistritzsattel_umschussriegel/138/3857/9373
3857;https://www.hribi.net/izlet/unternberg_umschussriegel_cez_kampstein/138/3857/10637
3857;https://www.hribi.net/izlet/st_corona_am_wechsel_umschussriegel/138/3857/10644
3858;https://www.hribi.net/izlet/planina_zajzera_visoki_pipar_po_poti_648/1/3858/9375
3858;https://www.hribi.net/izlet/planina_zajzera_visoki_pipar/1/3858/9547
3859;https://www.hribi.net/izlet/pfaffensattel_harterkogel/138/3859/9376
3859;https://www.hribi.net/izlet/feistritzsattel_harterkogel/138/3859/9377
3860;https://www.hribi.net/izlet/brunnalm_alpengasthof_scheikl/59/3860/9382
3861;https://www.hribi.net/izlet/niederalpl_ort_graf-meran-haus_po_dolini_rodel/59/3861/10476
3861;https://www.hribi.net/izlet/alpengasthof_scheikl_graf-meran-haus/59/3861/9383
3861;https://www.hribi.net/izlet/niederalpl_ort_graf-meran-haus_cez_planino_sohlenalm/59/3861/10482
3862;https://www.hribi.net/izlet/alpengasthof_scheikl_hohe_veitsch/59/3862/9384
3862;https://www.hribi.net/izlet/niederalpl_ort_hohe_veitsch_po_dolini_rodel/59/3862/10475
3862;https://www.hribi.net/izlet/niederalpl_ort_hohe_veitsch_cez_planino_sohlenalm/59/3862/10481
3862;https://www.hribi.net/izlet/alpengasthof_scheikl_hohe_veitsch_zgoraj_po_juznem_grebenu/59/3862/9385
3863;https://www.hribi.net/izlet/alpengasthof_scheikl_schalleralm_spodnja_pot/59/3863/9386
3863;https://www.hribi.net/izlet/alpengasthof_scheikl_schalleralm_zgornja_pot/59/3863/9387
3864;https://www.hribi.net/izlet/jezero_sobote___stausee_soboth_sv_lenart_pri_soboti___st_leonhard_bei_soboth/28/3864/9391
3864;https://www.hribi.net/izlet/sobota___soboth_sv_lenart_pri_soboti___st_leonhard_bei_soboth/28/3864/9392
3865;https://www.hribi.net/izlet/alpl_zisleranger_weg_untere_holdahutte/138/3865/9393
3865;https://www.hribi.net/izlet/alpl_waldschulle_alpl_untere_holdahutte/138/3865/9887
3865;https://www.hribi.net/izlet/alpl_zisleranger_weg_untere_holdahutte_mimo_koce_edelweisshutte/138/3865/9397
3866;https://www.hribi.net/izlet/alpl_zisleranger_weg_teufelsteinalm/138/3866/9394
3866;https://www.hribi.net/izlet/zeller_kreuz_teufelsteinalm/138/3866/9770
3866;https://www.hribi.net/izlet/alpl_waldschulle_alpl_teufelsteinalm/138/3866/9891
3866;https://www.hribi.net/izlet/alpl_zisleranger_weg_teufelsteinalm_mimo_koce_edelweisshutte/138/3866/9398
3867;https://www.hribi.net/izlet/alpl_zisleranger_weg_teufelstein/138/3867/9395
3867;https://www.hribi.net/izlet/zeller_kreuz_teufelstein/138/3867/9771
3867;https://www.hribi.net/izlet/alpl_zisleranger_weg_teufelstein_mimo_koce_edelweisshutte/138/3867/9399
3867;https://www.hribi.net/izlet/alpl_waldschulle_alpl_teufelstein/138/3867/9892
3868;https://www.hribi.net/izlet/alpl_zisleranger_weg_edelweisshutte_auf_der_waldtonialm/138/3868/9396
3868;https://www.hribi.net/izlet/alpl_waldschulle_alpl_edelweisshutte_auf_der_waldtonialm/138/3868/9893
3870;https://www.hribi.net/izlet/teichalm_teichalmsee_tyrnauer_almhutte_spodnja_pot/138/3870/9400
3870;https://www.hribi.net/izlet/teichalm_teichalmsee_tyrnauer_almhutte_zgornja_pot/138/3870/9404
3872;https://www.hribi.net/izlet/teichalm_teichalmsee_gerlerkogel_zgornja_pot/138/3872/9406
3872;https://www.hribi.net/izlet/nechnitz_gerlerkogel_cez_gschaidberg/138/3872/9504
3872;https://www.hribi.net/izlet/teichalm_teichalmsee_gerlerkogel_mimo_kriza_gerlerkreuz/138/3872/9407
3872;https://www.hribi.net/izlet/teichalm_angerwirt_gerlerkogel/138/3872/9603
3873;https://www.hribi.net/izlet/gasen_plankogel_ob_ucni_poti/138/3873/10299
3873;https://www.hribi.net/izlet/brandlucken_plankogel/138/3873/10294
3873;https://www.hribi.net/izlet/stoakoglhutte_plankogel/138/3873/9408
3873;https://www.hribi.net/izlet/sommeralm_plankogel/138/3873/9410
3873;https://www.hribi.net/izlet/strassegg_plankogel/138/3873/9435
3873;https://www.hribi.net/izlet/teichalm_parkirisce_heulantsch_plankogel/138/3873/9689
3873;https://www.hribi.net/izlet/pension_camping_holzmeister_plankogel_cez_planino_kerscbaumalm/138/3873/9422
3874;https://www.hribi.net/izlet/brandlucken_sommeralm/138/3874/10295
3874;https://www.hribi.net/izlet/teichalm_harrerhutte_sommeralm/138/3874/9416
3874;https://www.hribi.net/izlet/stoakoglhutte_sommeralm/138/3874/9409
3874;https://www.hribi.net/izlet/strassegg_sommeralm/138/3874/9434
3874;https://www.hribi.net/izlet/pension_camping_holzmeister_sommeralm_cez_planino_kerscbaumalm/138/3874/9421
3874;https://www.hribi.net/izlet/teichalm_parkirisce_heulantsch_sommeralm/138/3874/9688
3874;https://www.hribi.net/izlet/pension_camping_holzmeister_sommeralm_po_grebenu_siebenkogel/138/3874/9419
3875;https://www.hribi.net/izlet/sommeralm_brundlkogel/138/3875/9412
3875;https://www.hribi.net/izlet/pension_camping_holzmeister_brundlkogel_po_grebenu_siebenkogel/138/3875/9420
3875;https://www.hribi.net/izlet/teichalm_harrerhutte_brundlkogel/138/3875/9417
3876;https://www.hribi.net/izlet/teichalm_angerwirt_osser/138/3876/9414
3876;https://www.hribi.net/izlet/sommeralm_osser/138/3876/9413
3876;https://www.hribi.net/izlet/teichalm_harrerhutte_osser/138/3876/9415
3876;https://www.hribi.net/izlet/pension_camping_holzmeister_osser/138/3876/9418
3877;https://www.hribi.net/izlet/pension_camping_holzmeister_haberlstall_alm/138/3877/9424
3877;https://www.hribi.net/izlet/teichalm_parkirisce_heulantsch_haberlstall_alm/138/3877/9694
3877;https://www.hribi.net/izlet/sommeralm_haberlstall_alm/138/3877/9427
3877;https://www.hribi.net/izlet/stoakoglhutte_haberlstall_alm/138/3877/9677
3877;https://www.hribi.net/izlet/strassegg_haberlstall_alm/138/3877/9433
3878;https://www.hribi.net/izlet/strassegg_zechnerschlag_rohregg/138/3878/9432
3878;https://www.hribi.net/izlet/sommeralm_zechnerschlag_rohregg/138/3878/9428
3878;https://www.hribi.net/izlet/pension_camping_holzmeister_zechnerschlag_rohregg/138/3878/9425
3878;https://www.hribi.net/izlet/stoakoglhutte_zechnerschlag_rohregg/138/3878/9678
3878;https://www.hribi.net/izlet/teichalm_parkirisce_heulantsch_zechnerschlag_rohregg/138/3878/9695
3879;https://www.hribi.net/izlet/strassengel_generalkogel/28/3879/9426
3881;https://www.hribi.net/izlet/strassengel_frauenkogel/28/3881/9429
3881;https://www.hribi.net/izlet/strassengel_frauenkogel_pot_st_1/28/3881/9430
3882;https://www.hribi.net/izlet/strassegg_mitterbachkogel/138/3882/9431
3883;https://www.hribi.net/izlet/strassegg_hochschlag/138/3883/9436
3884;https://www.hribi.net/izlet/gornje_sitno_ljubljan_cez_klancac/64/3884/9437
3885;https://www.hribi.net/izlet/ubelbach_schankkogel/28/3885/9438
3885;https://www.hribi.net/izlet/ubelbach_schankkogel_strma_pot/28/3885/9439
3886;https://www.hribi.net/izlet/gorica_pri_slivnici_peseke/25/3886/9440
3887;https://www.hribi.net/izlet/zlatten_hochanger/28/3887/9441
3887;https://www.hribi.net/izlet/bruck_an_der_mur_hochanger_po_cesti/28/3887/9520
3892;https://www.hribi.net/izlet/gornje_sitno_planinsko_zavetisce_ljubljan_cez_klancac/64/3892/9443
3896;https://www.hribi.net/izlet/gornje_sitno_javorska_cez_klancac/64/3896/9444
3897;https://www.hribi.net/izlet/mixnitz_parkirisce_barenschutzklamm_rannerwandkreuz/138/3897/9445
3898;https://www.hribi.net/izlet/gorica_pri_slivnici_cerkev_sv_helene_na_javorju/25/3898/9446
3898;https://www.hribi.net/izlet/turisticna_kmetija_zurej_cerkev_sv_helene_na_javorju/25/3898/9454
3899;https://www.hribi.net/izlet/gorica_pri_slivnici_turisticna_kmetija_zurej/25/3899/9447
3900;https://www.hribi.net/izlet/mixnitz_parkirisce_barenschutzklamm_ranerwand/138/3900/9448
3901;https://www.hribi.net/izlet/gorica_pri_slivnici_slivnisko_jezero/25/3901/9455
3902;https://www.hribi.net/izlet/hebalm_gasthaus_zur_rehbockhutte_barofen/28/3902/9456
3902;https://www.hribi.net/izlet/weinebene_barofen/28/3902/9496
3902;https://www.hribi.net/izlet/weinebene_strasse_barofen/28/3902/10142
3902;https://www.hribi.net/izlet/gasthof_pfeifferstocker_barofen/28/3902/10148
3903;https://www.hribi.net/izlet/weinebene_renneiskogel_spodnja_pot/28/3903/9498
3903;https://www.hribi.net/izlet/weinebene_renneiskogel_zgornja_pot/28/3903/9499
3903;https://www.hribi.net/izlet/hebalm_gasthaus_zur_rehbockhutte_renneiskogel/28/3903/9457
3903;https://www.hribi.net/izlet/gasthof_pfeifferstocker_renneiskogel/28/3903/10150
3903;https://www.hribi.net/izlet/weinebene_strasse_renneiskogel/28/3903/10144
3905;https://www.hribi.net/izlet/gorica_pri_slivnici_gradisce_nad_slivniskim_jezerom_zahodna_pot/25/3905/9460
3905;https://www.hribi.net/izlet/gorica_pri_slivnici_gradisce_nad_slivniskim_jezerom_vzhodna_pot/25/3905/9461
3906;https://www.hribi.net/izlet/gornje_sitno_vickov_stup__cez__ljuvac_in_mimo_kabala/64/3906/9538
3906;https://www.hribi.net/izlet/gornje_sitno_vickov_stup__cez_klancac_in_mimo_ljubljana/64/3906/9463
3907;https://www.hribi.net/izlet/gornje_sitno_ljubirna_cez_klancac_in_mimo_ljubljana/64/3907/9464
3907;https://www.hribi.net/izlet/gornje_sitno_ljubirna_cez__ljuvac_in_mimo_kabala/64/3907/9535
3908;https://www.hribi.net/izlet/gorica_pri_slivnici_gaj/25/3908/9466
3908;https://www.hribi.net/izlet/vezovje_avtobusna_postaja_vezovje_most_gaj/25/3908/9467
3909;https://www.hribi.net/izlet/gorica_pri_slivnici_sveti_urban_gorica_pri_slivnici/25/3909/9465
3910;https://www.hribi.net/izlet/sentjur_grad_rifnik_raicheneck/25/3910/9470
3911;https://www.hribi.net/izlet/ormoz_hum_pri_ormozu/162/3911/9471
3912;https://www.hribi.net/izlet/ormoz_kog/162/3912/9472
3912;https://www.hribi.net/izlet/miklavz_pri_ormozu_kog/162/3912/9478
3914;https://www.hribi.net/izlet/gornje_sitno_planinski_dom_umberto_girometta_cez__ljuvac/64/3914/9474
3916;https://www.hribi.net/izlet/gornje_sitno_veliki_kabal_cez__ljuvac/64/3916/9475
3917;https://www.hribi.net/izlet/ormoz_sveti_miklavz_miklavz_pri_ormozu/162/3917/9476
3918;https://www.hribi.net/izlet/podcetrtek_terme_olimia_grad_podcetrtek/25/3918/9479
3918;https://www.hribi.net/izlet/podcetrtek_sveti_lovrenc_grad_podcetrtek_zahodna_pot/25/3918/9486
3918;https://www.hribi.net/izlet/podcetrtek_sveti_lovrenc_grad_podcetrtek_vzhodna_pot/25/3918/9483
3919;https://www.hribi.net/izlet/podcetrtek_terme_olimia_zavetisce_smarnica_na_mali_rudnici_mimo_gradu_podcetrtek/25/3919/9480
3919;https://www.hribi.net/izlet/podcetrtek_sveti_lovrenc_zavetisce_smarnica_na_mali_rudnici_mimo_gradu_podcetrtek/25/3919/9484
3919;https://www.hribi.net/izlet/podcetrtek_sveti_lovrenc_zavetisce_smarnica_na_mali_rudnici/25/3919/9489
3919;https://www.hribi.net/izlet/olimje_zavetisce_smarnica_na_mali_rudnici/25/3919/9715
3919;https://www.hribi.net/izlet/slake_cerkev_device_marije_na_pesku_zavetisce_smarnica_na_mali_rudnici/25/3919/9720
3920;https://www.hribi.net/izlet/podcetrtek_terme_olimia_silavec_stolp_zdravja_in_veselja_na_rudnici_mimo_gradu_podcetrtek/25/3920/9481
3920;https://www.hribi.net/izlet/podcetrtek_sveti_lovrenc_silavec_stolp_zdravja_in_veselja_na_rudnici_lazja_pot/25/3920/9487
3920;https://www.hribi.net/izlet/olimje_silavec_stolp_zdravja_in_veselja_na_rudnici_tezja_pot/25/3920/9713
3920;https://www.hribi.net/izlet/podcetrtek_sveti_lovrenc_silavec_stolp_zdravja_in_veselja_na_rudnici_mimo_gradu_podcetrtek/25/3920/9485
3920;https://www.hribi.net/izlet/olimje_silavec_stolp_zdravja_in_veselja_na_rudnici_mimo_koce_pri_carovnici/25/3920/9712
3920;https://www.hribi.net/izlet/podcetrtek_sveti_lovrenc_silavec_stolp_zdravja_in_veselja_na_rudnici_tezja_pot/25/3920/9488
3920;https://www.hribi.net/izlet/olimje_silavec_stolp_zdravja_in_veselja_na_rudnici_lazja_pot/25/3920/9714
3920;https://www.hribi.net/izlet/spodnje_tinsko_silavec_stolp_zdravja_in_veselja_na_rudnici/25/3920/9700
3920;https://www.hribi.net/izlet/slake_cerkev_device_marije_na_pesku_silavec_stolp_zdravja_in_veselja_na_rudnici_lazja_pot/25/3920/9719
3920;https://www.hribi.net/izlet/slake_cerkev_device_marije_na_pesku_silavec_stolp_zdravja_in_veselja_na_rudnici_tezja_pot/25/3920/9718
3921;https://www.hribi.net/izlet/podcetrtek_terme_olimia_sveti_lovrenc_podcetrtek_zgornja_pot/25/3921/9482
3922;https://www.hribi.net/izlet/weinebene_wolfstein_am_wildbachsattel/28/3922/9495
3922;https://www.hribi.net/izlet/weinebene_strasse_wolfstein_am_wildbachsattel/28/3922/10143
3922;https://www.hribi.net/izlet/hebalm_gasthaus_zur_rehbockhutte_wolfstein_am_wildbachsattel/28/3922/9490
3922;https://www.hribi.net/izlet/gasthof_pfeifferstocker_wolfstein_am_wildbachsattel/28/3922/10149
3923;https://www.hribi.net/izlet/weinebene_jagdhaus_strasserhalt/28/3923/9493
3923;https://www.hribi.net/izlet/weinebene_strasse_jagdhaus_strasserhalt/28/3923/10141
3923;https://www.hribi.net/izlet/gasthof_pfeifferstocker_jagdhaus_strasserhalt/28/3923/10147
3924;https://www.hribi.net/izlet/strigova_maderkin_breg/61/3924/9494
3925;https://www.hribi.net/izlet/grad_evangelicanska_cerkev_bodonci/163/3925/9500
3925;https://www.hribi.net/izlet/tisina_evangelicanska_cerkev_bodonci/163/3925/10388
3926;https://www.hribi.net/izlet/zelimlje_sv_marjeta_na_golem_najkrajsa_pot/26/3926/9501
3927;https://www.hribi.net/izlet/nechnitz_gschaidberg/138/3927/9502
3927;https://www.hribi.net/izlet/teichalm_teichalmsee_gschaidberg_zgornja_pot/138/3927/9608
3927;https://www.hribi.net/izlet/teichalm_teichalmsee_gschaidberg_mimo_kriza_gerlerkreuz/138/3927/9609
3927;https://www.hribi.net/izlet/teichalm_angerwirt_gschaidberg/138/3927/9610
3928;https://www.hribi.net/izlet/nechnitz_gerlerkogelhutte_cez_gschaidberg/138/3928/9503
3928;https://www.hribi.net/izlet/teichalm_teichalmsee_gerlerkogelhutte_mimo_kriza_gerlerkreuz/138/3928/9601
3928;https://www.hribi.net/izlet/teichalm_angerwirt_gerlerkogelhutte/138/3928/9602
3928;https://www.hribi.net/izlet/teichalm_teichalmsee_gerlerkogelhutte_zgornja_pot/138/3928/9604
3931;https://www.hribi.net/izlet/brinte_sele_pongrac_mali_vrh_kamnik_severovzhodna_pot/25/3931/9506
3932;https://www.hribi.net/izlet/laufnitzgraben_schutzhutte_wieseralm/28/3932/9507
3933;https://www.hribi.net/izlet/laufnitzgraben_bei_den_drei_pfarren/28/3933/9508
3934;https://www.hribi.net/izlet/omp_kuzma_bruchen/138/3934/9509
3935;https://www.hribi.net/izlet/omp_kuzma_stadelberg/138/3935/9512
3935;https://www.hribi.net/izlet/tv_neuhaus_am_klausenbach_stadelberg/138/3935/9516
3936;https://www.hribi.net/izlet/pernegg_an_der_mur_zelezniska_postaja_rennfeld/138/3936/9510
3937;https://www.hribi.net/izlet/niklasdorfgraben_parkirisce_mugel_mugel/28/3937/9511
3938;https://www.hribi.net/izlet/niklasdorfgraben_parkirisce_mugel_rosseck_cez_mugel/28/3938/9514
3939;https://www.hribi.net/izlet/parkirisce_hoyer_neuhofgraben_gleinalm_schutzhaus/28/3939/9517
3940;https://www.hribi.net/izlet/parkirisce_hoyer_neuhofgraben_speikkogel_glinska_planina___gleinalpe/28/3940/9518
3940;https://www.hribi.net/izlet/parkirisce_hoyer_neuhofgraben_speikkogel_glinska_planina___gleinalpe_cez_kreuzsattel/28/3940/9965
3941;https://www.hribi.net/izlet/parkirisce_hoyer_neuhofgraben_lenzmoarkogel_glinska_planina___gleinalpe/28/3941/9519
3941;https://www.hribi.net/izlet/parkirisce_hoyer_neuhofgraben_lenzmoarkogel_glinska_planina___gleinalpe_cez_kreuzsattel/28/3941/9966
3942;https://www.hribi.net/izlet/dobra___neuhaus_am_klausenbach_grad_dobra___burgruine_neuhaus_am_klausenbach/138/3942/9521
3943;https://www.hribi.net/izlet/dobra___neuhaus_am_klausenbach_grad_tabor_pri_dobri___schloss_tabor_in_neuhaus_am_klausenbach_cez_pfaffenriegel/138/3943/9522
3943;https://www.hribi.net/izlet/dobra___neuhaus_am_klausenbach_grad_tabor_pri_dobri___schloss_tabor_in_neuhaus_am_klausenbach_cez_pfaffengraben/138/3943/9524
3943;https://www.hribi.net/izlet/omp_kuzma_grad_tabor_pri_dobri___schloss_tabor_in_neuhaus_am_klausenbach/138/3943/9530
3944;https://www.hribi.net/izlet/dobra___neuhaus_am_klausenbach_galgenkreuz_cez_pfaffenriegel/138/3944/9523
3944;https://www.hribi.net/izlet/tv_neuhaus_am_klausenbach_galgenkreuz/138/3944/9554
3944;https://www.hribi.net/izlet/omp_kuzma_galgenkreuz/138/3944/9531
3944;https://www.hribi.net/izlet/dobra___neuhaus_am_klausenbach_galgenkreuz_cez_pfaffengraben/138/3944/9525
3944;https://www.hribi.net/izlet/dobra___neuhaus_am_klausenbach_galgenkreuz_skozi_hofwald/138/3944/9532
3944;https://www.hribi.net/izlet/tv_neuhaus_am_klausenbach_galgenkreuz_po_cesti/138/3944/9555
3945;https://www.hribi.net/izlet/omp_matjasevci_grenzgasthaus_mertschnigg/138/3945/10257
3945;https://www.hribi.net/izlet/tv_neuhaus_am_klausenbach_grenzgasthaus_mertschnigg/138/3945/9526
3946;https://www.hribi.net/izlet/omp_kuzma_rauscherriegel/138/3946/9527
3946;https://www.hribi.net/izlet/tv_neuhaus_am_klausenbach_rauscherriegel/138/3946/9528
3947;https://www.hribi.net/izlet/omp_kuzma_wolfsriegel/138/3947/9529
3948;https://www.hribi.net/izlet/budinci_mejni_prehod_mali_triglav_andovci___kis_triglav_orfalu_po_oznaceni_poti/132/3948/9539
3948;https://www.hribi.net/izlet/andovci___orfalu_mali_triglav_andovci___kis_triglav_orfalu/132/3948/9541
3949;https://www.hribi.net/izlet/zgornja_polskava_grad_gromberg/4/3949/9540
3950;https://www.hribi.net/izlet/deutschfeistritz_kugelberg/28/3950/9544
3951;https://www.hribi.net/izlet/deutschfeistritz_parmaseggkogel_cez_kugelberg/28/3951/9546
3952;https://www.hribi.net/izlet/kamnolom_ljubelj_ljubelj/61/3952/9548
3953;https://www.hribi.net/izlet/svecina_turisticna_kmetija_dreisiebner_srce_med_vinogradi/162/3953/9551
3953;https://www.hribi.net/izlet/zgornja_kungota_turisticna_kmetija_dreisiebner_srce_med_vinogradi/162/3953/9550
3953;https://www.hribi.net/izlet/jurij_grusena_turisticna_kmetija_dreisiebner_srce_med_vinogradi/162/3953/9549
3954;https://www.hribi.net/izlet/mrzla_voda_dolina_divja_koza_cez_trbisko_skrbino/1/3954/9553
3955;https://www.hribi.net/izlet/omp_kuzma_schloss_kapfenstein/138/3955/9558
3955;https://www.hribi.net/izlet/dobra___neuhaus_am_klausenbach_schloss_kapfenstein_cez_pfaffengraben/138/3955/9563
3955;https://www.hribi.net/izlet/lahmbach_schloss_kapfenstein/138/3955/9577
3955;https://www.hribi.net/izlet/tv_neuhaus_am_klausenbach_schloss_kapfenstein/138/3955/9571
3955;https://www.hribi.net/izlet/dobra___neuhaus_am_klausenbach_schloss_kapfenstein_cez_pfaffenriegel/138/3955/9567
3955;https://www.hribi.net/izlet/dobra___neuhaus_am_klausenbach_schloss_kapfenstein_skozi_hofwald/138/3955/9582
3956;https://www.hribi.net/izlet/omp_kuzma_sv_miklavz___st_nikolaus_kapfenstein/138/3956/9559
3956;https://www.hribi.net/izlet/lahmbach_sv_miklavz___st_nikolaus_kapfenstein/138/3956/9576
3956;https://www.hribi.net/izlet/dobra___neuhaus_am_klausenbach_sv_miklavz___st_nikolaus_kapfenstein_cez_pfaffengraben/138/3956/9564
3956;https://www.hribi.net/izlet/tv_neuhaus_am_klausenbach_sv_miklavz___st_nikolaus_kapfenstein/138/3956/9572
3956;https://www.hribi.net/izlet/dobra___neuhaus_am_klausenbach_sv_miklavz___st_nikolaus_kapfenstein_cez_pfaffenriegel/138/3956/9568
3956;https://www.hribi.net/izlet/dobra___neuhaus_am_klausenbach_sv_miklavz___st_nikolaus_kapfenstein_skozi_hofwald/138/3956/9583
3957;https://www.hribi.net/izlet/borovnica_planina_nad_borovnico_cesnjeva_pot/26/3957/9560
3958;https://www.hribi.net/izlet/komiza_sveti_duh_hum_direktna_pot/63/3958/9573
3958;https://www.hribi.net/izlet/borovic_cesta_na_hum_sveti_duh_hum_mimo_titove_spilje/63/3958/9631
3958;https://www.hribi.net/izlet/zena_glava_sveti_duh_hum/63/3958/9587
3962;https://www.hribi.net/izlet/komiza_orlovica_mimo_svetega_duha/63/3962/9575
3962;https://www.hribi.net/izlet/zena_glava_orlovica/63/3962/9588
3962;https://www.hribi.net/izlet/borovic_cesta_na_hum_orlovica_mimo_titove_spilje/63/3962/9632
3964;https://www.hribi.net/izlet/mp_hodos_hatarkopark/163/3964/9584
3964;https://www.hribi.net/izlet/hodos_hatarkopark/163/3964/9649
3964;https://www.hribi.net/izlet/budinci_mejni_prehod_hatarkopark/163/3964/9590
3964;https://www.hribi.net/izlet/mladinski_dom_hodos_hatarkopark/163/3964/9651
3966;https://www.hribi.net/izlet/zena_glava_titova_spilja/63/3966/9586
3966;https://www.hribi.net/izlet/borovic_cesta_na_hum_titova_spilja/63/3966/9630
3967;https://www.hribi.net/izlet/hodos_cerkev_sv_nikolaja_dolenci/163/3967/9591
3968;https://www.hribi.net/izlet/sveta_katarina_zgornja_kapla_panoramaschenke_tertinek_avstrijska_pot/28/3968/9596
3968;https://www.hribi.net/izlet/omp_remsnik_panoramaschenke_tertinek/28/3968/9598
3968;https://www.hribi.net/izlet/sveta_katarina_zgornja_kapla_panoramaschenke_tertinek_slovenska_pot/28/3968/9597
3969;https://www.hribi.net/izlet/teichalm_teichalmsee_wildkogel_zgornja_pot/138/3969/9605
3969;https://www.hribi.net/izlet/teichalm_teichalmsee_wildkogel_mimo_kriza_gerlerkreuz/138/3969/9606
3969;https://www.hribi.net/izlet/teichalm_angerwirt_wildkogel/138/3969/9607
3970;https://www.hribi.net/izlet/selnica_ob_dravi_sv_janez_krstnik_janzeva_gora/162/3970/9614
3970;https://www.hribi.net/izlet/janzeva_gora_sv_janez_krstnik_janzeva_gora/162/3970/9617
3971;https://www.hribi.net/izlet/selnica_ob_dravi_janzev_vrh/162/3971/9615
3971;https://www.hribi.net/izlet/janzeva_gora_janzev_vrh_mimo_cerkve_sv_janeza_krstnika/162/3971/9618
3972;https://www.hribi.net/izlet/selnica_ob_dravi_kranjceva_pecina/162/3972/9616
3972;https://www.hribi.net/izlet/janzeva_gora_kranjceva_pecina_mimo_cerkve_sv_janeza_krstnika/162/3972/9619
3973;https://www.hribi.net/izlet/zgornja_polskava_slap_sum_polskavski_vintgar/4/3973/9621
3974;https://www.hribi.net/izlet/zgornja_polskava_sveti_martin_smartno_na_pohorju_skozi_polskavski_vintgar/4/3974/9622
3974;https://www.hribi.net/izlet/zgornja_polskava_sveti_martin_smartno_na_pohorju_cez_kocno_pri_polskavi/4/3974/9623
3975;https://www.hribi.net/izlet/stoperce_skrbatnica/11/3975/9624
3976;https://www.hribi.net/izlet/stoperce_sveta_ana_nad_stopercami/11/3976/9625
3977;https://www.hribi.net/izlet/stoperce_okrepcevalnica_zelena_dolina/11/3977/9626
3978;https://www.hribi.net/izlet/brzika_cerkev_marije_loretske_na_loznem/11/3978/9641
3978;https://www.hribi.net/izlet/okrepcevalnica_zelena_dolina_cerkev_marije_loretske_na_loznem/11/3978/9640
3979;https://www.hribi.net/izlet/zgornje_poljcane_rancka/11/3979/9654
3979;https://www.hribi.net/izlet/lovnik_rancka/11/3979/9657
3979;https://www.hribi.net/izlet/zgornje_poljcane_rancka_po_jakobovi_poti/11/3979/10965
3980;https://www.hribi.net/izlet/lovnik_turisticna_kmetija_debelak/11/3980/9655
3985;https://www.hribi.net/izlet/sveti_mihovil_nad_komizo_mali_hum/63/3985/9658
3986;https://www.hribi.net/izlet/cunkovica_planinski_dom_sveti_andrija_po_cesti/63/3986/9659
3987;https://www.hribi.net/izlet/gornji_grad_jama_jespa_mimo_strmcnika/3/3987/9660
3987;https://www.hribi.net/izlet/gornji_grad_jama_jespa_cez_borovnico/3/3987/9664
3987;https://www.hribi.net/izlet/gornji_grad_jama_jespa_mimo_semprimoznika/3/3987/9667
3988;https://www.hribi.net/izlet/stoakoglhutte_stoahandhutte/138/3988/9670
3988;https://www.hribi.net/izlet/sommeralm_stoahandhutte/138/3988/9679
3988;https://www.hribi.net/izlet/strassegg_stoahandhutte/138/3988/9696
3988;https://www.hribi.net/izlet/teichalm_parkirisce_heulantsch_stoahandhutte/138/3988/9683
3988;https://www.hribi.net/izlet/pension_camping_holzmeister_stoahandhutte/138/3988/9681
3991;https://www.hribi.net/izlet/borak_planinska_koca_omiska_dinara_/64/3991/9675
3992;https://www.hribi.net/izlet/borak_kula_omiska_dinara/64/3992/9676
3994;https://www.hribi.net/izlet/zaliv_velo_zalo_palagruza/63/3994/9684
3995;https://www.hribi.net/izlet/gornje_selo_vela_straza_otok_solta/63/3995/9687
3995;https://www.hribi.net/izlet/cerkev_gospe_od_stomorske_vela_straza_otok_solta/63/3995/9686
3996;https://www.hribi.net/izlet/gasen_stoakoglhutte_ob_ucni_poti/138/3996/10298
3996;https://www.hribi.net/izlet/brandlucken_stoakoglhutte/138/3996/10293
3996;https://www.hribi.net/izlet/teichalm_parkirisce_heulantsch_stoakoglhutte/138/3996/9691
3996;https://www.hribi.net/izlet/pension_camping_holzmeister_stoakoglhutte_cez_planino_kerscbaumalm/138/3996/9699
3996;https://www.hribi.net/izlet/strassegg_stoakoglhutte/138/3996/9698
3998;https://www.hribi.net/izlet/kotcse_alman-teto/133/3998/9693
3998;https://www.hribi.net/izlet/szolad_alman-teto/133/3998/9692
4000;https://www.hribi.net/izlet/olimje_plesivec_rudnica/25/4000/9710
4000;https://www.hribi.net/izlet/olimje_plesivec_rudnica_mimo_zmajevega_jezera/25/4000/9706
4000;https://www.hribi.net/izlet/podcetrtek_terme_olimia_plesivec_rudnica_mimo_gradu_podcetrtek/25/4000/9723
4000;https://www.hribi.net/izlet/spodnje_tinsko_plesivec_rudnica/25/4000/9701
4000;https://www.hribi.net/izlet/loka_pri_zusmu_zamerk_plesivec_rudnica/25/4000/10117
4000;https://www.hribi.net/izlet/podcetrtek_sveti_lovrenc_plesivec_rudnica/25/4000/9721
4000;https://www.hribi.net/izlet/loka_pri_zusmu_hudi_graben_plesivec_rudnica/25/4000/10118
4000;https://www.hribi.net/izlet/slake_cerkev_device_marije_na_pesku_plesivec_rudnica/25/4000/9716
4001;https://www.hribi.net/izlet/podcetrtek_terme_olimia_lendrse_mimo_gradu_podcetrtek/25/4001/9724
4001;https://www.hribi.net/izlet/olimje_lendrse/25/4001/9711
4001;https://www.hribi.net/izlet/spodnje_tinsko_lendrse/25/4001/9702
4001;https://www.hribi.net/izlet/slake_cerkev_device_marije_na_pesku_lendrse/25/4001/9717
4001;https://www.hribi.net/izlet/podcetrtek_sveti_lovrenc_lendrse/25/4001/9722
4002;https://www.hribi.net/izlet/olimje_koca_pri_carovnici/25/4002/9703
4003;https://www.hribi.net/izlet/olimje_zmajevo_jezero_na_olimski_gori/25/4003/9704
4004;https://www.hribi.net/izlet/olimje_lovski_bivak_na_olimski_gori/25/4004/9705
4005;https://www.hribi.net/izlet/olimje_olimska_gora_mimo_zmajevega_jezera/25/4005/9707
4006;https://www.hribi.net/izlet/kozje_vetrnik/25/4006/9708
4007;https://www.hribi.net/izlet/markovscina_sveti_rok_skadanscina/26/4007/9740
4007;https://www.hribi.net/izlet/skadanscina_sveti_rok_skadanscina/26/4007/9731
4008;https://www.hribi.net/izlet/budaci_velinac/30/4008/9739
4010;https://www.hribi.net/izlet/lanisce_razgledisce_pod_srnjakom_nad_logatcem/26/4010/9741
4010;https://www.hribi.net/izlet/kalce_razgledisce_pod_srnjakom_nad_logatcem/26/4010/9745
4010;https://www.hribi.net/izlet/grcarevec_razgledisce_pod_srnjakom_nad_logatcem/26/4010/9742
4011;https://www.hribi.net/izlet/planina_pri_sevnici_darinkino_zavetisce_na_ivcah/25/4011/9746
4011;https://www.hribi.net/izlet/podgorje_ob_sevnicni_kurja_vas_darinkino_zavetisce_na_ivcah/25/4011/9750
4012;https://www.hribi.net/izlet/planina_pri_sevnici_jesivec/25/4012/9747
4012;https://www.hribi.net/izlet/podgorje_ob_sevnicni_kurja_vas_jesivec/25/4012/9751
4012;https://www.hribi.net/izlet/krakovo_vinska_klet_mastnak_jesivec/25/4012/10279
4012;https://www.hribi.net/izlet/sevnica_jesivec_cez_zajcjo_goro/25/4012/10282
4013;https://www.hribi.net/izlet/planina_pri_sevnici_mala_lisca/25/4013/9748
4013;https://www.hribi.net/izlet/podgorje_ob_sevnicni_kurja_vas_mala_lisca/25/4013/9752
4014;https://www.hribi.net/izlet/radece_stari_grad_radece_ratschach/25/4014/9754
4015;https://www.hribi.net/izlet/radece_svinjski_rt/25/4015/9755
4016;https://www.hribi.net/izlet/radece_sveta_katarina_zavrate/25/4016/9756
4017;https://www.hribi.net/izlet/dolina_sopote_zagrad_sveta_trojica_cimerno/25/4017/9766
4017;https://www.hribi.net/izlet/radece_sveta_trojica_cimerno/25/4017/9757
4017;https://www.hribi.net/izlet/zidani_most_sveta_trojica_cimerno/25/4017/9763
4018;https://www.hribi.net/izlet/bistrica_ob_sotli_grad_kunsperk_pot_ljubezni/25/4018/9759
4018;https://www.hribi.net/izlet/bizeljska_vas_grad_kunsperk/25/4018/9760
4019;https://www.hribi.net/izlet/mazinski_preval_previja_/62/4019/9776
4020;https://www.hribi.net/izlet/mazinski_preval_kremen/62/4020/9777
4022;https://www.hribi.net/izlet/agion_pneuma_avrakondes_spathi_kreta/150/4022/9790
4023;https://www.hribi.net/izlet/drezniske_ravne_slap_curk/1/4023/9780
4024;https://www.hribi.net/izlet/kosmadei_vigla_kerkis_samos_no_11___10/150/4024/9799
4024;https://www.hribi.net/izlet/kosmadei_vigla_kerkis_samos_no_9___10/150/4024/10885
4025;https://www.hribi.net/izlet/golte_alpski_vrt_ledenica_na_golteh/3/4025/9781
4025;https://www.hribi.net/izlet/atelsko_sedlo_ledenica_na_golteh/3/4025/9795
4025;https://www.hribi.net/izlet/radegunda_zekovec_ledenica_na_golteh_skozi_zagradisko_puso/3/4025/9932
4026;https://www.hribi.net/izlet/dom_na_smrekovcu_crno_jezero_koncnikova_mlakuza/3/4026/9798
4026;https://www.hribi.net/izlet/javorje_mala_crna_crno_jezero_koncnikova_mlakuza/3/4026/10366
4027;https://www.hribi.net/izlet/zeller_kreuz_stanglalm/138/4027/9800
4027;https://www.hribi.net/izlet/schanzsattel_stanglalm/138/4027/9804
4028;https://www.hribi.net/izlet/zeller_kreuz_stanglalpe/138/4028/9801
4028;https://www.hribi.net/izlet/schanzsattel_stanglalpe/138/4028/9805
4029;https://www.hribi.net/izlet/zeller_kreuz_leopold-wittmaier-hutte/138/4029/9802
4029;https://www.hribi.net/izlet/schanzsattel_leopold-wittmaier-hutte/138/4029/9806
4030;https://www.hribi.net/izlet/kosmadei_zastano_samos_no_11___10/150/4030/9803
4031;https://www.hribi.net/izlet/oberfresen_brendlwald_schwanberger_brendlhutte/28/4031/9807
4032;https://www.hribi.net/izlet/oberfresen_brendlwald_die_kramerin/28/4032/9808
4033;https://www.hribi.net/izlet/oberfresen_brendlwald_glitzhutte_glitzalm/28/4033/9809
4034;https://www.hribi.net/izlet/oberfresen_brendlwald_burgerhalt_golica__koralpe/28/4034/9810
4035;https://www.hribi.net/izlet/oberfresen_brendlwald_ochsenstein_golica___koralpe_zgornja_pot/28/4035/9818
4035;https://www.hribi.net/izlet/oberfresen_brendlwald_ochsenstein_golica___koralpe_spodnja_pot/28/4035/9814
4036;https://www.hribi.net/izlet/oberfresen_brendlwald_glitzfelsen_golica___koralpe/28/4036/9815
4037;https://www.hribi.net/izlet/oberfresen_brendlwald_kleiner_frauenkogel_golica___koralpe/28/4037/9816
4038;https://www.hribi.net/izlet/oberfresen_brendlwald_grosser_frauenkogel/28/4038/9817
4039;https://www.hribi.net/izlet/nagyvazsony_kab-hegy/132/4039/9819
4041;https://www.hribi.net/izlet/drezniske_ravne_planina_zaplec/1/4041/9825
4042;https://www.hribi.net/izlet/planina_zaplec_srednji_vrh_pri_krnu/1/4042/9827
4043;https://www.hribi.net/izlet/mokrine___nassfeld_javornik___auernig/27/4043/9829
4043;https://www.hribi.net/izlet/mokrine___nassfeld_javornik___auernig_cez_planino_javornik/27/4043/9833
4044;https://www.hribi.net/izlet/mokrine___nassfeld_planina_javornik___auernig_alm/27/4044/9831
4045;https://www.hribi.net/izlet/podkraj___unterort_emmis_mosthutte_po_poti_st_p6/11/4045/9834
4046;https://www.hribi.net/izlet/podkraj___unterort_alte_zollhutte_po_poti_st_p6/11/4046/9835
4047;https://www.hribi.net/izlet/podkraj___unterort_berggasthaus_siebenhutten_po_poti_st_p6/11/4047/9836
4048;https://www.hribi.net/izlet/korito___coritis_planina_kanin___casera_canin_pot_642/1/4048/9838
4049;https://www.hribi.net/izlet/podkraj___unterort_ezzos_hutte_po_poti_st_p6/11/4049/9839
4050;https://www.hribi.net/izlet/gozdec_crni_vogel/1/4050/9843
4051;https://www.hribi.net/izlet/panoramska_restavracija_oben_alte_bleiburger_hutte/11/4051/9844
4052;https://www.hribi.net/izlet/spodnje_radvanje_arheolosko_najdisce_postela/4/4052/9851
4054;https://www.hribi.net/izlet/preiner_gscheid_waxriegelhaus_rax_mimo_izvira_helenenquelle/59/4054/9863
4054;https://www.hribi.net/izlet/preiner_gscheid_waxriegelhaus_rax/59/4054/9859
4055;https://www.hribi.net/izlet/raxalm-berggasthof_rax_karl-ludwig-haus_rax_mimo_zavetisca_raxgmoahutte/59/4055/10357
4055;https://www.hribi.net/izlet/preiner_gscheid_karl-ludwig-haus_rax_mimo_izvira_helenenquelle/59/4055/9864
4055;https://www.hribi.net/izlet/preiner_gscheid_karl-ludwig-haus_rax_schlangenweg/59/4055/9860
4056;https://www.hribi.net/izlet/preiner_gscheid_heukuppe_rax_schlangenweg/59/4056/9861
4056;https://www.hribi.net/izlet/preiner_gscheid_heukuppe_rax_mimo_izvira_helenenquelle/59/4056/9866
4056;https://www.hribi.net/izlet/raxalm-berggasthof_rax_heukuppe_rax_mimo_zavetisca_raxgmoahutte/59/4056/10359
4057;https://www.hribi.net/izlet/raxalm-berggasthof_rax_raxkircherl_rax_mimo_zavetisca_raxgmoahutte/59/4057/10358
4057;https://www.hribi.net/izlet/preiner_gscheid_raxkircherl_rax_schlangenweg/59/4057/9862
4057;https://www.hribi.net/izlet/preiner_gscheid_raxkircherl_rax_mimo_izvira_helenenquelle/59/4057/9865
4058;https://www.hribi.net/izlet/alpl_zisleranger_weg_hauereckhutte/138/4058/9867
4058;https://www.hribi.net/izlet/alpl_waldschulle_alpl_hauereckhutte/138/4058/9875
4059;https://www.hribi.net/izlet/alpl_zisleranger_weg_holta-hutte_rattner_alm/138/4059/9870
4059;https://www.hribi.net/izlet/alpl_waldschulle_alpl_holta-hutte_rattner_alm/138/4059/9884
4060;https://www.hribi.net/izlet/alpl_zisleranger_weg_steinriegel/138/4060/9871
4060;https://www.hribi.net/izlet/roseggerhaus_steinriegel/138/4060/9876
4060;https://www.hribi.net/izlet/alpl_waldschulle_alpl_steinriegel/138/4060/9885
4062;https://www.hribi.net/izlet/ljubuncic_velika_golija_veliki_vrh/65/4062/9874
4063;https://www.hribi.net/izlet/solbica___stolvizza_ricovero_igor_crasso/1/4063/9877
4064;https://www.hribi.net/izlet/zejno_foto_ivansek_sveti_vid_sentviska_gora_bosonoga_pot_lojzeta_ogorevca/25/4064/10894
4064;https://www.hribi.net/izlet/catez_ob_savi_sveti_vid_sentviska_gora/25/4064/10895
4064;https://www.hribi.net/izlet/catez_ob_savi_sveti_vid_sentviska_gora_leseni_krizev_pot/25/4064/10896
4065;https://www.hribi.net/izlet/mikro_papingo_astraka/172/4065/9878
4066;https://www.hribi.net/izlet/tatikahidegkut_tatika_var_modra_pot/132/4066/9879
4069;https://www.hribi.net/izlet/gossgraben_schneewinkelspitze_detmolder_grat/57/4069/9897
4070;https://www.hribi.net/izlet/sankt_ilgen_der_bodenbauer_zinken_mimo_koce_hauslalmhutte/59/4070/9898
4071;https://www.hribi.net/izlet/mokrine___nassfeld_krniska_gora___garnitzenberg_cez_planino_javornik/27/4071/9900
4071;https://www.hribi.net/izlet/mokrine___nassfeld_krniska_gora___garnitzenberg_auernig_hohenweg/27/4071/9901
4072;https://www.hribi.net/izlet/alpl_waldschulle_alpl_heldenkapelle_alpl/138/4072/9902
4074;https://www.hribi.net/izlet/gajsevsko_jezero_gajsevsko_jezero_pot_okoli_jezera/162/4074/9904
4076;https://www.hribi.net/izlet/vrbovica_veliki_gradac_juzna_pot/63/4076/9905
4076;https://www.hribi.net/izlet/vrbovica_veliki_gradac_severna_pot/63/4076/9906
4077;https://www.hribi.net/izlet/gajsevsko_jezero_grad_branek_mallegg/162/4077/9907
4078;https://www.hribi.net/izlet/zrece_cerkev_sv_egidija_gorenje_pri_zrecah/4/4078/9908
4078;https://www.hribi.net/izlet/zrece_cerkev_sv_egidija_gorenje_pri_zrecah_mimo_sv_martina/4/4078/9920
4079;https://www.hribi.net/izlet/sentjanz_leskovski_hrib/25/4079/9970
4080;https://www.hribi.net/izlet/mokrine___nassfeld_v_peceh___casera_for/27/4080/9912
4082;https://www.hribi.net/izlet/gornji_cetar___felsocsatar_nagyvilagos_merotorony_pot_ob_reki_pinka/132/4082/9925
4082;https://www.hribi.net/izlet/gornji_cetar___felsocsatar_nagyvilagos_merotorony_pot_zeleni_trikotnik/132/4082/9926
4083;https://www.hribi.net/izlet/radegunda_zekovec_sveta_radegunda_radegunda/3/4083/9927
4085;https://www.hribi.net/izlet/drazgose_jelensce_britmanca/21/4085/9933
4085;https://www.hribi.net/izlet/drazgose_jelensce_britmanca_polozna_pot/21/4085/9935
4085;https://www.hribi.net/izlet/drazgose_na_peceh_britmanca/21/4085/9934
4086;https://www.hribi.net/izlet/korita_cerkev_gospe_od_brijega_planjak_po_cesti/63/4086/9937
4087;https://www.hribi.net/izlet/aflenz_kurort_freibad_aflenz_wirtshaus_pierergut/59/4087/9938
4087;https://www.hribi.net/izlet/aflenz_kurort_burgergraben_wirtshaus_pierergut/59/4087/9944
4088;https://www.hribi.net/izlet/aflenz_kurort_freibad_aflenz_burgeralm/59/4088/9939
4088;https://www.hribi.net/izlet/aflenz_kurort_burgergraben_burgeralm/59/4088/9945
4089;https://www.hribi.net/izlet/aflenz_kurort_freibad_aflenz_hochstein_pri_mitteralm/59/4089/9940
4089;https://www.hribi.net/izlet/aflenz_kurort_freibad_aflenz_hochstein_pri_mitteralm_cez_windgrube/59/4089/9942
4089;https://www.hribi.net/izlet/aflenz_kurort_burgergraben_hochstein_pri_mitteralm/59/4089/9946
4089;https://www.hribi.net/izlet/aflenz_kurort_burgergraben_hochstein_pri_mitteralm_cez_windgrube/59/4089/9948
4089;https://www.hribi.net/izlet/burgeralm_panoramastrasse_hochstein_pri_mitteralm/59/4089/9952
4089;https://www.hribi.net/izlet/burgeralm_panoramastrasse_hochstein_pri_mitteralm_cez_windgrube/59/4089/9954
4090;https://www.hribi.net/izlet/aflenz_kurort_freibad_aflenz_schonleitenhaus_windgrube_po_juznem_grebenu/59/4090/9941
4090;https://www.hribi.net/izlet/aflenz_kurort_burgergraben_schonleitenhaus_windgrube_po_juznem_grebenu/59/4090/9947
4090;https://www.hribi.net/izlet/burgeralm_panoramastrasse_schonleitenhaus_windgrube_po_juznem_grebenu/59/4090/9953
4093;https://www.hribi.net/izlet/korita_cerkev_gospe_od_brijega_sveti_ilija_korita/63/4093/9949
4095;https://www.hribi.net/izlet/babino_polje__veliki_grad_otok_mljet/63/4095/9951
4096;https://www.hribi.net/izlet/racja_vas_orljak_cicarija/33/4096/9957
4097;https://www.hribi.net/izlet/mikro_papingo_gamila/172/4097/9958
4098;https://www.hribi.net/izlet/parkirisce_hoyer_neuhofgraben_larchkogel_glinska_planina___gleinalpe_cez_speikkogel/28/4098/9959
4098;https://www.hribi.net/izlet/parkirisce_hoyer_neuhofgraben_larchkogel_glinska_planina___gleinalpe_cez_kreuzsattel/28/4098/9964
4099;https://www.hribi.net/izlet/raspor_gomila_cicarija/33/4099/9962
4100;https://www.hribi.net/izlet/racja_vas_mocvil_vzhodna_pot/33/4100/9960
4100;https://www.hribi.net/izlet/raspor_mocvil_cez_gomilo/33/4100/9963
4101;https://www.hribi.net/izlet/oberort_parkirisce_zeleno_jezero_jassing_almhutt_n/59/4101/9967
4101;https://www.hribi.net/izlet/jassing_jassing_almhutt_n/59/4101/10988
4102;https://www.hribi.net/izlet/ferienheim_lamingalm/59/4102/9968
4103;https://www.hribi.net/izlet/ferienheim_leobner_mauer/59/4103/9969
4104;https://www.hribi.net/izlet/raspor_gradina_raspor__po_markirani_poti/33/4104/9971
4105;https://www.hribi.net/izlet/racja_vas_vidonj_vrh_/33/4105/9974
4106;https://www.hribi.net/izlet/gaberl_strasse_grabenkehre_gaberlhaus_po_stari_cesti/28/4106/9975
4106;https://www.hribi.net/izlet/altes_almhaus_gaberlhaus_po_e6/28/4106/9978
4106;https://www.hribi.net/izlet/altes_almhaus_gaberlhaus_po_via_alpina/28/4106/9979
4107;https://www.hribi.net/izlet/gaberlhaus_altes_almhaus_po_e6/28/4107/9976
4107;https://www.hribi.net/izlet/gaberlhaus_altes_almhaus_po_via_alpina/28/4107/9977
4107;https://www.hribi.net/izlet/salzstiegelhaus_altes_almhaus/28/4107/9988
4107;https://www.hribi.net/izlet/salzstiegelhaus_altes_almhaus_cez_rappoldkogel/28/4107/9987
4108;https://www.hribi.net/izlet/racja_vas_marecica/33/4108/9981
4108;https://www.hribi.net/izlet/raspor_marecica/33/4108/10011
4109;https://www.hribi.net/izlet/altes_almhaus_salzstiegelhaus_cez_rappoldkogel/28/4109/9982
4109;https://www.hribi.net/izlet/altes_almhaus_salzstiegelhaus/28/4109/9983
4110;https://www.hribi.net/izlet/altes_almhaus_wolkerkogel/28/4110/9984
4110;https://www.hribi.net/izlet/salzstiegelhaus_wolkerkogel/28/4110/9989
4111;https://www.hribi.net/izlet/altes_almhaus_brandkogel/28/4111/9985
4112;https://www.hribi.net/izlet/zeleni_gozd___boscoverde_soteska_ziljice___orrido_dello_slizza_krozna_pot_nasprotna_smer_urinega_kazalca/11/4112/9992
4113;https://www.hribi.net/izlet/raspor_kosmatica/33/4113/9991
4114;https://www.hribi.net/izlet/sankt_ilgen_der_bodenbauer_hochwart_mimo_koce_hauslalmhutte/59/4114/9993
4114;https://www.hribi.net/izlet/sankt_ilgen_der_bodenbauer_hochwart_mimo_bivaka_fleischer/59/4114/10506
4116;https://www.hribi.net/izlet/kapellen_kutatsch-hutte/59/4116/9994
4116;https://www.hribi.net/izlet/kohlebnerstand_kutatsch-hutte/59/4116/10006
4117;https://www.hribi.net/izlet/raspor_vrtelj_/33/4117/9996
4120;https://www.hribi.net/izlet/kapellen_schneealpenhaus/59/4120/9997
4120;https://www.hribi.net/izlet/kohlebnerstand_schneealpenhaus/59/4120/10007
4121;https://www.hribi.net/izlet/kohlebnerstand_michlbauerhutte/59/4121/10013
4121;https://www.hribi.net/izlet/kapellen_michlbauerhutte/59/4121/9998
4122;https://www.hribi.net/izlet/dom_planika_pod_triglavom_rjavec/1/4122/10000
4123;https://www.hribi.net/izlet/kapellen_windberg_severna_pot/59/4123/9999
4123;https://www.hribi.net/izlet/kohlebnerstand_windberg_juzna_pot/59/4123/10014
4123;https://www.hribi.net/izlet/kapellen_windberg_juzna_pot/59/4123/10001
4123;https://www.hribi.net/izlet/kohlebnerstand_windberg_severna_pot/59/4123/10012
4124;https://www.hribi.net/izlet/kapellen_hoher_klapf/59/4124/10002
4124;https://www.hribi.net/izlet/kohlebnerstand_hoher_klapf/59/4124/10015
4125;https://www.hribi.net/izlet/koca_na_dolicu_pod_triglavom_vrh_zelenic/1/4125/10005
4126;https://www.hribi.net/izlet/daruvar_petrov_vrh_nad_daruvarjem/167/4126/10004
4126;https://www.hribi.net/izlet/donji_borki_petrov_vrh_nad_daruvarjem/167/4126/10900
4127;https://www.hribi.net/izlet/raspor_vidikovac_prapoce/33/4127/10008
4128;https://www.hribi.net/izlet/krizisce_pod_zvonikom_planinsko_zavetisce_bitorajka_/33/4128/10017
4130;https://www.hribi.net/izlet/krizisce_pod_zvonikom_bitoraj/33/4130/10020
4131;https://www.hribi.net/izlet/hrastovec_v_slovenskih_goricah_crni_kriz_pri_hrastovcu/162/4131/10658
4131;https://www.hribi.net/izlet/zamarkova_crni_kriz_pri_hrastovcu_po_pespoti/162/4131/10022
4133;https://www.hribi.net/izlet/kozji_vrh_kozji_vrh_nad_prezidom/33/4133/10024
4134;https://www.hribi.net/izlet/slavica_velika_slavica_/33/4134/10028
4135;https://www.hribi.net/izlet/ptuj_ptujsko_jezero_pot_okoli_jezera/162/4135/10029
4136;https://www.hribi.net/izlet/bistriski_jarek_glasbeni_dom_arlov_bor/162/4136/10031
4136;https://www.hribi.net/izlet/muta_zgornja_muta_arlov_bor/162/4136/10033
4136;https://www.hribi.net/izlet/bistriski_jarek_mp_muta_arlov_bor/162/4136/10032
4138;https://www.hribi.net/izlet/muta_zgornja_muta_napecnikov_vrh/162/4138/10035
4139;https://www.hribi.net/izlet/weinebene_sprungkogel_golica___koralpe/28/4139/10042
4139;https://www.hribi.net/izlet/parkirisce_pod_prelazom_weinebene_sprungkogel_golica___koralpe/28/4139/10043
4139;https://www.hribi.net/izlet/waldrast_sprungkogel_golica___koralpe/28/4139/10044
4140;https://www.hribi.net/izlet/omar_kolovratske_stijene_po_markirani_poti/33/4140/10047
4140;https://www.hribi.net/izlet/omar_kolovratske_stijene_po_juzni_cesti/33/4140/10051
4141;https://www.hribi.net/izlet/spodnja_vizinga_suhi_vrh_sv_janez_nepomuk_sent_janz_pri_radljah/162/4141/10049
4141;https://www.hribi.net/izlet/radlje_ob_dravi_sv_janez_nepomuk_sent_janz_pri_radljah_mimo_zupanka_in_po_cesti/162/4141/10048
4143;https://www.hribi.net/izlet/omar_crni_vrh_nad_klenovico/33/4143/10052
4144;https://www.hribi.net/izlet/omar_kolevrat/33/4144/10054
4146;https://www.hribi.net/izlet/omar_velika_sviba/33/4146/10055
4147;https://www.hribi.net/izlet/zp_buzet_muzari_polozna_pot/33/4147/10090
4147;https://www.hribi.net/izlet/brest_muzari_polozna_pot/33/4147/10068
4147;https://www.hribi.net/izlet/brest_muzari_cez_zbevnico/33/4147/10060
4147;https://www.hribi.net/izlet/zp_buzet_muzari_cez_zbevnico/33/4147/10088
4148;https://www.hribi.net/izlet/zicka_kartuzija_poharceva_smreka/11/4148/10062
4149;https://www.hribi.net/izlet/zicka_kartuzija_gradisna_pec/11/4149/10063
4150;https://www.hribi.net/izlet/kloster_reinischwirt_freilanderhutte/28/4150/10083
4150;https://www.hribi.net/izlet/hebalm_gasthaus_zur_rehbockhutte_freilanderhutte/28/4150/10070
4151;https://www.hribi.net/izlet/hebalm_gasthaus_zur_rehbockhutte_schrogentor/28/4151/10071
4151;https://www.hribi.net/izlet/kloster_reinischwirt_schrogentor/28/4151/10082
4152;https://www.hribi.net/izlet/hebalm_gasthaus_zur_rehbockhutte_albrecht_kapelle_pri_schrogentor/28/4152/10072
4152;https://www.hribi.net/izlet/kloster_reinischwirt_albrecht_kapelle_pri_schrogentor/28/4152/10076
4153;https://www.hribi.net/izlet/hebalm_gasthaus_zur_rehbockhutte_reinischkogel-kapelle/28/4153/10073
4153;https://www.hribi.net/izlet/kloster_reinischwirt_reinischkogel-kapelle/28/4153/10074
4154;https://www.hribi.net/izlet/pomaz_-_nagykovacsi_nagy-csikovar_holdvilag_arok_ut/133/4154/10075
4154;https://www.hribi.net/izlet/pomaz___nagykovcsi_nagy-csikovar_ob_izviru_gyopar_in_preko_vrha_kis-csikovar/133/4154/10077
4157;https://www.hribi.net/izlet/zp_buzet_kuk_nad_buzetom/33/4157/10078
4158;https://www.hribi.net/izlet/zp_buzet_pilj_nad_buzetom/33/4158/10079
4159;https://www.hribi.net/izlet/zp_buzet_sveti_matej_slum_po_ipp/33/4159/10080
4162;https://www.hribi.net/izlet/zp_buzet_crkva_presvetog_trojstva_brest_po_ipp/33/4162/10081
4163;https://www.hribi.net/izlet/kloster_reinischwirt_gasthaus_zur_rehbockhutte/28/4163/10084
4164;https://www.hribi.net/izlet/sentjanz_pri_dravogradu_selovec_gruberjev_vrh_mimo_cubeja_in_rudofa/11/4164/10092
4164;https://www.hribi.net/izlet/sentjanz_pri_dravogradu_selovec_gruberjev_vrh_po_jugovzhodnem_grebenu/11/4164/10091
4164;https://www.hribi.net/izlet/sentjanz_pri_dravogradu_selovec_gruberjev_vrh_mimo_napotnika_in_rudofa/11/4164/10093
4165;https://www.hribi.net/izlet/slovenj_gradec_tc_rahtel_vzhodna_pot/11/4165/10094
4165;https://www.hribi.net/izlet/slovenj_gradec_tc_rahtel_jugovzhodna_pot/11/4165/10096
4166;https://www.hribi.net/izlet/slovenj_gradec_rahtelov_vrh_jugovzhodna_pot/11/4166/10097
4166;https://www.hribi.net/izlet/slovenj_gradec_rahtelov_vrh_vzhodna_pot/11/4166/10095
4167;https://www.hribi.net/izlet/pecica_galke/11/4167/10867
4167;https://www.hribi.net/izlet/zgornje_poljcane_galke_detickova_pot/11/4167/10099
4167;https://www.hribi.net/izlet/zgornje_poljcane_galke_cez_babo/11/4167/10098
4167;https://www.hribi.net/izlet/zgornji_gabernik_galke/11/4167/10865
4168;https://www.hribi.net/izlet/zgornje_poljcane_baba_pri_bocu_detickova_pot/11/4168/10101
4168;https://www.hribi.net/izlet/zgornje_poljcane_baba_pri_bocu/11/4168/10100
4169;https://www.hribi.net/izlet/kisovec_grad_gamberk/25/4169/10102
4169;https://www.hribi.net/izlet/zagorje_ob_savi_grad_gamberk/25/4169/10110
4170;https://www.hribi.net/izlet/zagorje_ob_savi_lovski_dom_na_klancisah/25/4170/10109
4170;https://www.hribi.net/izlet/kisovec_lovski_dom_na_klancisah/25/4170/10106
4171;https://www.hribi.net/izlet/zagorje_ob_savi_sv_janez_krstnik_vine/25/4171/10107
4172;https://www.hribi.net/izlet/zagorje_ob_savi_vinski_vrh/25/4172/10108
4173;https://www.hribi.net/izlet/lockenhaus_margarethenwarte_skozi_marchgraben/138/4173/10116
4174;https://www.hribi.net/izlet/loka_pri_zusmu_zamerk_grad_zusem/25/4174/10119
4175;https://www.hribi.net/izlet/loka_pri_zusmu_zamerk_sv_valentin_in_sv_jakob_dobrina/25/4175/10121
4176;https://www.hribi.net/izlet/zelezniska_postaja_ormoz_ormosko_jezero/162/4176/10123
4177;https://www.hribi.net/izlet/zelezniska_postaja_ormoz_ormoske_lagune/162/4177/10124
4177;https://www.hribi.net/izlet/ormoske_lagune_ormoske_lagune_po_ucni_poti/162/4177/10125
4178;https://www.hribi.net/izlet/prebold_zvajga_severni_vrh_vzhodna_pot/25/4178/10126
4178;https://www.hribi.net/izlet/prebold_zvajga_severni_vrh_zahodna_pot/25/4178/10128
4179;https://www.hribi.net/izlet/prebold_tolsti_vrh_nad_preboldom/25/4179/10134
4180;https://www.hribi.net/izlet/prebold_deznikarjeva_lipa/25/4180/10127
4181;https://www.hribi.net/izlet/prebold_strtnik_strnik_cez_tolsti_vrh/25/4181/10135
4183;https://www.hribi.net/izlet/kopalisce_lajst_krekovse_mimo_brusovih_in_putrihovih_klavz/26/4183/10168
4184;https://www.hribi.net/izlet/kopalisce_lajst_brusove_klavze_po_gozdni_cesti/26/4184/10172
4185;https://www.hribi.net/izlet/kopalisce_lajst_putrihove_klavze_po_gozdni_cesti_mimo_brusovih_klavz/26/4185/10173
4186;https://www.hribi.net/izlet/orovac_planinski_dom_kamenitovac/61/4186/10176
4187;https://www.hribi.net/izlet/trate_grad_cmurek_po_oznaceni_poti/162/4187/10191
4187;https://www.hribi.net/izlet/sladki_vrh_grad_cmurek/162/4187/10188
4188;https://www.hribi.net/izlet/sladki_vrh_turisticno_izletniska_kmetija_sirk/162/4188/10189
4188;https://www.hribi.net/izlet/trate_turisticno_izletniska_kmetija_sirk/162/4188/10190
4189;https://www.hribi.net/izlet/mokrine___nassfeld_koren___monte_corona/27/4189/10192
4189;https://www.hribi.net/izlet/mokrine___nassfeld_koren___monte_corona_auernig_hohenweg/27/4189/10215
4190;https://www.hribi.net/izlet/zgornji_drazen_vrh_marija_snezna_zgornja_velka/162/4190/10193
4191;https://www.hribi.net/izlet/podgorje_ob_sevnicni_kurja_vas_sv_lenart_zabukovje_nad_sevnico/25/4191/10205
4192;https://www.hribi.net/izlet/podgorje_ob_sevnicni_kurja_vas_zaloska_gora/25/4192/10207
4193;https://www.hribi.net/izlet/sveta_ana_pri_igu___sankt_anna_am_aigen_aussichtswarte_vulkanland/138/4193/10217
4193;https://www.hribi.net/izlet/frutten-giesselsdorf_aussichtswarte_vulkanland/138/4193/10216
4193;https://www.hribi.net/izlet/stainz_bei_straden_aussichtswarte_vulkanland_um_die_mitte/138/4193/10674
4193;https://www.hribi.net/izlet/stainz_bei_straden_aussichtswarte_vulkanland_cez_rosenberg/138/4193/10673
4195;https://www.hribi.net/izlet/crveni_vrh_markovac_po_ipp/33/4195/10436
4195;https://www.hribi.net/izlet/markovac_markovac/33/4195/10220
4196;https://www.hribi.net/izlet/hrastovica_cepelis_josina_steza/61/4196/10222
4196;https://www.hribi.net/izlet/hrastovica_cepelis_mimo_vodovodnega_objekta/61/4196/10221
4197;https://www.hribi.net/izlet/pongrac_grobisce_talcev_lovska_koca_pod_gozdnikom/25/4197/10225
4199;https://www.hribi.net/izlet/prebold_lovski_dom_pod_golavo/25/4199/10232
4200;https://www.hribi.net/izlet/trbovlje_homic/25/4200/10242
4200;https://www.hribi.net/izlet/podmeja_homic/25/4200/10243
4200;https://www.hribi.net/izlet/matke_homic_mimo_koceta_in_po_gozdni_vlaki/25/4200/10249
4200;https://www.hribi.net/izlet/marija_reka_koritnikov_most_homic_po_gozdni_vlaki/25/4200/10240
4200;https://www.hribi.net/izlet/prebold_homic_po_gozdni_vlaki/25/4200/10233
4200;https://www.hribi.net/izlet/matke_homic_mimo_koceta_in_cez_krisko_planino/25/4200/10250
4200;https://www.hribi.net/izlet/marija_reka_koritnikov_most_homic_cez_krisko_planino/25/4200/10241
4200;https://www.hribi.net/izlet/prebold_homic_cez_krisko_planino/25/4200/10236
4202;https://www.hribi.net/izlet/rukavac_orjak_nad_opatijo__direktna_pot/33/4202/10245
4203;https://www.hribi.net/izlet/liganj_knezgrad_neoznacena_direktna_pot/33/4203/10246
4204;https://www.hribi.net/izlet/liganj_luzinski_breg/33/4204/10251
4206;https://www.hribi.net/izlet/liganj_gorica_nad_lovranom/33/4206/10253
4207;https://www.hribi.net/izlet/pivola_botanicni_vrt_univerze_v_mariboru_pivola_botanicni_vrt_univerze_v_mariboru_pot_ob_meji_obcine_hoce_-_slivnica/4/4207/10259
4208;https://www.hribi.net/izlet/cadrg_zlejzn/1/4208/10261
4208;https://www.hribi.net/izlet/planina_polog_zlejzn_cez_cadrg/1/4208/10267
4208;https://www.hribi.net/izlet/planina_polog_zlejzn_cez_planino_prode/1/4208/10308
4208;https://www.hribi.net/izlet/planina_polog_zlejzn_strma_pot/1/4208/10268
4209;https://www.hribi.net/izlet/planina_polog_planina_prode/1/4209/10277
4212;https://www.hribi.net/izlet/vela_vrata_planinska_koca_dragutin_hirc/33/4212/10281
4213;https://www.hribi.net/izlet/breg_liski_potok_sv_janez_krstnik_razbor/25/4213/10283
4214;https://www.hribi.net/izlet/breg_liski_potok_sv_jost_pod_vrhom_lisce/25/4214/10284
4214;https://www.hribi.net/izlet/breg_sv_jost_pod_vrhom_lisce_mimo_sv_lovrenca/25/4214/10286
4214;https://www.hribi.net/izlet/sevnica_sv_jost_pod_vrhom_lisce_cez_zajcjo_goro/25/4214/10289
4214;https://www.hribi.net/izlet/krakovo_vinska_klet_mastnak_sv_jost_pod_vrhom_lisce/25/4214/10291
4214;https://www.hribi.net/izlet/gracnica_sv_jost_pod_vrhom_lisce_mimo_mlinarica/25/4214/10887
4214;https://www.hribi.net/izlet/dolina_gracnice_blatnik_sv_jost_pod_vrhom_lisce/25/4214/10891
4216;https://www.hribi.net/izlet/vela_vrata_velika_javornica_preko_bijelih_stijen/33/4216/10285
4217;https://www.hribi.net/izlet/gasen_stoaniwelt_turm_ob_ucni_poti/138/4217/10296
4218;https://www.hribi.net/izlet/gasen_weberhofer_alm_ob_ucni_poti/138/4218/10297
4219;https://www.hribi.net/izlet/parkirisce__pod_prelazom_weinebene_hochalmhutte_golica___koralpe_mimo_koce_grunangerhutte/28/4219/10309
4219;https://www.hribi.net/izlet/glashutten_hochalmhutte_golica___koralpe_mimo_koce_grunangerhutte/28/4219/10301
4221;https://www.hribi.net/izlet/skalnica_veli_vrh_nad_skalnico_krizev_pot/33/4221/10311
4222;https://www.hribi.net/izlet/skalnica_plisevica_krizev_pot/33/4222/10313
4223;https://www.hribi.net/izlet/teichalm_teichalmsee_breitalm/138/4223/10320
4224;https://www.hribi.net/izlet/teichalm_teichalmsee_tonneggerkogel/138/4224/10333
4224;https://www.hribi.net/izlet/breitalm_tonneggerkogel/138/4224/10321
4226;https://www.hribi.net/izlet/stojdraga_glazuta_tuscak_zumberacka_gora/61/4226/10330
4228;https://www.hribi.net/izlet/stojdraga_glazuta_gradina_tuscak__cez_tuscak/61/4228/10332
4229;https://www.hribi.net/izlet/lovrenc_na_pohorju_dolina_radoljne_pruh/4/4229/10334
4230;https://www.hribi.net/izlet/lovrenc_na_pohorju_pokopalisce_hudicev_slap/4/4230/10339
4230;https://www.hribi.net/izlet/lovrenc_na_pohorju_hudicev_slap_spodaj_ob_radoljni_visje_po_cesti/4/4230/10337
4231;https://www.hribi.net/izlet/preiner_gscheid_neue_seehutte_rax_gobl-kuhn-steig/59/4231/10341
4231;https://www.hribi.net/izlet/raxalm-berggasthof_rax_neue_seehutte_rax_seeweg/59/4231/10355
4231;https://www.hribi.net/izlet/raxalm-berggasthof_rax_neue_seehutte_rax_cez_preiner_wand/59/4231/10354
4232;https://www.hribi.net/izlet/preiner_gscheid_preiner_wand_rax_gobl-kuhn-steig/59/4232/10342
4232;https://www.hribi.net/izlet/raxalm-berggasthof_rax_preiner_wand_rax/59/4232/10353
4233;https://www.hribi.net/izlet/la_alegra_bivak_dino_brollo/1/4233/10344
4234;https://www.hribi.net/izlet/preiner_gscheid_jakobskogel_rax_gobl-kuhn-steig/59/4234/10345
4234;https://www.hribi.net/izlet/raxalm-berggasthof_rax_jakobskogel_rax/59/4234/10349
4235;https://www.hribi.net/izlet/preiner_gscheid_ottohaus_rax_seeweg/59/4235/10347
4235;https://www.hribi.net/izlet/preiner_gscheid_ottohaus_rax_cez_preiner_wand/59/4235/10346
4235;https://www.hribi.net/izlet/raxalm-berggasthof_rax_ottohaus_rax/59/4235/10348
4243;https://www.hribi.net/izlet/norsic_selo_norsicka_plesivica/61/4243/10352
4244;https://www.hribi.net/izlet/preiner_gscheid_raxgmoahutte_rax_mimo_koce_karl-ludwig-haus_schlangenweg/59/4244/10360
4244;https://www.hribi.net/izlet/raxalm-berggasthof_rax_raxgmoahutte_rax/59/4244/10356
4245;https://www.hribi.net/izlet/javorje_mala_crna_najevska_lipa/3/4245/10361
4245;https://www.hribi.net/izlet/crna_na_koroskem_najevska_lipa/3/4245/10400
4248;https://www.hribi.net/izlet/dragonos_pljovica/61/4248/10368
4249;https://www.hribi.net/izlet/dragonos_zecak/61/4249/10369
4251;https://www.hribi.net/izlet/dragonos_krpesovka_planinski_dom_zitnica__cez_japetic/61/4251/10371
4252;https://www.hribi.net/izlet/sankt_ilgen_der_bodenbauer_fleischer-biwak_mimo_koce_hauslalmhutte/59/4252/10375
4252;https://www.hribi.net/izlet/sankt_ilgen_der_bodenbauer_fleischer-biwak/59/4252/10501
4253;https://www.hribi.net/izlet/paszto_muzsla_pot_cez_kovesberc/134/4253/10377
4253;https://www.hribi.net/izlet/paszto_muzsla_pot_z_oznako_zeleni_plus/134/4253/10378
4257;https://www.hribi.net/izlet/sankt_ilgen_der_bodenbauer_zagelkogel_mimo_bivaka_fleischer/59/4257/10505
4257;https://www.hribi.net/izlet/sankt_ilgen_der_bodenbauer_zagelkogel_mimo_koce_hauslalmhutte/59/4257/10380
4258;https://www.hribi.net/izlet/radenci_zdravilisce_radenci_gramoznica_pri_nasipu_petanjci/163/4258/10381
4258;https://www.hribi.net/izlet/mocvirje_zaton_gramoznica_pri_nasipu_petanjci/163/4258/10383
4259;https://www.hribi.net/izlet/radenci_zdravilisce_radenci_mocvirje_zaton_mimo_gramoznice_pri_nasipu_petanjci/163/4259/10382
4260;https://www.hribi.net/izlet/radenci_zdravilisce_radenci_vrt_spominov_in_tovaristva_na_petanjcih/163/4260/10384
4261;https://www.hribi.net/izlet/la_alegra_vrh_muzcev_zahodni_vrh/1/4261/10385
4261;https://www.hribi.net/izlet/karnica___sella_carnizza_vrh_muzcev_zahodni_vrh/1/4261/10628
4262;https://www.hribi.net/izlet/karnica___sella_carnizza_vrh_muzcev_vzhodni_vrh/1/4262/10518
4264;https://www.hribi.net/izlet/radenci_zdravilisce_radenci_cerkev_marijinega_rojstva_tisina/163/4264/10387
4265;https://www.hribi.net/izlet/panoramska_restavracija_oben_kriznik_peca_mimo_stare_koce/11/4265/10389
4265;https://www.hribi.net/izlet/koprivna_kumer_kriznik_peca_slovenska_pot/11/4265/10396
4265;https://www.hribi.net/izlet/panoramska_restavracija_oben_kriznik_peca/11/4265/10392
4265;https://www.hribi.net/izlet/pod_peco___koprein-petzen_kriznik_peca/11/4265/10398
4265;https://www.hribi.net/izlet/koprivna_kumer_kriznik_peca_avstrijska_pot/11/4265/10397
4265;https://www.hribi.net/izlet/rudnik_v_topli_kriznik_peca/11/4265/11008
4266;https://www.hribi.net/izlet/globasnica___globasnitz_feuersberger_spitze_peca___petzen/11/4266/10395
4266;https://www.hribi.net/izlet/podkraj___unterort_feuersberger_spitze_peca___petzen_po_poti_st_p7/11/4266/10391
4267;https://www.hribi.net/izlet/crna_na_koroskem_bozicev_slap/3/4267/10399
4268;https://www.hribi.net/izlet/dragonos_gostinjac_sv_bernard/61/4268/10402
4268;https://www.hribi.net/izlet/dragonos_krpesovka_gostinjac_sv_bernard/61/4268/10401
4269;https://www.hribi.net/izlet/dragonos_krpesovka_veliki_lovnik/61/4269/10403
4269;https://www.hribi.net/izlet/dragonos_veliki_lovnik/61/4269/10404
4270;https://www.hribi.net/izlet/javorje_mala_crna_dunajska_bajta/3/4270/10405
4271;https://www.hribi.net/izlet/dreznica_planina_slapnik/1/4271/10413
4271;https://www.hribi.net/izlet/planina_kuhinja_planina_slapnik/1/4271/10411
4272;https://www.hribi.net/izlet/planina_kuhinja_planina_zaslap/1/4272/10412
4272;https://www.hribi.net/izlet/dreznica_planina_zaslap/1/4272/10414
4273;https://www.hribi.net/izlet/predmeja_gorjanka_koca_edmunda_cibeja_v_tihi_dolini/26/4273/10425
4274;https://www.hribi.net/izlet/predmeja_gorjanka_bloudkova_skakalnica_predmeja/26/4274/10429
4274;https://www.hribi.net/izlet/koca_edmunda_cibeja_v_tihi_dolini_bloudkova_skakalnica_predmeja/26/4274/10430
4277;https://www.hribi.net/izlet/crveni_vrh_sveti_petar_nad_crvenim_vrhom_po_ipp/33/4277/10432
4278;https://www.hribi.net/izlet/vuhred_sveti_anton_sveti_anton_na_pohorju/4/4278/10437
4279;https://www.hribi.net/izlet/vuhred_kopnikov_vrh/4/4279/10439
4280;https://www.hribi.net/izlet/parkirisce_kot_planina_kot___malga_coot/1/4280/10440
4281;https://www.hribi.net/izlet/koca_planinc_partizanski_dom_kope/4/4281/10466
4281;https://www.hribi.net/izlet/brnesko_sedlo_partizanski_dom_kope/4/4281/10462
4281;https://www.hribi.net/izlet/vuhred_partizanski_dom_kope/4/4281/10454
4282;https://www.hribi.net/izlet/parkirisce_kot_bivak_costantini_cez_zgornje_brdo/1/4282/10461
4282;https://www.hribi.net/izlet/parkirisce_kot_bivak_costantini_cez_skutnik/1/4282/10442
4283;https://www.hribi.net/izlet/male_drage_orlove_stijene/33/4283/10447
4284;https://www.hribi.net/izlet/male_drage_okrugljak/33/4284/10450
4284;https://www.hribi.net/izlet/male_drage_okrugljak_cez_razdrto/33/4284/10448
4286;https://www.hribi.net/izlet/sokoli_sokolske_stijene/33/4286/10452
4287;https://www.hribi.net/izlet/frbezari_rudnik_po_smuciscu/33/4287/10453
4288;https://www.hribi.net/izlet/koca_planinc_mala_kopa/4/4288/10467
4288;https://www.hribi.net/izlet/partizanski_dom_kope_mala_kopa_zahodna_pot/4/4288/10457
4288;https://www.hribi.net/izlet/partizanski_dom_kope_mala_kopa_vzhodna_pot/4/4288/10458
4288;https://www.hribi.net/izlet/brnesko_sedlo_mala_kopa/4/4288/10463
4288;https://www.hribi.net/izlet/vuhred_mala_kopa/4/4288/10455
4289;https://www.hribi.net/izlet/grad_grad_na_gorickem_grajski_izvir_pri_gradu_grad_na_gorickem/163/4289/10472
4290;https://www.hribi.net/izlet/hotel_boka_planina_baban/1/4290/10471
4290;https://www.hribi.net/izlet/zaga_planina_baban/1/4290/10478
4291;https://www.hribi.net/izlet/moravske_toplice_grad_murska_sobota_cez_martjance/163/4291/10473
4291;https://www.hribi.net/izlet/moravske_toplice_grad_murska_sobota_cez_markisavce/163/4291/10474
4292;https://www.hribi.net/izlet/niederalpl_ort_sohlenalm/59/4292/10477
4293;https://www.hribi.net/izlet/zaga_gulj/1/4293/10479
4294;https://www.hribi.net/izlet/zaga_planina_ognjenik/1/4294/10480
4296;https://www.hribi.net/izlet/seebergsattel_seeleiten/59/4296/10487
4297;https://www.hribi.net/izlet/seebergsattel_mieserkogel_po_poti_855/59/4297/10488
4297;https://www.hribi.net/izlet/schloss_brandhof_mieserkogel_po_poti_853/59/4297/10497
4298;https://www.hribi.net/izlet/seebergsattel_krautgartenkogel_po_poti_855/59/4298/10489
4298;https://www.hribi.net/izlet/schloss_brandhof_krautgartenkogel_po_poti_853/59/4298/10498
4299;https://www.hribi.net/izlet/seebergsattel_hochweichsel_po_poti_855/59/4299/10490
4299;https://www.hribi.net/izlet/schloss_brandhof_hochweichsel_po_poti_853/59/4299/10499
4300;https://www.hribi.net/izlet/schloss_brandhof_leitenalm_po_poti_853/59/4300/10491
4301;https://www.hribi.net/izlet/schloss_brandhof_graualm_po_poti_853/59/4301/10492
4302;https://www.hribi.net/izlet/donja_visnjica_mackova_spilja/61/4302/10493
4303;https://www.hribi.net/izlet/donja_visnjica_vidikovac_tri_zaklji/61/4303/10494
4304;https://www.hribi.net/izlet/donja_visnjica_kukelj_direktna_strma_pot/61/4304/10496
4304;https://www.hribi.net/izlet/donja_visnjica_kukelj_skozi_goranec/61/4304/10495
4305;https://www.hribi.net/izlet/pernica_pernisko_jezero/162/4305/10500
4306;https://www.hribi.net/izlet/sankt_ilgen_der_bodenbauer_ghacktkogel/59/4306/10504
4307;https://www.hribi.net/izlet/parkirisce_kot_velika_kuhinja/1/4307/10508
4307;https://www.hribi.net/izlet/zaga_velika_kuhinja/1/4307/10509
4307;https://www.hribi.net/izlet/hotel_boka_velika_kuhinja/1/4307/10517
4309;https://www.hribi.net/izlet/kugina_kuca_satorina/30/4309/10513
4310;https://www.hribi.net/izlet/kugina_kuca_laktin_vrh/30/4310/10514
4312;https://www.hribi.net/izlet/kugina_kuca_lisac/30/4312/10516
4313;https://www.hribi.net/izlet/planina_zaplec_kal_greben_krncice/1/4313/10519
4314;https://www.hribi.net/izlet/hirschegg_pongratzwirt/28/4314/10520
4315;https://www.hribi.net/izlet/hirschegg_st_bartholoma_hirschegg_rein/28/4315/10521
4316;https://www.hribi.net/izlet/reichenfels_most_cez_labotnico___lavant_peterer_hutte_skozi_hollgraben/28/4316/10535
4317;https://www.hribi.net/izlet/reichenfels_most_cez_labotnico___lavant_peterer_kogel_skozi_hollgraben/28/4317/10536
4318;https://www.hribi.net/izlet/tisina_gramoznica_kupsinci/163/4318/10538
4319;https://www.hribi.net/izlet/st_anna_am_lavantegg_waldheimhutte/28/4319/10539
4320;https://www.hribi.net/izlet/somlovasarhely_somlo/133/4320/10540
4321;https://www.hribi.net/izlet/tam_na_meji_zajavor/1/4321/10541
4321;https://www.hribi.net/izlet/kapelica_sv_ane_zajavor/1/4321/10545
4322;https://www.hribi.net/izlet/tam_na_meji_beli_potok_planina_nizki_vrh/1/4322/10543
4322;https://www.hribi.net/izlet/kapelica_sv_ane_planina_nizki_vrh/1/4322/10546
4323;https://www.hribi.net/izlet/tam_na_meji_beli_potok_nizki_vrh_monte_nischiuarch/1/4323/10544
4323;https://www.hribi.net/izlet/kapelica_sv_ane_nizki_vrh_monte_nischiuarch/1/4323/10547
4324;https://www.hribi.net/izlet/parkirisce_kot_vrh_zlebi/1/4324/10551
4325;https://www.hribi.net/izlet/waldheimhutte_lavantsee_mimo_kriza_turkenkreuz/28/4325/10553
4326;https://www.hribi.net/izlet/klippitztorl_angerlkogel/28/4326/10556
4326;https://www.hribi.net/izlet/schwarzkogelhutte_angerlkogel/28/4326/10619
4327;https://www.hribi.net/izlet/smerovisce_podjelak_skozi_sotesko_javorackega_potoka/61/4327/10557
4328;https://www.hribi.net/izlet/klippitztorl_pressner_alpe/28/4328/10559
4328;https://www.hribi.net/izlet/schwarzkogelhutte_pressner_alpe/28/4328/10626
4329;https://www.hribi.net/izlet/klippitztorl_zohrerkogel/28/4329/10560
4329;https://www.hribi.net/izlet/schwarzkogelhutte_zohrerkogel/28/4329/10627
4330;https://www.hribi.net/izlet/klippitztorl_feldalmhutte/28/4330/10561
4330;https://www.hribi.net/izlet/schwarzkogelhutte_feldalmhutte/28/4330/10620
4331;https://www.hribi.net/izlet/klippitztorl_st_martiner_hutte/28/4331/10562
4331;https://www.hribi.net/izlet/schwarzkogelhutte_st_martiner_hutte/28/4331/10621
4332;https://www.hribi.net/izlet/klippitztorl_stoanahutte/28/4332/10563
4332;https://www.hribi.net/izlet/schwarzkogelhutte_stoanahutte/28/4332/10622
4333;https://www.hribi.net/izlet/stupca___stupizza_sv_louronac___san_lorenzo/1/4333/10565
4334;https://www.hribi.net/izlet/majkovi_neprobic/64/4334/10569
4335;https://www.hribi.net/izlet/zuljana_sveti_ivan_peljesac/64/4335/10570
4336;https://www.hribi.net/izlet/mariensee_alpengasthof_fernblick_rdeca_pot/138/4336/10573
4336;https://www.hribi.net/izlet/monichkirchen_alpengasthof_fernblick/138/4336/10572
4337;https://www.hribi.net/izlet/mariensee_biotop_marienseer_schwaig_schindlsteig/138/4337/10575
4337;https://www.hribi.net/izlet/mariensee_biotop_marienseer_schwaig_mimo_slapu_marienseer_wasserfall/138/4337/10986
4342;https://www.hribi.net/izlet/masna_luka_plocno/65/4342/10578
4343;https://www.hribi.net/izlet/jamarska_koca_pri_hudi_luknji_aljazev_stolp_v_zavrsah/11/4343/10584
4344;https://www.hribi.net/izlet/zabce_cesta_na_tolminske_ravne_poloje/1/4344/10585
4345;https://www.hribi.net/izlet/napoleonov_most_planina_mija/1/4345/10593
4345;https://www.hribi.net/izlet/stupca___stupizza_planina_mija/1/4345/10587
4345;https://www.hribi.net/izlet/stupca___stupizza_planina_mija_skozi_pradol/1/4345/10591
4346;https://www.hribi.net/izlet/stupca___stupizza_mija___monte_mia/1/4346/10588
4346;https://www.hribi.net/izlet/napoleonov_most_mija___monte_mia/1/4346/10594
4346;https://www.hribi.net/izlet/stupca___stupizza_mija___monte_mia_skozi_pradol/1/4346/10592
4347;https://www.hribi.net/izlet/ladinger_strasse_offnerhutte/28/4347/10595
4347;https://www.hribi.net/izlet/ladinger_strasse_offnerhutte_mimo_koce_zechhutte/28/4347/10606
4348;https://www.hribi.net/izlet/ladinger_strasse_sandkogel_mimo_koce_offnerhutte/28/4348/10600
4348;https://www.hribi.net/izlet/ladinger_strasse_sandkogel_mimo_koce_zechhutte/28/4348/10608
4349;https://www.hribi.net/izlet/stupca___stupizza_marsinska_planina/1/4349/10601
4350;https://www.hribi.net/izlet/ladinger_strasse_zechhutte/28/4350/10602
4351;https://www.hribi.net/izlet/seetalerhutte_klippitztorl_naturfreundehaus_klippitztorl/28/4351/10609
4352;https://www.hribi.net/izlet/klippitztorl_hohenwart/28/4352/10610
4352;https://www.hribi.net/izlet/schwarzkogelhutte_hohenwart/28/4352/10617
4353;https://www.hribi.net/izlet/klippitztorl_hohenwarthutte/28/4353/10612
4353;https://www.hribi.net/izlet/schwarzkogelhutte_hohenwarthutte/28/4353/10615
4354;https://www.hribi.net/izlet/klippitztorl_grunhutte_mimo_koce_hohenwarthutte/28/4354/10613
4354;https://www.hribi.net/izlet/klippitztorl_grunhutte/28/4354/10614
4354;https://www.hribi.net/izlet/schwarzkogelhutte_grunhutte_zahodna_pot/28/4354/10618
4354;https://www.hribi.net/izlet/schwarzkogelhutte_grunhutte_vzhodna_pot/28/4354/10616
4356;https://www.hribi.net/izlet/masna_luka_planinski_dom_vilinac_mimo_plocnega/65/4356/10629
4359;https://www.hribi.net/izlet/unternberg_herrgottschnitzerhutte_am_wechsel/138/4359/10631
4360;https://www.hribi.net/izlet/unternberg_kampstein/138/4360/10632
4360;https://www.hribi.net/izlet/st_corona_am_wechsel_kampstein_mimo_kampsteiner_schwaig/138/4360/10640
4361;https://www.hribi.net/izlet/unterberg_kampsteiner_schwaig_cez_kampstein/138/4361/10633
4361;https://www.hribi.net/izlet/st_corona_am_wechsel_kampsteiner_schwaig/138/4361/10639
4362;https://www.hribi.net/izlet/unternberg_feistritzer_schwaig_cez_kampstein/138/4362/10635
4362;https://www.hribi.net/izlet/st_corona_am_wechsel_feistritzer_schwaig/138/4362/10642
4363;https://www.hribi.net/izlet/radovci_gasilski_dom_radovci_gasilski_dom_grascakova_pot/163/4363/10646
4364;https://www.hribi.net/izlet/pernica_vavtosek/162/4364/10647
4365;https://www.hribi.net/izlet/pernica_izvir_rebra/162/4365/10648
4368;https://www.hribi.net/izlet/ladvenjak_martinscak_lazja_pot/61/4368/10651
4368;https://www.hribi.net/izlet/ladvenjak_martinscak_tezja_pot/61/4368/10650
4370;https://www.hribi.net/izlet/duga_resa_vinica/61/4370/10653
4371;https://www.hribi.net/izlet/duga_resa_planinska_koca_mladen_polovic/61/4371/10652
4372;https://www.hribi.net/izlet/pernica_sveti_rupert_spodnja_volicina/162/4372/10655
4372;https://www.hribi.net/izlet/lenart_v_slovenskih_goricah_sveti_rupert_spodnja_volicina/162/4372/10654
4374;https://www.hribi.net/izlet/veliki_erjavec_vodenica/61/4374/10662
4377;https://www.hribi.net/izlet/sosice_planinska_koca_vodice_/61/4377/10664
4378;https://www.hribi.net/izlet/stainz_bei_straden_rosenberg/138/4378/10666
4378;https://www.hribi.net/izlet/aussichtswarte_vulkanland_rosenberg/138/4378/10665
4382;https://www.hribi.net/izlet/sosice_plijes/61/4382/10668
4383;https://www.hribi.net/izlet/sosice_jecmiste_cez_plijes/61/4383/10671
4383;https://www.hribi.net/izlet/sosice_jecmiste_mimo_planinske_koce_vodice/61/4383/10672
4384;https://www.hribi.net/izlet/zgornje_krapje_gramoznica_krapje/162/4384/10677
4386;https://www.hribi.net/izlet/vonarje_sveta_ema_emina_tematska_pot/25/4386/10681
4386;https://www.hribi.net/izlet/sodna_vas_sveta_ema/25/4386/10685
4386;https://www.hribi.net/izlet/rogaska_slatina_sveta_ema/25/4386/10802
4387;https://www.hribi.net/izlet/zadnjica_na_nizkem_cez_dolic/1/4387/10687
4389;https://www.hribi.net/izlet/zp_buzet_spicasti_vrh_pri_zbevnici_cez_zbevnico/33/4389/10712
4389;https://www.hribi.net/izlet/zp_buzet_spicasti_vrh_pri_zbevnici_polozna_pot/33/4389/10713
4389;https://www.hribi.net/izlet/brest_spicasti_vrh_pri_zbevnici_polozna_pot/33/4389/10711
4389;https://www.hribi.net/izlet/brest_spicasti_vrh_pri_zbevnici_cez_zbevnico/33/4389/10709
4394;https://www.hribi.net/izlet/moscenice_sveti_kriz_na_kalvariji/33/4394/10717
4395;https://www.hribi.net/izlet/moscenice_kremenjak_po_markirani_poti/33/4395/10719
4395;https://www.hribi.net/izlet/moscenice_kremenjak_mimo_kalvarije/33/4395/10718
4396;https://www.hribi.net/izlet/moscenice_planinsko_zavetisce_kremenjak_po_markirani_poti/33/4396/10722
4396;https://www.hribi.net/izlet/moscenice_planinsko_zavetisce_kremenjak_mimo_kalvarije/33/4396/10720
4397;https://www.hribi.net/izlet/moscenice_brgud_po_markirani_poti_in_mimo_kremenjaka/33/4397/10727
4397;https://www.hribi.net/izlet/moscenice_brgud_mimo_kalvarije_in_kremenjaka/33/4397/10725
4397;https://www.hribi.net/izlet/moscenice_brgud_mimo_kalvarije_in_peruna/33/4397/10825
4397;https://www.hribi.net/izlet/moscenice_brgud_po_markirani_poti_in_mimo_peruna/33/4397/10827
4398;https://www.hribi.net/izlet/moscenice_balin_po_markirani_poti_in_cez_brgud/33/4398/10729
4398;https://www.hribi.net/izlet/moscenice_balin_mimo_kalvarije_in_cez_brgud/33/4398/10728
4398;https://www.hribi.net/izlet/moscenice_balin_mimo_kalvarije_in_peruna/33/4398/10823
4398;https://www.hribi.net/izlet/moscenice_balin_po_markirani_poti_in_mimo_peruna/33/4398/10824
4399;https://www.hribi.net/izlet/zlogonje_vidikovac_vukovoj/61/4399/10734
4400;https://www.hribi.net/izlet/bukovnisko_jezero_voglerjeva_koca/163/4400/10745
4400;https://www.hribi.net/izlet/motvarjevci_voglerjeva_koca/163/4400/10749
4400;https://www.hribi.net/izlet/kobilje_voglerjeva_koca/163/4400/10738
4400;https://www.hribi.net/izlet/dobrovnik_voglerjeva_koca/163/4400/10741
4401;https://www.hribi.net/izlet/zalahalap_halap_hegy/132/4401/10742
4402;https://www.hribi.net/izlet/borgata_kis-somlyo_hegy/132/4402/10747
4403;https://www.hribi.net/izlet/celldomolk_sag_hegy_direktna_strma_pot/132/4403/10748
4405;https://www.hribi.net/izlet/dolina_kot_plesisce_vrbanove_spice_pot_lojzeta_rekarja/1/4405/10758
4406;https://www.hribi.net/izlet/kobilje_gramoznica_kobilje/163/4406/10760
4406;https://www.hribi.net/izlet/motvarjevci_gramoznica_kobilje/163/4406/10759
4407;https://www.hribi.net/izlet/ruski_kriz_lipnica_mimo_koce_v_krnici/1/4407/10761
4407;https://www.hribi.net/izlet/pisnica_lipnica_mimo_koce_v_krnici/1/4407/10762
4408;https://www.hribi.net/izlet/ocinje_crni_kamen/163/4408/10763
4409;https://www.hribi.net/izlet/ocinje_slatinski_vrelec_ocinje/163/4409/10765
4410;https://www.hribi.net/izlet/ponikva_pri_zalcu_malo_apno/3/4410/10767
4411;https://www.hribi.net/izlet/ponikva_pri_zalcu_apno/3/4411/10768
4411;https://www.hribi.net/izlet/jama_pekel_parkirisce_apno_krajsa_pot/3/4411/10791
4411;https://www.hribi.net/izlet/jama_pekel_parkirisce_apno_cez_pogorisce/3/4411/10788
4412;https://www.hribi.net/izlet/vrsic_velika_mojstrovka_zahodni_vrh/1/4412/10769
4412;https://www.hribi.net/izlet/vrsic_velika_mojstrovka_zahodni_vrh_cez_sitno_glavo/1/4412/10772
4413;https://www.hribi.net/izlet/ponikva_pri_zalcu_izvir_ponikvice/3/4413/10773
4413;https://www.hribi.net/izlet/jama_pekel_parkirisce_izvir_ponikvice_krajsa_pot/3/4413/10794
4413;https://www.hribi.net/izlet/jama_pekel_parkirisce_izvir_ponikvice_cez_pogorisce/3/4413/10786
4414;https://www.hribi.net/izlet/jama_pekel_parkirisce_poziralnik_ponikvice_krajsa_pot/3/4414/10793
4414;https://www.hribi.net/izlet/jama_pekel_parkirisce_poziralnik_ponikvice_cez_pogorisce/3/4414/10785
4414;https://www.hribi.net/izlet/ponikva_pri_zalcu_poziralnik_ponikvice/3/4414/10774
4415;https://www.hribi.net/izlet/jama_pekel_parkirisce_izvir_locanke_krajsa_pot/3/4415/10792
4415;https://www.hribi.net/izlet/ponikva_pri_zalcu_izvir_locanke_ob_ponikvici/3/4415/10777
4415;https://www.hribi.net/izlet/jama_pekel_parkirisce_izvir_locanke_cez_pogorisce/3/4415/10784
4416;https://www.hribi.net/izlet/jama_pekel_parkirisce_pogorisce_polozna_pot/3/4416/10781
4416;https://www.hribi.net/izlet/ponikva_pri_zalcu_pogorisce_ob_ponikvici/3/4416/10778
4416;https://www.hribi.net/izlet/jama_pekel_parkirisce_pogorisce_strma_pot/3/4416/10782
4417;https://www.hribi.net/izlet/jama_pekel_parkirisce_jama_pekel_gozdna_in_geoloska_ucna_pot/3/4417/10783
4417;https://www.hribi.net/izlet/jama_pekel_parkirisce_jama_pekel/3/4417/10780
4418;https://www.hribi.net/izlet/gozdec_planina_gozdec/1/4418/10787
4419;https://www.hribi.net/izlet/gozdec_pod_kaninom_visoka_rezijanska_pot/1/4419/10790
4420;https://www.hribi.net/izlet/rogaska_slatina_prnek/25/4420/10796
4421;https://www.hribi.net/izlet/rogaska_slatina_sveta_trojica_prnek/25/4421/10797
4422;https://www.hribi.net/izlet/dom_pod_storzicem_okno_v_stegovniku_zahodna_pot/11/4422/10798
4422;https://www.hribi.net/izlet/dom_pod_storzicem_okno_v_stegovniku_vzhodna_pot/11/4422/10799
4422;https://www.hribi.net/izlet/planina_vetrh_okno_v_stegovniku/11/4422/10862
4423;https://www.hribi.net/izlet/rogaska_slatina_sv_vid_vonarje/25/4423/10800
4424;https://www.hribi.net/izlet/rogaska_slatina_sv_areh_vonarje/25/4424/10801
4425;https://www.hribi.net/izlet/bobrov_center_bobrov_center_ucna_pot/25/4425/10803
4426;https://www.hribi.net/izlet/ribnik_vonarje_ribnik_vonarje_pot_okoli_ribnika/25/4426/10804
4427;https://www.hribi.net/izlet/lukoran_turkija_scah/63/4427/10807
4428;https://www.hribi.net/izlet/dobropoljana_veliki_bokolj/63/4428/10808
4429;https://www.hribi.net/izlet/podsreda_levstikov_mlin/25/4429/10816
4430;https://www.hribi.net/izlet/podsreda_rigelj/25/4430/10819
4430;https://www.hribi.net/izlet/gorjane_zelezno_rigelj/25/4430/10835
4431;https://www.hribi.net/izlet/pisece_pri_mlinu_veliki_vrh_orlica/25/4431/10848
4431;https://www.hribi.net/izlet/podsreda_veliki_vrh_orlica_skozi_osredek_pri_podsredi/25/4431/10821
4431;https://www.hribi.net/izlet/gorjane_zelezno_veliki_vrh_orlica/25/4431/10837
4431;https://www.hribi.net/izlet/grad_pisece_veliki_vrh_orlica_mimo_velike_bukve/25/4431/10860
4431;https://www.hribi.net/izlet/marof_pri_pisecah_veliki_vrh_orlica_mimo_velike_bukve/25/4431/10854
4432;https://www.hribi.net/izlet/podsreda_kerinov_spomenik_skozi_osredek_pri_podsredi/25/4432/10822
4432;https://www.hribi.net/izlet/pisece_pri_mlinu_kerinov_spomenik/25/4432/10847
4432;https://www.hribi.net/izlet/gorjane_zelezno_kerinov_spomenik/25/4432/10838
4432;https://www.hribi.net/izlet/marof_pri_pisecah_kerinov_spomenik_mimo_velike_bukve/25/4432/10853
4432;https://www.hribi.net/izlet/grad_pisece_kerinov_spomenik_mimo_velike_bukve/25/4432/10859
4433;https://www.hribi.net/izlet/poppendorf_sazianiberg/138/4433/10828
4434;https://www.hribi.net/izlet/poppendorf_straden/138/4434/10829
4435;https://www.hribi.net/izlet/pisece_pri_mlinu_intermedija/25/4435/10846
4435;https://www.hribi.net/izlet/grad_pisece_intermedija_mimo_velike_bukve/25/4435/10858
4435;https://www.hribi.net/izlet/podsreda_intermedija_skozi_osredek_pri_podsredi/25/4435/10830
4435;https://www.hribi.net/izlet/gorjane_zelezno_intermedija/25/4435/10839
4435;https://www.hribi.net/izlet/marof_pri_pisecah_intermedija_mimo_velike_bukve/25/4435/10852
4436;https://www.hribi.net/izlet/pisece_pri_mlinu_bivak_lovske_druzine_pisece/25/4436/10845
4436;https://www.hribi.net/izlet/marof_pri_pisecah_bivak_lovske_druzine_pisece/25/4436/10851
4436;https://www.hribi.net/izlet/grad_pisece_bivak_lovske_druzine_pisece/25/4436/10856
4436;https://www.hribi.net/izlet/podsreda_bivak_lovske_druzine_pisece_skozi_osredek_pri_podsredi/25/4436/10831
4436;https://www.hribi.net/izlet/gorjane_zelezno_bivak_lovske_druzine_pisece/25/4436/10840
4437;https://www.hribi.net/izlet/pisece_pri_mlinu_velika_vagla/25/4437/10842
4438;https://www.hribi.net/izlet/pisece_pri_mlinu_veliki_vrh_nad_pisecami/25/4438/10843
4439;https://www.hribi.net/izlet/marof_pri_pisecah_grad_pisece/25/4439/10850
4440;https://www.hribi.net/izlet/pri_mlincu_skrbinica_sinji_dol_lovska_pot/1/4440/10864
4441;https://www.hribi.net/izlet/makole_cerkev_sv_treh_kraljev_v_jesovcu/4/4441/10881
4441;https://www.hribi.net/izlet/poljcane_cerkev_sv_treh_kraljev_v_jesovcu/4/4441/10882
4442;https://www.hribi.net/izlet/lakkos_tou_mygerou_vouloumenou_kreta___crete/150/4442/10878
4442;https://www.hribi.net/izlet/nida_vouloumenou_kreta___crete/150/4442/10879
4443;https://www.hribi.net/izlet/makole_dvorec_statenberg/4/4443/10880
4444;https://www.hribi.net/izlet/catez_ob_savi_veliki_cirnik_cez_bambreg/25/4444/10897
4444;https://www.hribi.net/izlet/catez_ob_savi_veliki_cirnik/25/4444/10898
4445;https://www.hribi.net/izlet/catez_ob_savi_lovska_koca_na_malem_cirniku/25/4445/10899
4446;https://www.hribi.net/izlet/soca_lemovje/1/4446/10902
4447;https://www.hribi.net/izlet/trdnjava_kluze_hermanova_utrdba/1/4447/10903
4448;https://www.hribi.net/izlet/poklon_krog_ucka/33/4448/10905
4450;https://www.hribi.net/izlet/mala_ucka_maj_ucka/33/4450/10906
4452;https://www.hribi.net/izlet/mala_ucka_suhi_vrh_ucka/33/4452/10908
4453;https://www.hribi.net/izlet/gornji_senik___felsoszolnok_janezov_breg___janos-hegy/132/4453/10911
4453;https://www.hribi.net/izlet/eisenberg_an_der_raab_janezov_breg___janos-hegy/132/4453/10915
4455;https://www.hribi.net/izlet/kozje_bredic_strma_pot/25/4455/10918
4455;https://www.hribi.net/izlet/stari_trg_pilstanj_bredic/25/4455/10927
4455;https://www.hribi.net/izlet/lesicno_bredic/25/4455/10950
4456;https://www.hribi.net/izlet/lesicno_sveti_mihael_pilstanj/25/4456/10935
4456;https://www.hribi.net/izlet/lesicno_sveti_mihael_pilstanj_po_vodni_ucni_poti/25/4456/10942
4456;https://www.hribi.net/izlet/stari_trg_pilstanj_sveti_mihael_pilstanj/25/4456/10924
4457;https://www.hribi.net/izlet/stari_trg_pilstanj_na_gradu_grad_pilstanj/25/4457/10934
4457;https://www.hribi.net/izlet/lesicno_na_gradu_grad_pilstanj_po_vodni_ucni_poti/25/4457/10943
4457;https://www.hribi.net/izlet/lesicno_na_gradu_grad_pilstanj/25/4457/10936
4460;https://www.hribi.net/izlet/odcep_s_ceste_na_jelovo_rujo_planinska_koca_visocica/30/4460/10938
4462;https://www.hribi.net/izlet/odcep_s_ceste_na_jelovo_rujo_visocica/30/4462/10941
4463;https://www.hribi.net/izlet/lesicno_vina_gora/25/4463/10945
4463;https://www.hribi.net/izlet/lesicno_vina_gora_zahodna_pot/25/4463/10948
4463;https://www.hribi.net/izlet/lesicno_vina_gora_po_vodni_ucni_poti_ter_po_zahodni_poti/25/4463/10949
4463;https://www.hribi.net/izlet/stari_trg_pilstanj_vina_gora_zahodna_pot/25/4463/10947
4463;https://www.hribi.net/izlet/lesicno_vina_gora_po_vodni_ucni_poti/25/4463/10946
4464;https://www.hribi.net/izlet/glashutten_weinebene_strasse_weinebene/28/4464/10951
4466;https://www.hribi.net/izlet/loska_gora_grad_lusperk_razgledna_pot/4/4466/10958
4466;https://www.hribi.net/izlet/loska_gora_grad_lusperk_po_grebenu/4/4466/10957
4467;https://www.hribi.net/izlet/kal-koritnica_lipnik_nad_lepeno_cez_planino_golobar/1/4467/10960
4469;https://www.hribi.net/izlet/jelova_ruja_panos/30/4469/10962
4472;https://www.hribi.net/izlet/jelova_ruja_brdasce/30/4472/10963
4473;https://www.hribi.net/izlet/monchegg_sabathy-hutte_im_zirbenland/28/4473/10966
4474;https://www.hribi.net/izlet/sabathy-hutte_im_zirbenland_almrauschhutte_pod_zirbitzkoglom/28/4474/10967
4476;https://www.hribi.net/izlet/jelova_ruja_planinsko_zavetisce_sugarska_duliba_/30/4476/10968
4477;https://www.hribi.net/izlet/jelova_ruja_veliki_stolac_mimo_sugarske_dulibe/30/4477/10970
4478;https://www.hribi.net/izlet/sabathy-hutte_im_zirbenland_lindersee/28/4478/10971
4479;https://www.hribi.net/izlet/sabathy-hutte_im_zirbenland_linderhutte_pod_zirbitzkoglom/28/4479/10972
4480;https://www.hribi.net/izlet/tam_na_meji_zavetisce_viskorosa___rifugio_ana_monteaperta/1/4480/10976
4481;https://www.hribi.net/izlet/tam_na_meji_lanzevica___punta_lausciovizza/1/4481/10977
4482;https://www.hribi.net/izlet/mariensee_biotop_marienseer_wasserfall/138/4482/10985
4487;https://www.hribi.net/izlet/jassing_sonnschienhutte/59/4487/10989
4488;https://www.hribi.net/izlet/jassing_kleiner_ebenstein/59/4488/10991
4489;https://www.hribi.net/izlet/jassing_ebenstein_jugovzhodni_vrh/59/4489/10992
4490;https://www.hribi.net/izlet/jassing_ebenstein_severozahodni_vrh/59/4490/10993
4491;https://www.hribi.net/izlet/raduha_struge_cirkovnica/3/4491/11002
4492;https://www.hribi.net/izlet/bavsica_planina_bukovec/1/4492/11005
4493;https://www.hribi.net/izlet/soca_vrh_rus/1/4493/11007
4494;https://www.hribi.net/izlet/pregrada_sv_lenart___sv_leonard_pregradski_vrh_po_stopnicah_sv_lenarta/61/4494/11009
4495;https://www.hribi.net/izlet/bavsica_vrh_brda/1/4495/11012
4495;https://www.hribi.net/izlet/soca_vrh_brda/1/4495/11013
4496;https://www.hribi.net/izlet/bavsica_mali_grintavec/1/4496/11014
4497;https://www.hribi.net/izlet/podostra_ostra/62/4497/11025
4498;https://www.hribi.net/izlet/boharina_sveti_jakob_resnik/4/4498/11027
4499;https://www.hribi.net/izlet/bavsica_kanja/1/4499/11029
4500;https://www.hribi.net/izlet/ljubotic_sv_ante_planinsko_zavetisce_tatekova_koliba_cez_bristovac/30/4500/11030
4501;https://www.hribi.net/izlet/ljubotic_sv_ante_debeli_kuk_cez_bristovac/30/4501/11031
