id;ime_gore;drzava;gorovje;visina;sirina_dolzina;vrsta;ogledi;priljubljenost;stevilo_slik;stevilo_poti;stevilo_gps_sledi;vpisna_knjiga;povezava
1;Triglav;Slovenija;Julijske Alpe;2864;46,37832°N 13,83648°E;vrh, bivak;1965519;100% (1. mesto);44;29;20;29;https://www.hribi.net/gora/triglav/1/1
2;Škrlatica;Slovenija;Julijske Alpe;2740;46,43277°N 13,82114°E;vrh;905743;99% (43. mesto);24;5;5;3;https://www.hribi.net/gora/skrlatica/1/2
3;Mali Triglav;Slovenija;Julijske Alpe;2725;46,37683°N 13,84315°E;vrh;540768;93% (271. mesto);4;10;2;18;https://www.hribi.net/gora/mali_triglav/1/3
4;Mangart;Italija, Slovenija;Julijske Alpe;2679;46,43948°N 13,65457°E;vrh;1080776;100% (18. mesto);26;8;5;11;https://www.hribi.net/gora/mangart/1/4
5;Visoki Rokav;Slovenija;Julijske Alpe;2646;46,43547°N 13,8283°E;vrh;534269;93% (283. mesto);2;2;0;;https://www.hribi.net/gora/visoki_rokav/1/5
6;Jalovec;Slovenija;Julijske Alpe;2645;46,42154°N 13,68002°E;vrh;1008253;99% (26. mesto);29;10;7;5;https://www.hribi.net/gora/jalovec/1/6
7;Veliki Oltar;Slovenija;Julijske Alpe;2621;46,43919°N 13,82995°E;vrh;592432;95% (191. mesto);5;2;1;;https://www.hribi.net/gora/veliki_oltar/1/7
8;Velika Martuljška Ponca;Slovenija;Julijske Alpe;2602;46,44179°N 13,82419°E;vrh;525938;92% (300. mesto);5;1;1;;https://www.hribi.net/gora/velika_martuljska_ponca/1/8
9;Razor;Slovenija;Julijske Alpe;2601;46,41194°N 13,79138°E;vrh;821295;99% (57. mesto);18;5;4;7;https://www.hribi.net/gora/razor/1/9
10;Dolkova špica;Slovenija;Julijske Alpe;2591;46,42574°N 13,81467°E;vrh;595712;95% (187. mesto);17;6;2;1;https://www.hribi.net/gora/dolkova_spica/1/10
12;Visoki Kanin;Italija, Slovenija;Julijske Alpe;2587;46,36018°N 13,439°E;vrh;671828;97% (120. mesto);11;8;1;;https://www.hribi.net/gora/visoki_kanin/1/12
13;Mali Kanin;Italija, Slovenija;Julijske Alpe;2571;46,35727°N 13,43765°E;vrh;454587;87% (483. mesto);9;3;0;;https://www.hribi.net/gora/mali_kanin/1/13
14;Kanjavec;Slovenija;Julijske Alpe;2569;46,36013°N 13,80974°E;vrh;705020;97% (102. mesto);15;8;5;4;https://www.hribi.net/gora/kanjavec/1/14
16;Grintovec;Slovenija;Kamniško Savinjske Alpe;2558;46,35718°N 14,53548°E;vrh;1371010;100% (4. mesto);14;14;4;21;https://www.hribi.net/gora/grintovec/3/16
17;Glava v Zaplanji;Slovenija;Julijske Alpe;2556;46,37731°N 13,82801°E;vrh;450281;87% (501. mesto);3;4;0;1;https://www.hribi.net/gora/glava_v_zaplanji/1/17
18;Prisank / Prisojnik;Slovenija;Julijske Alpe;2547;46,42464°N 13,76974°E;vrh;1013729;99% (22. mesto);17;12;0;7;https://www.hribi.net/gora/prisank___prisojnik/1/18
19;Rogljica;Slovenija;Julijske Alpe;2547;46,42769°N 13,81231°E;vrh;406115;83% (641. mesto);5;1;0;;https://www.hribi.net/gora/rogljica/1/19
22;Dovški križ;Slovenija;Julijske Alpe;2542;46,44081°N 13,8422°E;vrh;553312;93% (254. mesto);4;2;3;1;https://www.hribi.net/gora/dovski_kriz/1/22
23;Triglavski dom na Kredarici;Slovenija;Julijske Alpe;2515;46,37891°N 13,84928°E;vrh, koča, cerkev;763581;98% (75. mesto);19;11;3;21;https://www.hribi.net/gora/triglavski_dom_na_kredarici/1/23
25;Jezerska Kočna;Slovenija;Kamniško Savinjske Alpe;2540;46,3587°N 14,52206°E;vrh;784410;98% (64. mesto);12;14;2;5;https://www.hribi.net/gora/jezerska_kocna/3/25
26;Rž;Slovenija;Julijske Alpe;2538;46,38155°N 13,8591°E;vrh;505814;91% (348. mesto);14;4;0;3;https://www.hribi.net/gora/rz/1/26
27;Rjavina;Slovenija;Julijske Alpe;2532;46,39185°N 13,88088°E;vrh;690539;97% (111. mesto);25;9;6;2;https://www.hribi.net/gora/rjavina/1/27
28;Skuta;Slovenija;Kamniško Savinjske Alpe;2532;46,36328°N 14,55768°E;vrh;1002359;99% (28. mesto);10;9;4;6;https://www.hribi.net/gora/skuta/3/28
31;Kokrska Kočna;Slovenija;Kamniško Savinjske Alpe;2520;46,35713°N 14,51984°E;vrh;588982;95% (196. mesto);10;8;2;2;https://www.hribi.net/gora/kokrska_kocna/3/31
33;Stenar;Slovenija;Julijske Alpe;2501;46,40795°N 13,81896°E;vrh;740734;98% (84. mesto);17;6;2;3;https://www.hribi.net/gora/stenar/1/33
35;Prestreljenik;Italija, Slovenija;Julijske Alpe;2499;46,36214°N 13,47237°E;vrh;555160;93% (250. mesto);8;7;2;1;https://www.hribi.net/gora/prestreljenik/1/35
40;Veliki Ozebnik;Slovenija;Julijske Alpe;2480;46,41572°N 13,67936°E;vrh;455059;87% (481. mesto);4;4;0;2;https://www.hribi.net/gora/veliki_ozebnik/1/40
42;Dolgi hrbet;Slovenija;Kamniško Savinjske Alpe;2473;46,36285°N 14,54596°E;vrh;573439;94% (222. mesto);7;6;0;2;https://www.hribi.net/gora/dolgi_hrbet/3/42
43;Špik;Slovenija;Julijske Alpe;2472;46,44872°N 13,81432°E;vrh;884462;99% (47. mesto);18;5;6;2;https://www.hribi.net/gora/spik/1/43
46;Mišeljski Konec;Slovenija;Julijske Alpe;2464;46,35458°N 13,81831°E;vrh;442961;86% (526. mesto);11;1;1;;https://www.hribi.net/gora/miseljski_konec/1/46
48;Begunjski vrh;Slovenija;Julijske Alpe;2461;46,39032°N 13,85436°E;vrh;549484;93% (260. mesto);16;6;2;3;https://www.hribi.net/gora/begunjski_vrh/1/48
49;Štruca;Slovenija;Kamniško Savinjske Alpe;2457;46,36269°N 14,55315°E;vrh;543084;93% (269. mesto);4;7;0;3;https://www.hribi.net/gora/struca/3/49
50;Kranjska Rinka;Slovenija;Kamniško Savinjske Alpe;2453;46,36565°N 14,56361°E;vrh;586254;95% (198. mesto);5;7;0;1;https://www.hribi.net/gora/kranjska_rinka/3/50
52;Begunjščica;Slovenija;Karavanke;2060;46,42166°N 14,22982°E;vrh;1233810;100% (7. mesto);29;14;5;25;https://www.hribi.net/gora/begunjscica/11/52
53;Stol;Avstrija, Slovenija;Karavanke;2236;46,43402°N 14,17362°E;vrh;1380629;100% (3. mesto);23;20;10;43;https://www.hribi.net/gora/stol/11/53
70;Čelo;Slovenija;Julijske Alpe;2228;46,32912°N 13,74117°E;vrh;459298;88% (471. mesto);7;7;1;;https://www.hribi.net/gora/celo/1/70
71;Planina Korošica;Slovenija;Karavanke;1554;46,43416°N 14,29156°E;koča, planina;698197;97% (106. mesto);15;6;0;7;https://www.hribi.net/gora/planina_korosica/11/71
72;Košutica;Avstrija, Slovenija;Karavanke;1968;46,43892°N 14,29909°E;vrh;647288;96% (136. mesto);14;8;3;6;https://www.hribi.net/gora/kosutica/11/72
73;Veliki Zvoh;Slovenija;Kamniško Savinjske Alpe;1971;46,3087°N 14,54165°E;vrh, jezero;626677;96% (150. mesto);7;5;4;18;https://www.hribi.net/gora/veliki_zvoh/3/73
74;Veliki vrh (Košuta);Avstrija, Slovenija;Karavanke;2088;46,43068°N 14,30956°E;vrh;1036506;99% (21. mesto);15;9;2;18;https://www.hribi.net/gora/veliki_vrh_kosuta/11/74
75;Polhograjska Grmada;Slovenija;Polhograjsko hribovje in Ljubljana;898;46,08381°N 14,33304°E;vrh;872714;99% (48. mesto);18;17;6;23;https://www.hribi.net/gora/polhograjska_grmada/5/75
76;Blejska koča na Lipanci;Slovenija;Julijske Alpe;1630;46,3753°N 13,92753°E;koča, planina;811035;98% (59. mesto);18;5;1;20;https://www.hribi.net/gora/blejska_koca_na_lipanci/1/76
77;Viševnik;Slovenija;Julijske Alpe;2050;46,35901°N 13,89829°E;vrh;1190122;100% (9. mesto);15;21;6;47;https://www.hribi.net/gora/visevnik/1/77
78;Vrtača;Avstrija, Slovenija;Karavanke;2181;46,43992°N 14,21226°E;vrh;924756;99% (38. mesto);17;12;4;18;https://www.hribi.net/gora/vrtaca/11/78
80;Planjava;Slovenija;Kamniško Savinjske Alpe;2392;46,35652°N 14,61372°E;vrh;855692;99% (50. mesto);10;13;4;11;https://www.hribi.net/gora/planjava/3/80
81;Mrežce;Slovenija;Julijske Alpe;1965;46,37759°N 13,91953°E;vrh;633748;96% (142. mesto);7;8;1;13;https://www.hribi.net/gora/mrezce/1/81
82;Lipanski vrh;Slovenija;Julijske Alpe;1974;46,37901°N 13,92016°E;vrh;524268;92% (304. mesto);8;5;2;7;https://www.hribi.net/gora/lipanski_vrh/1/82
83;Tosc;Slovenija;Julijske Alpe;2275;46,35672°N 13,8684°E;vrh;772882;98% (70. mesto);16;6;8;7;https://www.hribi.net/gora/tosc/1/83
84;Debela peč;Slovenija;Julijske Alpe;2014;46,39071°N 13,93316°E;vrh;1145232;100% (14. mesto);10;13;5;34;https://www.hribi.net/gora/debela_pec/1/84
85;Storžič;Slovenija;Kamniško Savinjske Alpe;2132;46,35028°N 14,40472°E;vrh;1389688;100% (2. mesto);29;30;9;46;https://www.hribi.net/gora/storzic/3/85
87;Črna prst;Slovenija;Julijske Alpe;1844;46,23062°N 13,93184°E;vrh, koča, bivak;922799;99% (39. mesto);17;18;6;17;https://www.hribi.net/gora/crna_prst/1/87
88;Žleb (Suho ruševje);Avstrija, Slovenija;Karavanke;1916;46,44258°N 14,21709°E;sedlo;407659;83% (633. mesto);2;1;0;4;https://www.hribi.net/gora/zleb_suho_rusevje/11/88
90;Visoka Ponca;Italija, Slovenija;Julijske Alpe;2274;46,46014°N 13,6974°E;vrh;578573;94% (212. mesto);12;3;1;;https://www.hribi.net/gora/visoka_ponca/1/90
91;Dom na Zelenici;Slovenija;Karavanke;1536;46,42899°N 14,23357°E;koča;818549;98% (58. mesto);19;6;2;62;https://www.hribi.net/gora/dom_na_zelenici/11/91
92;Vrh Ljubeljščice (Triangel);Slovenija;Karavanke;1704;46,43219°N 14,23721°E;vrh;533958;93% (284. mesto);9;3;1;20;https://www.hribi.net/gora/vrh_ljubeljscice_triangel/11/92
93;Mangartska koča na Mangartskem sedlu;Slovenija;Julijske Alpe;1906;46,43932°N 13,64065°E;koča;516143;92% (315. mesto);8;3;0;4;https://www.hribi.net/gora/mangartska_koca_na_mangartskem_sedlu/1/93
94;Dom Planika pod Triglavom;Slovenija;Julijske Alpe;2401;46,37154°N 13,84605°E;koča;659540;97% (129. mesto);9;9;0;11;https://www.hribi.net/gora/dom_planika_pod_triglavom/1/94
95;Kamniška koča na Kamniškem sedlu;Slovenija;Kamniško Savinjske Alpe;1864;46,35919°N 14,59748°E;koča, bivak, sedlo;1267668;100% (6. mesto);13;4;4;20;https://www.hribi.net/gora/kamniska_koca_na_kamniskem_sedlu/3/95
96;Brana;Slovenija;Kamniško Savinjske Alpe;2253;46,35487°N 14,5874°E;vrh;960210;99% (34. mesto);7;4;2;7;https://www.hribi.net/gora/brana/3/96
97;Kepa;Avstrija, Slovenija;Karavanke;2143;46,50679°N 13,95249°E;vrh;756860;98% (79. mesto);35;9;3;5;https://www.hribi.net/gora/kepa/11/97
98;Cojzova koča na Kokrskem sedlu;Slovenija;Kamniško Savinjske Alpe;1793;46,34433°N 14,54697°E;koča, bivak, sedlo;826710;99% (56. mesto);8;4;0;19;https://www.hribi.net/gora/cojzova_koca_na_kokrskem_sedlu/3/98
99;Velo polje;Slovenija;Julijske Alpe;1680;46,35695°N 13,85513°E;planina;475112;89% (426. mesto);8;7;0;;https://www.hribi.net/gora/velo_polje/1/99
100;Koča na Doliču;Slovenija;Julijske Alpe;2151;46,36487°N 13,81953°E;koča, sedlo;662207;97% (126. mesto);10;10;1;1;https://www.hribi.net/gora/koca_na_dolicu/1/100
101;Planina Krstenica;Slovenija;Julijske Alpe;1670;46,32596°N 13,85037°E;planina;546815;93% (262. mesto);11;3;2;4;https://www.hribi.net/gora/planina_krstenica/1/101
102;Dom na Komni;Slovenija;Julijske Alpe;1520;46,28446°N 13,77338°E;koča;891696;99% (46. mesto);10;12;2;17;https://www.hribi.net/gora/dom_na_komni/1/102
103;Kalška gora;Slovenija;Kamniško Savinjske Alpe;2047;46,34087°N 14,5476°E;vrh;634640;96% (141. mesto);3;11;2;7;https://www.hribi.net/gora/kalska_gora/3/103
105;Triglavska vojašnica Viktorja Emanuela III.;Slovenija;Julijske Alpe;2520;46,37661°N 13,82681°E;Vremenska napoved:;515747;92% (317. mesto);6;4;0;;https://www.hribi.net/gora/triglavska_vojasnica_viktorja_emanuela_iii/1/105
106;Mišelj vrh;Slovenija;Julijske Alpe;2350;46,3565°N 13,83745°E;vrh;529582;92% (294. mesto);15;1;2;;https://www.hribi.net/gora/miselj_vrh/1/106
117;Šmarna gora;Slovenija;Polhograjsko hribovje in Ljubljana;669;46,12985°N 14,46391°E;vrh, koča, cerkev;925269;99% (37. mesto);9;23;4;37;https://www.hribi.net/gora/smarna_gora/5/117
118;Dom na Govejku;Slovenija;Polhograjsko hribovje in Ljubljana;730;46,11558°N 14,34606°E;koča;565651;94% (236. mesto);7;2;2;4;https://www.hribi.net/gora/dom_na_govejku/5/118
119;Sveti Jakob;Slovenija;Polhograjsko hribovje in Ljubljana;806;46,10501°N 14,36909°E;vrh, cerkev;718527;98% (93. mesto);20;14;3;43;https://www.hribi.net/gora/sveti_jakob/5/119
120;Zavetišče v Gozdu;Slovenija;Kamniško Savinjske Alpe;891;46,34079°N 14,32825°E;koča, cerkev;418612;84% (602. mesto);11;7;1;6;https://www.hribi.net/gora/zavetisce_v_gozdu/3/120
121;Koča na Kriški gori;Slovenija;Kamniško Savinjske Alpe;1471;46,35164°N 14,33335°E;koča;1166841;100% (11. mesto);9;9;3;672;https://www.hribi.net/gora/koca_na_kriski_gori/3/121
122;Tošč;Slovenija;Polhograjsko hribovje in Ljubljana;1021;46,09737°N 14,32132°E;vrh;744261;98% (82. mesto);15;13;8;16;https://www.hribi.net/gora/tosc/5/122
123;Rašica (Vrh Staneta Kosca);Slovenija;Polhograjsko hribovje in Ljubljana;641;46,13972°N 14,51215°E;vrh, koča;770876;98% (71. mesto);16;14;2;10;https://www.hribi.net/gora/rasica_vrh_staneta_kosca/5/123
124;Vrata;Slovenija;Kamniško Savinjske Alpe;1591;46,3531°N 14,34496°E;vrh;386768;81% (709. mesto);2;1;1;4;https://www.hribi.net/gora/vrata/3/124
125;Tolsti vrh;Slovenija;Kamniško Savinjske Alpe;1715;46,34865°N 14,36322°E;vrh;782816;98% (66. mesto);13;16;10;25;https://www.hribi.net/gora/tolsti_vrh/3/125
126;Šmarjetna gora;Slovenija;Škofjeloško, Cerkljansko hribovje in Jelovica;646;46,24369°N 14,33616°E;vrh, koča, cerkev;566805;94% (235. mesto);15;7;0;131;https://www.hribi.net/gora/smarjetna_gora/21/126
127;Veliki Snežnik;Slovenija;Goriško, Notranjsko in Snežniško hribovje;1796;45,5885°N 14,4476°E;vrh, koča;1062027;99% (20. mesto);32;12;1;19;https://www.hribi.net/gora/veliki_sneznik/26/127
128;Toško Čelo;Slovenija;Polhograjsko hribovje in Ljubljana;590;46,08405°N 14,42213°E;vrh, koča;629081;96% (147. mesto);11;6;3;8;https://www.hribi.net/gora/tosko_celo/5/128
129;Dobrča;Slovenija;Kamniško Savinjske Alpe;1634;46,38064°N 14,25266°E;vrh;902793;99% (44. mesto);14;18;5;29;https://www.hribi.net/gora/dobrca/3/129
130;Koča na Dobrči;Slovenija;Kamniško Savinjske Alpe;1478;46,3762°N 14,24629°E;koča;714268;97% (97. mesto);9;14;5;49;https://www.hribi.net/gora/koca_na_dobrci/3/130
131;Lešanska planina;Slovenija;Kamniško Savinjske Alpe;1450;46,37843°N 14,25576°E;koča, planina;432072;86% (554. mesto);9;6;0;10;https://www.hribi.net/gora/lesanska_planina/3/131
132;Črno jezero;Slovenija;Julijske Alpe;1294;46,29834°N 13,79533°E;jezero;585861;95% (199. mesto);4;3;1;2;https://www.hribi.net/gora/crno_jezero/1/132
133;Koča pri Triglavskih jezerih;Slovenija;Julijske Alpe;1685;46,3186°N 13,77898°E;koča, jezero, bivak;1164989;100% (12. mesto);22;8;0;3;https://www.hribi.net/gora/koca_pri_triglavskih_jezerih/1/133
134;Dom na Kališču;Slovenija;Kamniško Savinjske Alpe;1534;46,33712°N 14,41698°E;koča;729054;98% (90. mesto);11;21;2;55;https://www.hribi.net/gora/dom_na_kaliscu/3/134
135;Lubnik;Slovenija;Škofjeloško, Cerkljansko hribovje in Jelovica;1025;46,17117°N 14,26106°E;vrh, koča;839810;99% (52. mesto);15;10;7;142;https://www.hribi.net/gora/lubnik/21/135
136;Kurešček;Slovenija;Goriško, Notranjsko in Snežniško hribovje;826;45,8853°N 14,55949°E;vrh, cerkev;538382;93% (275. mesto);14;5;3;128;https://www.hribi.net/gora/kurescek/26/136
137;Planina Konjščica;Slovenija;Julijske Alpe;1427;46,3488°N 13,89645°E;koča, planina;573586;94% (220. mesto);17;5;1;;https://www.hribi.net/gora/planina_konjscica/1/137
138;Studorski preval;Slovenija;Julijske Alpe;1892;46,35436°N 13,88201°E;sedlo;456544;88% (476. mesto);4;6;0;7;https://www.hribi.net/gora/studorski_preval/1/138
139;Vodnikov dom na Velem polju;Slovenija;Julijske Alpe;1817;46,35588°N 13,86133°E;koča, bivak;712713;97% (99. mesto);6;8;2;9;https://www.hribi.net/gora/vodnikov_dom_na_velem_polju/1/139
140;Koča na Planini pri Jezeru;Slovenija;Julijske Alpe;1453;46,30968°N 13,82758°E;koča, jezero, bivak, planina;671376;97% (121. mesto);21;6;0;;https://www.hribi.net/gora/koca_na_planini_pri_jezeru/1/140
146;Ojstrica;Slovenija;Kamniško Savinjske Alpe;2350;46,36395°N 14,63724°E;vrh;1116934;100% (16. mesto);9;17;4;13;https://www.hribi.net/gora/ojstrica/3/146
147;Krekova koča na Ratitovcu;Slovenija;Škofjeloško, Cerkljansko hribovje in Jelovica;1642;46,23666°N 14,09056°E;vrh, koča, bivak, planina;928393;99% (36. mesto);18;21;2;17;https://www.hribi.net/gora/krekova_koca_na_ratitovcu/21/147
148;Velika Raduha;Slovenija;Kamniško Savinjske Alpe;2062;46,40991°N 14,73775°E;vrh;1145786;100% (13. mesto);16;12;7;15;https://www.hribi.net/gora/velika_raduha/3/148
149;Veliki Javornik (Ženiklovec);Slovenija;Karavanke;1716;46,37502°N 14,40256°E;vrh;453725;87% (486. mesto);9;5;0;5;https://www.hribi.net/gora/veliki_javornik_zeniklovec/11/149
150;Krn;Slovenija;Julijske Alpe;2244;46,26607°N 13,65862°E;vrh;1127250;100% (15. mesto);23;15;12;11;https://www.hribi.net/gora/krn/1/150
151;Mala Tičarica;Slovenija;Julijske Alpe;2071;46,3202°N 13,78512°E;vrh;596526;95% (184. mesto);14;4;0;5;https://www.hribi.net/gora/mala_ticarica/1/151
152;Potoška planina;Slovenija;Karavanke;1270;46,43262°N 14,13469°E;koča, planina;434292;86% (549. mesto);6;4;0;2;https://www.hribi.net/gora/potoska_planina/11/152
153;Tolminski Kuk;Slovenija;Julijske Alpe;2085;46,2605°N 13,7568°E;vrh;573524;94% (221. mesto);11;11;3;1;https://www.hribi.net/gora/tolminski_kuk/1/153
154;Rzenik;Slovenija;Kamniško Savinjske Alpe;1833;46,32776°N 14,63334°E;vrh;492552;90% (373. mesto);8;3;1;2;https://www.hribi.net/gora/rzenik/3/154
155;Cmir;Slovenija;Julijske Alpe;2393;46,40065°N 13,86007°E;vrh;554745;93% (251. mesto);11;4;1;;https://www.hribi.net/gora/cmir/1/155
156;Planina Dedno polje;Slovenija;Julijske Alpe;1560;46,31511°N 13,81189°E;planina;477030;89% (419. mesto);12;3;0;;https://www.hribi.net/gora/planina_dedno_polje/1/156
157;Planina Ovčarija;Slovenija;Julijske Alpe;1660;46,30959°N 13,79581°E;planina;447048;87% (515. mesto);7;4;1;;https://www.hribi.net/gora/planina_ovcarija/1/157
158;Orožnova koča na planini za Liscem;Slovenija;Julijske Alpe;1346;46,24172°N 13,93748°E;koča, planina;585815;95% (200. mesto);9;4;0;4;https://www.hribi.net/gora/oroznova_koca_na_planini_za_liscem/1/158
162;Dom pri Krnskih jezerih;Slovenija;Julijske Alpe;1385;46,28869°N 13,69618°E;koča, bivak;589211;95% (195. mesto);6;2;0;;https://www.hribi.net/gora/dom_pri_krnskih_jezerih/1/162
163;Krnsko jezero;Slovenija;Julijske Alpe;1391;46,2857°N 13,68434°E;jezero, planina;910439;99% (42. mesto);11;2;1;;https://www.hribi.net/gora/krnsko_jezero/1/163
164;Pogačnikov dom na Kriških podih;Slovenija;Julijske Alpe;2050;46,40193°N 13,8007°E;vrh, koča, bivak;987217;99% (32. mesto);8;4;0;15;https://www.hribi.net/gora/pogacnikov_dom_na_kriskih_podih/1/164
165;Spodnje Kriško jezero;Slovenija;Julijske Alpe;1880;46,39903°N 13,80185°E;jezero;450085;87% (503. mesto);6;1;0;1;https://www.hribi.net/gora/spodnje_krisko_jezero/1/165
166;Orlovo gnezdo (Slap Rinka);Slovenija;Kamniško Savinjske Alpe;1120;46,37084°N 14,59344°E;slap, koča;525956;92% (299. mesto);7;1;0;3;https://www.hribi.net/gora/orlovo_gnezdo_slap_rinka/3/166
167;Dom na Okrešlju;Slovenija;Kamniško Savinjske Alpe;1396;46,36951°N 14,58767°E;koča, bivak, planina;703700;97% (103. mesto);1;2;0;3;https://www.hribi.net/gora/dom_na_okreslju/3/167
168;Kapela Marije Snežne (Velika planina);Slovenija;Kamniško Savinjske Alpe;1560;46,29515°N 14,6536°E;vrh, planina, cerkev;549489;93% (259. mesto);9;8;0;6;https://www.hribi.net/gora/kapela_marije_snezne_velika_planina/3/168
169;Gradišče (Velika planina);Slovenija;Kamniško Savinjske Alpe;1666;46,29806°N 14,64394°E;vrh, planina;1190361;100% (8. mesto);8;12;0;20;https://www.hribi.net/gora/gradisce_velika_planina/3/169
170;Domžalski dom na Mali planini;Slovenija;Kamniško Savinjske Alpe;1534;46,28916°N 14,6566°E;koča, planina;648196;97% (134. mesto);11;7;2;8;https://www.hribi.net/gora/domzalski_dom_na_mali_planini/3/170
171;Jezero v Ledvicah;Slovenija;Julijske Alpe;1831;46,3402°N 13,78252°E;jezero;487126;90% (393. mesto);11;3;0;;https://www.hribi.net/gora/jezero_v_ledvicah/1/171
172;Rjavo jezero;Slovenija;Julijske Alpe;2006;46,35541°N 13,79558°E;jezero;455701;88% (477. mesto);8;5;0;;https://www.hribi.net/gora/rjavo_jezero/1/172
173;Zeleno jezero;Slovenija;Julijske Alpe;1988;46,35125°N 13,79484°E;jezero;465353;88% (454. mesto);8;4;0;;https://www.hribi.net/gora/zeleno_jezero/1/173
174;Zajčeva koča;Slovenija;Posavsko hribovje in Dolenjska;742;46,19715°N 15,00092°E;koča;366440;80% (775. mesto);3;2;1;;https://www.hribi.net/gora/zajceva_koca/25/174
175;Zasavska koča na Prehodavcih;Slovenija;Julijske Alpe;2071;46,35856°N 13,79209°E;vrh, koča, bivak;837892;99% (53. mesto);9;7;0;5;https://www.hribi.net/gora/zasavska_koca_na_prehodavcih/1/175
176;Blegoš;Slovenija;Škofjeloško, Cerkljansko hribovje in Jelovica;1562;46,16482°N 14,11352°E;vrh;1069446;100% (19. mesto);21;13;5;24;https://www.hribi.net/gora/blegos/21/176
177;Koča na Blegošu;Slovenija;Škofjeloško, Cerkljansko hribovje in Jelovica;1391;46,16655°N 14,10554°E;koča, planina;557555;94% (246. mesto);12;8;4;15;https://www.hribi.net/gora/koca_na_blegosu/21/177
178;Krim;Slovenija;Goriško, Notranjsko in Snežniško hribovje;1107;45,92856°N 14,47138°E;vrh, koča;967766;99% (33. mesto);20;16;12;232;https://www.hribi.net/gora/krim/26/178
179;Dom na Krvavcu;Slovenija;Kamniško Savinjske Alpe;1684;46,29635°N 14,52909°E;koča, planina;508021;91% (335. mesto);6;4;1;4;https://www.hribi.net/gora/dom_na_krvavcu/3/179
183;Češka koča na Spodnjih Ravneh;Slovenija;Kamniško Savinjske Alpe;1542;46,36982°N 14,53594°E;koča, bivak;1011401;99% (24. mesto);7;5;2;19;https://www.hribi.net/gora/ceska_koca_na_spodnjih_ravneh/3/183
184;Kosijev dom na Vogarju;Slovenija;Julijske Alpe;1054;46,29671°N 13,867°E;koča, planina;554227;93% (252. mesto);3;1;0;6;https://www.hribi.net/gora/kosijev_dom_na_vogarju/1/184
185;Zavetišče na Biba planini;Slovenija;Kamniško Savinjske Alpe;1300;46,24369°N 14,84021°E;koča, planina;410364;84% (624. mesto);16;3;0;3;https://www.hribi.net/gora/zavetisce_na_biba_planini/3/185
186;Sveti Jošt nad Kranjem;Slovenija;Škofjeloško, Cerkljansko hribovje in Jelovica;845;46,24281°N 14,30319°E;vrh, koča, cerkev;842089;99% (51. mesto);17;12;1;295;https://www.hribi.net/gora/sveti_jost_nad_kranjem/21/186
187;Koča na Starem vrhu;Slovenija;Škofjeloško, Cerkljansko hribovje in Jelovica;1032;46,17134°N 14,18371°E;koča;428085;85% (567. mesto);5;2;0;;https://www.hribi.net/gora/koca_na_starem_vrhu/21/187
188;Osolnik;Slovenija;Polhograjsko hribovje in Ljubljana;858;46,13204°N 14,33437°E;vrh, cerkev;643993;96% (140. mesto);8;12;2;14;https://www.hribi.net/gora/osolnik/5/188
189;Dom na Kisovcu;Slovenija;Kamniško Savinjske Alpe;1275;46,27358°N 14,65779°E;koča, planina;518492;92% (310. mesto);4;4;0;7;https://www.hribi.net/gora/dom_na_kisovcu/3/189
190;Dom pod Storžičem;Slovenija;Kamniško Savinjske Alpe;1123;46,35928°N 14,38986°E;koča;605464;96% (170. mesto);5;3;1;8;https://www.hribi.net/gora/dom_pod_storzicem/3/190
191;Dom na Slivnici;Slovenija;Goriško, Notranjsko in Snežniško hribovje;1078;45,78973°N 14,40584°E;koča;503862;91% (354. mesto);8;5;0;17;https://www.hribi.net/gora/dom_na_slivnici/26/191
192;Kum;Slovenija;Posavsko hribovje in Dolenjska;1220;46,08831°N 15,07395°E;vrh, koča, cerkev;858965;99% (49. mesto);22;10;5;18;https://www.hribi.net/gora/kum/25/192
193;Dom na Menini planini;Slovenija;Kamniško Savinjske Alpe;1453;46,26189°N 14,8194°E;koča, planina, cerkev;896036;99% (45. mesto);19;16;1;3;https://www.hribi.net/gora/dom_na_menini_planini/3/193
194;Tomčeva koča na Poljški planini;Slovenija;Karavanke;1180;46,4095°N 14,20863°E;koča, planina;456775;88% (475. mesto);14;8;0;4;https://www.hribi.net/gora/tomceva_koca_na_poljski_planini/11/194
195;Roblekov dom na Begunjščici;Slovenija;Karavanke;1657;46,41783°N 14,21201°E;koča, bivak, planina;989332;99% (31. mesto);8;9;1;37;https://www.hribi.net/gora/roblekov_dom_na_begunjscici/11/195
196;Koča na Golici;Slovenija;Karavanke;1582;46,48592°N 14,06198°E;koča, planina;596209;95% (185. mesto);8;5;2;17;https://www.hribi.net/gora/koca_na_golici/11/196
197;Luknja;Slovenija;Julijske Alpe;1766;46,38798°N 13,81486°E;sedlo;483763;90% (400. mesto);6;2;2;1;https://www.hribi.net/gora/luknja/1/197
198;Koča pod Bogatinom;Slovenija;Julijske Alpe;1513;46,28775°N 13,76333°E;koča, planina;621869;96% (154. mesto);12;3;1;8;https://www.hribi.net/gora/koca_pod_bogatinom/1/198
199;Kocbekov dom na Korošici;Slovenija;Kamniško Savinjske Alpe;1808;46,3557°N 14,64002°E;koča, bivak, planina;721226;98% (92. mesto);9;13;1;2;https://www.hribi.net/gora/kocbekov_dom_na_korosici/3/199
200;Struška;Avstrija, Slovenija;Karavanke;1944;46,47275°N 14,12286°E;vrh;567185;94% (234. mesto);11;8;1;6;https://www.hribi.net/gora/struska/11/200
201;Belska planina (Svečica);Slovenija;Karavanke;1700;46,47403°N 14,10882°E;koča, planina;508262;91% (334. mesto);9;5;0;6;https://www.hribi.net/gora/belska_planina_svecica/11/201
202;Pusti Rovt;Slovenija;Karavanke;1296;46,47718°N 14,08992°E;planina;318554;75% (944. mesto);7;2;0;1;https://www.hribi.net/gora/pusti_rovt/11/202
203;Dom Valentina Staniča pod Triglavom;Slovenija;Julijske Alpe;2332;46,38703°N 13,85984°E;koča, bivak;612263;96% (162. mesto);12;12;1;10;https://www.hribi.net/gora/dom_valentina_stanica_pod_triglavom/1/203
204;Koča na Soriški planini;Slovenija;Julijske Alpe;1306;46,24°N 14,00737°E;koča, planina;572318;94% (226. mesto);7;4;2;3;https://www.hribi.net/gora/koca_na_soriski_planini/1/204
205;Možic;Slovenija;Julijske Alpe;1602;46,24182°N 13,99482°E;vrh;613995;96% (160. mesto);11;8;4;5;https://www.hribi.net/gora/mozic/1/205
206;Koča v Krnici;Slovenija;Julijske Alpe;1113;46,43236°N 13,78762°E;koča;702334;97% (105. mesto);7;3;0;16;https://www.hribi.net/gora/koca_v_krnici/1/206
207;Velika Poljana;Slovenija;Kamniško Savinjske Alpe;1385;46,34632°N 14,37922°E;koča, planina, sedlo;503450;91% (355. mesto);13;11;3;40;https://www.hribi.net/gora/velika_poljana/3/207
208;Mala Poljana;Slovenija;Kamniško Savinjske Alpe;1325;46,34862°N 14,3729°E;koča, planina;460554;88% (465. mesto);13;6;3;13;https://www.hribi.net/gora/mala_poljana/3/208
209;Porezen;Slovenija;Škofjeloško, Cerkljansko hribovje in Jelovica;1630;46,17733°N 13,97467°E;vrh;912206;99% (41. mesto);32;21;12;10;https://www.hribi.net/gora/porezen/21/209
210;Zavetišče pod Špičkom;Slovenija;Julijske Alpe;2064;46,41015°N 13,67785°E;koča, bivak;567964;94% (233. mesto);3;4;3;4;https://www.hribi.net/gora/zavetisce_pod_spickom/1/210
211;Bivak na Jezerih;Slovenija;Julijske Alpe;2118;46,43367°N 13,83861°E;bivak;435682;86% (545. mesto);1;1;0;1;https://www.hribi.net/gora/bivak_na_jezerih/1/211
214;Zasavska Sveta gora;Slovenija;Posavsko hribovje in Dolenjska;852;46,1285°N 14,89429°E;vrh, cerkev;603727;95% (175. mesto);16;9;3;3;https://www.hribi.net/gora/zasavska_sveta_gora/25/214
215;Dom na Mirni gori;Slovenija;Posavsko hribovje in Dolenjska;1000;45,62952°N 15,10311°E;koča;472794;89% (430. mesto);12;4;0;2;https://www.hribi.net/gora/dom_na_mirni_gori/25/215
216;Bivak na Rušju;Slovenija;Julijske Alpe;1980;46,41748°N 13,8199°E;bivak;459600;88% (470. mesto);4;1;0;4;https://www.hribi.net/gora/bivak_na_rusju/1/216
217;Dom na Poreznu;Slovenija;Škofjeloško, Cerkljansko hribovje in Jelovica;1590;46,17927°N 13,97624°E;koča, bivak, planina;552150;93% (257. mesto);16;20;0;6;https://www.hribi.net/gora/dom_na_poreznu/21/217
218;Spodnji Martuljkov slap;Slovenija;Julijske Alpe;850;46,47233°N 13,82839°E;slap;326753;76% (914. mesto);1;1;0;1;https://www.hribi.net/gora/spodnji_martuljkov_slap/1/218
219;Ingotova koča na planini Jesenje;Slovenija;Julijske Alpe;930;46,4698°N 13,83131°E;koča, planina, cerkev;435497;86% (546. mesto);3;2;0;3;https://www.hribi.net/gora/ingotova_koca_na_planini_jesenje/1/219
220;Zgornji Martuljkov slap;Slovenija;Julijske Alpe;1150;46,46112°N 13,83886°E;slap;423683;85% (586. mesto);2;2;1;;https://www.hribi.net/gora/zgornji_martuljkov_slap/1/220
221;Kovačičeva glava;Slovenija;Julijske Alpe;1827;46,31981°N 13,8023°E;vrh;225967;66% (1288. mesto);6;1;0;;https://www.hribi.net/gora/kovaciceva_glava/1/221
222;Slap Suha;Slovenija;Julijske Alpe;950;46,30581°N 13,85786°E;slap;295381;73% (1039. mesto);3;1;0;;https://www.hribi.net/gora/slap_suha/1/222
223;Dom na Kofcah;Slovenija;Karavanke;1488;46,41772°N 14,3232°E;koča, planina, cerkev;1363329;100% (5. mesto);18;13;6;42;https://www.hribi.net/gora/dom_na_kofcah/11/223
224;Mala Mojstrovka;Slovenija;Julijske Alpe;2332;46,43725°N 13,73111°E;vrh;947626;99% (35. mesto);9;5;4;21;https://www.hribi.net/gora/mala_mojstrovka/1/224
225;Kranjska koča na Ledinah;Slovenija;Kamniško Savinjske Alpe;1700;46,37059°N 14,54963°E;koča, bivak;681044;97% (113. mesto);5;4;0;4;https://www.hribi.net/gora/kranjska_koca_na_ledinah/3/225
226;Jeterbenk;Slovenija;Polhograjsko hribovje in Ljubljana;774;46,1024°N 14,38719°E;vrh;506048;91% (346. mesto);13;10;4;24;https://www.hribi.net/gora/jeterbenk/5/226
227;Slivnica;Slovenija;Goriško, Notranjsko in Snežniško hribovje;1114;45,79005°N 14,4081°E;vrh;778697;98% (69. mesto);10;6;7;15;https://www.hribi.net/gora/slivnica/26/227
228;Zelenci;Slovenija;Julijske Alpe;845;46,49235°N 13,73771°E;jezero;516622;92% (314. mesto);12;3;0;3;https://www.hribi.net/gora/zelenci/1/228
229;Počitniški dom v Možnici;Slovenija;Julijske Alpe;793;46,38443°N 13,56775°E;koča, bivak;327008;76% (911. mesto);3;1;0;;https://www.hribi.net/gora/pocitniski_dom_v_moznici/1/229
230;Mladinski izobraževalni center v Bavšici;Slovenija;Julijske Alpe;725;46,36914°N 13,63367°E;planina;220286;66% (1310. mesto);4;1;0;;https://www.hribi.net/gora/mladinski_izobrazevalni_center_v_bavsici/1/230
231;Logje;Slovenija;Julijske Alpe;840;46,37498°N 13,63454°E;planina;330226;77% (899. mesto);4;1;0;;https://www.hribi.net/gora/logje/1/231
232;Slap Virje;Slovenija;Julijske Alpe;400;46,33494°N 13,51418°E;slap, jezero;418382;84% (603. mesto);4;1;0;2;https://www.hribi.net/gora/slap_virje/1/232
233;Slap Parabola;Slovenija;Julijske Alpe;700;46,40195°N 13,60737°E;slap, jezero;406949;83% (636. mesto);4;1;0;;https://www.hribi.net/gora/slap_parabola/1/233
234;Izvir Glijuna;Slovenija;Julijske Alpe;450;46,3352°N 13,51064°E;Vremenska napoved:;294857;73% (1041. mesto);4;1;0;1;https://www.hribi.net/gora/izvir_glijuna/1/234
235;Korita Soče pri Kršovcu;Slovenija;Julijske Alpe;390;46,33341°N 13,59312°E;Vremenska napoved:;323878;76% (924. mesto);2;1;0;;https://www.hribi.net/gora/korita_soce_pri_krsovcu/1/235
236;Koča Vrtača;Slovenija;Karavanke;1288;46,42974°N 14,24458°E;koča;411617;84% (620. mesto);4;1;0;4;https://www.hribi.net/gora/koca_vrtaca/11/236
237;Jarški dom na Mali planini;Slovenija;Kamniško Savinjske Alpe;1520;46,2874°N 14,6607°E;koča, planina;506398;91% (342. mesto);6;5;0;10;https://www.hribi.net/gora/jarski_dom_na_mali_planini/3/237
238;Planinska koča Iskra na Jakobu;Slovenija;Kamniško Savinjske Alpe;961;46,31517°N 14,44093°E;koča, cerkev;602779;95% (177. mesto);9;8;0;76;https://www.hribi.net/gora/planinska_koca_iskra_na_jakobu/3/238
239;Toplar;Avstrija, Slovenija;Karavanke;2000;46,43156°N 14,31668°E;vrh;502117;91% (359. mesto);4;3;2;7;https://www.hribi.net/gora/toplar/11/239
240;Slemenova špica;Slovenija;Julijske Alpe;1911;46,44584°N 13,7266°E;vrh, planina;1002084;99% (29. mesto);11;6;4;17;https://www.hribi.net/gora/slemenova_spica/1/240
241;Bivak pod Luknjo;Slovenija;Julijske Alpe;1480;46,39127°N 13,82189°E;bivak;475550;89% (421. mesto);4;1;1;;https://www.hribi.net/gora/bivak_pod_luknjo/1/241
242;Aljažev dom v Vratih;Slovenija;Julijske Alpe;1001;46,40904°N 13,84339°E;koča, bivak, cerkev;575669;94% (216. mesto);11;1;1;3;https://www.hribi.net/gora/aljazev_dom_v_vratih/1/242
243;Planina v Lazu;Slovenija;Julijske Alpe;1560;46,32882°N 13,82552°E;planina;475317;89% (425. mesto);10;2;3;;https://www.hribi.net/gora/planina_v_lazu/1/243
244;Srednji vrh;Slovenija;Kamniško Savinjske Alpe;1853;46,33939°N 14,4391°E;vrh;568354;94% (231. mesto);10;7;4;16;https://www.hribi.net/gora/srednji_vrh/3/244
245;Planina Dolga njiva;Slovenija;Kamniško Savinjske Alpe;1600;46,33684°N 14,43331°E;planina;491172;90% (378. mesto);5;4;1;7;https://www.hribi.net/gora/planina_dolga_njiva/3/245
246;Planina Spodnja Grintovica;Slovenija;Julijske Alpe;1165;46,33191°N 13,86584°E;planina;358718;79% (807. mesto);2;2;0;;https://www.hribi.net/gora/planina_spodnja_grintovica/1/246
247;Planina Zgornja Grintovica;Slovenija;Julijske Alpe;1250;46,32841°N 13,86507°E;planina;375119;81% (742. mesto);10;2;0;;https://www.hribi.net/gora/planina_zgornja_grintovica/1/247
248;Pri Pastirjih;Slovenija;Kamniško Savinjske Alpe;1430;46,3497°N 14,59503°E;bivak, planina;367220;80% (770. mesto);3;1;0;1;https://www.hribi.net/gora/pri_pastirjih/3/248
249;Kranjska reber;Slovenija;Kamniško Savinjske Alpe;1435;46,2843°N 14,71112°E;vrh;494927;90% (367. mesto);12;6;2;3;https://www.hribi.net/gora/kranjska_reber/3/249
250;Kašna planina;Slovenija;Kamniško Savinjske Alpe;1317;46,29°N 14,7177°E;planina;460304;88% (466. mesto);10;3;0;1;https://www.hribi.net/gora/kasna_planina/3/250
251;Koča Pr Zdravc;Slovenija;Karavanke;1460;46,37768°N 14,3907°E;koča;275326;71% (1105. mesto);3;5;0;1;https://www.hribi.net/gora/koca_pr_zdravc/11/251
252;Golica;Avstrija, Slovenija;Karavanke;1835;46,49132°N 14,05411°E;vrh;1170955;100% (10. mesto);14;12;5;24;https://www.hribi.net/gora/golica/11/252
253;Planina Zgornja Krma;Slovenija;Julijske Alpe;1720;46,3682°N 13,86771°E;planina;466300;88% (449. mesto);6;1;1;4;https://www.hribi.net/gora/planina_zgornja_krma/1/253
254;Pršivec;Slovenija;Julijske Alpe;1761;46,2973°N 13,82122°E;vrh;631085;96% (144. mesto);9;7;2;3;https://www.hribi.net/gora/prsivec/1/254
255;Planina Viševnik;Slovenija;Julijske Alpe;1625;46,30592°N 13,81746°E;koča, planina;535402;93% (281. mesto);14;4;4;1;https://www.hribi.net/gora/planina_visevnik/1/255
256;Mali Draški vrh;Slovenija;Julijske Alpe;2132;46,36293°N 13,89162°E;vrh;573319;94% (224. mesto);16;8;0;11;https://www.hribi.net/gora/mali_draski_vrh/1/256
257;Križ;Slovenija;Julijske Alpe;2410;46,41006°N 13,81101°E;vrh;619512;96% (156. mesto);9;8;5;5;https://www.hribi.net/gora/kriz/1/257
258;Zgornje Kriško jezero;Slovenija;Julijske Alpe;2158;46,40847°N 13,80578°E;jezero;509832;91% (330. mesto);7;2;0;;https://www.hribi.net/gora/zgornje_krisko_jezero/1/258
259;Jezerski Stog;Slovenija;Julijske Alpe;2040;46,33838°N 13,8449°E;vrh;530398;92% (292. mesto);12;6;1;1;https://www.hribi.net/gora/jezerski_stog/1/259
260;Planina Jezerce;Slovenija;Julijske Alpe;1720;46,33733°N 13,83825°E;jezero, planina;425081;85% (580. mesto);4;2;0;;https://www.hribi.net/gora/planina_jezerce/1/260
261;Poštarski dom na Vršiču;Slovenija;Julijske Alpe;1688;46,43244°N 13,74758°E;koča;481958;89% (406. mesto);10;6;0;14;https://www.hribi.net/gora/postarski_dom_na_vrsicu/1/261
262;Tičarjev dom na Vršiču;Slovenija;Julijske Alpe;1618;46,43278°N 13,74439°E;koča;479791;89% (413. mesto);7;4;0;12;https://www.hribi.net/gora/ticarjev_dom_na_vrsicu/1/262
263;Brda;Slovenija;Julijske Alpe;2008;46,38497°N 13,92546°E;vrh;531976;93% (286. mesto);9;9;0;17;https://www.hribi.net/gora/brda/1/263
264;Polhograjska Gora (Sveti Lovrenc);Slovenija;Polhograjsko hribovje in Ljubljana;824;46,07083°N 14,29876°E;vrh, cerkev;575654;94% (215. mesto);19;9;2;4;https://www.hribi.net/gora/polhograjska_gora_sveti_lovrenc/5/264
267;Javorov vrh;Slovenija;Kamniško Savinjske Alpe;1434;46,32456°N 14,46385°E;vrh;512133;92% (325. mesto);7;7;1;10;https://www.hribi.net/gora/javorov_vrh/3/267
268;Dom Čemšenik;Slovenija;Kamniško Savinjske Alpe;835;46,31488°N 14,46799°E;koča;441479;86% (530. mesto);4;1;0;30;https://www.hribi.net/gora/dom_cemsenik/3/268
269;Mihov dom na Vršiču;Slovenija;Julijske Alpe;1085;46,44342°N 13,77177°E;koča;419841;84% (597. mesto);6;1;0;7;https://www.hribi.net/gora/mihov_dom_na_vrsicu/1/269
270;Koča na Gozdu;Slovenija;Julijske Alpe;1226;46,43964°N 13,76252°E;koča;478836;89% (415. mesto);3;1;0;2;https://www.hribi.net/gora/koca_na_gozdu/1/270
271;Ruska kapelica;Slovenija;Julijske Alpe;1130;46,44288°N 13,7679°E;cerkev;352487;78% (828. mesto);5;1;0;2;https://www.hribi.net/gora/ruska_kapelica/1/271
272;Erjavčeva koča na Vršiču;Slovenija;Julijske Alpe;1525;46,43921°N 13,74934°E;koča;506338;91% (344. mesto);8;2;0;6;https://www.hribi.net/gora/erjavceva_koca_na_vrsicu/1/272
273;Šitna glava;Slovenija;Julijske Alpe;2087;46,43914°N 13,73879°E;vrh;518343;92% (311. mesto);7;1;0;8;https://www.hribi.net/gora/sitna_glava/1/273
274;Bašeljski vrh;Slovenija;Kamniško Savinjske Alpe;1744;46,34535°N 14,41834°E;vrh;545777;93% (263. mesto);6;16;1;17;https://www.hribi.net/gora/baseljski_vrh/3/274
275;Dovška Baba;Avstrija, Slovenija;Karavanke;1891;46,48762°N 13,99389°E;vrh;765617;98% (74. mesto);15;9;1;8;https://www.hribi.net/gora/dovska_baba/11/275
276;Planina Dovška Rožca;Slovenija;Karavanke;1650;46,4827°N 13,98722°E;koča, planina;451899;87% (492. mesto);8;6;1;4;https://www.hribi.net/gora/planina_dovska_rozca/11/276
277;Srednji vrh (nad Završnico);Slovenija;Karavanke;1796;46,43064°N 14,20789°E;vrh;470423;89% (439. mesto);6;5;0;5;https://www.hribi.net/gora/srednji_vrh_nad_zavrsnico/11/277
278;Dom pri izviru Završnice;Slovenija;Karavanke;1425;46,42999°N 14,21832°E;koča, planina;579478;95% (210. mesto);16;2;1;17;https://www.hribi.net/gora/dom_pri_izviru_zavrsnice/11/278
279;Slatna;Slovenija;Julijske Alpe;2077;46,32854°N 13,80515°E;vrh;423390;85% (587. mesto);2;3;2;1;https://www.hribi.net/gora/slatna/1/279
280;Kreda;Slovenija;Julijske Alpe;2025;46,32584°N 13,81186°E;vrh;457337;88% (474. mesto);6;2;1;1;https://www.hribi.net/gora/kreda/1/280
281;Kozji vrh;Slovenija;Kamniško Savinjske Alpe;1628;46,36445°N 14,44617°E;vrh;427288;85% (570. mesto);5;1;3;2;https://www.hribi.net/gora/kozji_vrh/3/281
283;Pečovnik (kota 1668);Avstrija, Slovenija;Karavanke;1668;46,42842°N 14,44176°E;vrh;240301;68% (1240. mesto);7;2;0;;https://www.hribi.net/gora/pecovnik_kota_1668/11/283
284;Vratca;Slovenija;Kamniško Savinjske Alpe;1802;46,37036°N 14,52837°E;vrh;481658;89% (408. mesto);5;5;4;1;https://www.hribi.net/gora/vratca/3/284
285;Kotovo sedlo;Slovenija;Julijske Alpe;2134;46,4304°N 13,68128°E;sedlo;489335;90% (386. mesto);2;2;2;;https://www.hribi.net/gora/kotovo_sedlo/1/285
286;Dom v Tamarju;Slovenija;Julijske Alpe;1108;46,44605°N 13,7134°E;koča, planina, cerkev;714522;97% (96. mesto);10;3;0;22;https://www.hribi.net/gora/dom_v_tamarju/1/286
288;Vodotočno jezero (Veža);Slovenija;Kamniško Savinjske Alpe;1850;46,34689°N 14,65578°E;jezero, planina;489018;90% (388. mesto);9;4;0;;https://www.hribi.net/gora/vodotocno_jezero_veza/3/288
289;Konj;Slovenija;Kamniško Savinjske Alpe;1803;46,33081°N 14,63766°E;vrh;693485;97% (110. mesto);10;4;3;3;https://www.hribi.net/gora/konj/3/289
290;Slatnik (severozahodni vrh);Slovenija;Julijske Alpe;1609;46,23708°N 13,99341°E;vrh;469020;88% (443. mesto);9;5;0;4;https://www.hribi.net/gora/slatnik_severozahodni_vrh/1/290
291;Vrh Razora;Slovenija;Julijske Alpe;1893;46,37598°N 13,91362°E;vrh;398754;83% (669. mesto);4;3;0;;https://www.hribi.net/gora/vrh_razora/1/291
292;Planina pod Mišelj vrhom;Slovenija;Julijske Alpe;1645;46,34973°N 13,84596°E;jezero, planina;391351;82% (693. mesto);11;7;1;;https://www.hribi.net/gora/planina_pod_miselj_vrhom/1/292
293;Škrbina;Avstrija, Slovenija;Karavanke;1869;46,43787°N 14,35514°E;sedlo;381257;81% (721. mesto);3;1;0;3;https://www.hribi.net/gora/skrbina/11/293
294;Koča na planini Preval-a;Slovenija;Karavanke;1311;46,41014°N 14,2434°E;koča, planina;915624;99% (40. mesto);8;4;0;19;https://www.hribi.net/gora/koca_na_planini_preval-a/11/294
295;Veliki vrh;Slovenija;Kamniško Savinjske Alpe;1742;46,37237°N 14,4974°E;vrh;489745;90% (384. mesto);6;1;11;2;https://www.hribi.net/gora/veliki_vrh/3/295
296;Tolsta Košuta - Vzhodni vrh;Avstrija, Slovenija;Karavanke;2057;46,44703°N 14,42951°E;vrh;465878;88% (453. mesto);7;1;0;7;https://www.hribi.net/gora/tolsta_kosuta_-_vzhodni_vrh/11/296
297;Planina Zgornja Dolga njiva;Slovenija;Karavanke;1580;46,44029°N 14,43179°E;planina;369921;80% (761. mesto);2;2;0;2;https://www.hribi.net/gora/planina_zgornja_dolga_njiva/11/297
298;Planina Spodnja Dolga njiva;Slovenija;Karavanke;1400;46,43838°N 14,41601°E;koča, planina;538172;93% (276. mesto);8;4;0;5;https://www.hribi.net/gora/planina_spodnja_dolga_njiva/11/298
299;Sveta Uršula (Setnica);Slovenija;Polhograjsko hribovje in Ljubljana;700;46,07895°N 14,32481°E;cerkev;295710;73% (1038. mesto);8;2;0;2;https://www.hribi.net/gora/sveta_ursula_setnica/5/299
300;Plešivec;Avstrija, Slovenija;Karavanke;1801;46,43399°N 14,4313°E;vrh;491004;90% (379. mesto);13;3;3;1;https://www.hribi.net/gora/plesivec/11/300
301;Mala Košuta;Slovenija;Karavanke;1740;46,44293°N 14,43825°E;vrh;394649;82% (685. mesto);5;2;0;2;https://www.hribi.net/gora/mala_kosuta/11/301
302;Peč (Tromeja);Avstrija, Italija, Slovenija;Karavanke;1508;46,52283°N 13,71413°E;vrh;696897;97% (107. mesto);13;11;1;10;https://www.hribi.net/gora/pec_tromeja/11/302
303;Dom na Tromeji;Slovenija;Karavanke;1145;46,51574°N 13,71901°E;koča;492319;90% (376. mesto);4;2;0;;https://www.hribi.net/gora/dom_na_tromeji/11/303
304;Deska (Veža);Slovenija;Kamniško Savinjske Alpe;1970;46,34525°N 14,66027°E;vrh;424366;85% (583. mesto);5;4;0;;https://www.hribi.net/gora/deska_veza/3/304
305;Tolsti vrh (Veža);Slovenija;Kamniško Savinjske Alpe;1985;46,34915°N 14,66186°E;vrh;458874;88% (473. mesto);8;4;0;2;https://www.hribi.net/gora/tolsti_vrh_veza/3/305
306;Planina Podvežak;Slovenija;Kamniško Savinjske Alpe;1564;46,33742°N 14,67525°E;planina;428969;85% (564. mesto);4;2;0;2;https://www.hribi.net/gora/planina_podvezak/3/306
307;Ljubljanski grad;Slovenija;Polhograjsko hribovje in Ljubljana;376;46,04867°N 14,50841°E;vrh, koča;472306;89% (433. mesto);10;5;3;18;https://www.hribi.net/gora/ljubljanski_grad/5/307
308;Vrtaška planina;Slovenija;Julijske Alpe;1462;46,45333°N 13,9042°E;bivak, planina;433010;86% (551. mesto);13;2;0;1;https://www.hribi.net/gora/vrtaska_planina/1/308
309;Prešernova koča na Stolu;Slovenija;Karavanke;2174;46,43136°N 14,17495°E;vrh, koča;568002;94% (232. mesto);10;14;1;26;https://www.hribi.net/gora/presernova_koca_na_stolu/11/309
310;Rodica;Slovenija;Julijske Alpe;1966;46,22774°N 13,86519°E;vrh;754743;98% (80. mesto);9;10;6;12;https://www.hribi.net/gora/rodica/1/310
311;Planina Suha;Slovenija;Julijske Alpe;1385;46,24169°N 13,85591°E;planina;400055;83% (664. mesto);8;5;0;1;https://www.hribi.net/gora/planina_suha/1/311
312;Šišenski hrib (Rožnik);Slovenija;Polhograjsko hribovje in Ljubljana;429;46,06014°N 14,48803°E;vrh;445838;86% (518. mesto);3;3;2;87;https://www.hribi.net/gora/sisenski_hrib_roznik/5/312
313;Cankarjev vrh (Rožnik);Slovenija;Polhograjsko hribovje in Ljubljana;394;46,05492°N 14,47719°E;vrh, koča, cerkev;558136;94% (244. mesto);9;4;2;152;https://www.hribi.net/gora/cankarjev_vrh_roznik/5/313
314;Virnikov Grintovec;Avstrija, Slovenija;Karavanke;1654;46,41349°N 14,47887°E;vrh;606871;96% (169. mesto);15;6;2;8;https://www.hribi.net/gora/virnikov_grintovec/11/314
315;Tolsta Košuta - Zahodni vrh;Avstrija, Slovenija;Karavanke;2039;46,44618°N 14,42618°E;vrh;474770;89% (427. mesto);4;1;0;3;https://www.hribi.net/gora/tolsta_kosuta_-_zahodni_vrh/11/315
316;Vrh Korena;Slovenija;Kamniško Savinjske Alpe;1999;46,31504°N 14,5542°E;vrh;652312;97% (131. mesto);3;9;2;12;https://www.hribi.net/gora/vrh_korena/3/316
317;Planina Koren;Slovenija;Kamniško Savinjske Alpe;1675;46,30716°N 14,54786°E;planina;454776;87% (482. mesto);6;4;0;4;https://www.hribi.net/gora/planina_koren/3/317
318;Kalški greben;Slovenija;Kamniško Savinjske Alpe;2224;46,33165°N 14,5378°E;vrh;730216;98% (89. mesto);5;13;7;10;https://www.hribi.net/gora/kalski_greben/3/318
319;Kompotela;Slovenija;Kamniško Savinjske Alpe;1989;46,31522°N 14,56246°E;vrh;694782;97% (108. mesto);4;3;2;9;https://www.hribi.net/gora/kompotela/3/319
320;Mokrica;Slovenija;Kamniško Savinjske Alpe;1853;46,31567°N 14,57027°E;vrh;477213;89% (417. mesto);3;4;2;2;https://www.hribi.net/gora/mokrica/3/320
321;Visoka Vrbanova špica;Slovenija;Julijske Alpe;2408;46,39132°N 13,86163°E;vrh;599022;95% (179. mesto);11;7;2;5;https://www.hribi.net/gora/visoka_vrbanova_spica/1/321
322;Koča na Ljubelju;Slovenija;Karavanke;1370;46,43891°N 14,26649°E;koča, sedlo;576867;94% (213. mesto);20;3;1;81;https://www.hribi.net/gora/koca_na_ljubelju/11/322
323;Ogradi;Slovenija;Julijske Alpe;2087;46,33469°N 13,83342°E;vrh;542317;93% (270. mesto);10;3;0;2;https://www.hribi.net/gora/ogradi/1/323
324;Kapelica na Molički planini (Kocbekovo zavetišče pod Ojstrico);Slovenija;Kamniško Savinjske Alpe;1780;46,36015°N 14,65553°E;koča, planina, sedlo, cerkev;604449;95% (173. mesto);22;7;0;1;https://www.hribi.net/gora/kapelica_na_molicki_planini_kocbekovo_zavetisce_pod_ojstrico/3/324
325;Lanževica;Slovenija;Julijske Alpe;2003;46,29677°N 13,72475°E;vrh;521031;92% (308. mesto);14;6;4;2;https://www.hribi.net/gora/lanzevica/1/325
326;Bogatin;Slovenija;Julijske Alpe;1977;46,28163°N 13,73508°E;vrh;589343;95% (193. mesto);10;4;0;1;https://www.hribi.net/gora/bogatin/1/326
327;Mahavšček;Slovenija;Julijske Alpe;2008;46,27747°N 13,73621°E;vrh;530557;92% (291. mesto);8;6;3;1;https://www.hribi.net/gora/mahavscek/1/327
328;Dom Petra Skalarja na Kaninu;Slovenija;Julijske Alpe;2260;46,35371°N 13,46864°E;koča;455379;88% (478. mesto);8;3;0;1;https://www.hribi.net/gora/dom_petra_skalarja_na_kaninu/1/328
329;Planina Leskovca;Slovenija;Julijske Alpe;1230;46,24888°N 13,67888°E;planina;364528;79% (787. mesto);1;1;1;;https://www.hribi.net/gora/planina_leskovca/1/329
330;Jezero v Lužnici;Slovenija;Julijske Alpe;1801;46,25519°N 13,68558°E;jezero;440890;86% (532. mesto);6;3;0;;https://www.hribi.net/gora/jezero_v_luznici/1/330
331;Košutnikov turn;Avstrija, Slovenija;Karavanke;2133;46,44637°N 14,41031°E;vrh;767890;98% (72. mesto);11;8;3;7;https://www.hribi.net/gora/kosutnikov_turn/11/331
332;Sleme;Slovenija;Julijske Alpe;2077;46,45172°N 13,87177°E;vrh;613745;96% (161. mesto);5;3;2;5;https://www.hribi.net/gora/sleme/1/332
333;Kožljek;Slovenija;Polhograjsko hribovje in Ljubljana;788;46,0343°N 14,25499°E;vrh;376198;81% (736. mesto);7;4;2;;https://www.hribi.net/gora/kozljek/5/333
334;Koreno;Slovenija;Polhograjsko hribovje in Ljubljana;729;46,03562°N 14,29263°E;vrh, cerkev;469877;88% (442. mesto);17;10;8;3;https://www.hribi.net/gora/koreno/5/334
335;Hom;Slovenija;Polhograjsko hribovje in Ljubljana;715;46,13893°N 14,36003°E;vrh;488379;90% (389. mesto);4;4;6;11;https://www.hribi.net/gora/hom/5/335
336;Ledinski vrh;Avstrija, Slovenija;Kamniško Savinjske Alpe;2108;46,37508°N 14,5592°E;vrh;647689;96% (135. mesto);8;5;0;9;https://www.hribi.net/gora/ledinski_vrh/3/336
337;Praprotnikova koča;Slovenija;Kamniško Savinjske Alpe;1380;46,35009°N 14,41908°E;Vremenska napoved:;341615;77% (869. mesto);4;2;0;;https://www.hribi.net/gora/praprotnikova_koca/3/337
338;Planina Košutna;Slovenija;Kamniško Savinjske Alpe;1778;46,30634°N 14,55535°E;planina, cerkev;468106;88% (444. mesto);6;3;0;1;https://www.hribi.net/gora/planina_kosutna/3/338
339;Debeli vrh (nad Lipanco);Slovenija;Julijske Alpe;1962;46,37225°N 13,90916°E;vrh;471101;89% (437. mesto);7;6;0;2;https://www.hribi.net/gora/debeli_vrh_nad_lipanco/1/339
340;Bivak pod Špikom;Slovenija;Julijske Alpe;1424;46,45705°N 13,81836°E;koča, bivak;467846;88% (445. mesto);2;2;1;3;https://www.hribi.net/gora/bivak_pod_spikom/1/340
341;Planina Klek;Slovenija;Julijske Alpe;1556;46,39407°N 13,96161°E;planina;421636;85% (592. mesto);8;2;0;;https://www.hribi.net/gora/planina_klek/1/341
342;Koča na Uskovnici;Slovenija;Julijske Alpe;1154;46,32053°N 13,90957°E;koča, planina, cerkev;710511;97% (101. mesto);24;7;3;15;https://www.hribi.net/gora/koca_na_uskovnici/1/342
343;Kofce gora;Avstrija, Slovenija;Karavanke;1967;46,43108°N 14,32729°E;vrh;669703;97% (122. mesto);1;6;1;16;https://www.hribi.net/gora/kofce_gora/11/343
344;Veliko Kladivo;Avstrija, Slovenija;Karavanke;2094;46,43719°N 14,34402°E;vrh;679785;97% (114. mesto);11;8;0;13;https://www.hribi.net/gora/veliko_kladivo/11/344
345;Črna gora;Slovenija;Julijske Alpe;1350;46,43525°N 13,91178°E;vrh, bivak;406994;83% (635. mesto);4;1;1;;https://www.hribi.net/gora/crna_gora/1/345
346;Bela peč;Slovenija;Karavanke;1593;46,37761°N 14,37982°E;vrh;492419;90% (374. mesto);12;10;2;1;https://www.hribi.net/gora/bela_pec/11/346
347;Planina Spodnja Konjščica;Slovenija;Karavanke;1451;46,38305°N 14,3661°E;planina;367561;80% (769. mesto);30;5;0;1;https://www.hribi.net/gora/planina_spodnja_konjscica/11/347
348;Ptičji vrh;Avstrija, Slovenija;Karavanke;1550;46,48527°N 14,08835°E;vrh;371539;80% (755. mesto);4;2;0;4;https://www.hribi.net/gora/pticji_vrh/11/348
349;Lepenatka;Slovenija;Kamniško Savinjske Alpe;1425;46,30991°N 14,74055°E;vrh;587150;95% (197. mesto);12;10;3;6;https://www.hribi.net/gora/lepenatka/3/349
350;Bivak na Kalu;Slovenija;Kamniško Savinjske Alpe;1285;46,31516°N 14,73958°E;koča, sedlo;341375;77% (870. mesto);7;7;1;2;https://www.hribi.net/gora/bivak_na_kalu/3/350
351;Kamniški vrh;Slovenija;Kamniško Savinjske Alpe;1259;46,2879°N 14,57977°E;vrh, bivak;751746;98% (81. mesto);9;12;2;13;https://www.hribi.net/gora/kamniski_vrh/3/351
352;Planina Osredek;Slovenija;Kamniško Savinjske Alpe;1100;46,28958°N 14,56007°E;planina;422317;85% (590. mesto);7;4;2;3;https://www.hribi.net/gora/planina_osredek/3/352
353;Slap Grmečica;Slovenija;Škofjeloško, Cerkljansko hribovje in Jelovica;510;46,2844°N 14,0005°E;slap;380203;81% (724. mesto);8;4;0;;https://www.hribi.net/gora/slap_grmecica/21/353
354;Bukovec;Slovenija;Karavanke;1506;46,39371°N 14,44994°E;vrh;314361;75% (960. mesto);3;1;0;;https://www.hribi.net/gora/bukovec/11/354
355;Krvavica;Slovenija;Posavsko hribovje in Dolenjska;909;46,20076°N 14,99304°E;vrh;498998;91% (361. mesto);4;2;3;1;https://www.hribi.net/gora/krvavica/25/355
356;Mali Grintovec;Slovenija;Kamniško Savinjske Alpe;1813;46,34632°N 14,42739°E;vrh;557963;94% (245. mesto);8;24;2;10;https://www.hribi.net/gora/mali_grintovec/3/356
357;Slap Orglice;Slovenija;Kamniško Savinjske Alpe;870;46,33318°N 14,61868°E;slap;525213;92% (301. mesto);2;1;1;;https://www.hribi.net/gora/slap_orglice/3/357
358;Lučki Dedec;Slovenija;Kamniško Savinjske Alpe;2023;46,35236°N 14,63786°E;vrh;595945;95% (186. mesto);8;6;1;2;https://www.hribi.net/gora/lucki_dedec/3/358
359;Zavetišče na planini Šija;Slovenija;Karavanke;1528;46,42456°N 14,33543°E;koča, planina;493911;90% (368. mesto);9;3;0;6;https://www.hribi.net/gora/zavetisce_na_planini_sija/11/359
360;Hruški vrh;Avstrija, Slovenija;Karavanke;1776;46,48134°N 14,0068°E;vrh;484213;90% (399. mesto);7;9;1;3;https://www.hribi.net/gora/hruski_vrh/11/360
361;Rožca;Slovenija;Karavanke;1587;46,48071°N 14,01967°E;planina, sedlo;430777;85% (559. mesto);7;6;0;4;https://www.hribi.net/gora/rozca/11/361
362;Klek;Avstrija, Slovenija;Karavanke;1753;46,48511°N 14,02485°E;vrh;510232;91% (327. mesto);9;8;0;;https://www.hribi.net/gora/klek/11/362
363;Palec;Avstrija, Slovenija;Karavanke;2026;46,4432°N 14,21928°E;vrh;556942;94% (248. mesto);11;3;0;8;https://www.hribi.net/gora/palec/11/363
364;Goli vrh;Avstrija, Slovenija;Kamniško Savinjske Alpe;1787;46,39789°N 14,54699°E;vrh;648476;97% (133. mesto);8;3;7;7;https://www.hribi.net/gora/goli_vrh/3/364
365;Vošca;Avstrija, Slovenija;Karavanke;1737;46,51019°N 13,81842°E;vrh;527878;92% (297. mesto);13;6;1;1;https://www.hribi.net/gora/vosca/11/365
366;Trupejevo poldne;Avstrija, Slovenija;Karavanke;1931;46,51535°N 13,86066°E;vrh;760639;98% (77. mesto);15;8;1;6;https://www.hribi.net/gora/trupejevo_poldne/11/366
367;Kresišče;Avstrija, Slovenija;Karavanke;1839;46,51982°N 13,89517°E;vrh;430779;85% (558. mesto);4;4;0;1;https://www.hribi.net/gora/kresisce/11/367
368;Mojstrovica;Slovenija;Karavanke;1816;46,5032°N 13,894°E;vrh;384736;81% (717. mesto);8;2;0;;https://www.hribi.net/gora/mojstrovica/11/368
369;Visoki vrh;Slovenija;Karavanke;1828;46,49621°N 13,88815°E;vrh;385606;81% (714. mesto);7;3;1;;https://www.hribi.net/gora/visoki_vrh/11/369
370;Slap Čedca;Slovenija;Kamniško Savinjske Alpe;1350;46,3705°N 14,52039°E;slap;477111;89% (418. mesto);6;1;0;;https://www.hribi.net/gora/slap_cedca/3/370
371;Planina Konjščica (Velika planina);Slovenija;Kamniško Savinjske Alpe;1505;46,31292°N 14,63795°E;planina;509850;91% (329. mesto);2;2;0;1;https://www.hribi.net/gora/planina_konjscica_velika_planina/3/371
372;Koritni vrh (Velika planina);Slovenija;Kamniško Savinjske Alpe;1648;46,30623°N 14,64384°E;vrh;434824;86% (547. mesto);2;2;0;;https://www.hribi.net/gora/koritni_vrh_velika_planina/3/372
373;Kobla;Slovenija;Julijske Alpe;1498;46,23387°N 13,96483°E;vrh;483586;90% (401. mesto);6;4;0;;https://www.hribi.net/gora/kobla/1/373
374;Batognica;Slovenija;Julijske Alpe;2164;46,26349°N 13,66837°E;vrh;574786;94% (218. mesto);6;12;1;7;https://www.hribi.net/gora/batognica/1/374
375;Sveti Lenart;Slovenija;Polhograjsko hribovje in Ljubljana;861;46,08742°N 14,25249°E;vrh, cerkev;387351;82% (707. mesto);10;1;0;2;https://www.hribi.net/gora/sveti_lenart/5/375
376;Vajnež;Avstrija, Slovenija;Karavanke;2104;46,44309°N 14,1511°E;vrh;631421;96% (143. mesto);9;5;0;8;https://www.hribi.net/gora/vajnez/11/376
377;Bivak na Belščici;Slovenija;Karavanke;1750;46,44441°N 14,13457°E;bivak, planina;376356;81% (734. mesto);5;2;0;3;https://www.hribi.net/gora/bivak_na_belscici/11/377
378;Prevalski Stog;Slovenija;Julijske Alpe;2075;46,34432°N 13,8373°E;vrh;444360;86% (522. mesto);10;5;0;2;https://www.hribi.net/gora/prevalski_stog/1/378
379;Planina Polšak;Slovenija;Kamniško Savinjske Alpe;1695;46,3691°N 14,69234°E;planina;306302;74% (994. mesto);5;1;0;2;https://www.hribi.net/gora/planina_polsak/3/379
380;Dleskovec;Slovenija;Kamniško Savinjske Alpe;1965;46,35389°N 14,68228°E;vrh;459181;88% (472. mesto);6;1;0;6;https://www.hribi.net/gora/dleskovec/3/380
381;Žirovniška planina;Slovenija;Karavanke;1200;46,42419°N 14,15434°E;planina;375935;81% (739. mesto);5;2;0;;https://www.hribi.net/gora/zirovniska_planina/11/381
382;Valvasorjev dom pod Stolom;Slovenija;Karavanke;1181;46,42604°N 14,14653°E;koča;663149;97% (123. mesto);9;4;1;30;https://www.hribi.net/gora/valvasorjev_dom_pod_stolom/11/382
383;Debeli vrh;Slovenija;Julijske Alpe;2390;46,3408°N 13,81513°E;vrh;538404;93% (274. mesto);12;2;4;1;https://www.hribi.net/gora/debeli_vrh/1/383
384;Zadnji Vogel;Slovenija;Julijske Alpe;2327;46,3402°N 13,7978°E;vrh;466241;88% (450. mesto);5;1;1;;https://www.hribi.net/gora/zadnji_vogel/1/384
385;Velika Zelnarica;Slovenija;Julijske Alpe;2320;46,34246°N 13,79081°E;vrh;513513;92% (321. mesto);9;5;0;2;https://www.hribi.net/gora/velika_zelnarica/1/385
386;Velika Mojstrovka (vzhodni vrh);Slovenija;Julijske Alpe;2366;46,43601°N 13,7272°E;vrh;620411;96% (155. mesto);8;4;0;7;https://www.hribi.net/gora/velika_mojstrovka_vzhodni_vrh/1/386
387;Koroška Rinka (Križ);Slovenija;Kamniško Savinjske Alpe;2433;46,36776°N 14,56519°E;vrh;657348;97% (130. mesto);6;7;0;5;https://www.hribi.net/gora/koroska_rinka_kriz/3/387
388;Štajerska Rinka;Slovenija;Kamniško Savinjske Alpe;2374;46,36817°N 14,56736°E;vrh;512677;92% (324. mesto);4;5;0;1;https://www.hribi.net/gora/stajerska_rinka/3/388
389;Bivak pod Skuto;Slovenija;Kamniško Savinjske Alpe;2070;46,35887°N 14,56792°E;bivak;594553;95% (189. mesto);5;1;0;3;https://www.hribi.net/gora/bivak_pod_skuto/3/389
390;Bivak pod Grintovcem;Slovenija;Kamniško Savinjske Alpe;2100;46,35348°N 14,54738°E;bivak;565600;94% (237. mesto);10;3;0;2;https://www.hribi.net/gora/bivak_pod_grintovcem/3/390
391;Turska gora;Slovenija;Kamniško Savinjske Alpe;2251;46,3603°N 14,57718°E;vrh;733197;98% (86. mesto);8;5;2;7;https://www.hribi.net/gora/turska_gora/3/391
392;Slap Boka;Slovenija;Julijske Alpe;680;46,32115°N 13,48279°E;slap;531687;92% (288. mesto);10;3;0;;https://www.hribi.net/gora/slap_boka/1/392
393;Gorejca;Slovenija;Julijske Alpe;680;46,40152°N 13,59223°E;slap;326779;76% (913. mesto);5;1;0;;https://www.hribi.net/gora/gorejca/1/393
394;Jerebikovec;Slovenija;Julijske Alpe;1593;46,44318°N 13,95553°E;vrh, bivak;537752;93% (277. mesto);10;4;3;5;https://www.hribi.net/gora/jerebikovec/1/394
395;Izvir Javornika;Slovenija;Karavanke;1000;46,45898°N 14,1085°E;jezero;233331;67% (1264. mesto);3;1;0;;https://www.hribi.net/gora/izvir_javornika/11/395
396;Tonovcov grad pri Kobaridu;Slovenija;Julijske Alpe;500;46,25763°N 13,58033°E;vrh;407957;84% (632. mesto);3;1;0;1;https://www.hribi.net/gora/tonovcov_grad_pri_kobaridu/1/396
397;Veliki Draški vrh;Slovenija;Julijske Alpe;2243;46,36017°N 13,87584°E;vrh;675615;97% (117. mesto);11;10;4;10;https://www.hribi.net/gora/veliki_draski_vrh/1/397
399;Soteska Pekel 3. slap;Slovenija;Goriško, Notranjsko in Snežniško hribovje;445;45,88648°N 14,36776°E;slap, jezero;237525;67% (1247. mesto);1;1;0;;https://www.hribi.net/gora/soteska_pekel_3_slap/26/399
402;Kukova špica;Slovenija;Julijske Alpe;2427;46,44726°N 13,85481°E;vrh;580744;95% (208. mesto);10;2;3;2;https://www.hribi.net/gora/kukova_spica/1/402
403;Slap Veliki Kozjak;Slovenija;Julijske Alpe;250;46,25801°N 13,58822°E;slap, jezero;441841;86% (529. mesto);3;1;0;1;https://www.hribi.net/gora/slap_veliki_kozjak/1/403
404;Slap Mali Kozjak;Slovenija;Julijske Alpe;230;46,25773°N 13,58801°E;slap;297825;73% (1028. mesto);2;1;0;1;https://www.hribi.net/gora/slap_mali_kozjak/1/404
405;Dolina Škratov;Slovenija;Julijske Alpe;700;46,30936°N 13,58408°E;Vremenska napoved:;344226;78% (859. mesto);10;1;0;;https://www.hribi.net/gora/dolina_skratov/1/405
406;Slap Slatenik;Slovenija;Julijske Alpe;750;46,30745°N 13,5882°E;slap;276999;71% (1100. mesto);2;1;0;;https://www.hribi.net/gora/slap_slatenik/1/406
407;Belopotoški slap;Slovenija;Julijske Alpe;720;46,38599°N 13,78156°E;slap;377789;81% (732. mesto);3;1;0;;https://www.hribi.net/gora/belopotoski_slap/1/407
408;Planina Rzenik;Slovenija;Kamniško Savinjske Alpe;1654;46,32522°N 14,63784°E;planina;411020;84% (621. mesto);4;2;0;1;https://www.hribi.net/gora/planina_rzenik/3/408
409;Koča na Loki pod Raduho;Slovenija;Kamniško Savinjske Alpe;1534;46,4093°N 14,75902°E;koča, planina, cerkev;543703;93% (268. mesto);16;7;1;11;https://www.hribi.net/gora/koca_na_loki_pod_raduho/3/409
410;Gomiščkovo zavetišče na Krnu;Slovenija;Julijske Alpe;2182;46,26526°N 13,65719°E;koča, bivak;481565;89% (409. mesto);5;9;1;5;https://www.hribi.net/gora/gomisckovo_zavetisce_na_krnu/1/410
411;Javorca;Slovenija;Julijske Alpe;571;46,23491°N 13,71976°E;planina, cerkev;492947;90% (372. mesto);10;1;0;1;https://www.hribi.net/gora/javorca/1/411
412;Izvir Tolminke;Slovenija;Julijske Alpe;695;46,25819°N 13,72503°E;planina;424680;85% (581. mesto);18;2;0;;https://www.hribi.net/gora/izvir_tolminke/1/412
413;Žičnica čez Tolminko;Slovenija;Julijske Alpe;500;46,24838°N 13,72596°E;Vremenska napoved:;258269;69% (1171. mesto);1;1;0;;https://www.hribi.net/gora/zicnica_cez_tolminko/1/413
414;Rombon;Slovenija;Julijske Alpe;2208;46,3672°N 13,5544°E;vrh;738345;98% (85. mesto);10;5;6;5;https://www.hribi.net/gora/rombon/1/414
415;Čukla;Slovenija;Julijske Alpe;1767;46,35878°N 13,54751°E;vrh;481365;89% (410. mesto);3;1;0;;https://www.hribi.net/gora/cukla/1/415
416;Planina Goričica;Slovenija;Julijske Alpe;1336;46,3532°N 13,54087°E;planina;375360;81% (741. mesto);1;2;0;;https://www.hribi.net/gora/planina_goricica/1/416
417;Planina na Polju;Slovenija;Julijske Alpe;1530;46,2785°N 13,67646°E;planina;379366;81% (729. mesto);5;2;0;;https://www.hribi.net/gora/planina_na_polju/1/417
418;Vrh nad Peski;Slovenija;Julijske Alpe;2176;46,2644°N 13,67717°E;vrh;493484;90% (371. mesto);10;7;0;3;https://www.hribi.net/gora/vrh_nad_peski/1/418
419;Svinjak;Slovenija;Julijske Alpe;1653;46,35041°N 13,61174°E;vrh;627819;96% (148. mesto);7;1;1;3;https://www.hribi.net/gora/svinjak/1/419
420;Jerebica;Italija, Slovenija;Julijske Alpe;2126;46,39843°N 13,56475°E;vrh;766891;98% (73. mesto);10;2;1;4;https://www.hribi.net/gora/jerebica/1/420
421;Planina Krnica;Slovenija;Julijske Alpe;1252;46,35243°N 13,5087°E;planina;403936;83% (653. mesto);3;3;0;;https://www.hribi.net/gora/planina_krnica/1/421
422;Konjc;Slovenija;Julijske Alpe;2289;46,35223°N 13,46995°E;vrh;329416;76% (905. mesto);4;2;0;;https://www.hribi.net/gora/konjc/1/422
423;Planja;Slovenija;Julijske Alpe;2453;46,40712°N 13,78739°E;vrh;515276;92% (319. mesto);4;4;1;6;https://www.hribi.net/gora/planja/1/423
424;Korita Mlinarice;Slovenija;Julijske Alpe;770;46,40282°N 13,74513°E;slap;421844;85% (591. mesto);2;1;0;;https://www.hribi.net/gora/korita_mlinarice/1/424
425;Izvir Soče;Slovenija;Julijske Alpe;990;46,41185°N 13,72405°E;slap;495241;90% (366. mesto);5;1;2;4;https://www.hribi.net/gora/izvir_soce/1/425
426;Vršič vrh;Slovenija;Julijske Alpe;1737;46,4341°N 13,74667°E;vrh;630296;96% (145. mesto);9;4;0;14;https://www.hribi.net/gora/vrsic_vrh/1/426
427;Velika korita Soče;Slovenija;Julijske Alpe;480;46,33706°N 13,6459°E;Vremenska napoved:;414619;84% (611. mesto);8;1;0;1;https://www.hribi.net/gora/velika_korita_soce/1/427
428;Korita Možnice (Nemčlje);Slovenija;Julijske Alpe;580;46,38047°N 13,57911°E;slap;323154;76% (928. mesto);6;1;0;;https://www.hribi.net/gora/korita_moznice_nemclje/1/428
429;Rifugio di Brazza;Italija;Julijske Alpe;1660;46,41422°N 13,44656°E;koča, bivak;381222;81% (722. mesto);2;1;0;4;https://www.hribi.net/gora/rifugio_di_brazza/1/429
430;Zgornje Mangartsko jezero;Italija;Julijske Alpe;929;46,47529°N 13,66811°E;koča, jezero;374372;81% (744. mesto);5;3;0;;https://www.hribi.net/gora/zgornje_mangartsko_jezero/1/430
431;Begunjska Vrtača;Slovenija;Karavanke;1991;46,42126°N 14,243°E;vrh;505339;91% (349. mesto);8;4;0;3;https://www.hribi.net/gora/begunjska_vrtaca/11/431
432;Stari vrh;Slovenija;Škofjeloško, Cerkljansko hribovje in Jelovica;1217;46,17044°N 14,1764°E;vrh;472673;89% (431. mesto);8;3;1;1;https://www.hribi.net/gora/stari_vrh/21/432
433;Mrzla gora;Avstrija, Slovenija;Kamniško Savinjske Alpe;2203;46,3772°N 14,5783°E;vrh;728737;98% (91. mesto);8;8;3;3;https://www.hribi.net/gora/mrzla_gora/3/433
434;Dravh;Slovenija;Julijske Alpe;1547;46,23268°N 14,0138°E;vrh;434737;86% (548. mesto);5;3;2;3;https://www.hribi.net/gora/dravh/1/434
435;Lajnar;Slovenija;Julijske Alpe;1549;46,23017°N 14,00632°E;vrh;514675;92% (320. mesto);8;5;4;5;https://www.hribi.net/gora/lajnar/1/435
436;Planina za Šavnikom;Slovenija;Julijske Alpe;1320;46,2461°N 13,9872°E;bivak, planina;324160;76% (922. mesto);4;1;0;;https://www.hribi.net/gora/planina_za_savnikom/1/436
437;Šavnik;Slovenija;Julijske Alpe;1574;46,24208°N 13,98469°E;vrh;446435;87% (516. mesto);10;6;1;2;https://www.hribi.net/gora/savnik/1/437
438;Veliki vrh (Veža);Slovenija;Kamniško Savinjske Alpe;2110;46,35756°N 14,66922°E;vrh;589378;95% (194. mesto);6;5;0;11;https://www.hribi.net/gora/veliki_vrh_veza/3/438
439;Zavetišče gorske straže na Jelencih;Slovenija;Škofjeloško, Cerkljansko hribovje in Jelovica;1185;46,16264°N 14,09957°E;koča;370127;80% (758. mesto);5;3;0;2;https://www.hribi.net/gora/zavetisce_gorske_straze_na_jelencih/21/439
440;Koprivnik;Slovenija;Škofjeloško, Cerkljansko hribovje in Jelovica;1393;46,176°N 14,14028°E;vrh;440138;86% (535. mesto);6;7;0;;https://www.hribi.net/gora/koprivnik/21/440
441;Cerkev Marijinega vnebovzetja (Gora);Slovenija;Škofjeloško, Cerkljansko hribovje in Jelovica;987;46,15346°N 14,15322°E;cerkev;236076;67% (1255. mesto);8;4;0;;https://www.hribi.net/gora/cerkev_marijinega_vnebovzetja_gora/21/441
442;Stegovnik;Slovenija;Karavanke;1692;46,39525°N 14,41993°E;vrh;596595;95% (182. mesto);17;9;7;1;https://www.hribi.net/gora/stegovnik/11/442
443;Mali Javornik;Slovenija;Karavanke;1685;46,38198°N 14,41744°E;vrh;320744;76% (937. mesto);2;1;0;1;https://www.hribi.net/gora/mali_javornik/11/443
444;Sveti Lenart nad Gornjim Gradom;Slovenija;Kamniško Savinjske Alpe;929;46,31282°N 14,75306°E;cerkev;319827;75% (939. mesto);6;2;0;;https://www.hribi.net/gora/sveti_lenart_nad_gornjim_gradom/3/444
445;Vivodnik;Slovenija;Kamniško Savinjske Alpe;1508;46,25741°N 14,81634°E;vrh;489555;90% (385. mesto);12;16;5;4;https://www.hribi.net/gora/vivodnik/3/445
446;Planina Dolga njiva (Krvavec);Slovenija;Kamniško Savinjske Alpe;1688;46,31438°N 14,54324°E;planina;425454;85% (576. mesto);11;4;0;7;https://www.hribi.net/gora/planina_dolga_njiva_krvavec/3/446
447;Košutna;Slovenija;Kamniško Savinjske Alpe;1974;46,30968°N 14,55699°E;vrh;531696;93% (287. mesto);3;3;2;3;https://www.hribi.net/gora/kosutna/3/447
448;Vrh Planje;Slovenija;Julijske Alpe;1971;46,2663°N 13,7508°E;vrh;356077;79% (817. mesto);3;3;0;;https://www.hribi.net/gora/vrh_planje/1/448
449;Planina Govnjač;Slovenija;Julijske Alpe;1480;46,27634°N 13,76316°E;planina;372311;80% (754. mesto);6;1;0;;https://www.hribi.net/gora/planina_govnjac/1/449
450;Sveta Gora;Slovenija;Goriško, Notranjsko in Snežniško hribovje;681;45,99951°N 13,65473°E;vrh, koča, cerkev;537328;93% (278. mesto);14;14;5;10;https://www.hribi.net/gora/sveta_gora/26/450
451;Grmada;Slovenija;Polhograjsko hribovje in Ljubljana;676;46,12803°N 14,45505°E;vrh;608625;96% (166. mesto);7;18;8;15;https://www.hribi.net/gora/grmada/5/451
452;Veliko Špičje;Slovenija;Julijske Alpe;2398;46,34382°N 13,7672°E;vrh;574412;94% (219. mesto);6;7;3;2;https://www.hribi.net/gora/veliko_spicje/1/452
453;Malo Špičje;Slovenija;Julijske Alpe;2312;46,35139°N 13,78335°E;vrh;439214;86% (538. mesto);4;4;0;1;https://www.hribi.net/gora/malo_spicje/1/453
454;Velika Tičarica;Slovenija;Julijske Alpe;2091;46,32285°N 13,78576°E;vrh;528078;92% (296. mesto);9;3;0;1;https://www.hribi.net/gora/velika_ticarica/1/454
455;Kopica;Slovenija;Julijske Alpe;2190;46,33257°N 13,78765°E;vrh;449173;87% (506. mesto);15;3;0;1;https://www.hribi.net/gora/kopica/1/455
456;Mala Zelnarica;Slovenija;Julijske Alpe;2310;46,33808°N 13,78967°E;vrh;471382;89% (435. mesto);12;5;0;3;https://www.hribi.net/gora/mala_zelnarica/1/456
457;Rušnata glava;Slovenija;Julijske Alpe;1899;46,31315°N 13,78467°E;vrh;343147;77% (863. mesto);2;2;1;;https://www.hribi.net/gora/rusnata_glava/1/457
458;Planina Arta;Slovenija;Kamniško Savinjske Alpe;1564;46,40118°N 14,74573°E;planina;363173;79% (791. mesto);3;1;0;1;https://www.hribi.net/gora/planina_arta/3/458
459;Hrašenska planina;Slovenija;Karavanke;1670;46,45285°N 14,12208°E;planina;223946;66% (1296. mesto);2;2;0;;https://www.hribi.net/gora/hrasenska_planina/11/459
460;Planina Stamare;Slovenija;Karavanke;1400;46,44682°N 14,11792°E;planina;347275;78% (843. mesto);4;5;0;;https://www.hribi.net/gora/planina_stamare/11/460
461;Ablanca;Slovenija;Julijske Alpe;2004;46,35294°N 13,88419°E;vrh;561228;94% (241. mesto);12;9;1;7;https://www.hribi.net/gora/ablanca/1/461
463;Šija;Slovenija;Julijske Alpe;1880;46,23863°N 13,83413°E;vrh;530290;92% (293. mesto);8;5;2;3;https://www.hribi.net/gora/sija/1/463
464;Zavitar;Slovenija;Julijske Alpe;1750;46,24862°N 13,84637°E;vrh;337206;77% (882. mesto);2;2;0;;https://www.hribi.net/gora/zavitar/1/464
465;Sovna glava;Slovenija;Julijske Alpe;1750;46,42703°N 13,75107°E;vrh;404262;83% (651. mesto);4;5;0;3;https://www.hribi.net/gora/sovna_glava/1/465
466;Malo Kladivo;Avstrija, Slovenija;Karavanke;2036;46,43497°N 14,33821°E;vrh;432755;86% (553. mesto);10;3;0;6;https://www.hribi.net/gora/malo_kladivo/11/466
467;Planina Kališče;Slovenija;Kamniško Savinjske Alpe;1450;46,33556°N 14,41563°E;planina;467720;88% (447. mesto);8;8;1;5;https://www.hribi.net/gora/planina_kalisce/3/467
468;Drobeče Sleme;Slovenija;Julijske Alpe;2029;46,45453°N 13,87242°E;vrh;344944;78% (853. mesto);1;3;0;6;https://www.hribi.net/gora/drobece_sleme/1/468
469;Vrtaški vrh;Slovenija;Julijske Alpe;1898;46,45531°N 13,88788°E;vrh;463616;88% (457. mesto);5;4;1;3;https://www.hribi.net/gora/vrtaski_vrh/1/469
470;Črnuški dom na Mali planini;Slovenija;Kamniško Savinjske Alpe;1526;46,2871°N 14,65794°E;koča, planina;568590;94% (230. mesto);6;7;0;6;https://www.hribi.net/gora/crnuski_dom_na_mali_planini/3/470
471;Vojkova koča na Nanosu;Slovenija;Goriško, Notranjsko in Snežniško hribovje;1240;45,77204°N 14,05306°E;vrh, koča;1114672;100% (17. mesto);13;16;1;46;https://www.hribi.net/gora/vojkova_koca_na_nanosu/26/471
472;Ostra peč / Mallestiger Mittagskogel;Avstrija;Karavanke;1801;46,52433°N 13,88105°E;vrh;341734;77% (868. mesto);11;4;0;1;https://www.hribi.net/gora/ostra_pec___mallestiger_mittagskogel/11/472
473;Slap Peričnik - zgornji slap;Slovenija;Julijske Alpe;850;46,43948°N 13,89354°E;slap;395984;82% (676. mesto);8;1;0;2;https://www.hribi.net/gora/slap_pericnik_-_zgornji_slap/1/473
474;Slap Peričnik - spodnji slap;Slovenija;Julijske Alpe;800;46,43906°N 13,89364°E;slap;387608;82% (705. mesto);17;3;0;1;https://www.hribi.net/gora/slap_pericnik_-_spodnji_slap/1/474
475;Mirna gora;Slovenija;Posavsko hribovje in Dolenjska;1047;45,63136°N 15,10134°E;vrh;627381;96% (149. mesto);4;5;3;2;https://www.hribi.net/gora/mirna_gora/25/475
476;Pusti Peter;Slovenija;Posavsko hribovje in Dolenjska;311;45,51111°N 15,15821°E;cerkev;232498;67% (1267. mesto);3;1;0;;https://www.hribi.net/gora/pusti_peter/25/476
477;Jenkova planina;Avstrija, Slovenija;Kamniško Savinjske Alpe;1495;46,3938°N 14,55216°E;planina, sedlo;394806;82% (684. mesto);7;1;0;2;https://www.hribi.net/gora/jenkova_planina/3/477
478;Dovška Mala Kepa;Avstrija, Slovenija;Karavanke;2077;46,50309°N 13,9595°E;vrh;427202;85% (572. mesto);5;1;0;;https://www.hribi.net/gora/dovska_mala_kepa/11/478
479;Gubno;Avstrija, Slovenija;Karavanke;2035;46,50064°N 13,96126°E;vrh;464991;88% (455. mesto);4;4;2;2;https://www.hribi.net/gora/gubno/11/479
480;Potoški Stol;Avstrija, Slovenija;Karavanke;2014;46,43695°N 14,1537°E;vrh;489320;90% (387. mesto);5;5;0;6;https://www.hribi.net/gora/potoski_stol/11/480
481;Planina Pečana;Slovenija;Škofjeloško, Cerkljansko hribovje in Jelovica;1472;46,24535°N 14,08312°E;planina;364939;80% (782. mesto);11;5;0;;https://www.hribi.net/gora/planina_pecana/21/481
482;Goli vrh (Šavnice);Slovenija;Kamniško Savinjske Alpe;1426;46,24995°N 14,85598°E;vrh;318389;75% (945. mesto);8;2;0;;https://www.hribi.net/gora/goli_vrh_savnice/3/482
483;Sveti Lovrenc na Lovrenški gori;Slovenija;Škofjeloško, Cerkljansko hribovje in Jelovica;580;46,15345°N 14,2812°E;cerkev;228210;67% (1277. mesto);6;1;0;;https://www.hribi.net/gora/sveti_lovrenc_na_lovrenski_gori/21/483
484;Dom na Smrekovcu;Slovenija;Kamniško Savinjske Alpe;1375;46,41327°N 14,90004°E;koča;594573;95% (188. mesto);19;14;6;13;https://www.hribi.net/gora/dom_na_smrekovcu/3/484
485;Smrekovec;Slovenija;Kamniško Savinjske Alpe;1577;46,41814°N 14,89881°E;vrh;760865;98% (76. mesto);9;13;4;12;https://www.hribi.net/gora/smrekovec/3/485
486;Krnes;Slovenija;Kamniško Savinjske Alpe;1613;46,42019°N 14,86286°E;vrh;376018;81% (737. mesto);4;2;0;;https://www.hribi.net/gora/krnes/3/486
487;Komen;Slovenija;Kamniško Savinjske Alpe;1684;46,4181°N 14,84637°E;vrh, cerkev;515355;92% (318. mesto);17;7;2;2;https://www.hribi.net/gora/komen/3/487
488;Veliki Travnik (Turnovka);Slovenija;Kamniško Savinjske Alpe;1637;46,42311°N 14,81369°E;vrh;430521;85% (560. mesto);14;9;0;6;https://www.hribi.net/gora/veliki_travnik_turnovka/3/488
489;Koča na Travniku;Slovenija;Kamniško Savinjske Alpe;1548;46,41585°N 14,8077°E;koča, bivak, planina;504579;91% (352. mesto);13;8;2;9;https://www.hribi.net/gora/koca_na_travniku/3/489
490;Strelovec;Slovenija;Kamniško Savinjske Alpe;1763;46,39439°N 14,65812°E;vrh;573352;94% (223. mesto);4;4;6;2;https://www.hribi.net/gora/strelovec/3/490
491;Mali vrh;Slovenija;Polhograjsko hribovje in Ljubljana;708;46,05302°N 14,27467°E;vrh;331935;77% (893. mesto);7;3;0;;https://www.hribi.net/gora/mali_vrh/5/491
492;Veliki hrib;Slovenija;Polhograjsko hribovje in Ljubljana;815;46,08103°N 14,28909°E;vrh;214748;65% (1335. mesto);1;1;0;;https://www.hribi.net/gora/veliki_hrib/5/492
493;Pasja ravan;Slovenija;Polhograjsko hribovje in Ljubljana;1020;46,09788°N 14,22914°E;vrh;596521;95% (183. mesto);11;4;4;6;https://www.hribi.net/gora/pasja_ravan/5/493
494;Kalvarija;Slovenija;Polhograjsko hribovje in Ljubljana;460;46,06655°N 14,31232°E;vrh;358626;79% (808. mesto);7;2;0;1;https://www.hribi.net/gora/kalvarija/5/494
495;Senčnica Josipine Turnograjske;Slovenija;Kamniško Savinjske Alpe;570;46,30697°N 14,43367°E;vrh;263269;70% (1150. mesto);5;2;0;11;https://www.hribi.net/gora/sencnica_josipine_turnograjske/3/495
496;Planinska koča pri Franciju;Slovenija;Kamniško Savinjske Alpe;930;46,31512°N 14,43872°E;koča;340305;77% (873. mesto);4;5;0;18;https://www.hribi.net/gora/planinska_koca_pri_franciju/3/496
497;Potoška gora;Slovenija;Kamniško Savinjske Alpe;1283;46,31541°N 14,45343°E;vrh;505166;91% (351. mesto);6;2;2;16;https://www.hribi.net/gora/potoska_gora/3/497
498;Ajdna;Slovenija;Karavanke;1046;46,42098°N 14,13073°E;vrh;549835;93% (258. mesto);9;7;1;5;https://www.hribi.net/gora/ajdna/11/498
499;Cjanovca;Slovenija;Kamniško Savinjske Alpe;1820;46,33578°N 14,4411°E;vrh;504484;91% (353. mesto);8;7;0;6;https://www.hribi.net/gora/cjanovca/3/499
500;Koča Antona Bavčerja na Čavnu;Slovenija;Goriško, Notranjsko in Snežniško hribovje;1242;45,92891°N 13,85299°E;koča;607985;96% (168. mesto);8;8;1;12;https://www.hribi.net/gora/koca_antona_bavcerja_na_cavnu/26/500
501;Kucelj (na Čavnu);Slovenija;Goriško, Notranjsko in Snežniško hribovje;1237;45,92873°N 13,82502°E;vrh;580619;95% (209. mesto);14;12;0;10;https://www.hribi.net/gora/kucelj_na_cavnu/26/501
502;Mali Modrasovec;Slovenija;Goriško, Notranjsko in Snežniško hribovje;1305;45,93035°N 13,85385°E;vrh;329354;76% (907. mesto);5;4;0;4;https://www.hribi.net/gora/mali_modrasovec/26/502
503;Veliki Modrasovec;Slovenija;Goriško, Notranjsko in Snežniško hribovje;1353;45,93638°N 13,85005°E;vrh;480077;89% (412. mesto);5;8;0;6;https://www.hribi.net/gora/veliki_modrasovec/26/503
504;Rovt Vrse;Slovenija;Karavanke;1200;46,47912°N 13,94385°E;planina;303801;74% (1006. mesto);7;3;0;;https://www.hribi.net/gora/rovt_vrse/11/504
505;Borovje;Slovenija;Karavanke;1476;46,48051°N 13,95125°E;vrh;417786;84% (606. mesto);9;3;0;;https://www.hribi.net/gora/borovje/11/505
506;Veliki Pršivec;Slovenija;Julijske Alpe;2056;46,38125°N 13,88672°E;vrh;436197;86% (544. mesto);6;1;0;;https://www.hribi.net/gora/veliki_prsivec/1/506
507;Dreiländereck Hütte;Avstrija;Karavanke;1423;46,52429°N 13,72615°E;koča, planina, sedlo;359261;79% (805. mesto);5;4;0;1;https://www.hribi.net/gora/dreilandereck_hutte/11/507
508;Spominska plošča Jožeta Rozmana;Slovenija;Karavanke;1450;46,3768°N 14,3811°E;Vremenska napoved:;158205;59% (1552. mesto);1;1;0;;https://www.hribi.net/gora/spominska_plosca_jozeta_rozmana/11/508
509;Planina Javornik;Slovenija;Karavanke;1550;46,37633°N 14,39668°E;planina;432922;86% (552. mesto);5;5;6;2;https://www.hribi.net/gora/planina_javornik/11/509
510;Iztokova koča pod Golaki;Slovenija;Goriško, Notranjsko in Snežniško hribovje;1260;45,97585°N 13,85397°E;koča;506136;91% (345. mesto);8;6;0;7;https://www.hribi.net/gora/iztokova_koca_pod_golaki/26/510
511;Mali Golak;Slovenija;Goriško, Notranjsko in Snežniško hribovje;1495;45,9785°N 13,8644°E;vrh;713409;97% (98. mesto);4;7;2;13;https://www.hribi.net/gora/mali_golak/26/511
512;Rogla;Slovenija;Pohorje, Dravinjske gorice in Haloze;1517;46,45643°N 15,3458°E;vrh;544309;93% (266. mesto);6;12;5;17;https://www.hribi.net/gora/rogla/4/512
513;Koča na Pesku;Slovenija;Pohorje, Dravinjske gorice in Haloze;1386;46,4672°N 15,34395°E;koča;545132;93% (265. mesto);8;4;0;19;https://www.hribi.net/gora/koca_na_pesku/4/513
514;Lovrenška jezera;Slovenija;Pohorje, Dravinjske gorice in Haloze;1520;46,48336°N 15,31557°E;vrh, jezero;827164;99% (55. mesto);12;5;1;46;https://www.hribi.net/gora/lovrenska_jezera/4/514
515;Jezerski vrh;Slovenija;Pohorje, Dravinjske gorice in Haloze;1537;46,4938°N 15,26443°E;vrh;431441;85% (556. mesto);5;5;1;3;https://www.hribi.net/gora/jezerski_vrh/4/515
516;Ribniško jezero;Slovenija;Pohorje, Dravinjske gorice in Haloze;1490;46,49488°N 15,26935°E;jezero;431694;86% (555. mesto);6;5;0;1;https://www.hribi.net/gora/ribnisko_jezero/4/516
517;Ribniška koča;Slovenija;Pohorje, Dravinjske gorice in Haloze;1507;46,49786°N 15,2557°E;koča;611535;96% (164. mesto);4;9;2;6;https://www.hribi.net/gora/ribniska_koca/4/517
518;Mali Črni vrh;Slovenija;Pohorje, Dravinjske gorice in Haloze;1533;46,49591°N 15,25396°E;vrh, jezero;330235;77% (898. mesto);4;3;0;4;https://www.hribi.net/gora/mali_crni_vrh/4/518
519;Črni vrh;Slovenija;Pohorje, Dravinjske gorice in Haloze;1543;46,48561°N 15,23325°E;vrh, bivak;604475;96% (172. mesto);10;4;7;11;https://www.hribi.net/gora/crni_vrh/4/519
520;Grmovškov dom pod Veliko Kopo;Slovenija;Pohorje, Dravinjske gorice in Haloze;1371;46,50272°N 15,21034°E;koča, sedlo;506312;91% (343. mesto);4;6;1;6;https://www.hribi.net/gora/grmovskov_dom_pod_veliko_kopo/4/520
521;Velika Kopa;Slovenija;Pohorje, Dravinjske gorice in Haloze;1542;46,50669°N 15,1981°E;vrh;498159;91% (362. mesto);11;7;0;1;https://www.hribi.net/gora/velika_kopa/4/521
522;Koča na Pesniku;Slovenija;Pohorje, Dravinjske gorice in Haloze;1101;46,51795°N 15,25121°E;koča;378261;81% (731. mesto);2;2;0;;https://www.hribi.net/gora/koca_na_pesniku/4/522
523;Babji zob;Slovenija;Škofjeloško, Cerkljansko hribovje in Jelovica;1128;46,32865°N 14,07374°E;vrh;594287;95% (190. mesto);5;5;1;7;https://www.hribi.net/gora/babji_zob/21/523
524;Danejeva planina;Slovenija;Škofjeloško, Cerkljansko hribovje in Jelovica;1090;46,3268°N 14,0932°E;planina;306935;74% (993. mesto);4;2;0;;https://www.hribi.net/gora/danejeva_planina/21/524
525;Lovska koča Stanič;Slovenija;Karavanke;1280;46,4146°N 14,4528°E;planina;289366;72% (1060. mesto);3;1;0;;https://www.hribi.net/gora/lovska_koca_stanic/11/525
526;Pečovnik;Avstrija, Slovenija;Karavanke;1640;46,42406°N 14,44161°E;vrh;175335;61% (1481. mesto);1;2;0;;https://www.hribi.net/gora/pecovnik/11/526
527;Sveta Ana;Slovenija;Goriško, Notranjsko in Snežniško hribovje;484;45,96946°N 14,42238°E;vrh, cerkev;573079;94% (225. mesto);12;3;4;25;https://www.hribi.net/gora/sveta_ana/26/527
528;Krničarjeva koča na Planini Javornik;Slovenija;Kamniško Savinjske Alpe;1390;46,3442°N 14,38924°E;planina;429256;85% (562. mesto);6;5;0;21;https://www.hribi.net/gora/krnicarjeva_koca_na_planini_javornik/3/528
529;Srednji Golak;Slovenija;Goriško, Notranjsko in Snežniško hribovje;1480;45,97448°N 13,87294°E;vrh;403976;83% (652. mesto);2;2;0;2;https://www.hribi.net/gora/srednji_golak/26/529
530;Limbarska gora;Slovenija;Posavsko hribovje in Dolenjska;773;46,16077°N 14,77509°E;vrh, koča, cerkev;615474;96% (158. mesto);21;9;5;13;https://www.hribi.net/gora/limbarska_gora/25/530
531;Srednji Selišnik;Slovenija;Julijske Alpe;1890;46,36393°N 13,90285°E;vrh;325478;76% (920. mesto);1;1;1;;https://www.hribi.net/gora/srednji_selisnik/1/531
532;Slap Savica;Slovenija;Julijske Alpe;794;46,29276°N 13,79741°E;slap, jezero;425262;85% (579. mesto);6;1;2;;https://www.hribi.net/gora/slap_savica/1/532
533;Sveta Jedert;Slovenija;Polhograjsko hribovje in Ljubljana;750;46,101°N 14,3029°E;cerkev;314411;75% (958. mesto);7;2;1;1;https://www.hribi.net/gora/sveta_jedert/5/533
534;Sveti Ožbolt (nad Zmincem);Slovenija;Polhograjsko hribovje in Ljubljana;859;46,1156°N 14,2862°E;vrh, cerkev;417881;84% (605. mesto);8;4;0;1;https://www.hribi.net/gora/sveti_ozbolt_nad_zmincem/5/534
535;Mlaka;Slovenija;Polhograjsko hribovje in Ljubljana;914;46,1067°N 14,25789°E;vrh;258274;69% (1170. mesto);1;2;0;;https://www.hribi.net/gora/mlaka/5/535
539;Vaško;Slovenija;Kamniško Savinjske Alpe;1046;46,3658°N 14,273°E;vrh;299550;73% (1022. mesto);3;3;0;;https://www.hribi.net/gora/vasko/3/539
540;Planina Zajavornik;Slovenija;Julijske Alpe;1292;46,36027°N 13,9489°E;planina;473871;89% (428. mesto);8;1;0;1;https://www.hribi.net/gora/planina_zajavornik/1/540
541;Sabotin;Slovenija;Goriško, Notranjsko in Snežniško hribovje;609;45,98846°N 13,63465°E;vrh;675394;97% (119. mesto);5;5;6;14;https://www.hribi.net/gora/sabotin/26/541
542;Na Možeh;Avstrija, Slovenija;Karavanke;1784;46,43351°N 14,2332°E;vrh;346727;78% (846. mesto);2;1;1;;https://www.hribi.net/gora/na_mozeh/11/542
543;Boč;Slovenija;Karavanke;978;46,28945°N 15,59957°E;Vremenska napoved:;835907;99% (54. mesto);10;22;3;12;https://www.hribi.net/gora/boc/11/543
544;Sveti Primož nad Kamnikom;Slovenija;Kamniško Savinjske Alpe;826;46,2691°N 14,6338°E;koča, cerkev;629689;96% (146. mesto);8;1;0;66;https://www.hribi.net/gora/sveti_primoz_nad_kamnikom/3/544
545;Poldanovec;Slovenija;Goriško, Notranjsko in Snežniško hribovje;1299;46,00953°N 13,83299°E;vrh;475494;89% (422. mesto);4;3;4;1;https://www.hribi.net/gora/poldanovec/26/545
546;Dom na Slajki;Slovenija;Škofjeloško, Cerkljansko hribovje in Jelovica;789;46,11423°N 14,10017°E;koča;386410;81% (711. mesto);6;4;0;1;https://www.hribi.net/gora/dom_na_slajki/21/546
547;Koča na Ermanovcu;Slovenija;Škofjeloško, Cerkljansko hribovje in Jelovica;968;46,10923°N 14,05323°E;koča;462620;88% (459. mesto);11;12;1;5;https://www.hribi.net/gora/koca_na_ermanovcu/21/547
549;Sveti nadangel Gabrijel (Planica);Slovenija;Škofjeloško, Cerkljansko hribovje in Jelovica;824;46,21224°N 14,27725°E;vrh, cerkev;407064;83% (634. mesto);10;10;0;37;https://www.hribi.net/gora/sveti_nadangel_gabrijel_planica/21/549
550;Sveti Križ (Križna Gora);Slovenija;Škofjeloško, Cerkljansko hribovje in Jelovica;680;46,19035°N 14,27326°E;koča, cerkev;535721;93% (280. mesto);28;12;0;23;https://www.hribi.net/gora/sveti_kriz_krizna_gora/21/550
551;Mrzovec;Slovenija;Goriško, Notranjsko in Snežniško hribovje;1410;45,97825°N 13,80575°E;vrh;421292;85% (593. mesto);10;5;0;;https://www.hribi.net/gora/mrzovec/26/551
554;Planica;Slovenija;Karavanke;1508;46,48348°N 13,94063°E;vrh;344244;78% (858. mesto);8;3;2;;https://www.hribi.net/gora/planica/11/554
555;Soteska Pekel 5. slap;Slovenija;Goriško, Notranjsko in Snežniško hribovje;570;45,88241°N 14,36896°E;slap;347141;78% (844. mesto);2;2;0;;https://www.hribi.net/gora/soteska_pekel_5_slap/26/555
556;Mali Snežnik;Slovenija;Goriško, Notranjsko in Snežniško hribovje;1694;45,5898°N 14,4359°E;vrh;439687;86% (536. mesto);8;4;1;3;https://www.hribi.net/gora/mali_sneznik/26/556
557;Jeseniška planina;Slovenija;Karavanke;1380;46,47865°N 14,03035°E;planina;267869;70% (1135. mesto);4;2;0;1;https://www.hribi.net/gora/jeseniska_planina/11/557
559;Stanov rob;Slovenija;Goriško, Notranjsko in Snežniško hribovje;1191;46,02082°N 13,81632°E;vrh;301408;73% (1018. mesto);2;2;0;2;https://www.hribi.net/gora/stanov_rob/26/559
560;Ojstrc / Hochobir;Avstrija;Karavanke;2139;46,50599°N 14,48724°E;vrh;604790;96% (171. mesto);21;6;0;2;https://www.hribi.net/gora/ojstrc___hochobir/11/560
561;Obirska planina;Avstrija;Karavanke;1272;46,492°N 14,50862°E;planina;232465;67% (1269. mesto);2;2;0;;https://www.hribi.net/gora/obirska_planina/11/561
562;Kapelška koča / Eisenkappler Hütte;Avstrija;Karavanke;1553;46,50176°N 14,51047°E;koča, planina;267258;70% (1138. mesto);7;7;0;;https://www.hribi.net/gora/kapelska_koca___eisenkappler_hutte/11/562
563;Planina Dolnica/Dolinza Alm;Avstrija;Karnijske Alpe;1499;46,56187°N 13,48198°E;koča, planina, sedlo;149172;59% (1583. mesto);4;2;0;;https://www.hribi.net/gora/planina_dolnica_dolinza_alm/27/563
564;Planina Bistrica (Hutte Oisternig);Gorovje: Karnijske Alpe;Karnijske Alpe;1722;46,5603°N 13,5067°E;koča, planina, sedlo;206700;64% (1369. mesto);3;3;0;;https://www.hribi.net/gora/planina_bistrica_hutte_oisternig/27/564
568;Ojstrnik (Osternig);Gorovje: Karnijske Alpe;Karnijske Alpe;2052;46,56591°N 13,49965°E;vrh;482819;89% (403. mesto);5;3;1;3;https://www.hribi.net/gora/ojstrnik_osternig/27/568
569;Gozman;Italija;Karnijske Alpe;1804;46,5558°N 13,5034°E;vrh;166455;60% (1521. mesto);4;3;0;;https://www.hribi.net/gora/gozman/27/569
570;Marija Snežna (Maria Schnee) pod Gozmanom;Gorovje: Karnijske Alpe;Karnijske Alpe;1750;46,5556°N 13,5082°E;cerkev;202455;64% (1389. mesto);3;3;0;;https://www.hribi.net/gora/marija_snezna_maria_schnee_pod_gozmanom/27/570
571;Vremščica;Slovenija;Goriško, Notranjsko in Snežniško hribovje;1027;45,6883°N 14,0616°E;vrh;801932;98% (61. mesto);14;8;8;35;https://www.hribi.net/gora/vremscica/26/571
572;Schonwipfel Schutz Hutte;Gorovje: Karnijske Alpe;Karnijske Alpe;1712;46,54883°N 13,51705°E;koča, planina, sedlo;193744;63% (1417. mesto);6;1;0;;https://www.hribi.net/gora/schonwipfel_schutz_hutte/27/572
573;Zahomec (Achomitzer Berg);Gorovje: Karnijske Alpe;Karnijske Alpe;1813;46,54692°N 13,52003°E;vrh;233450;67% (1263. mesto);4;1;0;1;https://www.hribi.net/gora/zahomec_achomitzer_berg/27/573
574;Posestvo Šumik;Slovenija;Pohorje, Dravinjske gorice in Haloze;1100;46,48487°N 15,44409°E;koča;398494;83% (670. mesto);9;7;0;;https://www.hribi.net/gora/posestvo_sumik/4/574
575;Dom na Osankarici;Slovenija;Pohorje, Dravinjske gorice in Haloze;1193;46,44902°N 15,41921°E;koča;489830;90% (383. mesto);6;9;0;1;https://www.hribi.net/gora/dom_na_osankarici/4/575
578;Dom na Lovrencu (Bašelj);Slovenija;Kamniško Savinjske Alpe;860;46,3252°N 14,39183°E;koča;451912;87% (491. mesto);6;4;0;5;https://www.hribi.net/gora/dom_na_lovrencu_baselj/3/578
579;Sveti Lovrenc (Bašelj);Slovenija;Kamniško Savinjske Alpe;892;46,32672°N 14,39263°E;cerkev;429844;85% (561. mesto);8;5;0;5;https://www.hribi.net/gora/sveti_lovrenc_baselj/3/579
580;Koča na Vojah;Slovenija;Julijske Alpe;690;46,31017°N 13,88238°E;koča;419326;84% (601. mesto);2;1;0;1;https://www.hribi.net/gora/koca_na_vojah/1/580
581;Ovčji vrh (Kozjak) / Geissberg (Kosiak);Avstrija;Karavanke;2024;46,45315°N 14,18153°E;vrh;487108;90% (394. mesto);17;8;0;1;https://www.hribi.net/gora/ovcji_vrh_kozjak___geissberg_kosiak/11/581
582;Celovška koča / Klagenfurter Hutte;Avstrija;Karavanke;1664;46,44687°N 14,18302°E;koča, planina;463621;88% (458. mesto);13;5;0;;https://www.hribi.net/gora/celovska_koca___klagenfurter_hutte/11/582
583;Vgrizeva planina / Ogrisalm;Avstrija;Karavanke;1569;46,45645°N 14,19807°E;planina;207316;64% (1368. mesto);6;4;0;;https://www.hribi.net/gora/vgrizeva_planina___ogrisalm/11/583
584;Planina Za Črno goro;Slovenija;Julijske Alpe;1340;46,23846°N 13,95137°E;planina;322031;76% (931. mesto);8;6;0;2;https://www.hribi.net/gora/planina_za_crno_goro/1/584
585;Planina Seča;Slovenija;Karavanke;1698;46,46073°N 14,1299°E;planina, sedlo;317340;75% (950. mesto);4;3;0;2;https://www.hribi.net/gora/planina_seca/11/585
586;Svačica;Avstrija, Slovenija;Karavanke;1953;46,44412°N 14,19124°E;vrh;447848;87% (512. mesto);12;9;1;1;https://www.hribi.net/gora/svacica/11/586
587;Planinska koča Merjasec;Slovenija;Julijske Alpe;1535;46,26335°N 13,83977°E;koča;442346;86% (528. mesto);6;3;0;5;https://www.hribi.net/gora/planinska_koca_merjasec/1/587
588;Vogel;Slovenija;Julijske Alpe;1922;46,23829°N 13,8125°E;vrh;730544;98% (88. mesto);10;19;7;10;https://www.hribi.net/gora/vogel/1/588
589;Vrh Krnic;Slovenija;Julijske Alpe;1896;46,23958°N 13,80994°E;vrh;273077;71% (1117. mesto);7;8;0;1;https://www.hribi.net/gora/vrh_krnic/1/589
590;Bela glava;Slovenija;Julijske Alpe;1926;46,31811°N 13,79378°E;vrh;313746;75% (961. mesto);6;1;0;;https://www.hribi.net/gora/bela_glava/1/590
591;Poštarski dom pod Plešivcem;Slovenija;Karavanke;805;46,49617°N 15,01269°E;koča;408309;84% (630. mesto);6;4;1;4;https://www.hribi.net/gora/postarski_dom_pod_plesivcem/11/591
592;Uršlja gora (Plešivec);Slovenija;Karavanke;1699;46,48555°N 14,96149°E;vrh, koča, cerkev;1001203;99% (30. mesto);31;15;1;27;https://www.hribi.net/gora/urslja_gora_plesivec/11/592
593;Mozirska koča na Golteh;Slovenija;Kamniško Savinjske Alpe;1356;46,37134°N 14,90419°E;koča;575382;94% (217. mesto);8;7;0;5;https://www.hribi.net/gora/mozirska_koca_na_golteh/3/593
594;Hotel Golte;Slovenija;Kamniško Savinjske Alpe;1410;46,36868°N 14,89525°E;koča, planina;452775;87% (488. mesto);1;2;0;;https://www.hribi.net/gora/hotel_golte/3/594
595;Brunarica Osovnik;Slovenija;Polhograjsko hribovje in Ljubljana;777;46,128°N 14,33852°E;koča;450300;87% (500. mesto);4;6;0;32;https://www.hribi.net/gora/brunarica_osovnik/5/595
596;Dominov dom;Slovenija;Polhograjsko hribovje in Ljubljana;670;46,12634°N 14,3429°E;koča;286665;72% (1069. mesto);2;1;0;;https://www.hribi.net/gora/dominov_dom/5/596
597;Medvedjak;Slovenija;Kamniško Savinjske Alpe;1573;46,36505°N 14,89062°E;vrh;385145;81% (716. mesto);1;1;2;;https://www.hribi.net/gora/medvedjak/3/597
598;Koča na Treh plotih;Slovenija;Kamniško Savinjske Alpe;1530;46,36933°N 14,88864°E;koča, jezero, sedlo;369967;80% (760. mesto);4;1;0;;https://www.hribi.net/gora/koca_na_treh_plotih/3/598
601;Skutnik / Monte Guarda;Italija, Slovenija;Julijske Alpe;1721;46,32246°N 13,43927°E;vrh;399792;83% (665. mesto);11;2;0;;https://www.hribi.net/gora/skutnik___monte_guarda/1/601
605;Krasji vrh;Slovenija;Julijske Alpe;1773;46,2892°N 13,59277°E;vrh;565390;94% (238. mesto);5;3;2;1;https://www.hribi.net/gora/krasji_vrh/1/605
606;Planina Lopučnica;Slovenija;Julijske Alpe;1558;46,3158°N 13,76698°E;planina;251088;69% (1199. mesto);3;7;0;;https://www.hribi.net/gora/planina_lopucnica/1/606
608;Kosmati vrh (Ratitovec);Slovenija;Škofjeloško, Cerkljansko hribovje in Jelovica;1643;46,24282°N 14,1016°E;vrh, planina;368168;80% (768. mesto);10;9;0;1;https://www.hribi.net/gora/kosmati_vrh_ratitovec/21/608
609;Poludnik/Poludnig;Avstrija, Italija;Karnijske Alpe;1999;46,57209°N 13,40959°E;vrh;303913;74% (1005. mesto);4;1;0;;https://www.hribi.net/gora/poludnik_poludnig/27/609
610;Oklo;Slovenija;Julijske Alpe;2087;46,36732°N 13,85847°E;vrh;419733;84% (598. mesto);3;1;0;;https://www.hribi.net/gora/oklo/1/610
613;Železna (Kisla) voda;Slovenija;Karavanke;1115;46,43079°N 14,64336°E;Vremenska napoved:;260455;70% (1164. mesto);4;1;0;;https://www.hribi.net/gora/zelezna_kisla_voda/11/613
614;Sveti Duh pod Olševo;Slovenija;Karavanke;1232;46,43483°N 14,65971°E;cerkev;283029;72% (1078. mesto);3;1;0;1;https://www.hribi.net/gora/sveti_duh_pod_olsevo/11/614
615;Koča na Grohatu;Slovenija;Kamniško Savinjske Alpe;1460;46,42341°N 14,74327°E;koča, planina;519684;92% (309. mesto);4;2;0;3;https://www.hribi.net/gora/koca_na_grohatu/3/615
616;Robanova planina;Slovenija;Kamniško Savinjske Alpe;890;46,37655°N 14,66624°E;planina;366916;80% (774. mesto);5;1;0;;https://www.hribi.net/gora/robanova_planina/3/616
617;Sveti Primož nad Ljubnim;Slovenija;Kamniško Savinjske Alpe;883;46,36301°N 14,82129°E;cerkev;329610;76% (904. mesto);4;2;0;1;https://www.hribi.net/gora/sveti_primoz_nad_ljubnim/3/617
618;Bivak pod Mrzlim vrhom;Slovenija;Kamniško Savinjske Alpe;1980;46,37425°N 14,56673°E;bivak;375987;81% (738. mesto);1;4;0;1;https://www.hribi.net/gora/bivak_pod_mrzlim_vrhom/3/618
619;Koča na Klemenči jami;Slovenija;Kamniško Savinjske Alpe;1208;46,37847°N 14,63367°E;koča, planina;552778;93% (256. mesto);4;2;2;1;https://www.hribi.net/gora/koca_na_klemenci_jami/3/619
621;Köhlerhütte;Avstrija;Labotniške Alpe;1855;47,05576°N 14,59142°E;koča;119410;56% (1697. mesto);7;1;0;;https://www.hribi.net/gora/kohlerhutte/28/621
622;Rothaidenhütte;Avstrija;Labotniške Alpe;1836;47,06895°N 14,59937°E;koča, planina;120478;56% (1692. mesto);4;3;0;;https://www.hribi.net/gora/rothaidenhutte/28/622
623;Zirbitzkogelhütte;Avstrija;Labotniške Alpe;2376;47,06372°N 14,56731°E;koča, bivak;219856;66% (1312. mesto);13;11;0;1;https://www.hribi.net/gora/zirbitzkogelhutte/28/623
624;Zirbitzkogel;Avstrija;Labotniške Alpe;2396;47,0642°N 14,5681°E;vrh;424129;85% (584. mesto);16;10;2;1;https://www.hribi.net/gora/zirbitzkogel/28/624
625;Geierkogel (Labotniške Alpe / Seetaler Alpen);Avstrija;Labotniške Alpe;2185;47,06185°N 14,58373°E;vrh;117757;56% (1703. mesto);1;1;0;;https://www.hribi.net/gora/geierkogel_labotniske_alpe___seetaler_alpen/28/625
626;Wildsee;Avstrija;Labotniške Alpe;1981;47,04053°N 14,58461°E;jezero;121543;56% (1686. mesto);5;1;0;;https://www.hribi.net/gora/wildsee/28/626
627;Fuchskogel;Avstrija;Labotniške Alpe;2214;47,04574°N 14,57989°E;vrh;125861;56% (1673. mesto);9;4;0;1;https://www.hribi.net/gora/fuchskogel/28/627
628;Scharfes Eck;Avstrija;Labotniške Alpe;2364;47,07194°N 14,55966°E;vrh;144720;58% (1600. mesto);3;5;0;;https://www.hribi.net/gora/scharfes_eck/28/628
629;Montaž / Jôf di Montasio;Italija;Julijske Alpe;2753;46,43577°N 13,43405°E;vrh;809195;98% (60. mesto);15;3;0;2;https://www.hribi.net/gora/montaz___jof_di_montasio/1/629
630;Winterleiten Hutte (Seetaler Alpe);Avstrija;Labotniške Alpe;1782;47,09438°N 14,57116°E;koča, jezero;129352;57% (1657. mesto);4;1;0;;https://www.hribi.net/gora/winterleiten_hutte_seetaler_alpe/28/630
631;Wastl am Eck (Seetaler Alpe);Avstrija;Labotniške Alpe;960;47,16019°N 14,68323°E;koča;112149;55% (1725. mesto);2;1;0;;https://www.hribi.net/gora/wastl_am_eck_seetaler_alpe/28/631
632;Liechtensteinberg (Seetaler Alpe);Avstrija;Labotniške Alpe;1033;47,16319°N 14,6816°E;vrh;107683;55% (1739. mesto);1;1;0;;https://www.hribi.net/gora/liechtensteinberg_seetaler_alpe/28/632
633;Weißensteinhütte (Packalpe);Avstrija;Labotniške Alpe;1702;47,0586°N 14,7936°E;koča, planina;107331;55% (1741. mesto);4;3;0;;https://www.hribi.net/gora/weissensteinhutte_packalpe/28/633
635;Weißenstein (Packalpe);Avstrija;Labotniške Alpe;2160;47,06681°N 14,80931°E;vrh;109942;55% (1732. mesto);5;2;0;;https://www.hribi.net/gora/weissenstein_packalpe/28/635
636;Ameringkogel (Packalpe);Avstrija;Labotniške Alpe;2187;47,07289°N 14,80783°E;vrh;210654;65% (1357. mesto);7;3;0;;https://www.hribi.net/gora/ameringkogel_packalpe/28/636
637;Großenberg (Packalpe);Avstrija;Labotniške Alpe;2152;47,08126°N 14,79781°E;vrh;122306;56% (1682. mesto);8;4;0;;https://www.hribi.net/gora/grossenberg_packalpe/28/637
638;Hofalmkogel (Packalpe);Avstrija;Labotniške Alpe;2040;47,0614°N 14,8219°E;vrh;106175;54% (1749. mesto);4;3;0;;https://www.hribi.net/gora/hofalmkogel_packalpe/28/638
639;Speikkogel (Packalpe);Avstrija;Labotniške Alpe;1993;47,05738°N 14,84401°E;vrh;112672;55% (1723. mesto);5;2;0;;https://www.hribi.net/gora/speikkogel_packalpe/28/639
640;Gr. Winterleiten See (Seetaler Alpe);Avstrija;Labotniške Alpe;1840;47,08982°N 14,56513°E;jezero;115823;55% (1711. mesto);3;1;0;;https://www.hribi.net/gora/gr_winterleiten_see_seetaler_alpe/28/640
641;Veliki Selišnik;Slovenija;Julijske Alpe;1952;46,36606°N 13,90324°E;vrh;367093;80% (771. mesto);5;1;0;3;https://www.hribi.net/gora/veliki_selisnik/1/641
643;Veliki Koritnik / Creta di Aip / Trogkofel;Avstrija, Italija;Karnijske Alpe;2279;46,5708°N 13,2164°E;vrh;331316;77% (895. mesto);9;3;0;;https://www.hribi.net/gora/veliki_koritnik___creta_di_aip___trogkofel/27/643
645;Bivak E. Lomasti;Italija;Karnijske Alpe;1900;46,5584°N 13,23°E;bivak;153681;59% (1565. mesto);3;1;0;;https://www.hribi.net/gora/bivak_e_lomasti/27/645
646;Konjski špik / Monte Cavallo / Rosskofel;Italija;Karnijske Alpe;2240;46,55006°N 13,24066°E;vrh;350692;78% (836. mesto);7;2;0;;https://www.hribi.net/gora/konjski_spik___monte_cavallo___rosskofel/27/646
647;Bovški Gamsovec;Slovenija;Julijske Alpe;2392;46,3983°N 13,81286°E;vrh;790559;98% (63. mesto);5;4;1;7;https://www.hribi.net/gora/bovski_gamsovec/1/647
648;Rifugio Marinelli;Italija;Karnijske Alpe;2122;46,5932°N 12,8965°E;koča;207442;64% (1366. mesto);6;2;2;;https://www.hribi.net/gora/rifugio_marinelli/27/648
649;Monte Coglians (Hohe Warte);Avstrija, Italija;Karnijske Alpe;2780;46,6072°N 12,8825°E;vrh;507916;91% (336. mesto);13;4;0;;https://www.hribi.net/gora/monte_coglians_hohe_warte/27/649
650;Koča na Vrhu Svetih Treh Kraljev;Slovenija;Goriško, Notranjsko in Snežniško hribovje;823;46,0122°N 14,1731°E;koča;367008;80% (772. mesto);4;9;0;3;https://www.hribi.net/gora/koca_na_vrhu_svetih_treh_kraljev/26/650
651;Vrh Svetih Treh Kraljev;Slovenija;Goriško, Notranjsko in Snežniško hribovje;884;46,01034°N 14,16879°E;vrh, cerkev;439244;86% (537. mesto);13;9;4;7;https://www.hribi.net/gora/vrh_svetih_treh_kraljev/26/651
652;Obere Valentinalm;Avstrija;Karnijske Alpe;1540;46,6214°N 12,9055°E;koča, planina;115132;55% (1715. mesto);3;1;0;;https://www.hribi.net/gora/obere_valentinalm/27/652
653;Wolayer See;Avstrija;Karnijske Alpe;1951;46,6111°N 12,8679°E;koča, jezero;248899;69% (1205. mesto);8;3;0;;https://www.hribi.net/gora/wolayer_see/27/653
654;Dom na Goropekah;Slovenija;Goriško, Notranjsko in Snežniško hribovje;742;46,03456°N 14,12581°E;koča;302629;74% (1014. mesto);3;2;0;;https://www.hribi.net/gora/dom_na_goropekah/26/654
655;Svete Višarje / Monte Lussari;Italija;Julijske Alpe;1766;46,47998°N 13,523°E;vrh, koča, cerkev;780535;98% (67. mesto);12;4;0;6;https://www.hribi.net/gora/svete_visarje___monte_lussari/1/655
656;Rifugio Grego;Italija;Julijske Alpe;1389;46,4575°N 13,4551°E;koča, bivak;289002;72% (1062. mesto);9;1;1;1;https://www.hribi.net/gora/rifugio_grego/1/656
657;Poldašnja špica/Jof di Miezegnot;Italija;Julijske Alpe;2087;46,47667°N 13,45366°E;vrh;444020;86% (524. mesto);20;4;0;;https://www.hribi.net/gora/poldasnja_spica_jof_di_miezegnot/1/657
658;Bivak Bernardinis;Italija;Julijske Alpe;1907;46,47641°N 13,42407°E;bivak;225803;66% (1290. mesto);8;2;0;;https://www.hribi.net/gora/bivak_bernardinis/1/658
659;Cima Alta (Dve špici);Italija;Julijske Alpe;2046;46,47645°N 13,42029°E;vrh;423770;85% (585. mesto);16;5;0;;https://www.hribi.net/gora/cima_alta_dve_spici/1/659
662;Kamniti lovec / Cima del Cacciatore;Italija;Julijske Alpe;2071;46,46466°N 13,52795°E;vrh;583346;95% (206. mesto);8;5;0;3;https://www.hribi.net/gora/kamniti_lovec___cima_del_cacciatore/1/662
665;Kordeževa glava (Peca);Avstrija, Slovenija;Karavanke;2125;46,50023°N 14,77993°E;vrh;1003920;99% (27. mesto);13;24;3;20;https://www.hribi.net/gora/kordezeva_glava_peca/11/665
666;Velika (Koroška) Baba;Avstrija, Slovenija;Kamniško Savinjske Alpe;2127;46,37937°N 14,55592°E;vrh;703058;97% (104. mesto);9;8;1;3;https://www.hribi.net/gora/velika_koroska_baba/3/666
668;Velika Črnelska špica;Italija, Slovenija;Julijske Alpe;2332;46,37654°N 13,51567°E;vrh;402298;83% (659. mesto);7;3;1;;https://www.hribi.net/gora/velika_crnelska_spica/1/668
669;Koča na Planini nad Vrhniko;Slovenija;Goriško, Notranjsko in Snežniško hribovje;733;45,97158°N 14,2517°E;vrh, koča;711934;97% (100. mesto);13;10;0;15;https://www.hribi.net/gora/koca_na_planini_nad_vrhniko/26/669
670;Dom na Peci;Slovenija;Karavanke;1665;46,49114°N 14,79406°E;koča, cerkev;552897;93% (255. mesto);13;7;2;5;https://www.hribi.net/gora/dom_na_peci/11/670
671;Votlina Kralja Matjaža;Slovenija;Karavanke;1670;46,4875°N 14,797°E;Vremenska napoved:;379599;81% (728. mesto);5;3;0;1;https://www.hribi.net/gora/votlina_kralja_matjaza/11/671
672;Mala Peca;Slovenija;Karavanke;1731;46,49229°N 14,79182°E;vrh;361025;79% (798. mesto);4;3;1;2;https://www.hribi.net/gora/mala_peca/11/672
673;Govca (Olševa);Slovenija;Karavanke;1929;46,44953°N 14,68571°E;vrh;759287;98% (78. mesto);13;14;1;5;https://www.hribi.net/gora/govca_olseva/11/673
674;Potočka zijalka;Slovenija;Karavanke;1660;46,44955°N 14,67117°E;Vremenska napoved:;524329;92% (303. mesto);9;3;0;5;https://www.hribi.net/gora/potocka_zijalka/11/674
675;Velika Baba;Slovenija;Julijske Alpe;2016;46,29462°N 13,70829°E;vrh;583372;95% (205. mesto);9;4;6;2;https://www.hribi.net/gora/velika_baba/1/675
676;Zadnjiški Ozebnik;Slovenija;Julijske Alpe;2084;46,36917°N 13,78205°E;vrh;484683;90% (398. mesto);6;2;1;1;https://www.hribi.net/gora/zadnjiski_ozebnik/1/676
678;Mrzlica;Slovenija;Posavsko hribovje in Dolenjska;1122;46,18753°N 15,10746°E;vrh, koča;783677;98% (65. mesto);13;16;6;21;https://www.hribi.net/gora/mrzlica/25/678
679;Bavški Grintavec;Slovenija;Julijske Alpe;2347;46,36899°N 13,67025°E;vrh;679548;97% (115. mesto);22;4;8;2;https://www.hribi.net/gora/bavski_grintavec/1/679
680;Pristovški Storžič / Kärntner Storschitz;Avstrija;Karavanke;1759;46,43132°N 14,52549°E;vrh;601858;95% (178. mesto);19;4;0;10;https://www.hribi.net/gora/pristovski_storzic___karntner_storschitz/11/680
682;Spodnja Vrbanova špica;Slovenija;Julijske Alpe;2299;46,39655°N 13,86906°E;vrh;410919;84% (622. mesto);10;1;0;1;https://www.hribi.net/gora/spodnja_vrbanova_spica/1/682
683;Planina Zaprikraj;Slovenija;Julijske Alpe;1208;46,28773°N 13,62328°E;planina;394826;82% (683. mesto);8;1;0;;https://www.hribi.net/gora/planina_zaprikraj/1/683
684;Koča na planini Razor;Slovenija;Julijske Alpe;1315;46,23562°N 13,79334°E;koča, bivak, planina;649862;97% (132. mesto);14;6;0;5;https://www.hribi.net/gora/koca_na_planini_razor/1/684
685;Krniške skale / Gartnerkofel;Avstrija;Karnijske Alpe;2195;46,5716°N 13,30387°E;vrh;391535;82% (692. mesto);8;2;0;1;https://www.hribi.net/gora/krniske_skale___gartnerkofel/27/685
686;Žabiški Kuk;Slovenija;Julijske Alpe;1844;46,23029°N 13,80493°E;vrh;368830;80% (765. mesto);20;6;0;;https://www.hribi.net/gora/zabiski_kuk/1/686
687;Vrh Planje (nad Globokim);Slovenija;Julijske Alpe;1863;46,24408°N 13,80321°E;vrh;263899;70% (1148. mesto);2;6;0;1;https://www.hribi.net/gora/vrh_planje_nad_globokim/1/687
688;Baita Winkel;Italija;Karnijske Alpe;1470;46,55003°N 13,26302°E;koča, planina;143810;58% (1603. mesto);4;1;0;;https://www.hribi.net/gora/baita_winkel/27/688
689;Malvuerich Alto;Italija;Karnijske Alpe;1899;46,54241°N 13,27931°E;vrh;160585;60% (1541. mesto);6;2;0;;https://www.hribi.net/gora/malvuerich_alto/27/689
690;Slap Sopota (Soupat);Slovenija;Julijske Alpe;400;46,1692°N 13,80274°E;slap;348641;78% (839. mesto);4;1;0;2;https://www.hribi.net/gora/slap_sopota_soupat/1/690
692;Zelenjak;Avstrija, Slovenija;Karavanke;2024;46,44269°N 14,21524°E;vrh;502365;91% (357. mesto);6;3;0;8;https://www.hribi.net/gora/zelenjak/11/692
695;Križevnik;Slovenija;Kamniško Savinjske Alpe;1909;46,37494°N 14,68872°E;vrh;487408;90% (392. mesto);4;4;1;2;https://www.hribi.net/gora/krizevnik/3/695
696;Molička peč;Slovenija;Kamniško Savinjske Alpe;2029;46,36394°N 14,67204°E;vrh;545642;93% (264. mesto);4;3;0;3;https://www.hribi.net/gora/molicka_pec/3/696
697;Velika Zelenica;Slovenija;Kamniško Savinjske Alpe;2114;46,36109°N 14,66732°E;vrh;603887;95% (174. mesto);7;4;0;10;https://www.hribi.net/gora/velika_zelenica/3/697
698;Vrh nad Škrbino;Slovenija;Julijske Alpe;2054;46,2544°N 13,78°E;vrh;517578;92% (313. mesto);4;12;5;;https://www.hribi.net/gora/vrh_nad_skrbino/1/698
699;Planinski dom Zavižan;Hrvaška;Velebit;1594;44,81456°N 14,97545°E;koča;429191;85% (563. mesto);2;2;0;;https://www.hribi.net/gora/planinski_dom_zavizan/30/699
700;Vučjak;Hrvaška;Velebit;1644;44,81585°N 14,97615°E;vrh;281689;72% (1087. mesto);3;1;0;;https://www.hribi.net/gora/vucjak/30/700
701;Velika Kosa;Hrvaška;Velebit;1622;44,8077°N 14,9757°E;vrh;259610;70% (1167. mesto);4;1;0;;https://www.hribi.net/gora/velika_kosa/30/701
702;Balinovac;Hrvaška;Velebit;1602;44,80742°N 14,96671°E;vrh;267903;70% (1134. mesto);4;2;0;;https://www.hribi.net/gora/balinovac/30/702
703;Veliki Zavižan;Hrvaška;Velebit;1676;44,8022°N 14,9736°E;vrh;402251;83% (660. mesto);2;2;0;;https://www.hribi.net/gora/veliki_zavizan/30/703
704;Zavižanski Pivčevac;Hrvaška;Velebit;1676;44,80503°N 14,99243°E;vrh;228244;67% (1276. mesto);2;2;0;;https://www.hribi.net/gora/zavizanski_pivcevac/30/704
705;Gromovača;Hrvaška;Velebit;1676;44,7731°N 14,9844°E;vrh;289835;72% (1056. mesto);1;1;0;;https://www.hribi.net/gora/gromovaca/30/705
706;Rossijevo zavetišče;Hrvaška;Velebit;1580;44,76603°N 14,98711°E;bivak;274149;71% (1111. mesto);3;1;0;;https://www.hribi.net/gora/rossijevo_zavetisce/30/706
707;Mali Rajinac;Hrvaška;Velebit;1699;44,79438°N 15,01317°E;vrh;295869;73% (1036. mesto);3;2;0;;https://www.hribi.net/gora/mali_rajinac/30/707
708;Planina Dolga trata;Slovenija;Kamniško Savinjske Alpe;1835;46,3517°N 14,6925°E;bivak, planina;305658;74% (997. mesto);11;1;0;;https://www.hribi.net/gora/planina_dolga_trata/3/708
709;Ciprnik;Slovenija;Julijske Alpe;1745;46,46923°N 13,74031°E;vrh;716072;98% (94. mesto);9;4;1;7;https://www.hribi.net/gora/ciprnik/1/709
710;Mojčin dom na Vitrancu;Slovenija;Julijske Alpe;1555;46,476°N 13,7598°E;koča;622890;96% (152. mesto);20;5;0;5;https://www.hribi.net/gora/mojcin_dom_na_vitrancu/1/710
711;Adam;Slovenija;Julijske Alpe;2012;46,3406°N 13,83849°E;vrh;439060;86% (540. mesto);2;1;0;3;https://www.hribi.net/gora/adam/1/711
712;Eva;Slovenija;Julijske Alpe;2019;46,34135°N 13,84004°E;vrh;448277;87% (511. mesto);1;1;0;3;https://www.hribi.net/gora/eva/1/712
713;Prvi Vogel;Slovenija;Julijske Alpe;2181;46,33025°N 13,8001°E;vrh;384290;81% (719. mesto);4;2;0;;https://www.hribi.net/gora/prvi_vogel/1/713
714;Srednji Vogel;Slovenija;Julijske Alpe;2226;46,33414°N 13,79845°E;vrh;336484;77% (883. mesto);1;2;0;;https://www.hribi.net/gora/srednji_vogel/1/714
715;Vaganski vrh;Hrvaška;Velebit;1757;44,3677°N 15,50466°E;vrh;451328;87% (494. mesto);3;1;0;;https://www.hribi.net/gora/vaganski_vrh/30/715
716;Tominčev slap;Slovenija;Kamniško Savinjske Alpe;750;46,39348°N 14,25416°E;slap;355995;79% (818. mesto);14;1;0;;https://www.hribi.net/gora/tomincev_slap/3/716
717;Konjščica / Sagranberg / Monte Sagran;Avstrija, Italija;Karnijske Alpe;1931;46,55862°N 13,46121°E;vrh;135595;57% (1636. mesto);3;1;0;;https://www.hribi.net/gora/konjscica___sagranberg___monte_sagran/27/717
718;Starhand;Avstrija, Italija;Karnijske Alpe;1965;46,5665°N 13,46871°E;vrh;177899;62% (1474. mesto);4;2;0;;https://www.hribi.net/gora/starhand/27/718
719;Goričanska planina/Gortchacher Alm;Avstrija, Italija;Karnijske Alpe;1725;46,56795°N 13,45615°E;planina;121615;56% (1685. mesto);5;1;0;;https://www.hribi.net/gora/goricanska_planina_gortchacher_alm/27/719
720;Setiče/Freiberg;Avstrija;Karavanke;1922;46,48881°N 14,40935°E;vrh;351264;78% (833. mesto);5;1;0;1;https://www.hribi.net/gora/setice_freiberg/11/720
721;Grlovec / Ferlacher Horn;Avstrija;Karavanke;1840;46,48666°N 14,31398°E;vrh;358963;79% (806. mesto);20;6;0;;https://www.hribi.net/gora/grlovec___ferlacher_horn/11/721
722;Macesnovec;Slovenija;Julijske Alpe;1926;46,40378°N 13,90672°E;vrh;503147;91% (356. mesto);3;1;0;2;https://www.hribi.net/gora/macesnovec/1/722
723;Bivak pod Kotovim sedlom;Slovenija;Julijske Alpe;1977;46,43066°N 13,6879°E;bivak;415624;84% (608. mesto);3;2;0;;https://www.hribi.net/gora/bivak_pod_kotovim_sedlom/1/723
724;Koča na planini Kuhinja;Slovenija;Julijske Alpe;1002;46,24144°N 13,65986°E;koča, planina;329795;76% (903. mesto);4;2;0;4;https://www.hribi.net/gora/koca_na_planini_kuhinja/1/724
725;Sveti Ahac;Slovenija;Posavsko hribovje in Dolenjska;748;45,89367°N 14,60595°E;vrh, cerkev;375452;81% (740. mesto);2;2;0;3;https://www.hribi.net/gora/sveti_ahac/25/725
726;Janče;Slovenija;Posavsko hribovje in Dolenjska;792;46,05222°N 14,7101°E;vrh, koča, cerkev;597770;95% (181. mesto);9;8;3;12;https://www.hribi.net/gora/jance/25/726
727;Sveti Miklavž nad Savo;Slovenija;Posavsko hribovje in Dolenjska;741;46,10673°N 14,74403°E;vrh, cerkev;449552;87% (504. mesto);7;4;0;4;https://www.hribi.net/gora/sveti_miklavz_nad_savo/25/727
728;Cicelj;Slovenija;Posavsko hribovje in Dolenjska;836;46,11061°N 14,72655°E;vrh;420049;84% (595. mesto);5;7;0;14;https://www.hribi.net/gora/cicelj/25/728
730;Mala gora;Slovenija;Goriško, Notranjsko in Snežniško hribovje;1034;45,92536°N 13,84464°E;vrh, koča;496997;91% (363. mesto);13;4;0;2;https://www.hribi.net/gora/mala_gora/26/730
731;Krevl;Slovenija;Julijske Alpe;1515;46,23596°N 13,96068°E;vrh;307291;74% (991. mesto);10;8;0;1;https://www.hribi.net/gora/krevl/1/731
732;Kravja Črna gora;Slovenija;Julijske Alpe;1541;46,2401°N 13,96039°E;vrh;309442;74% (983. mesto);3;1;0;;https://www.hribi.net/gora/kravja_crna_gora/1/732
733;Planinski dom pri Gospodični;Slovenija;Posavsko hribovje in Dolenjska;822;45,76639°N 15,29686°E;koča;509563;91% (331. mesto);5;2;0;7;https://www.hribi.net/gora/planinski_dom_pri_gospodicni/25/733
735;Trdinov vrh;Slovenija;Posavsko hribovje in Dolenjska;1178;45,75978°N 15,31811°E;vrh, cerkev;678026;97% (116. mesto);5;3;5;23;https://www.hribi.net/gora/trdinov_vrh/25/735
736;Dom pri Miklavžu;Slovenija;Posavsko hribovje in Dolenjska;964;45,77614°N 15,32267°E;vrh, koča, cerkev;471765;89% (434. mesto);2;1;1;6;https://www.hribi.net/gora/dom_pri_miklavzu/25/736
740;Dom na Paškem Kozjaku;Slovenija;Karavanke;960;46,38429°N 15,18832°E;koča;420289;84% (594. mesto);1;1;1;2;https://www.hribi.net/gora/dom_na_paskem_kozjaku/11/740
741;Špik (Paški Kozjak);Slovenija;Karavanke;1108;46,38724°N 15,18658°E;vrh;405991;83% (642. mesto);1;1;1;2;https://www.hribi.net/gora/spik_paski_kozjak/11/741
742;Basališče (Paški Kozjak);Slovenija;Karavanke;1272;46,39023°N 15,24015°E;vrh;490141;90% (381. mesto);4;3;0;5;https://www.hribi.net/gora/basalisce_paski_kozjak/11/742
743;Košenjak;Avstrija, Slovenija;Strojna, Košenjak, Kozjak in Slovenske gorice;1522;46,64515°N 15,03009°E;vrh;576617;94% (214. mesto);10;16;5;8;https://www.hribi.net/gora/kosenjak/162/743
744;Ulovka;Slovenija;Goriško, Notranjsko in Snežniško hribovje;801;45,97571°N 14,23989°E;vrh;425413;85% (578. mesto);4;3;1;2;https://www.hribi.net/gora/ulovka/26/744
745;Dom na Košenjaku;Slovenija;Strojna, Košenjak, Kozjak in Slovenske gorice;1169;46,63619°N 15,03218°E;koča;329347;76% (908. mesto);5;2;0;7;https://www.hribi.net/gora/dom_na_kosenjaku/162/745
746;Svinska planina;Slovenija;Julijske Alpe;1214;46,21896°N 13,55144°E;planina;307064;74% (992. mesto);3;1;0;;https://www.hribi.net/gora/svinska_planina/1/746
747;Matajur;Italija, Slovenija;Julijske Alpe;1642;46,21211°N 13,52945°E;vrh, cerkev;743304;98% (83. mesto);19;15;4;8;https://www.hribi.net/gora/matajur/1/747
748;Idrska planina;Slovenija;Julijske Alpe;1250;46,21225°N 13,56509°E;planina;278177;71% (1096. mesto);5;2;0;;https://www.hribi.net/gora/idrska_planina/1/748
749;Mrzli vrh (na Matajurju);Slovenija;Julijske Alpe;1358;46,20958°N 13,56234°E;vrh;452371;87% (490. mesto);6;2;0;2;https://www.hribi.net/gora/mrzli_vrh_na_matajurju/1/749
750;Stol (Julijske Alpe);Slovenija;Julijske Alpe;1673;46,27827°N 13,45413°E;vrh;613997;96% (159. mesto);12;4;0;7;https://www.hribi.net/gora/stol_julijske_alpe/1/750
751;Iški Vintgar (Vrbica);Slovenija;Goriško, Notranjsko in Snežniško hribovje;420;45,88249°N 14,49059°E;Vremenska napoved:;387351;82% (708. mesto);5;1;0;;https://www.hribi.net/gora/iski_vintgar_vrbica/26/751
752;Sveti Lenart (Krvava Peč);Slovenija;Goriško, Notranjsko in Snežniško hribovje;805;45,86211°N 14,51171°E;vrh, cerkev;290983;73% (1051. mesto);4;5;0;1;https://www.hribi.net/gora/sveti_lenart_krvava_pec/26/752
753;Kremžarjev vrh;Slovenija;Pohorje, Dravinjske gorice in Haloze;1164;46,52965°N 15,13416°E;vrh;513465;92% (322. mesto);4;8;3;8;https://www.hribi.net/gora/kremzarjev_vrh/4/753
754;Koča pod Kremžarjevim vrhom;Slovenija;Pohorje, Dravinjske gorice in Haloze;1102;46,52821°N 15,12847°E;koča;487605;90% (390. mesto);9;8;2;10;https://www.hribi.net/gora/koca_pod_kremzarjevim_vrhom/4/754
755;Sveta Barbara nad Slovenj Gradcem;Slovenija;Pohorje, Dravinjske gorice in Haloze;829;46,51391°N 15,14508°E;cerkev;221891;66% (1305. mesto);1;1;0;;https://www.hribi.net/gora/sveta_barbara_nad_slovenj_gradcem/4/755
758;Bivak na Črniku;Slovenija;Julijske Alpe;1160;46,26463°N 13,64347°E;bivak;256934;69% (1177. mesto);2;1;0;;https://www.hribi.net/gora/bivak_na_crniku/1/758
759;Sinski vrh / Sinacher Gupf;Avstrija;Karavanke;1577;46,49439°N 14,19209°E;vrh;219295;66% (1318. mesto);14;4;0;;https://www.hribi.net/gora/sinski_vrh___sinacher_gupf/11/759
760;Žingarica / Singerberg;Avstrija;Karavanke;1589;46,50054°N 14,25848°E;vrh;239017;68% (1244. mesto);9;6;0;;https://www.hribi.net/gora/zingarica___singerberg/11/760
761;Dom na Boču;Slovenija;Karavanke;658;46,28347°N 15,59412°E;koča, cerkev;466703;88% (448. mesto);10;13;8;10;https://www.hribi.net/gora/dom_na_bocu/11/761
762;Koča na Čemšeniški planini;Slovenija;Posavsko hribovje in Dolenjska;1120;46,19027°N 14,96176°E;koča;646164;96% (138. mesto);10;15;0;10;https://www.hribi.net/gora/koca_na_cemseniski_planini/25/762
763;Črni vrh (Čemšeniška planina);Slovenija;Posavsko hribovje in Dolenjska;1204;46,19395°N 14,9688°E;vrh;626559;96% (151. mesto);14;16;2;7;https://www.hribi.net/gora/crni_vrh_cemseniska_planina/25/763
764;Bivak Hlek;Slovenija;Julijske Alpe;1225;46,26671°N 13,51519°E;bivak;312462;75% (970. mesto);4;2;1;;https://www.hribi.net/gora/bivak_hlek/1/764
765;Bukov vrh;Slovenija;Polhograjsko hribovje in Ljubljana;832;46,10907°N 14,2156°E;vrh, cerkev;404378;83% (650. mesto);6;2;0;2;https://www.hribi.net/gora/bukov_vrh/5/765
766;Lisca;Slovenija;Posavsko hribovje in Dolenjska;948;46,06797°N 15,28482°E;vrh, koča;780393;98% (68. mesto);11;16;17;25;https://www.hribi.net/gora/lisca/25/766
768;Sveti Lovrenc (nad vasjo Okroglice);Slovenija;Posavsko hribovje in Dolenjska;722;46,07652°N 15,24725°E;vrh, cerkev;260107;70% (1166. mesto);7;3;0;1;https://www.hribi.net/gora/sveti_lovrenc_nad_vasjo_okroglice/25/768
769;Ključ;Slovenija;Polhograjsko hribovje in Ljubljana;623;46,03978°N 14,34369°E;vrh;356123;79% (815. mesto);3;4;7;22;https://www.hribi.net/gora/kljuc/5/769
770;Partizanski dom na Ključu;Slovenija;Polhograjsko hribovje in Ljubljana;550;46,03855°N 14,34835°E;koča;326911;76% (912. mesto);5;4;1;3;https://www.hribi.net/gora/partizanski_dom_na_kljucu/5/770
771;Sveti Urh (nad Zaklancem);Slovenija;Polhograjsko hribovje in Ljubljana;420;46,02653°N 14,32047°E;vrh, cerkev;356210;79% (814. mesto);3;3;0;3;https://www.hribi.net/gora/sveti_urh_nad_zaklancem/5/771
778;Slavnik;Slovenija;Goriško, Notranjsko in Snežniško hribovje;1028;45,53388°N 13,97581°E;vrh, koča;1011535;99% (23. mesto);14;11;11;122;https://www.hribi.net/gora/slavnik/26/778
779;Kojnik;Slovenija;Goriško, Notranjsko in Snežniško hribovje;802;45,50689°N 13,95176°E;vrh;422787;85% (589. mesto);2;3;2;7;https://www.hribi.net/gora/kojnik/26/779
780;Jampršnik;Slovenija;Goriško, Notranjsko in Snežniško hribovje;649;45,50923°N 13,9353°E;vrh;230397;67% (1272. mesto);2;2;0;4;https://www.hribi.net/gora/jamprsnik/26/780
781;Slavkov dom na Golem brdu;Slovenija;Polhograjsko hribovje in Ljubljana;396;46,10517°N 14,41761°E;koča;427483;85% (569. mesto);3;2;1;8;https://www.hribi.net/gora/slavkov_dom_na_golem_brdu/5/781
782;Sveta Marjeta pod Jeterbenkom;Slovenija;Polhograjsko hribovje in Ljubljana;482;46,11068°N 14,39254°E;cerkev;296052;73% (1035. mesto);4;3;0;;https://www.hribi.net/gora/sveta_marjeta_pod_jeterbenkom/5/782
784;Velika Špička;Slovenija;Goriško, Notranjsko in Snežniško hribovje;955;45,83534°N 14,39687°E;vrh;388099;82% (704. mesto);3;4;2;2;https://www.hribi.net/gora/velika_spicka/26/784
786;Planinski dom na Kalu;Slovenija;Posavsko hribovje in Dolenjska;946;46,17332°N 15,10805°E;koča;385305;81% (715. mesto);6;5;0;1;https://www.hribi.net/gora/planinski_dom_na_kalu/25/786
787;Lovska koča na Taležu;Slovenija;Škofjeloško, Cerkljansko hribovje in Jelovica;725;46,33611°N 14,11808°E;koča, planina;472665;89% (432. mesto);5;3;0;3;https://www.hribi.net/gora/lovska_koca_na_talezu/21/787
788;Kopitnik;Slovenija;Posavsko hribovje in Dolenjska;910;46,11028°N 15,17886°E;vrh;585450;95% (201. mesto);7;6;5;1;https://www.hribi.net/gora/kopitnik/25/788
789;Koča na Kopitniku;Slovenija;Posavsko hribovje in Dolenjska;865;46,11401°N 15,17281°E;koča;404406;83% (649. mesto);12;5;4;6;https://www.hribi.net/gora/koca_na_kopitniku/25/789
790;Dom v Gorah;Slovenija;Posavsko hribovje in Dolenjska;762;46,11492°N 15,13841°E;vrh, koča, cerkev;392075;82% (690. mesto);16;6;4;;https://www.hribi.net/gora/dom_v_gorah/25/790
794;GEOSS;Slovenija;Posavsko hribovje in Dolenjska;645;46,12031°N 14,81553°E;koča;409689;84% (626. mesto);9;4;3;6;https://www.hribi.net/gora/geoss/25/794
795;Dom na Zgornji Slivni;Slovenija;Posavsko hribovje in Dolenjska;826;46,11827°N 14,80734°E;koča, cerkev;292491;73% (1049. mesto);6;4;0;3;https://www.hribi.net/gora/dom_na_zgornji_slivni/25/795
796;Slivna (Pivkelj);Slovenija;Posavsko hribovje in Dolenjska;880;46,12055°N 14,79644°E;vrh;325999;76% (917. mesto);4;5;1;2;https://www.hribi.net/gora/slivna_pivkelj/25/796
797;Dom Ušte - Žerenk;Slovenija;Posavsko hribovje in Dolenjska;658;46,1215°N 14,77218°E;koča;413483;84% (615. mesto);7;6;0;3;https://www.hribi.net/gora/dom_uste_-_zerenk/25/797
798;Sveta Marija na Planinski gori;Slovenija;Goriško, Notranjsko in Snežniško hribovje;782;45,8375°N 14,23367°E;cerkev;365021;80% (780. mesto);6;6;0;;https://www.hribi.net/gora/sveta_marija_na_planinski_gori/26/798
799;Lovska koča na Planinski gori;Slovenija;Goriško, Notranjsko in Snežniško hribovje;879;45,84046°N 14,23116°E;koča;313246;75% (965. mesto);5;5;0;;https://www.hribi.net/gora/lovska_koca_na_planinski_gori/26/799
802;Petričev hrib;Slovenija;Goriško, Notranjsko in Snežniško hribovje;937;45,83407°N 14,21325°E;vrh;284121;72% (1076. mesto);4;4;1;1;https://www.hribi.net/gora/petricev_hrib/26/802
803;Polšakova koča na Zagori;Slovenija;Goriško, Notranjsko in Snežniško hribovje;822;45,86262°N 14,18226°E;Vremenska napoved:;174894;61% (1483. mesto);7;2;0;;https://www.hribi.net/gora/polsakova_koca_na_zagori/26/803
804;Gora (Sveti Lovrenc);Slovenija;Goriško, Notranjsko in Snežniško hribovje;1019;45,83905°N 14,16735°E;vrh, cerkev;485523;90% (395. mesto);8;3;0;4;https://www.hribi.net/gora/gora_sveti_lovrenc/26/804
805;Polna peč;Slovenija;Karavanke;1503;46,4389°N 14,25617°E;vrh;343241;77% (862. mesto);7;2;0;8;https://www.hribi.net/gora/polna_pec/11/805
806;Sveta Trojica;Slovenija;Goriško, Notranjsko in Snežniško hribovje;1106;45,72505°N 14,27125°E;vrh;561819;94% (240. mesto);13;4;5;8;https://www.hribi.net/gora/sveta_trojica/26/806
807;Osojnica;Slovenija;Goriško, Notranjsko in Snežniško hribovje;820;45,68659°N 14,16756°E;vrh;339652;77% (877. mesto);2;2;4;4;https://www.hribi.net/gora/osojnica/26/807
808;Pirnatova koča na Javorniku;Slovenija;Goriško, Notranjsko in Snežniško hribovje;1156;45,89477°N 14,07528°E;koča;523139;92% (305. mesto);4;6;2;4;https://www.hribi.net/gora/pirnatova_koca_na_javorniku/26/808
809;Javornik (nad Črnim Vrhom);Slovenija;Goriško, Notranjsko in Snežniško hribovje;1240;45,89589°N 14,07173°E;vrh;602905;95% (176. mesto);7;8;0;7;https://www.hribi.net/gora/javornik_nad_crnim_vrhom/26/809
810;Dobrač / Dobratsch;Avstrija;Ziljske Alpe;2166;46,60372°N 13,6703°E;vrh, koča, cerkev;610701;96% (165. mesto);27;4;0;8;https://www.hribi.net/gora/dobrac___dobratsch/31/810
811;Zwolfernock;Avstrija;Ziljske Alpe;2049;46,60144°N 13,6894°E;vrh;217353;65% (1325. mesto);2;1;0;4;https://www.hribi.net/gora/zwolfernock/31/811
812;Partizanski dom na Vodiški planini;Slovenija;Škofjeloško, Cerkljansko hribovje in Jelovica;1108;46,2934°N 14,18082°E;koča, planina;569073;94% (229. mesto);19;15;0;6;https://www.hribi.net/gora/partizanski_dom_na_vodiski_planini/21/812
813;Sinji vrh;Slovenija;Goriško, Notranjsko in Snežniško hribovje;1002;45,90828°N 13,93735°E;vrh;608114;96% (167. mesto);16;11;2;7;https://www.hribi.net/gora/sinji_vrh/26/813
814;Navrše;Slovenija;Goriško, Notranjsko in Snežniško hribovje;857;45,9114°N 13,91686°E;vrh;261772;70% (1160. mesto);5;3;0;2;https://www.hribi.net/gora/navrse/26/814
815;Otliški maj;Slovenija;Goriško, Notranjsko in Snežniško hribovje;847;45,92104°N 13,90796°E;vrh;263932;70% (1147. mesto);3;3;0;2;https://www.hribi.net/gora/otliski_maj/26/815
816;Otliško okno;Slovenija;Goriško, Notranjsko in Snežniško hribovje;800;45,91647°N 13,9134°E;Vremenska napoved:;611458;96% (163. mesto);10;3;1;9;https://www.hribi.net/gora/otlisko_okno/26/816
818;Dom na Čreti;Slovenija;Kamniško Savinjske Alpe;870;46,27682°N 14,95921°E;koča, cerkev;491270;90% (377. mesto);10;8;2;5;https://www.hribi.net/gora/dom_na_creti/3/818
819;Koča na Kozleku;Slovenija;Goriško, Notranjsko in Snežniško hribovje;997;45,54458°N 14,32259°E;vrh, koča;373622;81% (746. mesto);4;3;0;2;https://www.hribi.net/gora/koca_na_kozleku/26/819
820;Srednji vrh pri Kozleku;Slovenija;Goriško, Notranjsko in Snežniško hribovje;923;45,54823°N 14,31222°E;vrh;184071;62% (1451. mesto);2;2;0;1;https://www.hribi.net/gora/srednji_vrh_pri_kozleku/26/820
821;Veliki Javornik (Javorniki);Slovenija;Goriško, Notranjsko in Snežniško hribovje;1268;45,758°N 14,29508°E;vrh;534357;93% (282. mesto);8;3;0;1;https://www.hribi.net/gora/veliki_javornik_javorniki/26/821
822;Višarska planina / Malga di Lussari;Italija;Julijske Alpe;1570;46,47591°N 13,5335°E;planina;327528;76% (910. mesto);5;2;0;;https://www.hribi.net/gora/visarska_planina___malga_di_lussari/1/822
823;Bevkov vrh;Slovenija;Škofjeloško, Cerkljansko hribovje in Jelovica;1051;46,08662°N 14,00683°E;vrh;532848;93% (285. mesto);5;8;2;5;https://www.hribi.net/gora/bevkov_vrh/21/823
824;Sivka;Slovenija;Škofjeloško, Cerkljansko hribovje in Jelovica;1008;46,05717°N 14,04798°E;vrh;506047;91% (347. mesto);5;8;6;8;https://www.hribi.net/gora/sivka/21/824
825;Muzec - Musc (Mali Muzec);Slovenija;Julijske Alpe;1612;46,28734°N 13,41855°E;vrh;354366;79% (823. mesto);5;1;0;1;https://www.hribi.net/gora/muzec_-_musc_mali_muzec/1/825
826;Bivak pod Muzcem;Slovenija;Julijske Alpe;1529;46,28743°N 13,41393°E;bivak, sedlo;326523;76% (915. mesto);2;1;0;1;https://www.hribi.net/gora/bivak_pod_muzcem/1/826
827;Andrejev dom na Slemenu;Slovenija;Karavanke;1086;46,43816°N 14,96475°E;koča;489897;90% (382. mesto);6;6;5;9;https://www.hribi.net/gora/andrejev_dom_na_slemenu/11/827
828;Divje jezero;Slovenija;Goriško, Notranjsko in Snežniško hribovje;350;45,98219°N 14,0279°E;jezero;347002;78% (845. mesto);3;3;0;1;https://www.hribi.net/gora/divje_jezero/26/828
829;Hleviška planina;Slovenija;Škofjeloško, Cerkljansko hribovje in Jelovica;908;45,98453°N 13,9942°E;vrh;479298;89% (414. mesto);5;5;1;4;https://www.hribi.net/gora/hleviska_planina/21/829
830;Koča na Hleviški planini;Slovenija;Škofjeloško, Cerkljansko hribovje in Jelovica;815;45,98723°N 13,99585°E;koča;455270;87% (479. mesto);15;5;0;5;https://www.hribi.net/gora/koca_na_hleviski_planini/21/830
831;Iglica;Slovenija;Julijske Alpe;550;46,34817°N 14,05965°E;vrh, slap;259408;70% (1168. mesto);2;1;0;;https://www.hribi.net/gora/iglica/1/831
832;Galetovec;Slovenija;Julijske Alpe;1265;46,33145°N 14,03875°E;vrh;555797;94% (249. mesto);6;11;0;2;https://www.hribi.net/gora/galetovec/1/832
833;Planina za Jamo;Slovenija;Julijske Alpe;1005;46,32256°N 14,03886°E;planina;230712;67% (1271. mesto);3;1;0;;https://www.hribi.net/gora/planina_za_jamo/1/833
834;Školj sv. Pavla nad Vrtovinom;Slovenija;Goriško, Notranjsko in Snežniško hribovje;520;45,91233°N 13,80967°E;vrh, cerkev;246729;68% (1214. mesto);6;4;0;4;https://www.hribi.net/gora/skolj_sv_pavla_nad_vrtovinom/26/834
835;Jelenk;Slovenija;Škofjeloško, Cerkljansko hribovje in Jelovica;1107;46,05374°N 13,98871°E;vrh;424374;85% (582. mesto);3;3;2;;https://www.hribi.net/gora/jelenk/21/835
837;Donačka gora;Slovenija;Karavanke;884;46,26268°N 15,7423°E;vrh;732820;98% (87. mesto);8;11;7;45;https://www.hribi.net/gora/donacka_gora/11/837
838;Rudijev dom na Donački gori;Slovenija;Karavanke;590;46,26447°N 15,73468°E;koča;332140;77% (891. mesto);4;5;1;6;https://www.hribi.net/gora/rudijev_dom_na_donacki_gori/11/838
839;Veliko Kozje;Slovenija;Posavsko hribovje in Dolenjska;993;46,0876°N 15,2173°E;vrh;470203;89% (440. mesto);4;5;5;3;https://www.hribi.net/gora/veliko_kozje/25/839
840;Furlanovo zavetišče pri Abramu;Slovenija;Goriško, Notranjsko in Snežniško hribovje;900;45,81891°N 14,01858°E;koča;506655;91% (340. mesto);6;8;1;7;https://www.hribi.net/gora/furlanovo_zavetisce_pri_abramu/26/840
841;Mariborska koča;Slovenija;Pohorje, Dravinjske gorice in Haloze;1086;46,5015°N 15,55552°E;koča;583392;95% (203. mesto);6;16;4;9;https://www.hribi.net/gora/mariborska_koca/4/841
842;Ruška koča na Arehu;Slovenija;Pohorje, Dravinjske gorice in Haloze;1246;46,49505°N 15,50823°E;koča, cerkev;591455;95% (192. mesto);10;18;0;9;https://www.hribi.net/gora/ruska_koca_na_arehu/4/842
843;Koča na Črnem vrhu nad Novaki;Slovenija;Škofjeloško, Cerkljansko hribovje in Jelovica;1245;46,16174°N 14,05758°E;koča;341279;77% (871. mesto);3;1;0;2;https://www.hribi.net/gora/koca_na_crnem_vrhu_nad_novaki/21/843
844;Grad Socerb;Slovenija;Goriško, Notranjsko in Snežniško hribovje;437;45,58941°N 13,86097°E;vrh, koča, cerkev;536448;93% (279. mesto);8;6;0;8;https://www.hribi.net/gora/grad_socerb/26/844
845;Tinjan;Slovenija;Goriško, Notranjsko in Snežniško hribovje;374;45,56138°N 13,83504°E;vrh, cerkev;501176;91% (360. mesto);14;6;0;9;https://www.hribi.net/gora/tinjan/26/845
846;Mornova zijalka;Slovenija;Karavanke;550;46,41277°N 14,97437°E;Vremenska napoved:;270713;71% (1128. mesto);3;1;0;;https://www.hribi.net/gora/mornova_zijalka/11/846
847;Sveti Donat;Slovenija;Karavanke;511;46,25794°N 15,73851°E;cerkev;202869;64% (1386. mesto);3;1;0;;https://www.hribi.net/gora/sveti_donat/11/847
848;Gašperjeva koča pod Velikim Kozjem;Slovenija;Posavsko hribovje in Dolenjska;436;46,08918°N 15,20873°E;Vremenska napoved:;273097;71% (1118. mesto);1;1;0;1;https://www.hribi.net/gora/gasperjeva_koca_pod_velikim_kozjem/25/848
849;Škabrijel;Slovenija;Goriško, Notranjsko in Snežniško hribovje;646;45,97629°N 13,67757°E;vrh;508678;91% (333. mesto);4;6;4;13;https://www.hribi.net/gora/skabrijel/26/849
850;Gora Oljka;Slovenija;Kamniško Savinjske Alpe;733;46,32561°N 15,05918°E;vrh, koča, cerkev;646228;96% (137. mesto);16;9;8;6;https://www.hribi.net/gora/gora_oljka/3/850
852;Dom pod Reško planino;Slovenija;Posavsko hribovje in Dolenjska;664;46,20627°N 15,06411°E;koča, cerkev;342462;77% (866. mesto);6;6;2;;https://www.hribi.net/gora/dom_pod_resko_planino/25/852
853;Reška planina;Slovenija;Posavsko hribovje in Dolenjska;925;46,2097°N 15,05989°E;vrh;354783;79% (821. mesto);4;6;1;;https://www.hribi.net/gora/reska_planina/25/853
854;Kamnik;Slovenija;Posavsko hribovje in Dolenjska;861;46,20564°N 15,129°E;vrh, bivak;413269;84% (616. mesto);5;4;1;1;https://www.hribi.net/gora/kamnik/25/854
855;Golava;Slovenija;Posavsko hribovje in Dolenjska;834;46,20685°N 15,10534°E;vrh, bivak;413100;84% (618. mesto);4;5;0;1;https://www.hribi.net/gora/golava/25/855
856;Gozdnik;Slovenija;Posavsko hribovje in Dolenjska;1090;46,19241°N 15,15299°E;vrh, bivak;482659;89% (404. mesto);9;9;5;2;https://www.hribi.net/gora/gozdnik/25/856
857;Kotečnik;Slovenija;Posavsko hribovje in Dolenjska;772;46,20143°N 15,18139°E;vrh;360685;79% (800. mesto);4;2;2;1;https://www.hribi.net/gora/kotecnik/25/857
858;Dom na Bukovici;Slovenija;Posavsko hribovje in Dolenjska;584;46,22084°N 15,16644°E;vrh, koča;365917;80% (776. mesto);5;4;0;;https://www.hribi.net/gora/dom_na_bukovici/25/858
859;Dragov dom na Homu;Slovenija;Posavsko hribovje in Dolenjska;607;46,21911°N 15,12562°E;vrh, koča, cerkev;395805;82% (678. mesto);5;6;0;4;https://www.hribi.net/gora/dragov_dom_na_homu/25/859
860;Dom na Šmohorju;Slovenija;Posavsko hribovje in Dolenjska;784;46,18179°N 15,18697°E;vrh, koča, cerkev;579410;94% (211. mesto);6;8;0;12;https://www.hribi.net/gora/dom_na_smohorju/25/860
861;Malič;Slovenija;Posavsko hribovje in Dolenjska;936;46,18315°N 15,20796°E;vrh;413919;84% (614. mesto);4;8;1;4;https://www.hribi.net/gora/malic/25/861
862;Sveti Miklavž nad Vipavo;Slovenija;Goriško, Notranjsko in Snežniško hribovje;438;45,81944°N 13,98216°E;cerkev;295834;73% (1037. mesto);6;2;0;1;https://www.hribi.net/gora/sveti_miklavz_nad_vipavo/26/862
863;Gradiška Tura;Slovenija;Goriško, Notranjsko in Snežniško hribovje;754;45,82929°N 13,97975°E;vrh;675408;97% (118. mesto);7;5;1;11;https://www.hribi.net/gora/gradiska_tura/26/863
864;Vodice;Slovenija;Goriško, Notranjsko in Snežniško hribovje;651;46,01438°N 13,63623°E;vrh;373369;81% (747. mesto);12;11;0;5;https://www.hribi.net/gora/vodice/26/864
865;Dom na Sabotinu;Slovenija;Goriško, Notranjsko in Snežniško hribovje;560;45,99102°N 13,63133°E;koča;449122;87% (507. mesto);1;2;1;6;https://www.hribi.net/gora/dom_na_sabotinu/26/865
867;Stjenkova koča na Trstelju;Slovenija;Goriško, Notranjsko in Snežniško hribovje;610;45,8571°N 13,70593°E;koča;402908;83% (657. mesto);3;8;1;17;https://www.hribi.net/gora/stjenkova_koca_na_trstelju/26/867
868;Trstelj;Slovenija;Goriško, Notranjsko in Snežniško hribovje;643;45,85784°N 13,70382°E;vrh;583371;95% (204. mesto);6;9;4;28;https://www.hribi.net/gora/trstelj/26/868
869;Zavetišče na Koradi;Slovenija;Goriško, Notranjsko in Snežniško hribovje;803;46,06565°N 13,55834°E;koča;334817;77% (886. mesto);1;2;0;4;https://www.hribi.net/gora/zavetisce_na_koradi/26/869
870;Korada;Slovenija;Goriško, Notranjsko in Snežniško hribovje;812;46,06493°N 13,56053°E;vrh, cerkev;539887;93% (272. mesto);2;3;3;11;https://www.hribi.net/gora/korada/26/870
871;Veliki Slomnik;Slovenija;Posavsko hribovje in Dolenjska;609;46,20334°N 15,21194°E;vrh;299154;73% (1023. mesto);1;6;1;5;https://www.hribi.net/gora/veliki_slomnik/25/871
872;Hom nad Celjem;Slovenija;Posavsko hribovje in Dolenjska;570;46,21956°N 15,22503°E;vrh;330870;77% (896. mesto);2;4;1;1;https://www.hribi.net/gora/hom_nad_celjem/25/872
873;Planinski dom na Brnici;Slovenija;Posavsko hribovje in Dolenjska;457;46,22069°N 15,1992°E;koča;364890;80% (784. mesto);2;4;0;2;https://www.hribi.net/gora/planinski_dom_na_brnici/25/873
874;Resevna;Slovenija;Posavsko hribovje in Dolenjska;650;46,19307°N 15,36802°E;vrh, koča;557074;94% (247. mesto);8;8;7;11;https://www.hribi.net/gora/resevna/25/874
875;Rifnik;Slovenija;Posavsko hribovje in Dolenjska;568;46,19831°N 15,4068°E;vrh;396548;82% (675. mesto);15;4;1;4;https://www.hribi.net/gora/rifnik/25/875
876;Pečovniška koča na Grmadi;Slovenija;Posavsko hribovje in Dolenjska;620;46,19764°N 15,27824°E;koča;368986;80% (762. mesto);4;6;1;3;https://www.hribi.net/gora/pecovniska_koca_na_grmadi/25/876
877;Grmada nad Celjem;Slovenija;Posavsko hribovje in Dolenjska;718;46,20143°N 15,27142°E;vrh;531044;92% (289. mesto);6;5;1;11;https://www.hribi.net/gora/grmada_nad_celjem/25/877
878;Celjska koča;Slovenija;Posavsko hribovje in Dolenjska;652;46,1949°N 15,27481°E;koča;659508;97% (128. mesto);5;13;1;7;https://www.hribi.net/gora/celjska_koca/25/878
879;Tolsti vrh nad Celjsko kočo;Slovenija;Posavsko hribovje in Dolenjska;834;46,1915°N 15,28182°E;vrh;454228;87% (484. mesto);3;14;0;6;https://www.hribi.net/gora/tolsti_vrh_nad_celjsko_koco/25/879
880;Almin dom na Svetini;Slovenija;Posavsko hribovje in Dolenjska;772;46,19026°N 15,30244°E;koča, cerkev;478070;89% (416. mesto);1;12;0;2;https://www.hribi.net/gora/almin_dom_na_svetini/25/880
881;Srebotnik;Slovenija;Posavsko hribovje in Dolenjska;700;46,20029°N 15,29585°E;vrh;439219;86% (539. mesto);3;8;2;7;https://www.hribi.net/gora/srebotnik/25/881
882;Stari grad na Grajskem hribu;Slovenija;Posavsko hribovje in Dolenjska;407;46,21981°N 15,27139°E;vrh;282806;72% (1081. mesto);4;3;0;4;https://www.hribi.net/gora/stari_grad_na_grajskem_hribu/25/882
883;Stolpnik;Slovenija;Karavanke;1012;46,33448°N 15,36826°E;vrh;521251;92% (307. mesto);13;18;9;14;https://www.hribi.net/gora/stolpnik/11/883
884;Skala;Slovenija;Karavanke;777;46,32526°N 15,41553°E;vrh;354666;79% (822. mesto);4;5;3;7;https://www.hribi.net/gora/skala/11/884
885;Grad Konjice;Slovenija;Karavanke;515;46,33585°N 15,40977°E;vrh;235647;67% (1256. mesto);7;2;0;9;https://www.hribi.net/gora/grad_konjice/11/885
886;Planinski dom Šentjungert;Slovenija;Kamniško Savinjske Alpe;565;46,29863°N 15,21759°E;vrh, koča, cerkev;406425;83% (639. mesto);7;2;0;2;https://www.hribi.net/gora/planinski_dom_sentjungert/3/886
887;Skalica (Bohor);Slovenija;Posavsko hribovje in Dolenjska;951;46,06843°N 15,40363°E;vrh;264495;70% (1146. mesto);8;7;0;2;https://www.hribi.net/gora/skalica_bohor/25/887
888;Veliki Javornik (Bohor);Slovenija;Posavsko hribovje in Dolenjska;1023;46,06775°N 15,42841°E;vrh;544092;93% (267. mesto);7;12;1;5;https://www.hribi.net/gora/veliki_javornik_bohor/25/888
889;Koprivnik (Bohor);Slovenija;Posavsko hribovje in Dolenjska;984;46,07068°N 15,44859°E;vrh;294726;73% (1042. mesto);2;9;0;2;https://www.hribi.net/gora/koprivnik_bohor/25/889
890;Koča na Bohorju;Slovenija;Posavsko hribovje in Dolenjska;896;46,06534°N 15,45287°E;koča;475384;89% (424. mesto);4;10;5;4;https://www.hribi.net/gora/koca_na_bohorju/25/890
891;Ankaran;Slovenija;Goriško, Notranjsko in Snežniško hribovje;18;45,5793°N 13,73722°E;Vremenska napoved:;426319;85% (575. mesto);5;3;0;6;https://www.hribi.net/gora/ankaran/26/891
892;Framski slap;Slovenija;Pohorje, Dravinjske gorice in Haloze;925;46,49816°N 15,55292°E;slap;344642;78% (856. mesto);3;3;0;;https://www.hribi.net/gora/framski_slap/4/892
893;Mariborski razglednik (Cigelnica);Slovenija;Pohorje, Dravinjske gorice in Haloze;1147;46,51178°N 15,56503°E;vrh;365898;80% (777. mesto);4;7;0;2;https://www.hribi.net/gora/mariborski_razglednik_cigelnica/4/893
894;Žigartov vrh;Slovenija;Pohorje, Dravinjske gorice in Haloze;1346;46,49446°N 15,48712°E;vrh;389812;82% (699. mesto);4;17;0;3;https://www.hribi.net/gora/zigartov_vrh/4/894
895;Korošaški slapovi;Slovenija;Kamniško Savinjske Alpe;800;46,2851°N 14,56286°E;slap;415242;84% (609. mesto);5;1;0;1;https://www.hribi.net/gora/korosaski_slapovi/3/895
897;Sedlata gorica (Pogorelec);Slovenija;Posavsko hribovje in Dolenjska;817;45,73667°N 15,02288°E;vrh;262381;70% (1156. mesto);4;1;0;10;https://www.hribi.net/gora/sedlata_gorica_pogorelec/25/897
898;Sveti Peter;Slovenija;Posavsko hribovje in Dolenjska;888;45,76675°N 14,97917°E;vrh;446196;87% (517. mesto);10;3;3;2;https://www.hribi.net/gora/sveti_peter/25/898
899;Gače;Slovenija;Posavsko hribovje in Dolenjska;955;45,65485°N 15,0875°E;vrh;388916;82% (703. mesto);10;1;2;3;https://www.hribi.net/gora/gace/25/899
900;Črni vrh nad Novaki;Slovenija;Škofjeloško, Cerkljansko hribovje in Jelovica;1291;46,16422°N 14,06568°E;vrh, jezero;356098;79% (816. mesto);6;2;0;;https://www.hribi.net/gora/crni_vrh_nad_novaki/21/900
901;Veliki Rog;Slovenija;Posavsko hribovje in Dolenjska;1099;45,68521°N 14,99528°E;vrh;368568;80% (766. mesto);3;2;0;2;https://www.hribi.net/gora/veliki_rog/25/901
903;Izvir Nežice;Slovenija;Goriško, Notranjsko in Snežniško hribovje;390;45,49007°N 14,88372°E;slap;233701;67% (1262. mesto);5;1;0;;https://www.hribi.net/gora/izvir_nezice/26/903
904;Veliki Drgomalj;Hrvaška;Gorski Kotar in Istra;1154;45,43795°N 14,79056°E;vrh;84822;52% (1832. mesto);2;1;0;;https://www.hribi.net/gora/veliki_drgomalj/33/904
905;Japlenški vrh;Hrvaška;Gorski Kotar in Istra;842;45,39767°N 14,79058°E;Vremenska napoved:;75610;51% (1869. mesto);1;1;0;;https://www.hribi.net/gora/japlenski_vrh/33/905
906;Veliki Rogatec (Veliki Rogac);Slovenija;Kamniško Savinjske Alpe;1557;46,31974°N 14,74118°E;vrh;562644;94% (239. mesto);20;8;0;6;https://www.hribi.net/gora/veliki_rogatec_veliki_rogac/3/906
907;Veliki Planik;Hrvaška;Gorski Kotar in Istra;1272;45,36163°N 14,19076°E;vrh;155152;59% (1562. mesto);2;1;0;;https://www.hribi.net/gora/veliki_planik/33/907
908;Mali Planik;Hrvaška;Gorski Kotar in Istra;1265;45,35864°N 14,1956°E;vrh;80494;52% (1849. mesto);2;1;0;;https://www.hribi.net/gora/mali_planik/33/908
909;Planinski dom na Poklonu;Hrvaška;Gorski Kotar in Istra;922;45,30859°N 14,21556°E;koča;194269;63% (1412. mesto);3;1;0;1;https://www.hribi.net/gora/planinski_dom_na_poklonu/33/909
910;Vojak;Hrvaška;Gorski Kotar in Istra;1401;45,28496°N 14,20199°E;vrh;482093;89% (405. mesto);6;2;3;1;https://www.hribi.net/gora/vojak/33/910
912;Kršičevec;Slovenija;Goriško, Notranjsko in Snežniško hribovje;1091;45,66523°N 14,33318°E;vrh;379888;81% (725. mesto);14;3;1;2;https://www.hribi.net/gora/krsicevec/26/912
913;Planinsko zavetišče na Bjelolasici;Hrvaška;Gorski Kotar in Istra;1460;45,26894°N 14,96583°E;bivak;88716;53% (1819. mesto);2;1;0;;https://www.hribi.net/gora/planinsko_zavetisce_na_bjelolasici/33/913
914;Bjelolasica;Hrvaška;Gorski Kotar in Istra;1534;45,27359°N 14,96117°E;vrh;309420;74% (984. mesto);2;2;0;;https://www.hribi.net/gora/bjelolasica/33/914
915;Slap Mali Šumik;Slovenija;Pohorje, Dravinjske gorice in Haloze;890;46,4862°N 15,45335°E;slap;224039;66% (1295. mesto);4;4;1;;https://www.hribi.net/gora/slap_mali_sumik/4/915
916;Slap Veliki Šumik;Slovenija;Pohorje, Dravinjske gorice in Haloze;950;46,48341°N 15,45342°E;slap;461414;88% (462. mesto);2;6;1;3;https://www.hribi.net/gora/slap_veliki_sumik/4/916
917;Sveti Trije kralji;Slovenija;Pohorje, Dravinjske gorice in Haloze;1181;46,43769°N 15,45884°E;koča, cerkev;511017;91% (326. mesto);11;13;3;8;https://www.hribi.net/gora/sveti_trije_kralji/4/917
918;Črno jezero na Pohorju;Slovenija;Pohorje, Dravinjske gorice in Haloze;1196;46,44994°N 15,43096°E;jezero;549244;93% (261. mesto);5;7;0;12;https://www.hribi.net/gora/crno_jezero_na_pohorju/4/918
919;Planinski dom na Platku;Hrvaška;Gorski Kotar in Istra;1111;45,42926°N 14,56512°E;koča;113571;55% (1721. mesto);2;0;0;;https://www.hribi.net/gora/planinski_dom_na_platku/33/919
920;Planinski dom Sušak;Hrvaška;Gorski Kotar in Istra;1127;45,42369°N 14,56727°E;koča;96069;53% (1786. mesto);2;0;0;;https://www.hribi.net/gora/planinski_dom_susak/33/920
921;Veliki Risnjak;Hrvaška;Gorski Kotar in Istra;1528;45,43154°N 14,62128°E;vrh;404826;83% (647. mesto);3;3;0;1;https://www.hribi.net/gora/veliki_risnjak/33/921
922;Planinski dom na Risnjaku;Hrvaška;Gorski Kotar in Istra;1418;45,4293°N 14,622°E;koča;167247;60% (1519. mesto);2;1;0;1;https://www.hribi.net/gora/planinski_dom_na_risnjaku/33/922
923;Snježnik;Hrvaška;Gorski Kotar in Istra;1506;45,44057°N 14,58408°E;vrh, koča;282679;72% (1082. mesto);2;2;2;2;https://www.hribi.net/gora/snjeznik/33/923
925;Vidikovac;Hrvaška;Gorski Kotar in Istra;1408;45,42302°N 14,61539°E;vrh;128614;57% (1662. mesto);1;1;0;;https://www.hribi.net/gora/vidikovac/33/925
930;Šentanski vrh;Slovenija;Kamniško Savinjske Alpe;1635;46,38222°N 14,25407°E;vrh;452685;87% (489. mesto);6;14;0;20;https://www.hribi.net/gora/sentanski_vrh/3/930
931;Sveti Jurij nad Tržičem;Slovenija;Kamniško Savinjske Alpe;673;46,35947°N 14,28842°E;vrh, cerkev;160034;60% (1545. mesto);4;3;0;3;https://www.hribi.net/gora/sveti_jurij_nad_trzicem/3/931
932;Sveti Urban (nad Kozjim Vrhom);Avstrija, Slovenija;Strojna, Košenjak, Kozjak in Slovenske gorice;1329;46,64963°N 15,07349°E;cerkev;304396;74% (1002. mesto);8;5;0;;https://www.hribi.net/gora/sveti_urban_nad_kozjim_vrhom/162/932
933;Kobesnock;Avstrija;Ziljske Alpe;1820;46,64884°N 13,60075°E;vrh;187659;62% (1438. mesto);5;1;0;;https://www.hribi.net/gora/kobesnock/31/933
934;Wertschacher Alm;Avstrija;Ziljske Alpe;1672;46,64449°N 13,59189°E;planina, sedlo;131472;57% (1647. mesto);2;1;0;;https://www.hribi.net/gora/wertschacher_alm/31/934
935;Čegla gora/Tschekelnock;Avstrija;Ziljske Alpe;1893;46,65197°N 13,53707°E;vrh;186307;62% (1442. mesto);2;1;0;;https://www.hribi.net/gora/cegla_gora_tschekelnock/31/935
936;Kal (nad Komno);Slovenija;Julijske Alpe;2001;46,31074°N 13,74403°E;vrh;406275;83% (640. mesto);6;1;0;;https://www.hribi.net/gora/kal_nad_komno/1/936
937;Koralpenhaus (Golica/Koralpe);Avstrija;Labotniške Alpe;1966;46,79115°N 14,95636°E;koča, planina;128685;57% (1661. mesto);7;1;0;;https://www.hribi.net/gora/koralpenhaus_golica_koralpe/28/937
938;Großer Speikkogel (Golica / Koralpe);Avstrija;Labotniške Alpe;2140;46,78698°N 14,97189°E;vrh;448590;87% (509. mesto);17;17;0;1;https://www.hribi.net/gora/grosser_speikkogel_golica___koralpe/28/938
939;Seespitz (Golica/Koralpe);Avstrija;Labotniške Alpe;2066;46,78896°N 14,97875°E;vrh;169844;61% (1506. mesto);9;8;0;;https://www.hribi.net/gora/seespitz_golica_koralpe/28/939
940;Großhöllerhütte (Golica/Koralpe);Avstrija;Labotniške Alpe;1790;46,8107°N 14,96705°E;koča;119658;56% (1696. mesto);3;3;0;;https://www.hribi.net/gora/grosshollerhutte_golica_koralpe/28/940
941;Slap Poms (Golica/Koralpe);Avstrija;Labotniške Alpe;1671;46,80694°N 14,9685°E;slap;106265;54% (1747. mesto);2;1;0;;https://www.hribi.net/gora/slap_poms_golica_koralpe/28/941
942;Wolfsberger Hütte;Avstrija;Labotniške Alpe;1827;46,83411°N 14,65881°E;koča;109862;55% (1733. mesto);5;3;0;;https://www.hribi.net/gora/wolfsberger_hutte/28/942
943;Speikkogel (planina Svinja / Saualpe);Avstrija;Labotniške Alpe;1901;46,8256°N 14,65168°E;vrh;100899;54% (1769. mesto);1;3;0;;https://www.hribi.net/gora/speikkogel_planina_svinja___saualpe/28/943
944;Großer Sauofen;Avstrija;Labotniške Alpe;1895;46,82407°N 14,64931°E;vrh;108865;55% (1737. mesto);2;3;0;;https://www.hribi.net/gora/grosser_sauofen/28/944
945;Velika Svinja / Ladinger Spitz;Avstrija;Labotniške Alpe;2079;46,85375°N 14,65109°E;vrh;210978;65% (1355. mesto);12;6;0;;https://www.hribi.net/gora/velika_svinja___ladinger_spitz/28/945
946;Ladinger Hütte;Avstrija;Labotniške Alpe;1738;46,86115°N 14,67014°E;koča, planina;90560;53% (1808. mesto);1;1;0;;https://www.hribi.net/gora/ladinger_hutte/28/946
947;Gostišče Zeleni Rob;Slovenija;Kamniško Savinjske Alpe;1612;46,30038°N 14,64016°E;koča, planina;493500;90% (370. mesto);2;1;0;9;https://www.hribi.net/gora/gostisce_zeleni_rob/3/947
952;Goldeck;Avstrija;Ziljske Alpe;2142;46,75896°N 13,45883°E;vrh, koča;290452;73% (1053. mesto);5;1;0;;https://www.hribi.net/gora/goldeck/31/952
953;Latschur;Avstrija;Ziljske Alpe;2236;46,73829°N 13,39675°E;vrh;247873;68% (1208. mesto);6;1;0;;https://www.hribi.net/gora/latschur/31/953
954;Almspitz;Avstrija;Ziljske Alpe;2180;46,73382°N 13,4009°E;vrh;151474;59% (1574. mesto);4;1;0;;https://www.hribi.net/gora/almspitz/31/954
955;Techendorfer Alm;Avstrija;Ziljske Alpe;1573;46,72295°N 13,40414°E;koča, planina;138931;58% (1624. mesto);4;1;0;;https://www.hribi.net/gora/techendorfer_alm/31/955
958;Eckwand;Avstrija;Ziljske Alpe;2221;46,73486°N 13,41422°E;vrh;168883;61% (1511. mesto);7;2;0;;https://www.hribi.net/gora/eckwand/31/958
959;Kopasnock;Avstrija;Ziljske Alpe;2087;46,72933°N 13,42267°E;vrh;146947;58% (1594. mesto);4;1;0;;https://www.hribi.net/gora/kopasnock/31/959
960;Hochstaff;Avstrija;Ziljske Alpe;2217;46,73605°N 13,43913°E;vrh;150586;59% (1580. mesto);5;1;0;;https://www.hribi.net/gora/hochstaff/31/960
961;Karalm Hütte;Avstrija;Ziljske Alpe;1550;46,71527°N 13,4451°E;koča, planina;139494;58% (1621. mesto);3;1;0;;https://www.hribi.net/gora/karalm_hutte/31/961
966;Sveto brdo;Hrvaška;Velebit;1751;44,32861°N 15,56972°E;vrh;312443;75% (971. mesto);1;2;0;;https://www.hribi.net/gora/sveto_brdo/30/966
967;Sveti Ilija (Biokovo);Hrvaška;Biokovo in Dalmacija;913;43,25912°N 17,10287°E;koča, planina, cerkev;156938;59% (1556. mesto);1;0;0;;https://www.hribi.net/gora/sveti_ilija_biokovo/64/967
968;Vošac;Hrvaška;Biokovo in Dalmacija;1422;43,31071°N 17,04634°E;vrh, koča;161217;60% (1539. mesto);2;4;0;;https://www.hribi.net/gora/vosac/64/968
969;Štrbina;Hrvaška;Biokovo in Dalmacija;1338;43,3091°N 17,04867°E;sedlo;102515;54% (1763. mesto);1;1;0;;https://www.hribi.net/gora/strbina/64/969
970;Sveti Jurij (Biokovo);Hrvaška;Biokovo in Dalmacija;1762;43,34157°N 17,05436°E;vrh, cerkev;390096;82% (697. mesto);3;2;1;;https://www.hribi.net/gora/sveti_jurij_biokovo/64/970
971;Planinska koča pod Svetim Jurijem;Hrvaška;Biokovo in Dalmacija;1594;43,33933°N 17,05366°E;koča;120732;56% (1690. mesto);2;0;0;;https://www.hribi.net/gora/planinska_koca_pod_svetim_jurijem/64/971
972;Križevac;Bosna in Hercegovina;Hercegovina;448;43,17536°N 17,66818°E;vrh;191847;63% (1425. mesto);3;1;0;;https://www.hribi.net/gora/krizevac/65/972
973;Dinara;Hrvaška;Dinara in Lika;1831;44,06252°N 16,38293°E;vrh;305213;74% (999. mesto);3;3;0;;https://www.hribi.net/gora/dinara/62/973
974;Planinska koča Brezovac;Hrvaška;Dinara in Lika;1050;44,09646°N 16,34746°E;koča;104127;54% (1756. mesto);2;1;0;;https://www.hribi.net/gora/planinska_koca_brezovac/62/974
976;Boskovec;Slovenija;Kamniško Savinjske Alpe;1587;46,38096°N 14,91099°E;vrh;470888;89% (438. mesto);6;10;1;3;https://www.hribi.net/gora/boskovec/3/976
977;Veliki Špiček;Slovenija;Posavsko hribovje in Dolenjska;686;46,02528°N 15,64934°E;vrh;323994;76% (923. mesto);8;5;1;3;https://www.hribi.net/gora/veliki_spicek/25/977
979;Oberdraßnitzer Alm;Avstrija;Visoke Ture;1670;46,79895°N 13,11181°E;planina;53342;49% (1957. mesto);3;1;0;;https://www.hribi.net/gora/oberdrassnitzer_alm/57/979
980;Hochkreuz;Avstrija;Visoke Ture;2709;46,81507°N 13,07385°E;vrh;104138;54% (1755. mesto);3;2;0;;https://www.hribi.net/gora/hochkreuz/57/980
981;Kl. Hochkreuz;Avstrija;Visoke Ture;2611;46,81137°N 13,07256°E;vrh;53079;49% (1958. mesto);1;1;0;;https://www.hribi.net/gora/kl_hochkreuz/57/981
982;Hochleitenk;Avstrija;Visoke Ture;2581;46,80983°N 13,07116°E;vrh;55776;49% (1948. mesto);2;1;0;;https://www.hribi.net/gora/hochleitenk/57/982
983;Eckensee;Avstrija;Visoke Ture;2481;46,80962°N 13,07429°E;jezero;52663;49% (1961. mesto);1;1;0;;https://www.hribi.net/gora/eckensee/57/983
984;Unterdraßnitzer Alm;Avstrija;Visoke Ture;1673;46,79237°N 13,07787°E;planina;54144;49% (1955. mesto);5;1;0;;https://www.hribi.net/gora/unterdrassnitzer_alm/57/984
985;Jaukenalm;Avstrija;Ziljske Alpe;1934;46,69532°N 13,07206°E;planina;131051;57% (1650. mesto);2;1;0;;https://www.hribi.net/gora/jaukenalm/31/985
986;Jaukenstöckl;Avstrija;Ziljske Alpe;2209;46,70116°N 13,05703°E;vrh;129417;57% (1656. mesto);3;1;0;;https://www.hribi.net/gora/jaukenstockl/31/986
987;Jaukenhöhe;Avstrija;Ziljske Alpe;2234;46,70132°N 13,06266°E;vrh;144562;58% (1601. mesto);1;1;0;;https://www.hribi.net/gora/jaukenhohe/31/987
988;Torkofel;Avstrija;Ziljske Alpe;2276;46,70155°N 13,07695°E;vrh;192176;63% (1423. mesto);1;1;0;;https://www.hribi.net/gora/torkofel/31/988
989;Reißkofel;Avstrija;Ziljske Alpe;2371;46,68577°N 13,14654°E;vrh;309755;74% (980. mesto);8;4;0;;https://www.hribi.net/gora/reisskofel/31/989
992;Gregorihütte;Avstrija;Ziljske Alpe;1492;46,6724°N 13,15509°E;koča, planina;133533;57% (1643. mesto);2;1;0;;https://www.hribi.net/gora/gregorihutte/31/992
993;Reißkofel Biwak;Avstrija;Ziljske Alpe;1799;46,68335°N 13,12551°E;bivak;141409;58% (1613. mesto);4;1;0;;https://www.hribi.net/gora/reisskofel_biwak/31/993
994;Kleiner Reißkofel;Avstrija;Ziljske Alpe;2161;46,68742°N 13,15821°E;vrh;135696;57% (1635. mesto);4;2;0;;https://www.hribi.net/gora/kleiner_reisskofel/31/994
995;Teme (pri Rjavini);Slovenija;Julijske Alpe;2136;46,38747°N 13,88754°E;vrh;288382;72% (1064. mesto);5;1;0;;https://www.hribi.net/gora/teme_pri_rjavini/1/995
996;Suhi vrh;Slovenija;Julijske Alpe;2109;46,42901°N 13,7281°E;vrh;392035;82% (691. mesto);3;1;1;;https://www.hribi.net/gora/suhi_vrh/1/996
999;Kornock;Avstrija;Krške Alpe;2193;46,91518°N 13,85561°E;vrh;128766;57% (1660. mesto);1;1;0;;https://www.hribi.net/gora/kornock/29/999
1000;Rinsennock;Avstrija;Krške Alpe;2334;46,90967°N 13,85013°E;vrh;223537;66% (1300. mesto);3;2;0;1;https://www.hribi.net/gora/rinsennock/29/1000
1001;Klomnock;Avstrija;Krške Alpe;2331;46,8813°N 13,78809°E;vrh;219203;66% (1319. mesto);4;2;0;5;https://www.hribi.net/gora/klomnock/29/1001
1002;Schoberriegel;Avstrija;Krške Alpe;2208;46,91065°N 13,89393°E;vrh;137939;58% (1626. mesto);6;1;0;2;https://www.hribi.net/gora/schoberriegel/29/1002
1003;Gruft;Avstrija;Krške Alpe;2232;46,90548°N 13,90213°E;vrh;131350;57% (1648. mesto);3;1;0;1;https://www.hribi.net/gora/gruft/29/1003
1004;Kaserhöhe;Avstrija;Krške Alpe;2318;46,91221°N 13,9174°E;vrh;136150;57% (1631. mesto);5;1;0;;https://www.hribi.net/gora/kaserhohe/29/1004
1006;Bretthöhe;Avstrija;Krške Alpe;2320;46,91242°N 13,93646°E;vrh;164096;60% (1527. mesto);6;1;0;;https://www.hribi.net/gora/bretthohe/29/1006
1007;Markljev Rovt;Slovenija;Karavanke;1250;46,47849°N 14,08355°E;planina;260576;70% (1163. mesto);3;1;0;;https://www.hribi.net/gora/markljev_rovt/11/1007
1008;Krvavka;Avstrija, Slovenija;Karavanke;1784;46,48921°N 14,06515°E;vrh;310605;75% (976. mesto);3;1;0;4;https://www.hribi.net/gora/krvavka/11/1008
1009;Jägersteighütte;Avstrija;Visoke Ture;1981;47,08778°N 13,32809°E;koča;96198;53% (1785. mesto);2;1;0;;https://www.hribi.net/gora/jagersteighutte/57/1009
1010;Pfringersee;Avstrija;Visoke Ture;2230;47,09194°N 13,32135°E;jezero;70403;51% (1887. mesto);2;1;0;;https://www.hribi.net/gora/pfringersee/57/1010
1011;Arlhöhe;Avstrija;Visoke Ture;2326;47,089°N 13,31321°E;vrh;80317;52% (1850. mesto);1;1;0;;https://www.hribi.net/gora/arlhohe/57/1011
1012;Konradhütte;Avstrija;Visoke Ture;1600;46,98645°N 13,23406°E;koča, jezero, planina;60933;50% (1926. mesto);3;1;0;;https://www.hribi.net/gora/konradhutte/57/1012
1013;Dösner Hütte;Avstrija;Visoke Ture;1976;46,98797°N 13,2487°E;koča, planina;68106;50% (1897. mesto);2;1;0;;https://www.hribi.net/gora/dosner_hutte/57/1013
1014;Arthur Von Schmid Haus;Avstrija;Visoke Ture;2275;46,98906°N 13,26702°E;koča, jezero;109403;55% (1736. mesto);5;1;0;;https://www.hribi.net/gora/arthur_von_schmid_haus/57/1014
1015;Säuleck;Avstrija;Visoke Ture;3086;46,99692°N 13,28755°E;vrh;461670;88% (461. mesto);12;3;0;;https://www.hribi.net/gora/sauleck/57/1015
1016;Ankogel;Avstrija;Visoke Ture;3252;47,05072°N 13,24847°E;vrh;505315;91% (350. mesto);9;2;1;1;https://www.hribi.net/gora/ankogel/57/1016
1017;Kleine Ankogel;Avstrija;Visoke Ture;3096;47,0477°N 13,24641°E;vrh;147708;58% (1590. mesto);3;1;0;1;https://www.hribi.net/gora/kleine_ankogel/57/1017
1018;Hochalmblick;Avstrija;Visoke Ture;1940;47,02822°N 13,19508°E;koča, planina;65312;50% (1907. mesto);3;1;0;;https://www.hribi.net/gora/hochalmblick/57/1018
1019;Hannoverhaus;Avstrija;Visoke Ture;2720;47,04402°N 13,21482°E;koča, cerkev;105273;54% (1752. mesto);6;1;0;;https://www.hribi.net/gora/hannoverhaus/57/1019
1021;Großer Hafner;Avstrija;Visoke Ture;3076;47,07005°N 13,40076°E;vrh;426707;85% (574. mesto);4;1;0;;https://www.hribi.net/gora/grosser_hafner/57/1021
1022;Kattowitzer Hütte;Avstrija;Visoke Ture;2321;47,05835°N 13,39118°E;koča, planina;170290;61% (1504. mesto);3;1;0;;https://www.hribi.net/gora/kattowitzer_hutte/57/1022
1023;Landawirsee Hütte;Avstrija;Nizke Ture;1985;47,27099°N 13,72607°E;koča, jezero, planina;71977;51% (1882. mesto);2;1;0;;https://www.hribi.net/gora/landawirsee_hutte/58/1023
1024;Unterer Landawirsee;Avstrija;Nizke Ture;2000;47,26846°N 13,72407°E;jezero, planina;49707;48% (1976. mesto);2;1;0;;https://www.hribi.net/gora/unterer_landawirsee/58/1024
1025;Oberer Landawirsee;Avstrija;Nizke Ture;2047;47,26586°N 13,71965°E;jezero;52512;49% (1962. mesto);3;1;0;;https://www.hribi.net/gora/oberer_landawirsee/58/1025
1026;Scharnock;Avstrija;Nizke Ture;2498;47,25829°N 13,71324°E;vrh;54962;49% (1952. mesto);1;1;0;;https://www.hribi.net/gora/scharnock/58/1026
1027;Hochgolling;Avstrija;Nizke Ture;2863;47,26631°N 13,76064°E;vrh;166749;60% (1520. mesto);2;1;0;;https://www.hribi.net/gora/hochgolling/58/1027
1028;Rudolf Schober Hütte;Avstrija;Nizke Ture;1667;47,25185°N 13,97389°E;koča;55452;49% (1949. mesto);1;1;0;;https://www.hribi.net/gora/rudolf_schober_hutte/58/1028
1029;Unterer Wildenkarsee;Avstrija;Nizke Ture;1891;47,25954°N 13,96946°E;jezero;54714;49% (1953. mesto);6;1;0;;https://www.hribi.net/gora/unterer_wildenkarsee/58/1029
1030;Oberer Wildenkarsee;Avstrija;Nizke Ture;2053;47,26304°N 13,96276°E;jezero;56252;49% (1946. mesto);3;1;0;;https://www.hribi.net/gora/oberer_wildenkarsee/58/1030
1031;Bauleiteck;Avstrija;Nizke Ture;2424;47,271°N 13,96917°E;vrh;63615;50% (1915. mesto);3;1;0;;https://www.hribi.net/gora/bauleiteck/58/1031
1032;Preber;Avstrija;Nizke Ture;2740;47,21996°N 13,86468°E;vrh;201012;64% (1390. mesto);7;2;0;1;https://www.hribi.net/gora/preber/58/1032
1033;Roteck;Avstrija;Nizke Ture;2742;47,23008°N 13,84998°E;vrh;89461;53% (1815. mesto);5;1;0;;https://www.hribi.net/gora/roteck/58/1033
1034;Preberhalterhütte;Avstrija;Nizke Ture;1862;47,1992°N 13,8626°E;koča, planina;61249;50% (1925. mesto);5;1;0;;https://www.hribi.net/gora/preberhalterhutte/58/1034
1035;Krofička;Slovenija;Kamniško Savinjske Alpe;2083;46,37456°N 14,64503°E;vrh;685648;97% (112. mesto);7;5;2;2;https://www.hribi.net/gora/kroficka/3/1035
1036;Rifugio Gilberti;Italija;Julijske Alpe;1850;46,37194°N 13,46127°E;koča;364615;79% (786. mesto);2;2;1;;https://www.hribi.net/gora/rifugio_gilberti/1/1036
1037;Bivak Marussich;Italija;Julijske Alpe;2041;46,37206°N 13,42438°E;bivak, sedlo;273723;71% (1114. mesto);14;5;0;;https://www.hribi.net/gora/bivak_marussich/1/1037
1038;Žrd / Sart;Italija;Julijske Alpe;2324;46,38215°N 13,39984°E;vrh;402919;83% (656. mesto);13;5;0;;https://www.hribi.net/gora/zrd___sart/1/1038
1039;Vrh Grubje;Italija;Julijske Alpe;2240;46,37203°N 13,41694°E;vrh;242634;68% (1232. mesto);2;1;0;;https://www.hribi.net/gora/vrh_grubje/1/1039
1040;Planina Zgornja Gorjuda;Italija;Julijske Alpe;1404;46,38629°N 13,43932°E;bivak, planina;196621;63% (1405. mesto);2;1;0;;https://www.hribi.net/gora/planina_zgornja_gorjuda/1/1040
1041;Viš/Jof Fuart;Italija;Julijske Alpe;2666;46,42996°N 13,49155°E;vrh;660754;97% (127. mesto);14;5;0;2;https://www.hribi.net/gora/vis_jof_fuart/1/1041
1042;Rifugio Corsi;Italija;Julijske Alpe;1874;46,42212°N 13,50003°E;koča;393181;82% (689. mesto);4;4;2;1;https://www.hribi.net/gora/rifugio_corsi/1/1042
1043;Bivak Gorizia;Italija;Julijske Alpe;1950;46,42571°N 13,51796°E;bivak;298467;73% (1026. mesto);4;1;0;3;https://www.hribi.net/gora/bivak_gorizia/1/1043
1045;Glave;Slovenija;Julijske Alpe;1760;46,46647°N 13,70185°E;vrh;245486;68% (1220. mesto);3;2;0;1;https://www.hribi.net/gora/glave/1/1045
1046;Mala Ponca;Italija, Slovenija;Julijske Alpe;1925;46,46818°N 13,6932°E;vrh;507387;91% (338. mesto);4;4;1;1;https://www.hribi.net/gora/mala_ponca/1/1046
1047;Zavetišče pod Ponco;Italija;Julijske Alpe;1657;46,46638°N 13,6855°E;bivak;323635;76% (925. mesto);1;1;0;;https://www.hribi.net/gora/zavetisce_pod_ponco/1/1047
1048;Rifugio Zacchi;Italija;Julijske Alpe;1380;46,45921°N 13,6843°E;koča;403720;83% (654. mesto);3;1;2;;https://www.hribi.net/gora/rifugio_zacchi/1/1048
1049;Izvir Boke;Slovenija;Julijske Alpe;850;46,32263°N 13,48141°E;Vremenska napoved:;273811;71% (1112. mesto);9;1;0;;https://www.hribi.net/gora/izvir_boke/1/1049
1050;Srednja Ponca;Italija, Slovenija;Julijske Alpe;2228;46,45676°N 13,69881°E;vrh;440698;86% (533. mesto);5;2;1;;https://www.hribi.net/gora/srednja_ponca/1/1050
1051;Zadnja Ponca;Italija, Slovenija;Julijske Alpe;2242;46,45048°N 13,69495°E;vrh;344893;78% (854. mesto);4;2;1;;https://www.hribi.net/gora/zadnja_ponca/1/1051
1052;Pihavec;Slovenija;Julijske Alpe;2419;46,39254°N 13,80664°E;vrh;538438;93% (273. mesto);7;4;3;1;https://www.hribi.net/gora/pihavec/1/1052
1053;Špik Hude police / Cima di Terrarossa;Italija;Julijske Alpe;2431;46,4266°N 13,45217°E;vrh;715573;98% (95. mesto);2;2;0;5;https://www.hribi.net/gora/spik_hude_police___cima_di_terrarossa/1/1053
1054;Mali Šmohor;Slovenija;Julijske Alpe;1939;46,27923°N 13,68712°E;vrh;334139;77% (888. mesto);4;2;0;;https://www.hribi.net/gora/mali_smohor/1/1054
1055;Veliki Šmohor;Slovenija;Julijske Alpe;1944;46,27427°N 13,68549°E;vrh;404629;83% (648. mesto);2;2;0;;https://www.hribi.net/gora/veliki_smohor/1/1055
1056;Bivak Nogara;Italija;Julijske Alpe;1850;46,44718°N 13,65418°E;bivak;321927;76% (932. mesto);4;1;0;;https://www.hribi.net/gora/bivak_nogara/1/1056
1057;Travnik;Slovenija;Julijske Alpe;2252;46,33751°N 13,74382°E;vrh;419457;84% (600. mesto);7;1;2;;https://www.hribi.net/gora/travnik/1/1057
1058;Plaski Vogel;Slovenija;Julijske Alpe;2348;46,33771°N 13,75064°E;vrh;403568;83% (655. mesto);4;1;1;;https://www.hribi.net/gora/plaski_vogel/1/1058
1059;Planina Za skalo;Slovenija;Julijske Alpe;1510;46,31904°N 13,71744°E;planina;362920;79% (792. mesto);8;1;0;;https://www.hribi.net/gora/planina_za_skalo/1/1059
1060;Rušnata Mlinarica;Slovenija;Julijske Alpe;1777;46,41265°N 13,87945°E;vrh;280678;72% (1091. mesto);6;2;1;1;https://www.hribi.net/gora/rusnata_mlinarica/1/1060
1061;Hajnževo sedlo;Avstrija, Slovenija;Karavanke;1701;46,4336°N 14,3056°E;sedlo;425463;85% (577. mesto);4;4;0;1;https://www.hribi.net/gora/hajnzevo_sedlo/11/1061
1062;Šplevta;Slovenija;Julijske Alpe;2272;46,43571°N 13,84014°E;Vremenska napoved:;440401;86% (534. mesto);3;2;0;;https://www.hribi.net/gora/splevta/1/1062
1063;Dom na Gospincu (Hotel Rozka);Slovenija;Kamniško Savinjske Alpe;1491;46,29583°N 14,52243°E;koča, planina;447763;87% (513. mesto);3;8;0;4;https://www.hribi.net/gora/dom_na_gospincu_hotel_rozka/3/1063
1064;Bivak v Kočni;Slovenija;Kamniško Savinjske Alpe;1952;46,3508°N 14,52441°E;bivak;354146;78% (825. mesto);3;1;0;;https://www.hribi.net/gora/bivak_v_kocni/3/1064
1065;Dom na Travni Gori;Slovenija;Goriško, Notranjsko in Snežniško hribovje;906;45,7355°N 14,64488°E;koča;299062;73% (1024. mesto);5;2;0;;https://www.hribi.net/gora/dom_na_travni_gori/26/1065
1066;Koča na Kamnem griču;Slovenija;Goriško, Notranjsko in Snežniško hribovje;1016;45,72936°N 14,61693°E;vrh, koča;304348;74% (1003. mesto);8;7;0;1;https://www.hribi.net/gora/koca_na_kamnem_gricu/26/1066
1067;Cjajnik / Lärchenturm;Avstrija;Karavanke;1965;46,44328°N 14,38808°E;vrh;507591;91% (337. mesto);7;3;0;;https://www.hribi.net/gora/cjajnik___larchenturm/11/1067
1068;Krvavec;Slovenija;Kamniško Savinjske Alpe;1853;46,29964°N 14,53663°E;vrh;662450;97% (125. mesto);9;4;2;9;https://www.hribi.net/gora/krvavec/3/1068
1069;Knezova planina;Slovenija;Kamniško Savinjske Alpe;1520;46,39187°N 14,66106°E;planina;257640;69% (1173. mesto);3;1;0;;https://www.hribi.net/gora/knezova_planina/3/1069
1070;Icmanikova planina;Slovenija;Kamniško Savinjske Alpe;1520;46,4003°N 14,65285°E;planina, sedlo;282570;72% (1084. mesto);7;3;0;;https://www.hribi.net/gora/icmanikova_planina/3/1070
1071;Logarska peč;Slovenija;Kamniško Savinjske Alpe;1536;46,40049°N 14,65121°E;vrh;302534;74% (1015. mesto);2;3;0;;https://www.hribi.net/gora/logarska_pec/3/1071
1073;Slap Palenk;Slovenija;Kamniško Savinjske Alpe;730;46,39805°N 14,63277°E;slap;287784;72% (1065. mesto);1;1;0;;https://www.hribi.net/gora/slap_palenk/3/1073
1074;Planinski dom na Kureščku;Slovenija;Goriško, Notranjsko in Snežniško hribovje;760;45,88798°N 14,56019°E;koča;297222;73% (1030. mesto);7;3;0;4;https://www.hribi.net/gora/planinski_dom_na_kurescku/26/1074
1075;Lagazuoi Piccolo;Italija;Dolomiti;2778;46,52971°N 12,00323°E;vrh;293697;73% (1046. mesto);11;3;0;1;https://www.hribi.net/gora/lagazuoi_piccolo/39/1075
1076;Rifugio Lavaredo;Italija;Dolomiti;2344;46,61843°N 12,31165°E;koča;203021;64% (1385. mesto);3;1;0;;https://www.hribi.net/gora/rifugio_lavaredo/39/1076
1077;Rifugio Locatelli;Italija;Dolomiti;2405;46,63689°N 12,31111°E;koča;253999;69% (1186. mesto);8;3;0;;https://www.hribi.net/gora/rifugio_locatelli/39/1077
1078;Laghi dei Piani;Italija;Dolomiti;2335;46,638°N 12,3146°E;jezero;142160;58% (1611. mesto);7;1;0;;https://www.hribi.net/gora/laghi_dei_piani/39/1078
1079;Monte Paterno;Italija;Dolomiti;2744;46,63031°N 12,31517°E;vrh;450997;87% (496. mesto);12;4;0;1;https://www.hribi.net/gora/monte_paterno/39/1079
1080;Rifugio Lagazuoi;Italija;Dolomiti;2750;46,52777°N 12,00814°E;koča;142405;58% (1609. mesto);5;3;0;;https://www.hribi.net/gora/rifugio_lagazuoi/39/1080
1081;Bivak della Chiesa;Italija;Dolomiti;2652;46,53626°N 12,01782°E;bivak, sedlo;78919;52% (1854. mesto);5;2;0;;https://www.hribi.net/gora/bivak_della_chiesa/39/1081
1082;Col dei Bos;Italija;Dolomiti;2559;46,52911°N 12,02979°E;vrh;85628;52% (1828. mesto);10;3;0;;https://www.hribi.net/gora/col_dei_bos/39/1082
1083;Monte Verdal;Italija;Dolomiti;2491;46,46544°N 12,05076°E;vrh;56852;49% (1944. mesto);9;1;0;;https://www.hribi.net/gora/monte_verdal/39/1083
1084;Cima Falzarego;Italija;Dolomiti;2563;46,5297°N 12,022°E;vrh;101718;54% (1768. mesto);5;2;0;1;https://www.hribi.net/gora/cima_falzarego/39/1084
1085;Rifugio Pian di Cengia;Italija;Dolomiti;2528;46,63156°N 12,34153°E;koča;103679;54% (1760. mesto);3;2;0;;https://www.hribi.net/gora/rifugio_pian_di_cengia/39/1085
1087;Croda Fiscalina di Mezzo / Oberbachernspitze;Italija;Dolomiti;2675;46,63794°N 12,34569°E;vrh;117138;55% (1706. mesto);3;2;0;;https://www.hribi.net/gora/croda_fiscalina_di_mezzo___oberbachernspitze/39/1087
1088;Tofana di Rozes;Italija;Dolomiti;3225;46,53725°N 12,05093°E;vrh;428879;85% (565. mesto);34;2;0;2;https://www.hribi.net/gora/tofana_di_rozes/39/1088
1089;Tre Dita;Italija;Dolomiti;2694;46,54458°N 12,04696°E;vrh;134100;57% (1641. mesto);6;2;0;;https://www.hribi.net/gora/tre_dita/39/1089
1090;Rifugio Giussani;Italija;Dolomiti;2580;46,54437°N 12,06053°E;koča;107165;55% (1743. mesto);10;1;0;;https://www.hribi.net/gora/rifugio_giussani/39/1090
1091;Debenji vrh;Slovenija;Posavsko hribovje in Dolenjska;530;46,05105°N 14,62963°E;vrh;487544;90% (391. mesto);11;7;1;10;https://www.hribi.net/gora/debenji_vrh/25/1091
1093;Rifugio Nuvolau;Italija;Dolomiti;2575;46,49509°N 12,04599°E;vrh, koča;191365;63% (1427. mesto);9;6;0;2;https://www.hribi.net/gora/rifugio_nuvolau/39/1093
1094;Rifugio Averau;Italija;Dolomiti;2413;46,49951°N 12,04108°E;koča, sedlo;134515;57% (1638. mesto);9;6;0;;https://www.hribi.net/gora/rifugio_averau/39/1094
1095;Averau;Italija;Dolomiti;2649;46,50056°N 12,03689°E;vrh;256768;69% (1178. mesto);14;6;0;;https://www.hribi.net/gora/averau/39/1095
1096;Kurji vrh;Slovenija;Julijske Alpe;1762;46,46596°N 13,80579°E;vrh;449221;87% (505. mesto);3;2;2;1;https://www.hribi.net/gora/kurji_vrh/1/1096
1097;Bivak Za Akom;Slovenija;Julijske Alpe;1340;46,45911°N 13,83697°E;bivak;413156;84% (617. mesto);3;1;0;1;https://www.hribi.net/gora/bivak_za_akom/1/1097
1098;Mala Rodica;Slovenija;Julijske Alpe;1901;46,23085°N 13,86239°E;vrh;251040;69% (1200. mesto);5;2;0;3;https://www.hribi.net/gora/mala_rodica/1/1098
1099;Raskovec;Slovenija;Julijske Alpe;1967;46,22906°N 13,88543°E;vrh;364010;79% (790. mesto);6;6;0;1;https://www.hribi.net/gora/raskovec/1/1099
1100;Planina Poljana;Slovenija;Julijske Alpe;1466;46,23684°N 13,89276°E;planina;225920;66% (1289. mesto);15;4;0;;https://www.hribi.net/gora/planina_poljana/1/1100
1101;Planina Osredki;Slovenija;Julijske Alpe;1400;46,2379°N 13,92248°E;bivak, planina;266120;70% (1142. mesto);4;2;0;;https://www.hribi.net/gora/planina_osredki/1/1101
1102;Četrt;Slovenija;Julijske Alpe;1832;46,23067°N 13,91666°E;vrh;246449;68% (1215. mesto);4;4;0;;https://www.hribi.net/gora/cetrt/1/1102
1103;Konjski vrh;Slovenija;Julijske Alpe;1879;46,2302°N 13,90863°E;vrh;306086;74% (995. mesto);3;4;1;;https://www.hribi.net/gora/konjski_vrh/1/1103
1104;Poljanski vrh;Slovenija;Julijske Alpe;1897;46,23023°N 13,90303°E;vrh;251291;69% (1198. mesto);4;4;0;;https://www.hribi.net/gora/poljanski_vrh/1/1104
1105;Matajurski vrh;Slovenija;Julijske Alpe;1936;46,22633°N 13,89726°E;vrh;357023;79% (812. mesto);5;4;0;;https://www.hribi.net/gora/matajurski_vrh/1/1105
1106;Mali Raskovec;Slovenija;Julijske Alpe;1946;46,23133°N 13,88013°E;vrh;211315;65% (1353. mesto);3;4;0;1;https://www.hribi.net/gora/mali_raskovec/1/1106
1107;Suha Rodica (Novi vrh);Slovenija;Julijske Alpe;1944;46,22596°N 13,87618°E;vrh;246910;68% (1212. mesto);3;4;0;1;https://www.hribi.net/gora/suha_rodica_novi_vrh/1/1107
1108;Meja;Slovenija;Julijske Alpe;1996;46,25076°N 13,78727°E;vrh;265360;70% (1144. mesto);4;5;1;;https://www.hribi.net/gora/meja/1/1108
1109;Rušnati vrh;Slovenija;Julijske Alpe;1915;46,24681°N 13,7957°E;vrh;239768;68% (1241. mesto);2;3;0;;https://www.hribi.net/gora/rusnati_vrh/1/1109
1110;Rog;Slovenija;Polhograjsko hribovje in Ljubljana;798;46,09762°N 14,37688°E;vrh;354965;79% (820. mesto);10;10;0;24;https://www.hribi.net/gora/rog/5/1110
1111;Tiho jezero (Falski ribnik);Slovenija;Pohorje, Dravinjske gorice in Haloze;1266;46,4826°N 15,396°E;jezero;385931;81% (713. mesto);7;2;0;;https://www.hribi.net/gora/tiho_jezero_falski_ribnik/4/1111
1112;Klopni vrh;Slovenija;Pohorje, Dravinjske gorice in Haloze;1340;46,49805°N 15,39211°E;vrh;459618;88% (469. mesto);5;14;6;1;https://www.hribi.net/gora/klopni_vrh/4/1112
1113;Koča na Klopnem vrhu;Slovenija;Pohorje, Dravinjske gorice in Haloze;1260;46,5019°N 15,3993°E;koča;438861;86% (541. mesto);4;10;0;3;https://www.hribi.net/gora/koca_na_klopnem_vrhu/4/1113
1114;Jehlc (Špičasta kupa);Slovenija;Julijske Alpe;1662;46,22019°N 13,86219°E;vrh;246791;68% (1213. mesto);7;3;0;;https://www.hribi.net/gora/jehlc_spicasta_kupa/1/1114
1115;Kojca;Slovenija;Škofjeloško, Cerkljansko hribovje in Jelovica;1303;46,15376°N 13,92666°E;vrh, bivak;465877;88% (452. mesto);19;10;5;;https://www.hribi.net/gora/kojca/21/1115
1117;Nebeška gora;Slovenija;Posavsko hribovje in Dolenjska;958;46,08283°N 15,10665°E;vrh;428590;85% (566. mesto);2;4;3;3;https://www.hribi.net/gora/nebeska_gora/25/1117
1118;Kamnek;Slovenija;Karavanke;873;46,3726°N 14,31347°E;vrh;339669;77% (876. mesto);9;6;0;35;https://www.hribi.net/gora/kamnek/11/1118
1119;Mladi vrh;Slovenija;Škofjeloško, Cerkljansko hribovje in Jelovica;1374;46,17344°N 14,16347°E;vrh;350840;78% (834. mesto);9;6;0;1;https://www.hribi.net/gora/mladi_vrh/21/1119
1120;Monte Capolago / Seekopf;Avstrija, Italija;Karnijske Alpe;2554;46,60654°N 12,86076°E;vrh;216232;65% (1328. mesto);5;1;0;;https://www.hribi.net/gora/monte_capolago___seekopf/27/1120
1121;Gubno (nad Kriško steno);Slovenija;Julijske Alpe;2403;46,41718°N 13,80836°E;vrh;378625;81% (730. mesto);4;3;0;1;https://www.hribi.net/gora/gubno_nad_krisko_steno/1/1121
1122;Monte Floriz;Italija;Karnijske Alpe;2184;46,58709°N 12,89691°E;vrh;150093;59% (1582. mesto);4;2;0;;https://www.hribi.net/gora/monte_floriz/27/1122
1123;Mali vrh;Avstrija, Slovenija;Karavanke;2017;46,44827°N 14,14018°E;vrh;358367;79% (809. mesto);2;1;0;3;https://www.hribi.net/gora/mali_vrh/11/1123
1124;Okroglež;Slovenija;Julijske Alpe;1965;46,3861°N 13,93119°E;vrh;368846;80% (764. mesto);7;3;1;14;https://www.hribi.net/gora/okroglez/1/1124
1125;Kokoš;Italija, Slovenija;Goriško, Notranjsko in Snežniško hribovje;670;45,64452°N 13,89993°E;vrh, koča;694114;97% (109. mesto);4;9;5;45;https://www.hribi.net/gora/kokos/26/1125
1126;Slap Beri;Slovenija;Julijske Alpe;454;46,18386°N 13,76497°E;slap;237707;67% (1246. mesto);0;1;0;;https://www.hribi.net/gora/slap_beri/1/1126
1128;Racna gora;Slovenija;Goriško, Notranjsko in Snežniško hribovje;1140;45,7085°N 14,5292°E;vrh;360215;79% (802. mesto);2;2;2;;https://www.hribi.net/gora/racna_gora/26/1128
1129;Lovska koča Urška;Slovenija;Goriško, Notranjsko in Snežniško hribovje;908;45,71171°N 14,53618°E;Vremenska napoved:;146687;58% (1596. mesto);2;1;0;;https://www.hribi.net/gora/lovska_koca_urska/26/1129
1130;Križna gora;Slovenija;Goriško, Notranjsko in Snežniško hribovje;857;45,7419°N 14,45824°E;vrh, cerkev;490935;90% (380. mesto);5;3;3;4;https://www.hribi.net/gora/krizna_gora/26/1130
1131;Sveti Jošt nad Vranskim;Slovenija;Kamniško Savinjske Alpe;955;46,26107°N 14,90847°E;cerkev;239493;68% (1242. mesto);4;1;0;;https://www.hribi.net/gora/sveti_jost_nad_vranskim/3/1131
1132;Tolsti vrh (Dobrovlje);Slovenija;Kamniško Savinjske Alpe;1077;46,27319°N 14,92915°E;vrh;318991;75% (942. mesto);1;5;0;1;https://www.hribi.net/gora/tolsti_vrh_dobrovlje/3/1132
1133;Dom planincev Farbanca;Slovenija;Kamniško Savinjske Alpe;702;46,28437°N 14,93922°E;koča;223796;66% (1299. mesto);5;3;0;;https://www.hribi.net/gora/dom_planincev_farbanca/3/1133
1134;Ermanovec;Slovenija;Škofjeloško, Cerkljansko hribovje in Jelovica;1026;46,10174°N 14,06293°E;vrh;525049;92% (302. mesto);6;11;3;4;https://www.hribi.net/gora/ermanovec/21/1134
1135;Kucelj;Slovenija;Posavsko hribovje in Dolenjska;748;45,99198°N 14,73884°E;vrh;405461;83% (644. mesto);4;4;5;5;https://www.hribi.net/gora/kucelj/25/1135
1136;Gradišče;Slovenija;Posavsko hribovje in Dolenjska;706;45,97754°N 14,74321°E;vrh;314402;75% (959. mesto);2;1;5;3;https://www.hribi.net/gora/gradisce/25/1136
1137;Obolno;Slovenija;Posavsko hribovje in Dolenjska;776;46,00147°N 14,77936°E;vrh;353924;78% (826. mesto);8;4;3;2;https://www.hribi.net/gora/obolno/25/1137
1138;Miklavška gora;Slovenija;Škofjeloško, Cerkljansko hribovje in Jelovica;955;46,21049°N 14,19133°E;vrh, cerkev;262603;70% (1154. mesto);8;2;0;;https://www.hribi.net/gora/miklavska_gora/21/1138
1139;Magdalenska gora;Slovenija;Posavsko hribovje in Dolenjska;504;45,97945°N 14,63506°E;vrh, cerkev;357039;79% (811. mesto);4;1;1;277;https://www.hribi.net/gora/magdalenska_gora/25/1139
1140;Pugled;Slovenija;Posavsko hribovje in Dolenjska;615;46,01052°N 14,63802°E;vrh;342866;77% (865. mesto);2;3;3;12;https://www.hribi.net/gora/pugled/25/1140
1141;Koča na Naravskih ledinah;Slovenija;Karavanke;1072;46,48644°N 14,93759°E;koča;309095;74% (987. mesto);8;8;1;1;https://www.hribi.net/gora/koca_na_naravskih_ledinah/11/1141
1142;Bezovec;Slovenija;Kamniško Savinjske Alpe;1326;46,40655°N 14,8405°E;vrh;173926;61% (1492. mesto);1;1;0;;https://www.hribi.net/gora/bezovec/3/1142
1143;Sveti Gregor na Dobravici;Slovenija;Goriško, Notranjsko in Snežniško hribovje;432;45,93894°N 14,5429°E;cerkev;160189;60% (1543. mesto);3;1;0;;https://www.hribi.net/gora/sveti_gregor_na_dobravici/26/1143
1144;Bele stene;Slovenija;Goriško, Notranjsko in Snežniško hribovje;863;45,67377°N 14,29605°E;Vremenska napoved:;222380;66% (1303. mesto);3;2;2;;https://www.hribi.net/gora/bele_stene/26/1144
1145;Dom v Dragi;Slovenija;Karavanke;689;46,39476°N 14,21804°E;koča;309345;74% (985. mesto);2;1;0;;https://www.hribi.net/gora/dom_v_dragi/11/1145
1146;Grad Kamen;Slovenija;Kamniško Savinjske Alpe;620;46,38178°N 14,21745°E;Vremenska napoved:;275675;71% (1103. mesto);7;0;0;;https://www.hribi.net/gora/grad_kamen/3/1146
1147;Sveti Peter nad Begunjami;Slovenija;Kamniško Savinjske Alpe;839;46,38291°N 14,19363°E;cerkev;467836;88% (446. mesto);8;5;0;2;https://www.hribi.net/gora/sveti_peter_nad_begunjami/3/1147
1148;Sankaška koča;Slovenija;Kamniško Savinjske Alpe;867;46,38512°N 14,18935°E;koča;454161;87% (485. mesto);4;4;0;8;https://www.hribi.net/gora/sankaska_koca/3/1148
1149;Smokuški vrh;Slovenija;Kamniško Savinjske Alpe;1122;46,39392°N 14,18661°E;vrh;507315;91% (339. mesto);3;8;0;2;https://www.hribi.net/gora/smokuski_vrh/3/1149
1150;Planina Planinca;Slovenija;Karavanke;1136;46,40906°N 14,21525°E;koča, planina;397583;82% (672. mesto);10;3;0;6;https://www.hribi.net/gora/planina_planinca/11/1150
1151;Sveti Rupert nad Drago;Slovenija;Goriško, Notranjsko in Snežniško hribovje;409;45,94335°N 14,55504°E;vrh, cerkev;161773;60% (1537. mesto);3;1;0;5;https://www.hribi.net/gora/sveti_rupert_nad_drago/26/1151
1152;Ostrič;Slovenija;Goriško, Notranjsko in Snežniško hribovje;1056;45,49143°N 14,07342°E;vrh;353401;78% (827. mesto);3;1;1;1;https://www.hribi.net/gora/ostric/26/1152
1153;Medvižica;Slovenija;Goriško, Notranjsko in Snežniško hribovje;1081;45,49525°N 14,06347°E;vrh;221462;66% (1307. mesto);1;2;0;1;https://www.hribi.net/gora/medvizica/26/1153
1154;Razsušica;Hrvaška, Slovenija;Goriško, Notranjsko in Snežniško hribovje;1083;45,49388°N 14,0592°E;vrh;210712;65% (1356. mesto);2;2;1;1;https://www.hribi.net/gora/razsusica/26/1154
1155;Lovski dom pod Glavico;Slovenija;Goriško, Notranjsko in Snežniško hribovje;610;45,58166°N 13,93933°E;koča, sedlo;143788;58% (1604. mesto);3;2;0;;https://www.hribi.net/gora/lovski_dom_pod_glavico/26/1155
1157;Hrpeljska gora;Slovenija;Goriško, Notranjsko in Snežniško hribovje;737;45,58184°N 13,95011°E;vrh;235563;67% (1257. mesto);3;3;0;;https://www.hribi.net/gora/hrpeljska_gora/26/1157
1158;Grmada pri Slavniku;Slovenija;Goriško, Notranjsko in Snežniško hribovje;1001;45,53884°N 13,96739°E;vrh;346580;78% (847. mesto);5;6;0;8;https://www.hribi.net/gora/grmada_pri_slavniku/26/1158
1159;Planina Jegno;Slovenija;Goriško, Notranjsko in Snežniško hribovje;715;45,55358°N 13,977°E;planina;190567;63% (1428. mesto);4;3;1;;https://www.hribi.net/gora/planina_jegno/26/1159
1160;Klek;Hrvaška;Gorski Kotar in Istra;1181;45,26034°N 15,1455°E;vrh, koča;205617;64% (1373. mesto);4;4;0;1;https://www.hribi.net/gora/klek/33/1160
1161;Gorca;Slovenija;Strojna, Košenjak, Kozjak in Slovenske gorice;347;46,5576°N 15,70049°E;vrh, planina, cerkev;163518;60% (1529. mesto);6;1;0;;https://www.hribi.net/gora/gorca/162/1161
1162;Mala Plešivica;Slovenija;Goriško, Notranjsko in Snežniško hribovje;953;45,5066°N 14,0345°E;vrh;215783;65% (1332. mesto);3;2;0;1;https://www.hribi.net/gora/mala_plesivica/26/1162
1163;Velika Plešivica;Slovenija;Goriško, Notranjsko in Snežniško hribovje;908;45,5181°N 14,02302°E;vrh;236637;67% (1252. mesto);9;3;0;;https://www.hribi.net/gora/velika_plesivica/26/1163
1164;Stari tabor;Slovenija;Goriško, Notranjsko in Snežniško hribovje;603;45,68078°N 13,92199°E;vrh;329833;76% (902. mesto);3;6;1;2;https://www.hribi.net/gora/stari_tabor/26/1164
1165;Zidovnik (Sedovnik);Slovenija;Goriško, Notranjsko in Snežniško hribovje;575;45,70275°N 13,88774°E;vrh;170719;61% (1503. mesto);1;1;0;;https://www.hribi.net/gora/zidovnik_sedovnik/26/1165
1166;Limberk;Slovenija;Posavsko hribovje in Dolenjska;687;45,89319°N 14,67294°E;vrh;207778;64% (1364. mesto);2;1;1;2;https://www.hribi.net/gora/limberk/25/1166
1167;Stari grad (grad Čušperk);Slovenija;Posavsko hribovje in Dolenjska;668;45,88481°N 14,68381°E;vrh;245782;68% (1218. mesto);3;1;0;3;https://www.hribi.net/gora/stari_grad_grad_cusperk/25/1167
1168;Kamen vrh;Slovenija;Posavsko hribovje in Dolenjska;783;45,83057°N 14,68199°E;vrh, koča;338260;77% (880. mesto);7;5;4;1;https://www.hribi.net/gora/kamen_vrh/25/1168
1169;Grmada na Mali gori;Slovenija;Posavsko hribovje in Dolenjska;887;45,81476°N 14,69529°E;vrh, koča;372561;80% (752. mesto);7;8;0;1;https://www.hribi.net/gora/grmada_na_mali_gori/25/1169
1171;Koča pri Sveti Ani na Mali gori;Slovenija;Posavsko hribovje in Dolenjska;910;45,76941°N 14,74404°E;koča, cerkev;460234;88% (467. mesto);8;8;0;10;https://www.hribi.net/gora/koca_pri_sveti_ani_na_mali_gori/25/1171
1172;Stene svete Ane;Slovenija;Posavsko hribovje in Dolenjska;964;45,77559°N 14,7476°E;vrh;354399;78% (824. mesto);5;8;0;7;https://www.hribi.net/gora/stene_svete_ane/25/1172
1173;Ortneški Stari grad;Slovenija;Goriško, Notranjsko in Snežniško hribovje;765;45,78263°N 14,67021°E;vrh, cerkev;193944;63% (1414. mesto);5;1;0;;https://www.hribi.net/gora/ortneski_stari_grad/26/1173
1174;Koča na planini Stador;Slovenija;Julijske Alpe;1050;46,19°N 13,78197°E;koča, planina;313604;75% (963. mesto);3;0;0;1;https://www.hribi.net/gora/koca_na_planini_stador/1/1174
1175;Dom na Sviščakih;Slovenija;Goriško, Notranjsko in Snežniško hribovje;1242;45,57423°N 14,40114°E;koča;362440;79% (794. mesto);1;1;0;5;https://www.hribi.net/gora/dom_na_sviscakih/26/1175
1176;Goteniški Snežnik;Slovenija;Goriško, Notranjsko in Snežniško hribovje;1289;45,59193°N 14,73624°E;vrh;393620;82% (686. mesto);2;3;2;2;https://www.hribi.net/gora/goteniski_sneznik/26/1176
1177;Dom Pristava v Javorniškem Rovtu;Slovenija;Karavanke;975;46,45425°N 14,09136°E;koča;451199;87% (495. mesto);7;2;0;2;https://www.hribi.net/gora/dom_pristava_v_javorniskem_rovtu/11/1177
1178;Kameni zid;Slovenija;Goriško, Notranjsko in Snežniško hribovje;1081;45,61291°N 14,73481°E;vrh;183149;62% (1459. mesto);2;1;0;2;https://www.hribi.net/gora/kameni_zid/26/1178
1179;Žmitkov špic;Slovenija;Karavanke;1124;46,4°N 14,49055°E;vrh;294384;73% (1044. mesto);4;1;0;3;https://www.hribi.net/gora/zmitkov_spic/11/1179
1180;Sveti Mihael na Samotorici;Slovenija;Polhograjsko hribovje in Ljubljana;665;46,02879°N 14,25775°E;cerkev;186866;62% (1439. mesto);3;1;0;2;https://www.hribi.net/gora/sveti_mihael_na_samotorici/5/1180
1182;Sivka;Slovenija;Polhograjsko hribovje in Ljubljana;934;46,07293°N 14,2091°E;vrh;445425;86% (520. mesto);13;7;6;3;https://www.hribi.net/gora/sivka/5/1182
1183;Kovk;Slovenija;Goriško, Notranjsko in Snežniško hribovje;961;45,88792°N 13,96903°E;vrh;400488;83% (663. mesto);6;3;1;4;https://www.hribi.net/gora/kovk/26/1183
1185;Veliki Klek  /Großglockner;Avstrija;Visoke Ture;3798;47,07454°N 12,6939°E;vrh;618664;96% (157. mesto);18;3;0;;https://www.hribi.net/gora/veliki_klek___grossglockner/57/1185
1186;Čelkov vrh;Slovenija;Goriško, Notranjsko in Snežniško hribovje;1106;45,91333°N 14,04905°E;vrh;319455;75% (941. mesto);5;2;2;;https://www.hribi.net/gora/celkov_vrh/26/1186
1187;Špičasti vrh;Slovenija;Goriško, Notranjsko in Snežniško hribovje;1128;45,92694°N 13,99776°E;vrh;414250;84% (613. mesto);8;3;2;1;https://www.hribi.net/gora/spicasti_vrh/26/1187
1189;Koča pri Jelenovem studencu;Slovenija;Posavsko hribovje in Dolenjska;850;45,62008°N 14,84724°E;koča;405414;83% (645. mesto);4;2;1;;https://www.hribi.net/gora/koca_pri_jelenovem_studencu/25/1189
1190;Mestni vrh;Slovenija;Posavsko hribovje in Dolenjska;1034;45,61989°N 14,85088°E;vrh;397343;82% (673. mesto);1;2;2;1;https://www.hribi.net/gora/mestni_vrh/25/1190
1191;Grad Fridrihštajn;Slovenija;Posavsko hribovje in Dolenjska;970;45,61138°N 14,86043°E;vrh;408211;84% (631. mesto);2;2;0;4;https://www.hribi.net/gora/grad_fridrihstajn/25/1191
1192;Livoldski vrh;Slovenija;Posavsko hribovje in Dolenjska;994;45,60716°N 14,86918°E;vrh;203856;64% (1380. mesto);1;2;0;1;https://www.hribi.net/gora/livoldski_vrh/25/1192
1193;Požgani hrib;Slovenija;Posavsko hribovje in Dolenjska;1009;45,60714°N 14,85614°E;vrh;263214;70% (1151. mesto);1;2;0;;https://www.hribi.net/gora/pozgani_hrib/25/1193
1194;Ledena jama na Stojni;Slovenija;Posavsko hribovje in Dolenjska;840;45,61398°N 14,84358°E;Vremenska napoved:;281329;72% (1088. mesto);2;1;0;;https://www.hribi.net/gora/ledena_jama_na_stojni/25/1194
1195;Klobuk;Slovenija;Posavsko hribovje in Dolenjska;890;46,1612°N 15,10423°E;vrh;384296;81% (718. mesto);2;4;0;1;https://www.hribi.net/gora/klobuk/25/1195
1196;Kal (Kalski hrib);Slovenija;Posavsko hribovje in Dolenjska;985;46,1762°N 15,1094°E;vrh;485424;90% (396. mesto);3;5;0;1;https://www.hribi.net/gora/kal_kalski_hrib/25/1196
1197;Križna gora (Hrušica);Slovenija;Goriško, Notranjsko in Snežniško hribovje;1162;45,87238°N 14,05385°E;vrh;308995;74% (989. mesto);8;3;0;1;https://www.hribi.net/gora/krizna_gora_hrusica/26/1197
1198;Sveti Duh (Hrušica);Slovenija;Goriško, Notranjsko in Snežniško hribovje;1221;45,87179°N 14,06257°E;vrh, cerkev;237035;67% (1250. mesto);4;2;0;;https://www.hribi.net/gora/sveti_duh_hrusica/26/1198
1199;Planinski dom v Novem Svetu;Slovenija;Goriško, Notranjsko in Snežniško hribovje;518;45,90132°N 14,16068°E;koča;193750;63% (1416. mesto);2;1;0;1;https://www.hribi.net/gora/planinski_dom_v_novem_svetu/26/1199
1201;Koča na Žavcarjevem vrhu;Slovenija;Strojna, Košenjak, Kozjak in Slovenske gorice;863;46,59957°N 15,52689°E;koča;364938;80% (783. mesto);8;6;2;3;https://www.hribi.net/gora/koca_na_zavcarjevem_vrhu/162/1201
1202;Žavcarjev vrh;Slovenija;Strojna, Košenjak, Kozjak in Slovenske gorice;915;46,60105°N 15,52321°E;vrh;528774;92% (295. mesto);5;5;3;1;https://www.hribi.net/gora/zavcarjev_vrh/162/1202
1203;Planinski dom obrtnikov;Slovenija;Strojna, Košenjak, Kozjak in Slovenske gorice;690;46,60382°N 15,56151°E;koča;297193;73% (1031. mesto);5;5;0;1;https://www.hribi.net/gora/planinski_dom_obrtnikov/162/1203
1204;Tojzlov vrh;Slovenija;Strojna, Košenjak, Kozjak in Slovenske gorice;703;46,60462°N 15,55985°E;vrh;377150;81% (733. mesto);2;6;2;1;https://www.hribi.net/gora/tojzlov_vrh/162/1204
1205;Murovica;Slovenija;Posavsko hribovje in Dolenjska;743;46,11017°N 14,69655°E;vrh;379747;81% (727. mesto);6;10;2;91;https://www.hribi.net/gora/murovica/25/1205
1206;Stari grad Vipava;Slovenija;Goriško, Notranjsko in Snežniško hribovje;241;45,85058°N 13,96432°E;vrh;273769;71% (1113. mesto);8;1;0;1;https://www.hribi.net/gora/stari_grad_vipava/26/1206
1207;Vitovski hrib;Slovenija;Goriško, Notranjsko in Snežniško hribovje;604;45,94072°N 13,76798°E;vrh, cerkev;262916;70% (1152. mesto);6;4;0;4;https://www.hribi.net/gora/vitovski_hrib/26/1207
1208;Sekulak;Slovenija;Goriško, Notranjsko in Snežniško hribovje;888;45,93427°N 13,78518°E;Vremenska napoved:;283248;72% (1077. mesto);2;3;1;5;https://www.hribi.net/gora/sekulak/26/1208
1209;Veliki Rob;Slovenija;Goriško, Notranjsko in Snežniško hribovje;1237;45,93438°N 13,80292°E;vrh;495383;90% (365. mesto);9;11;0;7;https://www.hribi.net/gora/veliki_rob/26/1209
1210;Čaven;Slovenija;Goriško, Notranjsko in Snežniško hribovje;1185;45,93387°N 13,79646°E;vrh;622847;96% (153. mesto);1;3;7;1;https://www.hribi.net/gora/caven/26/1210
1211;Lovsko zavetišče pod Čavnom;Slovenija;Goriško, Notranjsko in Snežniško hribovje;980;45,93452°N 13,78879°E;vrh, bivak;213804;65% (1339. mesto);2;1;0;1;https://www.hribi.net/gora/lovsko_zavetisce_pod_cavnom/26/1211
1212;Kopitnik (na Čavnu);Slovenija;Goriško, Notranjsko in Snežniško hribovje;929;45,94571°N 13,77667°E;bivak;256998;69% (1176. mesto);5;4;0;7;https://www.hribi.net/gora/kopitnik_na_cavnu/26/1212
1213;Skozno;Slovenija;Goriško, Notranjsko in Snežniško hribovje;671;45,95898°N 13,73065°E;Vremenska napoved:;295056;73% (1040. mesto);9;2;0;4;https://www.hribi.net/gora/skozno/26/1213
1214;Partizanska bolnica Krtina;Slovenija;Karavanke;1040;46,40991°N 14,4553°E;Vremenska napoved:;227220;67% (1281. mesto);8;2;0;;https://www.hribi.net/gora/partizanska_bolnica_krtina/11/1214
1215;Suhi vrh (Nanos);Slovenija;Goriško, Notranjsko in Snežniško hribovje;1313;45,79828°N 14,0671°E;vrh;662737;97% (124. mesto);3;10;0;2;https://www.hribi.net/gora/suhi_vrh_nanos/26/1215
1216;Sveti Bric (Nanos);Slovenija;Goriško, Notranjsko in Snežniško hribovje;965;45,79265°N 14,06842°E;cerkev;253380;69% (1190. mesto);3;2;0;;https://www.hribi.net/gora/sveti_bric_nanos/26/1216
1217;Ostri vrh;Slovenija;Posavsko hribovje in Dolenjska;855;46,15636°N 15,13076°E;vrh;332061;77% (892. mesto);3;4;1;;https://www.hribi.net/gora/ostri_vrh/25/1217
1218;Baba (nad Rečico);Slovenija;Posavsko hribovje in Dolenjska;789;46,1587°N 15,14399°E;vrh;261884;70% (1159. mesto);2;2;0;;https://www.hribi.net/gora/baba_nad_recico/25/1218
1219;Govško brdo;Slovenija;Posavsko hribovje in Dolenjska;811;46,16003°N 15,16334°E;vrh;309741;74% (981. mesto);9;6;1;;https://www.hribi.net/gora/govsko_brdo/25/1219
1220;Pri knapu pod Babo;Slovenija;Posavsko hribovje in Dolenjska;552;46,1614°N 15,15234°E;bivak, sedlo;190237;63% (1430. mesto);8;3;0;;https://www.hribi.net/gora/pri_knapu_pod_babo/25/1220
1221;Grmada (Planinska gora);Slovenija;Goriško, Notranjsko in Snežniško hribovje;873;45,8381°N 14,23961°E;vrh;356262;79% (813. mesto);3;4;0;;https://www.hribi.net/gora/grmada_planinska_gora/26/1221
1222;Planinska jama;Slovenija;Goriško, Notranjsko in Snežniško hribovje;500;45,81998°N 14,24582°E;Vremenska napoved:;241025;68% (1237. mesto);4;1;0;;https://www.hribi.net/gora/planinska_jama/26/1222
1223;Krimšček;Slovenija;Goriško, Notranjsko in Snežniško hribovje;940;45,89632°N 14,41087°E;vrh;236345;67% (1253. mesto);2;1;0;;https://www.hribi.net/gora/krimscek/26/1223
1224;Novaška gora;Slovenija;Goriško, Notranjsko in Snežniško hribovje;998;45,88663°N 14,42055°E;vrh;196182;63% (1406. mesto);1;1;1;;https://www.hribi.net/gora/novaska_gora/26/1224
1225;Milanka;Slovenija;Goriško, Notranjsko in Snežniško hribovje;948;45,60399°N 14,2804°E;vrh;137447;58% (1628. mesto);1;1;0;;https://www.hribi.net/gora/milanka/26/1225
1226;Volovja reber;Slovenija;Goriško, Notranjsko in Snežniško hribovje;975;45,60216°N 14,28646°E;vrh;267978;70% (1133. mesto);3;1;0;;https://www.hribi.net/gora/volovja_reber/26/1226
1227;Bele ovce;Slovenija;Goriško, Notranjsko in Snežniško hribovje;1029;45,59577°N 14,30122°E;vrh;250301;69% (1202. mesto);2;1;0;;https://www.hribi.net/gora/bele_ovce/26/1227
1228;Velika Milanja;Slovenija;Goriško, Notranjsko in Snežniško hribovje;1099;45,59443°N 14,30967°E;vrh;225541;66% (1292. mesto);3;1;0;;https://www.hribi.net/gora/velika_milanja/26/1228
1229;Velika ledena jama v Paradani;Slovenija;Goriško, Notranjsko in Snežniško hribovje;1140;45,98868°N 13,84461°E;Vremenska napoved:;274310;71% (1109. mesto);2;1;0;;https://www.hribi.net/gora/velika_ledena_jama_v_paradani/26/1229
1230;Štefanja gora;Slovenija;Kamniško Savinjske Alpe;748;46,2832°N 14,46567°E;vrh, cerkev;517822;92% (312. mesto);15;10;1;17;https://www.hribi.net/gora/stefanja_gora/3/1230
1231;Španov vrh;Slovenija;Karavanke;1334;46,45971°N 14,06957°E;vrh;450914;87% (497. mesto);3;6;0;1;https://www.hribi.net/gora/spanov_vrh/11/1231
1232;Smučarski dom Črni vrh;Slovenija;Karavanke;1156;46,46023°N 14,06042°E;koča;223925;66% (1297. mesto);3;4;0;;https://www.hribi.net/gora/smucarski_dom_crni_vrh/11/1232
1233;Grebenc;Slovenija;Kamniško Savinjske Alpe;1479;46,34736°N 14,37668°E;vrh;261954;70% (1158. mesto);4;3;0;2;https://www.hribi.net/gora/grebenc/3/1233
1234;Partizanska bolnica Mrzle vode;Slovenija;Kamniško Savinjske Alpe;1226;46,41582°N 14,83113°E;Vremenska napoved:;237177;67% (1249. mesto);2;1;0;;https://www.hribi.net/gora/partizanska_bolnica_mrzle_vode/3/1234
1235;Mali Travnik;Slovenija;Kamniško Savinjske Alpe;1532;46,40944°N 14,80424°E;vrh;209979;65% (1360. mesto);3;1;0;;https://www.hribi.net/gora/mali_travnik/3/1235
1236;Planina Mali Travnik;Slovenija;Kamniško Savinjske Alpe;1500;46,40774°N 14,80554°E;planina;225697;66% (1291. mesto);3;2;0;;https://www.hribi.net/gora/planina_mali_travnik/3/1236
1237;Počka (Robnikova) planina;Slovenija;Kamniško Savinjske Alpe;1165;46,40323°N 14,81937°E;planina;229397;67% (1275. mesto);5;1;0;3;https://www.hribi.net/gora/pocka_robnikova_planina/3/1237
1239;Izvir Sotle;Slovenija;Karavanke;640;46,25832°N 15,79161°E;Vremenska napoved:;311338;75% (973. mesto);4;5;2;;https://www.hribi.net/gora/izvir_sotle/11/1239
1240;Kobilja glava;Slovenija;Julijske Alpe;1475;46,19015°N 13,79541°E;vrh;452855;87% (487. mesto);10;2;1;;https://www.hribi.net/gora/kobilja_glava/1/1240
1241;Jalovnik;Slovenija;Julijske Alpe;1452;46,18723°N 13,80083°E;vrh;274887;71% (1106. mesto);4;2;0;;https://www.hribi.net/gora/jalovnik/1/1241
1242;Kobala;Slovenija;Julijske Alpe;1080;46,18139°N 13,77967°E;vrh;244188;68% (1227. mesto);3;1;0;;https://www.hribi.net/gora/kobala/1/1242
1243;Planina Lom;Slovenija;Julijske Alpe;1090;46,19957°N 13,78219°E;planina, sedlo;270742;71% (1127. mesto);2;1;1;;https://www.hribi.net/gora/planina_lom/1/1243
1244;Planjava pri Kamniškem vrhu;Slovenija;Kamniško Savinjske Alpe;1243;46,28815°N 14,57222°E;vrh;250971;69% (1201. mesto);4;4;0;1;https://www.hribi.net/gora/planjava_pri_kamniskem_vrhu/3/1244
1245;Planina Zgornja Konjščica;Slovenija;Karavanke;1578;46,38048°N 14,37426°E;planina, sedlo;204831;64% (1375. mesto);27;4;0;;https://www.hribi.net/gora/planina_zgornja_konjscica/11/1245
1247;Jelenkamen;Slovenija;Karavanke;1096;46,43925°N 14,07706°E;vrh;414299;84% (612. mesto);7;5;0;1;https://www.hribi.net/gora/jelenkamen/11/1247
1248;Kalvarija nad Jesenicami;Slovenija;Karavanke;784;46,43786°N 14,06816°E;vrh;200365;64% (1393. mesto);3;2;0;;https://www.hribi.net/gora/kalvarija_nad_jesenicami/11/1248
1249;Mala Osojnica;Slovenija;Julijske Alpe;691;46,35703°N 14,08113°E;vrh;530658;92% (290. mesto);5;2;0;8;https://www.hribi.net/gora/mala_osojnica/1/1249
1250;Straža;Slovenija;Julijske Alpe;646;46,35971°N 14,1035°E;vrh;351756;78% (831. mesto);3;1;0;3;https://www.hribi.net/gora/straza/1/1250
1251;Slapovi Dobršnik;Slovenija;Karavanke;800;46,45878°N 14,01023°E;slap;252656;69% (1194. mesto);5;2;0;;https://www.hribi.net/gora/slapovi_dobrsnik/11/1251
1252;Planina Možine (Razingerjevo molzišče);Slovenija;Karavanke;1352;46,48416°N 14,04881°E;planina;171048;61% (1502. mesto);2;1;0;;https://www.hribi.net/gora/planina_mozine_razingerjevo_molzisce/11/1252
1253;Poglejska cerkev;Slovenija;Julijske Alpe;630;46,374°N 14,07192°E;Vremenska napoved:;245470;68% (1221. mesto);2;1;0;;https://www.hribi.net/gora/poglejska_cerkev/1/1253
1254;Planina Obranica;Slovenija;Julijske Alpe;1035;46,41199°N 14,06793°E;koča, planina;270772;71% (1126. mesto);6;3;0;;https://www.hribi.net/gora/planina_obranica/1/1254
1255;Poljanska baba;Slovenija;Julijske Alpe;830;46,4176°N 14,0779°E;vrh;227052;67% (1283. mesto);8;1;0;;https://www.hribi.net/gora/poljanska_baba/1/1255
1256;Škrbina (Mežakla);Slovenija;Julijske Alpe;1210;46,42439°N 14,04422°E;vrh;350782;78% (835. mesto);4;2;0;1;https://www.hribi.net/gora/skrbina_mezakla/1/1256
1257;Rekaršica;Slovenija;Karavanke;1554;46,5163°N 13,77312°E;sedlo;191965;63% (1424. mesto);2;2;0;;https://www.hribi.net/gora/rekarsica/11/1257
1258;Kamnati vrh;Slovenija;Karavanke;1658;46,51763°N 13,77643°E;vrh;272999;71% (1119. mesto);1;2;0;;https://www.hribi.net/gora/kamnati_vrh/11/1258
1259;Jerebikovec;Slovenija;Karavanke;1621;46,5146°N 13,76667°E;vrh;334534;77% (887. mesto);2;1;3;1;https://www.hribi.net/gora/jerebikovec/11/1259
1260;Partizanska bolnišnica na Mežakli;Slovenija;Julijske Alpe;1050;;Ogledov: 187.896;187896;63% (1436. mesto);3;1;0;;https://www.hribi.net/gora/partizanska_bolnisnica_na_mezakli/1/1260
1261;Planina Dol;Slovenija;Kamniško Savinjske Alpe;1308;46,31732°N 14,63289°E;planina;409555;84% (627. mesto);5;2;1;2;https://www.hribi.net/gora/planina_dol/3/1261
1262;Koprivnjak / Kleiner Frauenkogel;Avstrija;Karavanke;1754;46,49203°N 14,00737°E;vrh;301685;73% (1017. mesto);6;2;0;1;https://www.hribi.net/gora/koprivnjak___kleiner_frauenkogel/11/1262
1263;Močnikova planina;Slovenija;Karavanke;1275;46,39861°N 14,4468°E;planina;156429;59% (1559. mesto);2;1;0;;https://www.hribi.net/gora/mocnikova_planina/11/1263
1264;Mala Boncla (Bavha);Slovenija;Karavanke;1131;46,45241°N 14,10375°E;vrh;200136;64% (1394. mesto);6;1;0;;https://www.hribi.net/gora/mala_boncla_bavha/11/1264
1265;Alničje;Slovenija;Karavanke;1145;46,43889°N 14,11044°E;vrh;175980;61% (1479. mesto);5;3;0;;https://www.hribi.net/gora/alnicje/11/1265
1266;Kumlehova glava;Slovenija;Julijske Alpe;1788;46,45375°N 13,75866°E;vrh;395694;82% (679. mesto);3;2;0;;https://www.hribi.net/gora/kumlehova_glava/1/1266
1267;Visoki Mavrinc;Slovenija;Julijske Alpe;1562;46,45009°N 13,76556°E;vrh;553654;93% (253. mesto);3;2;0;9;https://www.hribi.net/gora/visoki_mavrinc/1/1267
1268;Mala Raduha;Slovenija;Kamniško Savinjske Alpe;2029;46,41346°N 14,74304°E;vrh;447474;87% (514. mesto);4;3;0;5;https://www.hribi.net/gora/mala_raduha/3/1268
1269;Lanež;Slovenija;Kamniško Savinjske Alpe;1925;46,41867°N 14,7547°E;vrh;427277;85% (571. mesto);6;8;1;8;https://www.hribi.net/gora/lanez/3/1269
1270;Pokljuška soteska (luknja);Slovenija;Julijske Alpe;830;46,3766°N 14,0326°E;Vremenska napoved:;317956;75% (947. mesto);4;1;0;;https://www.hribi.net/gora/pokljuska_soteska_luknja/1/1270
1271;Soteska Čepa/Tscheppaschlucht;Avstrija;Karavanke;750;46,48792°N 14,26455°E;Vremenska napoved:;361715;79% (796. mesto);2;1;0;;https://www.hribi.net/gora/soteska_cepa_tscheppaschlucht/11/1271
1272;Planina Luža;Avstrija;Karavanke;1250;46,5024°N 14,71554°E;planina, sedlo;147049;58% (1593. mesto);3;2;0;;https://www.hribi.net/gora/planina_luza/11/1272
1273;Planina Zgornja Luža;Avstrija;Karavanke;1573;46,50415°N 14,72898°E;planina;133411;57% (1644. mesto);2;2;0;;https://www.hribi.net/gora/planina_zgornja_luza/11/1273
1274;Veška kopa (Peca) / Wackendorfer Spitze (Petzen);Avstrija;Karavanke;2074;46,51578°N 14,74424°E;vrh;285553;72% (1071. mesto);9;5;0;;https://www.hribi.net/gora/veska_kopa_peca___wackendorfer_spitze_petzen/11/1274
1275;Bistriška špica (Peca) / Feistritzer Spitze (Petzen);Avstrija;Karavanke;2113;46,51149°N 14,75018°E;vrh;444329;86% (523. mesto);12;11;0;;https://www.hribi.net/gora/bistriska_spica_peca___feistritzer_spitze_petzen/11/1275
1276;Končnikov vrh (Peca);Avstrija, Slovenija;Karavanke;2109;46,50401°N 14,76322°E;vrh;450287;87% (502. mesto);8;12;0;1;https://www.hribi.net/gora/koncnikov_vrh_peca/11/1276
1277;Velika glava (Peca);Avstrija, Slovenija;Karavanke;2077;46,50418°N 14,77198°E;vrh;360453;79% (801. mesto);1;3;0;;https://www.hribi.net/gora/velika_glava_peca/11/1277
1278;Kraljevska špica/Monte Re;Italija;Julijske Alpe;1912;46,45596°N 13,55719°E;vrh;389505;82% (701. mesto);5;1;0;3;https://www.hribi.net/gora/kraljevska_spica_monte_re/1/1278
1280;Šober / Monte Sciober Grande;Italija;Julijske Alpe;1845;46,45037°N 13,59921°E;vrh;323307;76% (927. mesto);10;4;0;;https://www.hribi.net/gora/sober___monte_sciober_grande/1/1280
1281;Rifugio Cinque Punte;Italija;Julijske Alpe;1520;46,45894°N 13,59549°E;bivak;246069;68% (1216. mesto);4;1;0;;https://www.hribi.net/gora/rifugio_cinque_punte/1/1281
1282;Koštrunove špice;Italija;Julijske Alpe;2502;46,42243°N 13,48655°E;vrh;473613;89% (429. mesto);2;3;0;;https://www.hribi.net/gora/kostrunove_spice/1/1282
1283;Viška planina;Italija;Julijske Alpe;1530;46,41478°N 13,50194°E;planina;289622;72% (1058. mesto);4;1;0;;https://www.hribi.net/gora/viska_planina/1/1283
1284;Baba;Slovenija;Kamniško Savinjske Alpe;1119;46,31047°N 14,46327°E;vrh;409026;84% (628. mesto);2;2;1;10;https://www.hribi.net/gora/baba/3/1284
1285;Zavetišče v Hudičevem borštu;Slovenija;Kamniško Savinjske Alpe;1328;46,32839°N 14,4411°E;Vremenska napoved:;583829;95% (202. mesto);8;5;1;12;https://www.hribi.net/gora/zavetisce_v_hudicevem_borstu/3/1285
1288;Kamniški Dedec;Slovenija;Kamniško Savinjske Alpe;1583;46,33753°N 14,60341°E;vrh;558573;94% (243. mesto);3;2;0;2;https://www.hribi.net/gora/kamniski_dedec/3/1288
1289;Storžek;Avstrija;Kamniško Savinjske Alpe;2110;46,37526°N 14,5614°E;vrh;522024;92% (306. mesto);7;5;2;1;https://www.hribi.net/gora/storzek/3/1289
1290;Mali Trebelnik;Slovenija;Goriško, Notranjsko in Snežniško hribovje;807;45,90679°N 14,34942°E;vrh;141749;58% (1612. mesto);1;2;0;;https://www.hribi.net/gora/mali_trebelnik/26/1290
1291;Lienzer Dolomitenhütte;Avstrija;Lienški Dolomiti;1620;46,78989°N 12,78389°E;koča;95761;53% (1789. mesto);2;0;0;;https://www.hribi.net/gora/lienzer_dolomitenhutte/68/1291
1292;Instein Alm;Avstrija;Lienški Dolomiti;1669;46,78044°N 12,78923°E;jezero, planina, cerkev;58082;49% (1938. mesto);2;1;0;;https://www.hribi.net/gora/instein_alm/68/1292
1293;Karlsbader Hütte;Avstrija;Lienški Dolomiti;2261;46,76307°N 12,80087°E;koča, jezero;169420;61% (1507. mesto);3;1;0;;https://www.hribi.net/gora/karlsbader_hutte/68/1293
1294;Laserzwand;Avstrija;Lienški Dolomiti;2614;46,77261°N 12,8016°E;vrh;130749;57% (1652. mesto);4;1;0;;https://www.hribi.net/gora/laserzwand/68/1294
1295;Große Sandspitze;Avstrija;Lienški Dolomiti;2772;46,76663°N 12,81168°E;vrh;325666;76% (919. mesto);8;2;0;;https://www.hribi.net/gora/grosse_sandspitze/68/1295
1296;Kleine Laserzwand;Avstrija;Lienški Dolomiti;2568;46,76995°N 12,80118°E;vrh;93866;53% (1797. mesto);3;1;0;;https://www.hribi.net/gora/kleine_laserzwand/68/1296
1297;Schöttnerspitze;Avstrija;Lienški Dolomiti;2633;46,77132°N 12,80577°E;vrh;68602;51% (1895. mesto);3;1;0;;https://www.hribi.net/gora/schottnerspitze/68/1297
1298;Teplitzer Spitze;Avstrija;Lienški Dolomiti;2613;46,75517°N 12,79577°E;vrh;75921;51% (1867. mesto);3;1;0;;https://www.hribi.net/gora/teplitzer_spitze/68/1298
1299;Weißstein Alm;Avstrija;Lienški Dolomiti;1751;46,78847°N 12,78774°E;planina;49807;48% (1975. mesto);4;2;0;;https://www.hribi.net/gora/weissstein_alm/68/1299
1300;Hochalmspitze (Villgraten);Avstrija;Visoke Ture;2797;46,88286°N 12,45783°E;vrh;213793;65% (1340. mesto);3;1;0;;https://www.hribi.net/gora/hochalmspitze_villgraten/57/1300
1301;Laserzkopf;Avstrija;Lienški Dolomiti;2718;46,77076°N 12,81029°E;vrh;101981;54% (1766. mesto);8;1;0;;https://www.hribi.net/gora/laserzkopf/68/1301
1302;Galitzenspitzen;Avstrija;Lienški Dolomiti;2710;46,76955°N 12,81132°E;vrh;83335;52% (1837. mesto);5;1;0;;https://www.hribi.net/gora/galitzenspitzen/68/1302
1303;Daumen;Avstrija;Lienški Dolomiti;2720;46,76739°N 12,8112°E;vrh;91477;53% (1804. mesto);1;1;0;;https://www.hribi.net/gora/daumen/68/1303
1304;Große Gamswiesenspitze;Avstrija;Lienški Dolomiti;2488;46,7664°N 12,78307°E;vrh;89355;53% (1816. mesto);9;3;0;;https://www.hribi.net/gora/grosse_gamswiesenspitze/68/1304
1305;Kleine Gamswiesenspitze;Avstrija;Lienški Dolomiti;2454;46,76457°N 12,78461°E;vrh;78475;52% (1856. mesto);12;1;0;;https://www.hribi.net/gora/kleine_gamswiesenspitze/68/1305
1306;Leisacher Alm;Avstrija;Visoke Ture;2350;46,87337°N 12,45032°E;planina;57437;49% (1940. mesto);3;1;0;;https://www.hribi.net/gora/leisacher_alm/57/1306
1307;Volkzeinerhütte;Avstrija;Visoke Ture;1890;46,8691°N 12,43894°E;koča, planina;55241;49% (1950. mesto);4;1;0;;https://www.hribi.net/gora/volkzeinerhutte/57/1307
1308;Gladki vrh (Ratitovec);Slovenija;Škofjeloško, Cerkljansko hribovje in Jelovica;1667;46,23761°N 14,09172°E;vrh;512785;92% (323. mesto);11;15;0;19;https://www.hribi.net/gora/gladki_vrh_ratitovec/21/1308
1309;Kerschbaumeralm Schutzhaus;Avstrija;Lienški Dolomiti;1902;46,759°N 12,76686°E;koča, planina;63312;50% (1916. mesto);8;1;0;;https://www.hribi.net/gora/kerschbaumeralm_schutzhaus/68/1309
1310;Altemaver (Ratitovec);Slovenija;Škofjeloško, Cerkljansko hribovje in Jelovica;1678;46,23699°N 14,08272°E;vrh;1011277;99% (25. mesto);7;14;2;17;https://www.hribi.net/gora/altemaver_ratitovec/21/1310
1311;Degenhorn;Avstrija;Visoke Ture;2946;46,86894°N 12,39314°E;vrh;89510;53% (1814. mesto);3;1;0;;https://www.hribi.net/gora/degenhorn/57/1311
1312;Falkamsee;Avstrija;Visoke Ture;2657;46,87504°N 12,40893°E;jezero;56859;49% (1943. mesto);2;1;0;;https://www.hribi.net/gora/falkamsee/57/1312
1313;Degenhornsee;Avstrija;Visoke Ture;2714;46,87054°N 12,39862°E;jezero;62358;50% (1920. mesto);2;1;0;;https://www.hribi.net/gora/degenhornsee/57/1313
1314;Rauchkofel;Avstrija;Karnijske Alpe;2460;46,61946°N 12,88396°E;vrh;253141;69% (1192. mesto);5;3;0;;https://www.hribi.net/gora/rauchkofel/27/1314
1315;Creta di Collinetta / Cellon;Avstrija, Italija;Karnijske Alpe;2238;46,60993°N 12,93164°E;vrh;218699;66% (1320. mesto);8;3;0;;https://www.hribi.net/gora/creta_di_collinetta___cellon/27/1315
1316;Mahderkopf;Avstrija;Karnijske Alpe;2155;46,62197°N 12,86199°E;vrh;97809;53% (1782. mesto);2;2;0;;https://www.hribi.net/gora/mahderkopf/27/1316
1317;Mitterkarhütte;Avstrija;Karnijske Alpe;1973;46,66419°N 12,67951°E;bivak;92954;53% (1800. mesto);4;1;0;;https://www.hribi.net/gora/mitterkarhutte/27/1317
1318;Steinkarspitz/Monte Antola;Avstrija, Italija;Karnijske Alpe;2524;46,65697°N 12,69065°E;vrh;115622;55% (1712. mesto);2;1;0;;https://www.hribi.net/gora/steinkarspitz_monte_antola/27/1318
1319;Monte Vancomun/Hochspitz;Avstrija, Italija;Karnijske Alpe;2580;46,65768°N 12,66822°E;vrh;138431;58% (1625. mesto);4;2;0;;https://www.hribi.net/gora/monte_vancomun_hochspitz/27/1319
1320;Monte Cecido / Reiterkarspitz;Avstrija, Italija;Karnijske Alpe;2422;46,66198°N 12,63123°E;vrh;107144;54% (1744. mesto);2;1;0;;https://www.hribi.net/gora/monte_cecido___reiterkarspitz/27/1320
1321;Oberalm;Avstrija;Karnijske Alpe;2160;46,65915°N 12,63755°E;planina;93035;53% (1799. mesto);1;1;0;;https://www.hribi.net/gora/oberalm/27/1321
1322;Obere Wolayeralm;Avstrija;Karnijske Alpe;1709;46,61919°N 12,85014°E;planina;79153;52% (1853. mesto);3;1;0;;https://www.hribi.net/gora/obere_wolayeralm/27/1322
1323;Mala Rinka;Slovenija;Kamniško Savinjske Alpe;2289;46,36576°N 14,56924°E;vrh;492345;90% (375. mesto);2;2;0;3;https://www.hribi.net/gora/mala_rinka/3/1323
1326;Zadnja Mojstrovka;Slovenija;Julijske Alpe;2354;46,43084°N 13,72004°E;vrh;449053;87% (508. mesto);8;2;0;5;https://www.hribi.net/gora/zadnja_mojstrovka/1/1326
1327;Travnik (pri Mojstrovkah);Slovenija;Julijske Alpe;2379;46,42902°N 13,71316°E;vrh;470020;88% (441. mesto);5;2;0;2;https://www.hribi.net/gora/travnik_pri_mojstrovkah/1/1327
1328;Kol;Slovenija;Julijske Alpe;2350;46,42756°N 13,70943°E;vrh;329383;76% (906. mesto);3;2;0;2;https://www.hribi.net/gora/kol/1/1328
1329;Prednje Robičje;Slovenija;Julijske Alpe;1941;46,44386°N 13,7445°E;vrh;347621;78% (841. mesto);5;2;0;3;https://www.hribi.net/gora/prednje_robicje/1/1329
1330;Kota 1313;Slovenija;Julijske Alpe;1313;46,36066°N 13,57516°E;vrh;398088;82% (671. mesto);2;1;1;6;https://www.hribi.net/gora/kota_1313/1/1330
1331;Jama Srnica;Slovenija;Julijske Alpe;550;46,33136°N 13,50243°E;Vremenska napoved:;254591;69% (1184. mesto);2;1;0;;https://www.hribi.net/gora/jama_srnica/1/1331
1332;Humčič;Slovenija;Julijske Alpe;810;46,3143°N 13,57605°E;Vremenska napoved:;227756;67% (1279. mesto);3;2;0;;https://www.hribi.net/gora/humcic/1/1332
1337;Mala Boka;Slovenija;Julijske Alpe;440;46,32128°N 13,49135°E;Vremenska napoved:;215704;65% (1333. mesto);1;1;0;;https://www.hribi.net/gora/mala_boka/1/1337
1338;Bivak Stuparich;Italija;Julijske Alpe;1587;46,44486°N 13,44788°E;bivak;241299;68% (1236. mesto);6;2;0;1;https://www.hribi.net/gora/bivak_stuparich/1/1338
1339;Bivak Suringar;Italija;Julijske Alpe;2430;46,43675°N 13,42831°E;bivak;336430;77% (884. mesto);1;2;0;;https://www.hribi.net/gora/bivak_suringar/1/1339
1341;Tolminska korita;Slovenija;Julijske Alpe;180;46,2005°N 13,7421°E;Vremenska napoved:;436621;86% (542. mesto);24;0;0;;https://www.hribi.net/gora/tolminska_korita/1/1341
1342;Špik nad Nosom / Foronon del Buinz;Italija;Julijske Alpe;2531;46,41788°N 13,46558°E;vrh, bivak;509939;91% (328. mesto);7;2;0;;https://www.hribi.net/gora/spik_nad_nosom___foronon_del_buinz/1/1342
1344;Vrh Brda / Cima Verde;Italija;Julijske Alpe;2661;46,43329°N 13,44233°E;vrh;461066;88% (464. mesto);2;1;0;;https://www.hribi.net/gora/vrh_brda___cima_verde/1/1344
1345;Planina Vodole;Slovenija;Kamniško Savinjske Alpe;1570;46,34459°N 14,67957°E;planina;287316;72% (1067. mesto);5;1;0;;https://www.hribi.net/gora/planina_vodole/3/1345
1346;Veliki vrh (Polovnik);Slovenija;Julijske Alpe;1768;46,29498°N 13,57129°E;Vremenska napoved:;376234;81% (735. mesto);5;1;0;;https://www.hribi.net/gora/veliki_vrh_polovnik/1/1346
1347;Lovska koča Na Utrci;Slovenija;Julijske Alpe;1500;46,39604°N 13,79424°E;Vremenska napoved:;237003;67% (1251. mesto);2;1;0;;https://www.hribi.net/gora/lovska_koca_na_utrci/1/1347
1348;Šplevta (Indijanec);Slovenija;Julijske Alpe;2382;46,4137°N 13,79895°E;vrh;393265;82% (688. mesto);3;2;0;;https://www.hribi.net/gora/splevta_indijanec/1/1348
1349;Kriški rob;Slovenija;Julijske Alpe;2366;46,40943°N 13,80196°E;vrh;389826;82% (698. mesto);4;2;0;1;https://www.hribi.net/gora/kriski_rob/1/1349
1350;Monte Avanza;Italija;Karnijske Alpe;2489;46,62649°N 12,7518°E;vrh;183579;62% (1456. mesto);4;1;0;;https://www.hribi.net/gora/monte_avanza/27/1350
1352;Rifugio Calvi;Italija;Karnijske Alpe;2164;46,62377°N 12,72694°E;koča, cerkev;126372;56% (1670. mesto);4;1;0;;https://www.hribi.net/gora/rifugio_calvi/27/1352
1353;Belvedere;Italija;Dolomiti;2650;46,47344°N 11,8633°E;vrh;132046;57% (1646. mesto);16;2;0;1;https://www.hribi.net/gora/belvedere/39/1353
1354;Porta Vescovo;Italija;Dolomiti;2478;46,47272°N 11,86742°E;koča, sedlo;111880;55% (1729. mesto);6;4;0;;https://www.hribi.net/gora/porta_vescovo/39/1354
1355;Piz Boe;Italija;Dolomiti;3152;46,50886°N 11,82832°E;vrh, koča;598547;95% (180. mesto);32;9;0;5;https://www.hribi.net/gora/piz_boe/39/1355
1356;Punta de Joel;Italija;Dolomiti;2945;46,50174°N 11,82352°E;vrh;84420;52% (1834. mesto);4;2;0;;https://www.hribi.net/gora/punta_de_joel/39/1356
1357;Sass de Forcia Occidentale;Italija;Dolomiti;2923;46,5004°N 11,81308°E;vrh;71085;51% (1884. mesto);1;2;0;;https://www.hribi.net/gora/sass_de_forcia_occidentale/39/1357
1358;Sass de Forcia di Mezzo;Italija;Dolomiti;2917;46,50016°N 11,81538°E;vrh;85627;52% (1827. mesto);3;2;0;;https://www.hribi.net/gora/sass_de_forcia_di_mezzo/39/1358
1359;Sass de Pordoi;Italija;Dolomiti;2950;46,5005°N 11,80752°E;vrh, koča;148133;59% (1588. mesto);10;1;0;;https://www.hribi.net/gora/sass_de_pordoi/39/1359
1360;Rifugio Forcella Pordoi;Italija;Dolomiti;2848;46,50167°N 11,81236°E;koča, sedlo;103955;54% (1757. mesto);2;2;0;1;https://www.hribi.net/gora/rifugio_forcella_pordoi/39/1360
1362;Monte Chiadenis;Italija;Karnijske Alpe;2459;46,62389°N 12,73171°E;vrh;174603;61% (1488. mesto);3;2;1;;https://www.hribi.net/gora/monte_chiadenis/27/1362
1363;Monte Peralba;Italija;Karnijske Alpe;2694;46,62969°N 12,72015°E;vrh;387594;82% (706. mesto);5;2;3;;https://www.hribi.net/gora/monte_peralba/27/1363
1364;Rifugio Pian dei Fiacconi;Italija;Dolomiti;2626;46,44601°N 11,86005°E;koča;114188;55% (1718. mesto);4;1;0;;https://www.hribi.net/gora/rifugio_pian_dei_fiacconi/39/1364
1365;Capanna al Ghiacciaio;Italija;Dolomiti;2700;46,44467°N 11,86118°E;koča;102851;54% (1762. mesto);3;1;0;;https://www.hribi.net/gora/capanna_al_ghiacciaio/39/1365
1366;Punta Penia (Marmolada);Italija;Dolomiti;3343;46,43454°N 11,85123°E;vrh, koča, bivak;571044;94% (227. mesto);33;4;0;;https://www.hribi.net/gora/punta_penia_marmolada/39/1366
1368;Škraplja;Italija, Slovenija;Julijske Alpe;1794;46,3853°N 13,5335°E;vrh;277740;71% (1098. mesto);10;1;0;;https://www.hribi.net/gora/skraplja/1/1368
1370;Briceljk;Slovenija;Julijske Alpe;2346;46,39508°N 13,63191°E;vrh;448425;87% (510. mesto);0;1;0;;https://www.hribi.net/gora/briceljk/1/1370
1371;Vrh Škrli;Slovenija;Julijske Alpe;1926;46,27426°N 13,74549°E;vrh;245240;68% (1223. mesto);3;2;0;1;https://www.hribi.net/gora/vrh_skrli/1/1371
1372;Kser;Slovenija;Julijske Alpe;1900;46,27221°N 13,74742°E;vrh;289510;72% (1059. mesto);1;2;0;1;https://www.hribi.net/gora/kser/1/1372
1373;Vrh Krnice;Italija;Julijske Alpe;2441;46,3652°N 13,43339°E;vrh;355293;79% (819. mesto);17;2;0;;https://www.hribi.net/gora/vrh_krnice/1/1373
1374;Bela peč/Monte Bila pec;Italija;Julijske Alpe;2146;46,37497°N 13,45582°E;vrh;412926;84% (619. mesto);4;1;1;;https://www.hribi.net/gora/bela_pec_monte_bila_pec/1/1374
1375;Planina Bala;Slovenija;Julijske Alpe;1181;46,3802°N 13,6375°E;planina;251908;69% (1196. mesto);3;1;0;;https://www.hribi.net/gora/planina_bala/1/1375
1376;Lovska koča Bala;Slovenija;Julijske Alpe;1300;46,3893°N 13,652°E;Vremenska napoved:;220932;66% (1309. mesto);3;1;0;;https://www.hribi.net/gora/lovska_koca_bala/1/1376
1377;Plešivec (Loška stena);Slovenija;Julijske Alpe;2184;46,4102°N 13,66046°E;vrh;402632;83% (658. mesto);4;2;0;1;https://www.hribi.net/gora/plesivec_loska_stena/1/1377
1379;Mali Ozebnik;Slovenija;Julijske Alpe;2324;46,4072°N 13,6686°E;vrh;290919;73% (1052. mesto);2;2;0;;https://www.hribi.net/gora/mali_ozebnik/1/1379
1380;Rutarski Vršič;Slovenija;Julijske Alpe;1699;46,4648°N 13,84688°E;vrh;345221;78% (850. mesto);4;2;1;1;https://www.hribi.net/gora/rutarski_vrsic/1/1380
1381;Široka peč;Slovenija;Julijske Alpe;2497;46,4438°N 13,84181°E;vrh;461763;88% (460. mesto);2;1;0;1;https://www.hribi.net/gora/siroka_pec/1/1381
1382;Mala Martuljška Ponca;Slovenija;Julijske Alpe;2501;46,44339°N 13,82059°E;vrh;436299;86% (543. mesto);1;1;1;;https://www.hribi.net/gora/mala_martuljska_ponca/1/1382
1383;Vrh Snežne konte;Slovenija;Julijske Alpe;2342;46,37691°N 13,85545°E;vrh;372979;80% (751. mesto);6;3;0;;https://www.hribi.net/gora/vrh_snezne_konte/1/1383
1384;Na Pečeh;Slovenija;Julijske Alpe;2039;46,44925°N 13,82499°E;vrh;321277;76% (936. mesto);3;1;0;;https://www.hribi.net/gora/na_peceh/1/1384
1385;Pri treh macesnih;Slovenija;Julijske Alpe;1810;46,44696°N 13,83911°E;Vremenska napoved:;340639;77% (872. mesto);5;1;0;;https://www.hribi.net/gora/pri_treh_macesnih/1/1385
1387;Črepič;Slovenija;Karavanke;798;46,44105°N 15,1661°E;vrh;189919;63% (1432. mesto);3;2;0;1;https://www.hribi.net/gora/crepic/11/1387
1388;Vernar;Slovenija;Julijske Alpe;2225;46,36116°N 13,86152°E;vrh;493744;90% (369. mesto);9;8;0;1;https://www.hribi.net/gora/vernar/1/1388
1390;Partizanska bolnica Krvavice;Slovenija;Goriško, Notranjsko in Snežniško hribovje;620;45,90518°N 14,48598°E;Vremenska napoved:;282885;72% (1079. mesto);6;1;0;;https://www.hribi.net/gora/partizanska_bolnica_krvavice/26/1390
1392;Mala Ojstrica;Slovenija;Kamniško Savinjske Alpe;2017;46,36083°N 14,65135°E;vrh;581150;95% (207. mesto);3;3;0;5;https://www.hribi.net/gora/mala_ojstrica/3/1392
1393;Sveta Marjeta pod Stolom;Slovenija;Julijske Alpe;973;46,2732°N 13,4377°E;cerkev;253756;69% (1187. mesto);1;1;0;2;https://www.hribi.net/gora/sveta_marjeta_pod_stolom/1/1393
1394;Gabrovec (Veliki Muzec);Slovenija;Julijske Alpe;1630;46,28907°N 13,41061°E;vrh;305502;74% (998. mesto);4;1;0;;https://www.hribi.net/gora/gabrovec_veliki_muzec/1/1394
1395;Breški Jalovec / Punta di Montemaggiore;Italija;Julijske Alpe;1613;46,28461°N 13,36944°E;vrh;372473;80% (753. mesto);9;4;0;1;https://www.hribi.net/gora/breski_jalovec___punta_di_montemaggiore/1/1395
1396;Ravna Gora;Hrvaška;Gorjanci, Medvednica in Medžimurje;694;46,28023°N 16,00012°E;vrh, koča, cerkev;345257;78% (849. mesto);6;8;0;;https://www.hribi.net/gora/ravna_gora/61/1396
1397;Sveti Avguštin;Slovenija;Pohorje, Dravinjske gorice in Haloze;504;46,2899°N 15,9339°E;vrh, cerkev;182833;62% (1461. mesto);6;4;0;;https://www.hribi.net/gora/sveti_avgustin/4/1397
1398;Jeruzalem;Slovenija;Strojna, Košenjak, Kozjak in Slovenske gorice;338;46,47636°N 16,18751°E;vrh, koča, cerkev;343633;78% (861. mesto);9;11;4;;https://www.hribi.net/gora/jeruzalem/162/1398
1399;Rotunda sv. Nikolaja (Selo);Slovenija;Prekmurje;251;46,731°N 16,2773°E;vrh, koča, cerkev;365003;80% (781. mesto);11;4;0;1;https://www.hribi.net/gora/rotunda_sv_nikolaja_selo/163/1399
1400;Vršič nad Bogojino;Slovenija;Prekmurje;246;46,68297°N 16,28028°E;vrh;128234;57% (1664. mesto);6;1;0;;https://www.hribi.net/gora/vrsic_nad_bogojino/163/1400
1401;Zavrh v Slovenskih goricah;Slovenija;Strojna, Košenjak, Kozjak in Slovenske gorice;370;46,53858°N 15,82664°E;vrh, koča;380603;81% (723. mesto);12;5;0;4;https://www.hribi.net/gora/zavrh_v_slovenskih_goricah/162/1401
1402;Hruška planina;Slovenija;Karavanke;1378;46,47578°N 14,01203°E;koča, planina;313670;75% (962. mesto);8;2;0;;https://www.hribi.net/gora/hruska_planina/11/1402
1403;Smolnik;Slovenija;Kamniško Savinjske Alpe;1002;46,25264°N 14,89098°E;vrh;213327;65% (1343. mesto);1;1;3;;https://www.hribi.net/gora/smolnik/3/1403
1406;Marija Snežna v Breginjskem kotu;Slovenija;Julijske Alpe;645;46,26577°N 13,42156°E;vrh, cerkev;174556;61% (1489. mesto);1;1;0;;https://www.hribi.net/gora/marija_snezna_v_breginjskem_kotu/1/1406
1407;Malnež;Slovenija;Karavanke;846;46,42881°N 14,1104°E;vrh;147569;58% (1591. mesto);8;1;0;;https://www.hribi.net/gora/malnez/11/1407
1409;Sveti Hieronim (na Nanosu);Slovenija;Goriško, Notranjsko in Snežniško hribovje;1020;45,7793°N 14,03613°E;cerkev;343854;78% (860. mesto);5;7;0;6;https://www.hribi.net/gora/sveti_hieronim_na_nanosu/26/1409
1410;Grmada (Nanos);Slovenija;Goriško, Notranjsko in Snežniško hribovje;1209;45,77751°N 14,0425°E;vrh;506435;91% (341. mesto);3;7;0;6;https://www.hribi.net/gora/grmada_nanos/26/1410
1411;Eko koča Nanos (Lovska koča Vojkovo);Slovenija;Goriško, Notranjsko in Snežniško hribovje;805;45,79634°N 14,01031°E;koča;249442;69% (1204. mesto);5;5;0;6;https://www.hribi.net/gora/eko_koca_nanos_lovska_koca_vojkovo/26/1411
1413;Topica/Topitza;Avstrija;Karavanke;1649;46,51639°N 14,67728°E;vrh;253215;69% (1191. mesto);6;3;0;;https://www.hribi.net/gora/topica_topitza/11/1413
1414;Turška jama v Gozdašnici;Slovenija;Karavanke;835;46,41031°N 14,1495°E;Vremenska napoved:;207387;64% (1367. mesto);3;1;0;;https://www.hribi.net/gora/turska_jama_v_gozdasnici/11/1414
1415;Smolnik;Slovenija;Karavanke;1075;46,41982°N 14,14404°E;vrh;415237;84% (610. mesto);4;2;3;10;https://www.hribi.net/gora/smolnik/11/1415
1416;Bivak Črna peč;Slovenija;Goriško, Notranjsko in Snežniško hribovje;830;45,92262°N 13,83436°E;bivak;219306;66% (1317. mesto);2;2;0;;https://www.hribi.net/gora/bivak_crna_pec/26/1416
1417;Veliko Cerje;Slovenija;Goriško, Notranjsko in Snežniško hribovje;343;45,87242°N 13,61607°E;vrh;294487;73% (1043. mesto);6;3;0;5;https://www.hribi.net/gora/veliko_cerje/26/1417
1418;Fajti hrib;Slovenija;Goriško, Notranjsko in Snežniško hribovje;433;45,86823°N 13,64284°E;vrh;321499;76% (934. mesto);4;2;0;3;https://www.hribi.net/gora/fajti_hrib/26/1418
1419;Veliki vrh (Črni hribi);Slovenija;Goriško, Notranjsko in Snežniško hribovje;463;45,86692°N 13,64951°E;vrh;134498;57% (1639. mesto);3;2;0;3;https://www.hribi.net/gora/veliki_vrh_crni_hribi/26/1419
1420;Renški vrh;Slovenija;Goriško, Notranjsko in Snežniško hribovje;449;45,86411°N 13,65991°E;vrh;166269;60% (1522. mesto);1;1;0;3;https://www.hribi.net/gora/renski_vrh/26/1420
1421;Vrtovka;Slovenija;Goriško, Notranjsko in Snežniško hribovje;502;45,86218°N 13,67029°E;vrh;116100;55% (1710. mesto);1;1;0;3;https://www.hribi.net/gora/vrtovka/26/1421
1422;Lešenjak;Slovenija;Goriško, Notranjsko in Snežniško hribovje;552;45,86116°N 13,67826°E;vrh;123595;56% (1677. mesto);1;1;0;3;https://www.hribi.net/gora/lesenjak/26/1422
1423;Stolovec;Slovenija;Goriško, Notranjsko in Snežniško hribovje;563;45,86074°N 13,6841°E;vrh;124825;56% (1675. mesto);1;1;0;3;https://www.hribi.net/gora/stolovec/26/1423
1424;Stol (Črni hribi);Slovenija;Goriško, Notranjsko in Snežniško hribovje;629;45,85884°N 13,69435°E;vrh;157136;59% (1555. mesto);1;1;0;3;https://www.hribi.net/gora/stol_crni_hribi/26/1424
1425;Straža;Slovenija;Polhograjsko hribovje in Ljubljana;395;46,111°N 14,51612°E;vrh;185669;62% (1446. mesto);2;2;0;1;https://www.hribi.net/gora/straza/5/1425
1429;Goli vrh (Cemarovnik);Slovenija;Goriško, Notranjsko in Snežniško hribovje;816;45,82713°N 14,3912°E;vrh;174838;61% (1485. mesto);4;1;0;;https://www.hribi.net/gora/goli_vrh_cemarovnik/26/1429
1430;Mazovnik (Golovec);Slovenija;Posavsko hribovje in Dolenjska;450;46,02989°N 14,55531°E;vrh;422822;85% (588. mesto);3;5;1;27;https://www.hribi.net/gora/mazovnik_golovec/25/1430
1431;Črni hrib (Golovec);Slovenija;Posavsko hribovje in Dolenjska;440;46,03268°N 14,55045°E;vrh;274231;71% (1110. mesto);2;5;3;6;https://www.hribi.net/gora/crni_hrib_golovec/25/1431
1435;Srednja gora (Hrušica);Slovenija;Goriško, Notranjsko in Snežniško hribovje;1275;45,8712°N 14,07192°E;vrh;267564;70% (1136. mesto);1;2;0;;https://www.hribi.net/gora/srednja_gora_hrusica/26/1435
1436;Streliški vrh (Hrušica);Slovenija;Goriško, Notranjsko in Snežniško hribovje;1266;45,87302°N 14,08718°E;vrh;296740;73% (1033. mesto);4;2;0;;https://www.hribi.net/gora/streliski_vrh_hrusica/26/1436
1438;Dom v Kamniški Bistrici;Slovenija;Kamniško Savinjske Alpe;600;46,3276°N 14,5893°E;koča, jezero, cerkev;431432;85% (557. mesto);7;2;1;8;https://www.hribi.net/gora/dom_v_kamniski_bistrici/3/1438
1439;Spodnji Plot;Slovenija;Karavanke;1682;46,4304°N 14,2377°E;vrh;312558;75% (969. mesto);6;3;0;1;https://www.hribi.net/gora/spodnji_plot/11/1439
1440;Javorov vrh (Pokljuka);Slovenija;Julijske Alpe;1482;46,32423°N 13,95066°E;vrh;455093;87% (480. mesto);3;1;0;1;https://www.hribi.net/gora/javorov_vrh_pokljuka/1/1440
1441;Čerga (Plešivica);Hrvaška;Gorjanci, Medvednica in Medžimurje;779;45,73715°N 15,66829°E;vrh;82136;52% (1844. mesto);7;2;0;;https://www.hribi.net/gora/cerga_plesivica/61/1441
1443;Svete gore;Slovenija;Posavsko hribovje in Dolenjska;527;46,04554°N 15,66112°E;vrh, cerkev;284979;72% (1072. mesto);23;8;1;2;https://www.hribi.net/gora/svete_gore/25/1443
1444;Poštak;Hrvaška;Dinara in Lika;1425;44,2552°N 16,111°E;vrh;95140;53% (1791. mesto);5;1;0;;https://www.hribi.net/gora/postak/62/1444
1445;Lavričeva koča na Gradišču;Slovenija;Posavsko hribovje in Dolenjska;510;45,96209°N 14,82234°E;vrh, koča, cerkev;509162;91% (332. mesto);4;2;0;9;https://www.hribi.net/gora/lavriceva_koca_na_gradiscu/25/1445
1446;Pristava nad Stično;Slovenija;Posavsko hribovje in Dolenjska;694;45,9894°N 14,8251°E;vrh;302340;73% (1016. mesto);4;2;0;1;https://www.hribi.net/gora/pristava_nad_sticno/25/1446
1447;Sveti Lambert;Slovenija;Posavsko hribovje in Dolenjska;643;45,9908°N 14,8187°E;vrh, cerkev;151328;59% (1576. mesto);2;2;0;2;https://www.hribi.net/gora/sveti_lambert/25/1447
1448;Špicasti vrh (Kislica);Slovenija;Karavanke;994;46,35735°N 15,30353°E;vrh;427914;85% (568. mesto);3;2;0;16;https://www.hribi.net/gora/spicasti_vrh_kislica/11/1448
1449;Sveti Lovrenc nad Zabreznico;Slovenija;Kamniško Savinjske Alpe;725;46,4021°N 14,1516°E;vrh, cerkev;290265;72% (1055. mesto);4;3;0;;https://www.hribi.net/gora/sveti_lovrenc_nad_zabreznico/3/1449
1450;Sveti Ahac (Kališe);Slovenija;Kamniško Savinjske Alpe;941;46,2646°N 14,6817°E;cerkev;212318;65% (1350. mesto);3;0;0;2;https://www.hribi.net/gora/sveti_ahac_kalise/3/1450
1451;Sveti Florjan nad Gornjim Gradom;Slovenija;Kamniško Savinjske Alpe;743;46,2913°N 14,8184°E;cerkev;174992;61% (1482. mesto);4;1;0;;https://www.hribi.net/gora/sveti_florjan_nad_gornjim_gradom/3/1451
1452;Špic;Slovenija;Kamniško Savinjske Alpe;1499;46,26402°N 14,82096°E;vrh;274442;71% (1108. mesto);4;1;0;3;https://www.hribi.net/gora/spic/3/1452
1453;Stari grad (Stari Osterberg);Slovenija;Posavsko hribovje in Dolenjska;443;46,06071°N 14,63422°E;vrh;225986;66% (1287. mesto);6;4;1;3;https://www.hribi.net/gora/stari_grad_stari_osterberg/25/1453
1454;Visoki hrib;Slovenija;Polhograjsko hribovje in Ljubljana;602;46,0408°N 14,3066°E;vrh;196754;63% (1404. mesto);2;2;0;;https://www.hribi.net/gora/visoki_hrib/5/1454
1455;Sveta planina (Partizanski vrh);Slovenija;Posavsko hribovje in Dolenjska;1011;46,1753°N 15,0227°E;vrh, koča, cerkev;481189;89% (411. mesto);14;7;0;2;https://www.hribi.net/gora/sveta_planina_partizanski_vrh/25/1455
1456;Brajkov vrh;Hrvaška;Gorski Kotar in Istra;1091;;vrh;65149;50% (1909. mesto);2;1;0;;https://www.hribi.net/gora/brajkov_vrh/33/1456
1457;Planinska koča Korita;Hrvaška;Gorski Kotar in Istra;1010;;koča;86098;52% (1825. mesto);2;0;0;;https://www.hribi.net/gora/planinska_koca_korita/33/1457
1458;Žbevnica;Hrvaška;Gorski Kotar in Istra;1014;45,45867°N 14,01401°E;vrh;261962;70% (1157. mesto);3;5;1;1;https://www.hribi.net/gora/zbevnica/33/1458
1460;Planinska koča Žbevnica;Hrvaška;Gorski Kotar in Istra;851;45,45528°N 14,01267°E;koča;73293;51% (1876. mesto);3;2;0;;https://www.hribi.net/gora/planinska_koca_zbevnica/33/1460
1462;Mokrc;Slovenija;Goriško, Notranjsko in Snežniško hribovje;1059;45,8941°N 14,5268°E;vrh;316812;75% (952. mesto);2;1;1;5;https://www.hribi.net/gora/mokrc/26/1462
1463;Perun;Hrvaška;Gorski Kotar in Istra;880;45,24698°N 14,21479°E;vrh;145969;58% (1598. mesto);34;3;0;;https://www.hribi.net/gora/perun/33/1463
1465;Gozdarska koča Pri logarnici;Slovenija;Goriško, Notranjsko in Snežniško hribovje;889;45,8884°N 14,5348°E;Vremenska napoved:;152453;59% (1573. mesto);4;1;0;;https://www.hribi.net/gora/gozdarska_koca_pri_logarnici/26/1465
1466;Medvedje Brdo;Slovenija;Goriško, Notranjsko in Snežniško hribovje;814;45,9695°N 14,1356°E;vrh, cerkev;399241;83% (668. mesto);8;6;0;;https://www.hribi.net/gora/medvedje_brdo/26/1466
1469;Izvir Ljubljanice (Močilnik);Slovenija;Goriško, Notranjsko in Snežniško hribovje;305;45,9543°N 14,2923°E;koča, cerkev;293901;73% (1045. mesto);7;0;0;1;https://www.hribi.net/gora/izvir_ljubljanice_mocilnik/26/1469
1470;Izvir Ljubljanice (Retovje);Slovenija;Goriško, Notranjsko in Snežniško hribovje;308;45,9518°N 14,2971°E;Vremenska napoved:;317851;75% (948. mesto);8;1;0;1;https://www.hribi.net/gora/izvir_ljubljanice_retovje/26/1470
1471;Ljubljanski vrh;Slovenija;Goriško, Notranjsko in Snežniško hribovje;819;45,93098°N 14,29832°E;vrh;326309;76% (916. mesto);1;1;0;;https://www.hribi.net/gora/ljubljanski_vrh/26/1471
1472;Prtovč;Slovenija;Škofjeloško, Cerkljansko hribovje in Jelovica;1011;46,228°N 14,1129°E;koča, cerkev;323433;76% (926. mesto);4;4;3;;https://www.hribi.net/gora/prtovc/21/1472
1473;Cerkev Loretske Matere Božje v Suši;Slovenija;Škofjeloško, Cerkljansko hribovje in Jelovica;560;46,2069°N 14,1197°E;cerkev;142521;58% (1607. mesto);2;1;0;;https://www.hribi.net/gora/cerkev_loretske_matere_bozje_v_susi/21/1473
1474;Žagarjev hlev v Grobljah;Slovenija;Škofjeloško, Cerkljansko hribovje in Jelovica;1035;46,2157°N 14,1057°E;bivak;142429;58% (1608. mesto);4;1;0;;https://www.hribi.net/gora/zagarjev_hlev_v_grobljah/21/1474
1475;Koča na Petrovem Brdu;Slovenija;Julijske Alpe;804;46,2154°N 13,999°E;koča, sedlo;370264;80% (757. mesto);10;1;0;1;https://www.hribi.net/gora/koca_na_petrovem_brdu/1/1475
1477;Krempa;Slovenija;Goriško, Notranjsko in Snežniško hribovje;944;45,53108°N 14,78095°E;vrh;211232;65% (1354. mesto);3;1;1;;https://www.hribi.net/gora/krempa/26/1477
1478;Krokar;Slovenija;Goriško, Notranjsko in Snežniško hribovje;1122;45,53661°N 14,7726°E;vrh;300120;73% (1020. mesto);4;1;0;;https://www.hribi.net/gora/krokar/26/1478
1479;Cerk;Slovenija;Goriško, Notranjsko in Snežniško hribovje;1192;45,5464°N 14,7642°E;vrh;218151;65% (1322. mesto);2;5;0;;https://www.hribi.net/gora/cerk/26/1479
1482;Kup;Slovenija;Julijske Alpe;1046;46,22006°N 13,99055°E;vrh;269593;71% (1130. mesto);10;2;2;;https://www.hribi.net/gora/kup/1/1482
1483;Kapunar;Slovenija;Strojna, Košenjak, Kozjak in Slovenske gorice;1051;46,6419°N 15,2525°E;vrh;325847;76% (918. mesto);5;11;3;;https://www.hribi.net/gora/kapunar/162/1483
1484;Lovčev bivak Pri Koucah;Slovenija;Julijske Alpe;1192;46,2306°N 13,9959°E;Vremenska napoved:;219381;66% (1316. mesto);4;2;0;;https://www.hribi.net/gora/lovcev_bivak_pri_koucah/1/1484
1485;Mitikas;Grčija;Olimp;2917;40,08291°N 22,3572°E;Ogledov: 337.975;337975;77% (881. mesto);6;2;0;;https://www.hribi.net/gora/mitikas/74/1485
1486;Vrh Bače;Slovenija;Julijske Alpe;1273;46,2367°N 13,9808°E;sedlo;393444;82% (687. mesto);11;3;1;1;https://www.hribi.net/gora/vrh_bace/1/1486
1488;Poljanski rob;Slovenija;Kamniško Savinjske Alpe;1569;46,28786°N 14,6528°E;vrh, planina;268889;70% (1131. mesto);6;3;0;;https://www.hribi.net/gora/poljanski_rob/3/1488
1489;Sveti Martin nad Brišami;Slovenija;Polhograjsko hribovje in Ljubljana;567;46,0492°N 14,2872°E;cerkev;168085;60% (1517. mesto);5;1;0;;https://www.hribi.net/gora/sveti_martin_nad_brisami/5/1489
1490;Kregovnik;Slovenija;Polhograjsko hribovje in Ljubljana;692;46,0796°N 14,3386°E;vrh;180383;62% (1467. mesto);2;1;0;1;https://www.hribi.net/gora/kregovnik/5/1490
1491;Mala Grmada;Slovenija;Polhograjsko hribovje in Ljubljana;853;46,08113°N 14,33017°E;vrh;309040;74% (988. mesto);2;4;1;3;https://www.hribi.net/gora/mala_grmada/5/1491
1493;Planinski dom na Ravneku;Slovenija;Polhograjsko hribovje in Ljubljana;522;46,0698°N 14,3213°E;koča;257252;69% (1174. mesto);3;1;1;;https://www.hribi.net/gora/planinski_dom_na_ravneku/5/1493
1494;Maloško poldne / Mallestiger Mittagskogel;Slovenija;Karavanke;1823;46,5228°N 13,88204°E;vrh;322388;76% (930. mesto);7;4;0;;https://www.hribi.net/gora/malosko_poldne___mallestiger_mittagskogel/11/1494
1495;Vojsko;Slovenija;Škofjeloško, Cerkljansko hribovje in Jelovica;1077;46,0239°N 13,9028°E;koča, planina, cerkev;410358;84% (625. mesto);5;6;2;;https://www.hribi.net/gora/vojsko/21/1495
1496;Hudournik;Slovenija;Škofjeloško, Cerkljansko hribovje in Jelovica;1148;46,0595°N 13,8787°E;vrh;282609;72% (1083. mesto);3;3;1;;https://www.hribi.net/gora/hudournik/21/1496
1498;Nemške glave;Italija;Julijske Alpe;1597;46,40844°N 13,57477°E;vrh;306003;74% (996. mesto);2;1;0;;https://www.hribi.net/gora/nemske_glave/1/1498
1499;Planina Javorje;Slovenija;Kamniško Savinjske Alpe;1594;46,41176°N 14,7649°E;planina;251816;69% (1197. mesto);3;2;0;;https://www.hribi.net/gora/planina_javorje/3/1499
1500;Planina Vodol;Slovenija;Kamniško Savinjske Alpe;1324;46,4257°N 14,7756°E;planina;163169;60% (1531. mesto);5;1;0;;https://www.hribi.net/gora/planina_vodol/3/1500
1501;Knezova planina (Planina Bela peč);Slovenija;Kamniško Savinjske Alpe;1350;46,42818°N 14,7811°E;planina, sedlo;168957;61% (1510. mesto);5;2;0;;https://www.hribi.net/gora/knezova_planina_planina_bela_pec/3/1501
1502;Koča na Pikovem;Slovenija;Karavanke;992;46,4886°N 14,8366°E;koča, cerkev;63022;50% (1917. mesto);15;8;1;;https://www.hribi.net/gora/koca_na_pikovem/11/1502
1503;Lavrovec;Slovenija;Polhograjsko hribovje in Ljubljana;890;46,02414°N 14,1884°E;vrh;302718;74% (1012. mesto);3;1;3;2;https://www.hribi.net/gora/lavrovec/5/1503
1504;Goli vrh;Slovenija;Polhograjsko hribovje in Ljubljana;962;46,0442°N 14,1756°E;vrh;339513;77% (878. mesto);1;2;7;1;https://www.hribi.net/gora/goli_vrh/5/1504
1505;Izvir Volaščice;Slovenija;Škofjeloško, Cerkljansko hribovje in Jelovica;650;46,1466°N 14,1004°E;Vremenska napoved:;158805;60% (1549. mesto);4;1;0;;https://www.hribi.net/gora/izvir_volascice/21/1505
1506;Leskovica;Slovenija;Škofjeloško, Cerkljansko hribovje in Jelovica;800;46,1475°N 14,0859°E;cerkev;162467;60% (1534. mesto);4;1;0;;https://www.hribi.net/gora/leskovica/21/1506
1507;Amariana;Italija;Karnijske Alpe;1905;46,40066°N 13,08029°E;vrh;273270;71% (1116. mesto);1;1;0;;https://www.hribi.net/gora/amariana/27/1507
1508;Titov vrh;Severna Makedonija;Šar planina;2747;;vrh;252819;69% (1193. mesto);16;0;0;;https://www.hribi.net/gora/titov_vrh/75/1508
1509;Magara;Severna Makedonija;Galičica;2245;;vrh;117307;55% (1705. mesto);11;0;0;;https://www.hribi.net/gora/magara/76/1509
1510;Crni Kamen;Severna Makedonija;Jablanica;2258;;vrh;117894;56% (1702. mesto);15;0;0;;https://www.hribi.net/gora/crni_kamen/77/1510
1511;Mala Golica;Slovenija;Karavanke;1646;46,4868°N 14,0729°E;vrh;253678;69% (1188. mesto);2;2;0;5;https://www.hribi.net/gora/mala_golica/11/1511
1514;Sveta Ana (Butajnova);Slovenija;Polhograjsko hribovje in Ljubljana;686;46,04166°N 14,23683°E;cerkev;275732;71% (1102. mesto);2;1;0;1;https://www.hribi.net/gora/sveta_ana_butajnova/5/1514
1515;Sveti Andrej (Planina nad Horjulom);Slovenija;Polhograjsko hribovje in Ljubljana;798;46,049°N 14,2137°E;vrh, cerkev;339688;77% (875. mesto);9;2;0;1;https://www.hribi.net/gora/sveti_andrej_planina_nad_horjulom/5/1515
1517;Rudnica;Slovenija;Julijske Alpe;946;46,28545°N 13,92079°E;vrh;471222;89% (436. mesto);14;8;1;2;https://www.hribi.net/gora/rudnica/1/1517
1519;Lovska koča na Brvogih;Slovenija;Karavanke;1425;46,4891°N 13,9673°E;Vremenska napoved:;223307;66% (1301. mesto);4;1;0;;https://www.hribi.net/gora/lovska_koca_na_brvogih/11/1519
1520;Božičev vrh / Boschitzberg;Avstrija;Karavanke;1228;;vrh;229652;67% (1274. mesto);0;1;0;;https://www.hribi.net/gora/bozicev_vrh___boschitzberg/11/1520
1523;Grosses Reisseck;Avstrija;Visoke Ture;2985;46,94733°N 13,36422°E;vrh;224363;66% (1294. mesto);3;1;0;;https://www.hribi.net/gora/grosses_reisseck/57/1523
1524;Lovska koča Črnevka;Slovenija;Kamniško Savinjske Alpe;1300;46,33123°N 14,56422°E;Vremenska napoved:;122054;56% (1683. mesto);2;1;0;;https://www.hribi.net/gora/lovska_koca_crnevka/3/1524
1525;Kogel;Slovenija;Kamniško Savinjske Alpe;2100;46,35502°N 14,55563°E;vrh;502348;91% (358. mesto);9;1;0;;https://www.hribi.net/gora/kogel/3/1525
1527;Planina Ravna;Italija;Julijske Alpe;1515;46,4851°N 13,467°E;bivak, planina, cerkev;183320;62% (1458. mesto);10;2;0;;https://www.hribi.net/gora/planina_ravna/1/1527
1528;Planina Strehica;Italija;Julijske Alpe;1359;46,4876°N 13,4552°E;planina;158226;60% (1551. mesto);9;2;0;;https://www.hribi.net/gora/planina_strehica/1/1528
1529;Veliki Nabojs / Monte Nabois grande;Italija;Julijske Alpe;2313;46,43913°N 13,48831°E;vrh;408982;84% (629. mesto);9;2;0;1;https://www.hribi.net/gora/veliki_nabojs___monte_nabois_grande/1/1529
1530;Rifugio Pellarini;Italija;Julijske Alpe;1499;46,44064°N 13,50833°E;koča;278947;71% (1093. mesto);2;1;1;1;https://www.hribi.net/gora/rifugio_pellarini/1/1530
1531;Lastovec;Slovenija;Kamniško Savinjske Alpe;1841;46,33694°N 14,66039°E;vrh;314748;75% (957. mesto);1;1;0;;https://www.hribi.net/gora/lastovec/3/1531
1532;Lučka Brana (Baba);Slovenija;Kamniško Savinjske Alpe;2331;46,3598°N 14,625°E;vrh;481847;89% (407. mesto);1;1;0;3;https://www.hribi.net/gora/lucka_brana_baba/3/1532
1533;Kugelč (Šentjošt nad Horjulom);Slovenija;Polhograjsko hribovje in Ljubljana;666;46,0312°N 14,2207°E;vrh, planina, cerkev;258305;69% (1169. mesto);5;2;0;1;https://www.hribi.net/gora/kugelc_sentjost_nad_horjulom/5/1533
1534;Koča na Kavcu;Slovenija;Goriško, Notranjsko in Snežniško hribovje;730;45,9227°N 14,4416°E;Vremenska napoved:;242197;68% (1234. mesto);5;1;0;;https://www.hribi.net/gora/koca_na_kavcu/26/1534
1535;Rjavčki vrh (Planinšca);Slovenija;Kamniško Savinjske Alpe;1898;46,36602°N 14,62707°E;vrh;346106;78% (848. mesto);3;3;0;;https://www.hribi.net/gora/rjavcki_vrh_planinsca/3/1535
1536;Javoršček;Slovenija;Julijske Alpe;1557;46,3141°N 13,5976°E;vrh;399388;83% (667. mesto);5;2;1;;https://www.hribi.net/gora/javorscek/1/1536
1537;Dom na Matajure;Italija;Julijske Alpe;1545;46,20924°N 13,52503°E;koča;368238;80% (767. mesto);2;2;0;3;https://www.hribi.net/gora/dom_na_matajure/1/1537
1538;Vrh nad Vodeno Rupo;Slovenija;Julijske Alpe;1995;46,3261°N 13,7915°E;vrh;204187;64% (1378. mesto);3;1;0;;https://www.hribi.net/gora/vrh_nad_vodeno_rupo/1/1538
1539;Vrh Hribaric;Slovenija;Julijske Alpe;2388;46,34958°N 13,81831°E;vrh;366991;80% (773. mesto);4;4;0;1;https://www.hribi.net/gora/vrh_hribaric/1/1539
1540;Vršaki (Vzhodni vrh);Slovenija;Julijske Alpe;2448;46,35093°N 13,80816°E;vrh;327945;76% (909. mesto);5;4;1;;https://www.hribi.net/gora/vrsaki_vzhodni_vrh/1/1540
1541;Vršaki (Srednji vrh);Slovenija;Julijske Alpe;2424;46,35035°N 13,80623°E;vrh;311293;75% (974. mesto);3;2;0;1;https://www.hribi.net/gora/vrsaki_srednji_vrh/1/1541
1542;Vršaki (Vrh za Koritami);Slovenija;Julijske Alpe;2422;46,34928°N 13,80314°E;vrh;216652;65% (1327. mesto);2;2;0;1;https://www.hribi.net/gora/vrsaki_vrh_za_koritami/1/1542
1543;Vršaki (Južni vrh);Slovenija;Julijske Alpe;2431;46,3475°N 13,8024°E;vrh;249833;69% (1203. mesto);3;2;0;1;https://www.hribi.net/gora/vrsaki_juzni_vrh/1/1543
1544;Kanjavec (Zahodni vrh);Slovenija;Julijske Alpe;2569;46,36001°N 13,80751°E;vrh;397070;82% (674. mesto);4;4;0;;https://www.hribi.net/gora/kanjavec_zahodni_vrh/1/1544
1545;Teme (Hribarice);Slovenija;Julijske Alpe;2495;46,35733°N 13,8043°E;vrh;364740;80% (785. mesto);3;3;0;1;https://www.hribi.net/gora/teme_hribarice/1/1545
1546;Poprovec;Slovenija;Julijske Alpe;2496;46,35583°N 13,80273°E;vrh;374121;81% (745. mesto);7;3;0;1;https://www.hribi.net/gora/poprovec/1/1546
1547;Planina Blato;Slovenija;Julijske Alpe;1147;46,314°N 13,8491°E;planina;560450;94% (242. mesto);4;1;0;;https://www.hribi.net/gora/planina_blato/1/1547
1551;Kamnitnik;Slovenija;Karavanke;1858;46,4507°N 14,1297°E;vrh;282078;72% (1085. mesto);3;2;0;2;https://www.hribi.net/gora/kamnitnik/11/1551
1552;Zabreška planina;Slovenija;Karavanke;1225;46,4187°N 14,1627°E;planina;373293;80% (748. mesto);7;2;0;5;https://www.hribi.net/gora/zabreska_planina/11/1552
1553;Velika Bavha / Monte Robon;Italija;Julijske Alpe;1980;46,38591°N 13,5137°E;vrh;321301;76% (935. mesto);3;3;0;;https://www.hribi.net/gora/velika_bavha___monte_robon/1/1553
1554;Speleološki bivak Modonutti - Savoia;Italija;Julijske Alpe;1908;46,3845°N 13,5155°E;bivak, sedlo;221256;66% (1308. mesto);4;3;0;;https://www.hribi.net/gora/speleoloski_bivak_modonutti_-_savoia/1/1554
1560;Polinik;Avstrija;Visoke Ture;2784;46,89516°N 13,15797°E;vrh;185586;62% (1447. mesto);1;1;0;;https://www.hribi.net/gora/polinik/57/1560
1561;Gontarska planina;Slovenija;Polhograjsko hribovje in Ljubljana;894;46,11408°N 14,33757°E;vrh;418269;84% (604. mesto);2;2;2;4;https://www.hribi.net/gora/gontarska_planina/5/1561
1562;Strma peč / Monte Cimone;Italija;Julijske Alpe;2380;46,42387°N 13,38607°E;vrh;445181;86% (521. mesto);11;2;0;;https://www.hribi.net/gora/strma_pec___monte_cimone/1/1562
1563;Rysy;Poljska, Slovaška;Visoke Tatre;2503;49,17929°N 20,08846°E;vrh;319779;75% (940. mesto);14;2;0;;https://www.hribi.net/gora/rysy/78/1563
1565;Ebeneck;Avstrija;Visoke Ture;2131;46,90788°N 13,17617°E;vrh;92512;53% (1801. mesto);4;1;0;;https://www.hribi.net/gora/ebeneck/57/1565
1566;Monte Pramaggiore;Italija;Karnijske Alpe;2478;46,36459°N 12,55378°E;vrh;172821;61% (1499. mesto);3;1;0;;https://www.hribi.net/gora/monte_pramaggiore/27/1566
1568;Hochstadelhaus;Avstrija;Lienški Dolomiti;1780;46,7585°N 12,8897°E;koča, planina;67559;50% (1899. mesto);8;2;0;;https://www.hribi.net/gora/hochstadelhaus/68/1568
1569;Hochstadel;Avstrija;Lienški Dolomiti;2681;46,7601°N 12,8568°E;vrh;169137;61% (1509. mesto);6;3;0;;https://www.hribi.net/gora/hochstadel/68/1569
1570;Rudnigkofel;Avstrija;Lienški Dolomiti;2283;46,76199°N 12,87185°E;vrh;62832;50% (1918. mesto);5;1;0;;https://www.hribi.net/gora/rudnigkofel/68/1570
1572;Sveti Vid;Hrvaška;Biokovo in Dalmacija;639;43,4163°N 16,7623°E;cerkev;111585;55% (1730. mesto);4;1;1;;https://www.hribi.net/gora/sveti_vid/64/1572
1573;Rifugio Berti al Popera;Italija;Dolomiti;1950;46,631°N 12,4059°E;koča;69555;51% (1891. mesto);2;1;0;;https://www.hribi.net/gora/rifugio_berti_al_popera/39/1573
1574;Croda Sora I Colesei / Arzalpenkopf;Italija;Dolomiti;2321;46,6438°N 12,4063°E;vrh;76730;51% (1861. mesto);6;2;0;;https://www.hribi.net/gora/croda_sora_i_colesei___arzalpenkopf/39/1574
1575;Belvedere (Creston Popera);Italija;Dolomiti;2125;46,6374°N 12,4051°E;vrh;50881;49% (1969. mesto);2;1;0;;https://www.hribi.net/gora/belvedere_creston_popera/39/1575
1576;Col Galina;Italija;Dolomiti;2372;46,5088°N 12,0118°E;vrh;70147;51% (1889. mesto);2;1;0;;https://www.hribi.net/gora/col_galina/39/1576
1577;Punta Fanes Sud;Italija;Dolomiti;2980;46,54616°N 12,01844°E;vrh;106036;54% (1751. mesto);9;1;0;;https://www.hribi.net/gora/punta_fanes_sud/39/1577
1578;Vršiči;Slovenija;Kamniško Savinjske Alpe;1980;46,34559°N 14,63695°E;vrh;335913;77% (885. mesto);3;1;0;;https://www.hribi.net/gora/vrsici/3/1578
1579;Vežica;Slovenija;Kamniško Savinjske Alpe;1965;46,3446°N 14,63356°E;vrh;316481;75% (954. mesto);2;1;0;;https://www.hribi.net/gora/vezica/3/1579
1580;Torre di Toblin / Toblinger Knoten;Italija;Dolomiti;2617;46,64203°N 12,30781°E;vrh;241921;68% (1235. mesto);11;3;0;;https://www.hribi.net/gora/torre_di_toblin___toblinger_knoten/39/1580
1581;Sasso di Sesto / Sextnerstein;Italija;Dolomiti;2539;46,63905°N 12,30816°E;vrh;179454;62% (1470. mesto);4;2;0;1;https://www.hribi.net/gora/sasso_di_sesto___sextnerstein/39/1581
1582;Rifugio Fondo Valle / Talschlußhütte;Italija;Dolomiti;1548;46,65144°N 12,35374°E;koča;57836;49% (1939. mesto);1;1;0;;https://www.hribi.net/gora/rifugio_fondo_valle___talschlusshutte/39/1582
1583;Rifugio Comici / Zsigmondy Hütte;Italija;Dolomiti;2224;46,62838°N 12,3574°E;koča;93248;53% (1798. mesto);7;1;0;;https://www.hribi.net/gora/rifugio_comici___zsigmondy_hutte/39/1583
1584;Izvir Bohinjske Bistrice;Slovenija;Julijske Alpe;630;46,25617°N 13,92326°E;slap;303958;74% (1004. mesto);4;1;0;;https://www.hribi.net/gora/izvir_bohinjske_bistrice/1/1584
1585;Lokovnikov Grintovec / Grintoutz;Avstrija, Slovenija;Karavanke;1809;46,44547°N 14,3001°E;vrh;345080;78% (852. mesto);7;5;0;;https://www.hribi.net/gora/lokovnikov_grintovec___grintoutz/11/1585
1586;Planina Klom;Slovenija;Škofjeloško, Cerkljansko hribovje in Jelovica;1500;46,2471°N 14,0965°E;planina;312911;75% (966. mesto);7;3;0;;https://www.hribi.net/gora/planina_klom/21/1586
1587;Najvišji rob (Zeleniške špice);Slovenija;Kamniško Savinjske Alpe;2127;46,35192°N 14,62094°E;vrh;526040;92% (298. mesto);4;2;0;4;https://www.hribi.net/gora/najvisji_rob_zeleniske_spice/3/1587
1589;Ribenska gora;Slovenija;Julijske Alpe;588;;vrh;183743;62% (1452. mesto);4;1;0;;https://www.hribi.net/gora/ribenska_gora/1/1589
1590;Rdeči rob;Slovenija;Julijske Alpe;1913;46,25016°N 13,69624°E;vrh;390887;82% (695. mesto);8;3;0;1;https://www.hribi.net/gora/rdeci_rob/1/1590
1591;Planina Črča;Slovenija;Julijske Alpe;800;46,2359°N 13,7113°E;planina;197397;63% (1399. mesto);2;1;0;;https://www.hribi.net/gora/planina_crca/1/1591
1592;Planina Laška seč;Slovenija;Julijske Alpe;1000;46,2353°N 13,7055°E;planina;236131;67% (1254. mesto);3;1;0;;https://www.hribi.net/gora/planina_laska_sec/1/1592
1593;Planina Medrja;Slovenija;Julijske Alpe;1133;46,2329°N 13,7013°E;planina;216006;65% (1330. mesto);3;1;0;;https://www.hribi.net/gora/planina_medrja/1/1593
1594;Planina Sleme;Slovenija;Julijske Alpe;1448;46,2429°N 13,6918°E;planina, sedlo;371206;80% (756. mesto);3;2;0;;https://www.hribi.net/gora/planina_sleme/1/1594
1595;Srednji vrh (nad jezerom v Lužnici);Slovenija;Julijske Alpe;2032;46,26013°N 13,67734°E;vrh;344699;78% (855. mesto);4;3;0;1;https://www.hribi.net/gora/srednji_vrh_nad_jezerom_v_luznici/1/1595
1601;Planina Dobrenjščica;Slovenija;Julijske Alpe;1304;46,2643°N 13,7384°E;planina;284978;72% (1073. mesto);9;2;0;;https://www.hribi.net/gora/planina_dobrenjscica/1/1601
1602;Brod na Muri (Melinci);Slovenija;Strojna, Košenjak, Kozjak in Slovenske gorice;175;;Ogledov: 196.896;196896;63% (1403. mesto);4;1;0;;https://www.hribi.net/gora/brod_na_muri_melinci/162/1602
1603;Sveti križ na Hribcu;Slovenija;Polhograjsko hribovje in Ljubljana;380;46,1623°N 14,3133°E;Vremenska napoved:;160184;60% (1544. mesto);2;1;0;;https://www.hribi.net/gora/sveti_kriz_na_hribcu/5/1603
1604;Planina v Plazeh;Slovenija;Julijske Alpe;1548;46,352°N 13,7317°E;planina, sedlo;244762;68% (1226. mesto);5;2;0;;https://www.hribi.net/gora/planina_v_plazeh/1/1604
1605;Čisti vrh;Slovenija;Julijske Alpe;1875;46,3556°N 13,7523°E;vrh;395958;82% (677. mesto);3;1;0;;https://www.hribi.net/gora/cisti_vrh/1/1605
1607;Mali Javornik (Javorniki);Slovenija;Goriško, Notranjsko in Snežniško hribovje;1219;45,76421°N 14,27927°E;vrh;292185;73% (1050. mesto);1;2;0;;https://www.hribi.net/gora/mali_javornik_javorniki/26/1607
1608;Pečna reber;Slovenija;Goriško, Notranjsko in Snežniško hribovje;763;45,77868°N 14,23004°E;vrh, koča;300456;73% (1019. mesto);7;1;0;3;https://www.hribi.net/gora/pecna_reber/26/1608
1610;Račka vrata;Slovenija;Kamniško Savinjske Alpe;1450;;Ogledov: 268.657;268657;70% (1132. mesto);8;1;0;;https://www.hribi.net/gora/racka_vrata/3/1610
1611;Sveti Florijan (Tehovec);Slovenija;Polhograjsko hribovje in Ljubljana;685;46,1136°N 14,366°E;vrh, cerkev;263648;70% (1149. mesto);7;4;0;12;https://www.hribi.net/gora/sveti_florijan_tehovec/5/1611
1612;Šmarjetna glava;Slovenija;Julijske Alpe;2358;46,36433°N 13,82715°E;vrh;395322;82% (680. mesto);4;4;0;;https://www.hribi.net/gora/smarjetna_glava/1/1612
1614;Vrh Leh;Slovenija;Julijske Alpe;1958;46,35786°N 13,64824°E;vrh;207607;64% (1365. mesto);3;1;0;1;https://www.hribi.net/gora/vrh_leh/1/1614
1615;Pri Banderi;Slovenija;Julijske Alpe;1974;46,35512°N 13,64484°E;vrh;203608;64% (1381. mesto);4;1;0;;https://www.hribi.net/gora/pri_banderi/1/1615
1616;Vrh Ovčje planje;Slovenija;Julijske Alpe;1965;46,35453°N 13,64104°E;vrh;261062;70% (1161. mesto);7;1;0;;https://www.hribi.net/gora/vrh_ovcje_planje/1/1616
1617;Cerkovni vrh;Slovenija;Škofjeloško, Cerkljansko hribovje in Jelovica;804;46,02259°N 14,01728°E;vrh;168321;60% (1514. mesto);1;2;0;;https://www.hribi.net/gora/cerkovni_vrh/21/1617
1618;Planina nad Sočo;Slovenija;Julijske Alpe;1400;46,3522°N 13,6587°E;planina;278872;71% (1094. mesto);4;1;0;;https://www.hribi.net/gora/planina_nad_soco/1/1618
1620;Planina Dolžanka;Slovenija;Karavanke;1090;46,4125°N 14,3376°E;planina;219837;66% (1313. mesto);2;1;0;;https://www.hribi.net/gora/planina_dolzanka/11/1620
1621;Vevnica;Italija, Slovenija;Julijske Alpe;2342;46,43963°N 13,68566°E;vrh;483287;90% (402. mesto);2;1;0;;https://www.hribi.net/gora/vevnica/1/1621
1622;Strug;Italija, Slovenija;Julijske Alpe;2265;46,4441°N 13,6939°E;vrh;395177;82% (682. mesto);3;1;0;;https://www.hribi.net/gora/strug/1/1622
1623;Spodnji Stenar;Slovenija;Julijske Alpe;2356;46,40552°N 13,81764°E;vrh;320402;76% (938. mesto);2;1;0;2;https://www.hribi.net/gora/spodnji_stenar/1/1623
1624;Krsteniški Stog;Slovenija;Julijske Alpe;1879;46,33138°N 13,84906°E;vrh;321785;76% (933. mesto);8;2;0;;https://www.hribi.net/gora/krsteniski_stog/1/1624
1625;Krnčica;Slovenija;Julijske Alpe;2142;46,28178°N 13,65087°E;vrh;466216;88% (451. mesto);13;3;1;;https://www.hribi.net/gora/krncica/1/1625
1626;Rigeljc;Slovenija;Julijske Alpe;1768;46,3015°N 13,80021°E;vrh;212919;65% (1345. mesto);2;1;0;;https://www.hribi.net/gora/rigeljc/1/1626
1627;Stadorski Orliči;Slovenija;Julijske Alpe;1782;46,30234°N 13,80327°E;vrh;212655;65% (1348. mesto);5;1;0;;https://www.hribi.net/gora/stadorski_orlici/1/1627
1628;Vrtec;Slovenija;Julijske Alpe;1809;46,30517°N 13,8063°E;vrh;275803;71% (1101. mesto);4;1;0;;https://www.hribi.net/gora/vrtec/1/1628
1629;Špik nad Planjo / Punta Plagnis;Italija;Julijske Alpe;2411;46,41479°N 13,48343°E;vrh;310533;74% (977. mesto);10;1;0;1;https://www.hribi.net/gora/spik_nad_planjo___punta_plagnis/1/1629
1630;Keeskopf;Avstrija;Visoke Ture;3081;46,95097°N 12,76233°E;vrh;208122;64% (1363. mesto);4;1;0;;https://www.hribi.net/gora/keeskopf/57/1630
1631;Lovska koča Štepih;Slovenija;Karavanke;825;46,3385°N 15,364°E;Vremenska napoved:;269861;71% (1129. mesto);4;4;0;4;https://www.hribi.net/gora/lovska_koca_stepih/11/1631
1632;Tromejnik;Avstrija, Madžarska, Slovenija;Prekmurje;390;46,8691°N 16,1138°E;vrh;274719;71% (1107. mesto);10;10;0;3;https://www.hribi.net/gora/tromejnik/163/1632
1634;Vrh Krnega dola / Monte Cregnedul;Italija;Julijske Alpe;2351;46,41377°N 13,48543°E;vrh;272011;71% (1122. mesto);5;1;0;;https://www.hribi.net/gora/vrh_krnega_dola___monte_cregnedul/1/1634
1635;Grad Grad na Goričkem;Slovenija;Prekmurje;370;46,8002°N 16,0959°E;vrh, cerkev;185375;62% (1449. mesto);9;3;0;;https://www.hribi.net/gora/grad_grad_na_gorickem/163/1635
1636;Serdiški breg (Rdeči breg);Slovenija;Prekmurje;416;46,83036°N 16,0133°E;vrh;203115;64% (1384. mesto);15;8;0;;https://www.hribi.net/gora/serdiski_breg_rdeci_breg/163/1636
1637;Sotinski breg (Kugla);Slovenija;Prekmurje;418;46,836°N 16,0305°E;vrh;373035;80% (750. mesto);20;7;0;1;https://www.hribi.net/gora/sotinski_breg_kugla/163/1637
1638;Lomnik;Slovenija;Posavsko hribovje in Dolenjska;609;;vrh;112006;55% (1726. mesto);0;0;0;;https://www.hribi.net/gora/lomnik/25/1638
1639;Škednjovec;Slovenija;Julijske Alpe;2309;46,34943°N 13,82479°E;vrh;405871;83% (643. mesto);17;2;0;;https://www.hribi.net/gora/skednjovec/1/1639
1640;Gradišče (nad Spodnjo Idrijo);Slovenija;Škofjeloško, Cerkljansko hribovje in Jelovica;998;46,0443°N 14,0414°E;vrh;194691;63% (1411. mesto);7;5;0;;https://www.hribi.net/gora/gradisce_nad_spodnjo_idrijo/21/1640
1641;Bistriška planina;Slovenija;Kamniško Savinjske Alpe;1057;46,38024°N 14,2748°E;planina, sedlo;461120;88% (463. mesto);19;6;1;5;https://www.hribi.net/gora/bistriska_planina/3/1641
1642;Breška planina;Slovenija;Kamniško Savinjske Alpe;1100;46,3804°N 14,2695°E;planina;256214;69% (1180. mesto);3;3;0;1;https://www.hribi.net/gora/breska_planina/3/1642
1647;Sveti Janez Krstnik na Ojstrici;Slovenija;Strojna, Košenjak, Kozjak in Slovenske gorice;982;46,6195°N 15,0357°E;cerkev;197148;63% (1400. mesto);8;1;0;2;https://www.hribi.net/gora/sveti_janez_krstnik_na_ojstrici/162/1647
1648;Matkova kopa;Avstrija, Slovenija;Kamniško Savinjske Alpe;1957;46,39227°N 14,58598°E;vrh;399493;83% (666. mesto);5;1;0;;https://www.hribi.net/gora/matkova_kopa/3/1648
1649;Goljek;Slovenija;Polhograjsko hribovje in Ljubljana;809;46,08606°N 14,35638°E;vrh;284755;72% (1074. mesto);11;4;1;2;https://www.hribi.net/gora/goljek/5/1649
1650;Plešivška kopa (Kozarnica);Slovenija;Karavanke;1414;46,48337°N 14,99691°E;vrh;120363;56% (1693. mesto);6;1;0;;https://www.hribi.net/gora/plesivska_kopa_kozarnica/11/1650
1651;Golčaj;Slovenija;Posavsko hribovje in Dolenjska;690;46,1709°N 14,80643°E;vrh, cerkev;303260;74% (1010. mesto);9;4;1;3;https://www.hribi.net/gora/golcaj/25/1651
1652;Špilk;Slovenija;Posavsko hribovje in Dolenjska;956;46,2006°N 14,819°E;vrh, bivak;364161;79% (789. mesto);8;3;1;5;https://www.hribi.net/gora/spilk/25/1652
1653;Časov vrh;Slovenija;Karavanke;821;46,4418°N 15,1521°E;vrh;116266;55% (1709. mesto);1;1;0;1;https://www.hribi.net/gora/casov_vrh/11/1653
1654;Fričev vrh;Slovenija;Karavanke;881;46,44065°N 15,14592°E;vrh;195684;63% (1408. mesto);5;2;3;1;https://www.hribi.net/gora/fricev_vrh/11/1654
1655;Sveti Rupert (Završe);Slovenija;Karavanke;815;46,42751°N 15,1481°E;vrh, koča, cerkev;139420;58% (1622. mesto);7;2;0;1;https://www.hribi.net/gora/sveti_rupert_zavrse/11/1655
1656;Sveti Vid (Završe);Slovenija;Karavanke;808;46,422°N 15,159°E;vrh, cerkev;139394;58% (1623. mesto);3;2;0;1;https://www.hribi.net/gora/sveti_vid_zavrse/11/1656
1657;Blekova planina;Avstrija, Slovenija;Karavanke;1629;46,5183°N 13,8324°E;bivak, planina, sedlo;292588;73% (1048. mesto);13;3;0;1;https://www.hribi.net/gora/blekova_planina/11/1657
1658;Zajčnik;Avstrija, Slovenija;Karavanke;1746;46,515°N 13,8291°E;vrh;237494;67% (1248. mesto);5;3;0;;https://www.hribi.net/gora/zajcnik/11/1658
1659;Jureževa planina;Slovenija;Karavanke;1488;46,503°N 13,8256°E;planina;225415;66% (1293. mesto);3;1;0;;https://www.hribi.net/gora/jurezeva_planina/11/1659
1660;Golem Korab / Maja e Korabit;Albanija, Severna Makedonija;Jablanica;2764;41,79013°N 20,54709°E;vrh;277893;71% (1097. mesto);6;1;0;;https://www.hribi.net/gora/golem_korab___maja_e_korabit/77/1660
1661;Sveta Katarina (Topol);Slovenija;Polhograjsko hribovje in Ljubljana;738;46,0965°N 14,3765°E;cerkev;644371;96% (139. mesto);6;9;0;4;https://www.hribi.net/gora/sveta_katarina_topol/5/1661
1662;Visoka špica;Slovenija;Posavsko hribovje in Dolenjska;660;46,21972°N 14,62265°E;vrh;309670;74% (982. mesto);4;3;2;2;https://www.hribi.net/gora/visoka_spica/25/1662
1663;Sveti Tomaž (Planinca);Slovenija;Goriško, Notranjsko in Snežniško hribovje;572;45,9558°N 14,447°E;cerkev;205711;64% (1372. mesto);2;3;0;3;https://www.hribi.net/gora/sveti_tomaz_planinca/26/1663
1669;Kuren (Sveti Miklavž);Slovenija;Goriško, Notranjsko in Snežniško hribovje;526;45,9791°N 14,2658°E;koča, cerkev;163714;60% (1528. mesto);6;1;0;1;https://www.hribi.net/gora/kuren_sveti_miklavz/26/1669
1673;Rotovc;Slovenija;Goriško, Notranjsko in Snežniško hribovje;964;45,8941°N 14,4559°E;vrh;289661;72% (1057. mesto);7;4;1;;https://www.hribi.net/gora/rotovc/26/1673
1674;Petelinjsko jezero;Slovenija;Goriško, Notranjsko in Snežniško hribovje;530;45,707°N 14,2283°E;jezero;183733;62% (1453. mesto);7;1;0;;https://www.hribi.net/gora/petelinjsko_jezero/26/1674
1676;Kozjek;Slovenija;Karavanke;766;;vrh;120833;56% (1689. mesto);5;3;0;;https://www.hribi.net/gora/kozjek/11/1676
1678;Grad Žovnek;Slovenija;Kamniško Savinjske Alpe;409;46,2763°N 15,0041°E;vrh;318662;75% (943. mesto);10;2;0;2;https://www.hribi.net/gora/grad_zovnek/3/1678
1679;Vrhe;Slovenija;Kamniško Savinjske Alpe;965;46,2793°N 14,96372°E;vrh;182710;62% (1462. mesto);1;6;0;2;https://www.hribi.net/gora/vrhe/3/1679
1680;Sveta Mati Božja na Čreti;Slovenija;Kamniško Savinjske Alpe;944;46,2789°N 14,9609°E;cerkev;177652;61% (1476. mesto);6;6;0;3;https://www.hribi.net/gora/sveta_mati_bozja_na_creti/3/1680
1682;Plesišče;Slovenija;Julijske Alpe;1790;46,35339°N 13,90453°E;vrh;302640;74% (1013. mesto);2;1;0;5;https://www.hribi.net/gora/plesisce/1/1682
1683;Golič;Slovenija;Goriško, Notranjsko in Snežniško hribovje;890;45,49142°N 13,97161°E;vrh;373121;80% (749. mesto);11;5;1;2;https://www.hribi.net/gora/golic/26/1683
1684;Visoka glava;Slovenija;Julijske Alpe;1822;46,3152°N 13,8012°E;vrh;202459;64% (1388. mesto);4;1;0;;https://www.hribi.net/gora/visoka_glava/1/1684
1685;Štor;Slovenija;Škofjeloško, Cerkljansko hribovje in Jelovica;1005;46,1093°N 14,05513°E;vrh;167863;60% (1518. mesto);2;12;0;3;https://www.hribi.net/gora/stor/21/1685
1686;Sveti Mohor (Zabrekve);Slovenija;Škofjeloško, Cerkljansko hribovje in Jelovica;952;46,2358°N 14,2403°E;vrh, cerkev;460072;88% (468. mesto);16;8;0;11;https://www.hribi.net/gora/sveti_mohor_zabrekve/21/1686
1687;Špičasti hrib;Slovenija;Škofjeloško, Cerkljansko hribovje in Jelovica;837;46,2355°N 14,2735°E;vrh;310615;75% (975. mesto);4;4;0;6;https://www.hribi.net/gora/spicasti_hrib/21/1687
1688;Slap Šum;Slovenija;Škofjeloško, Cerkljansko hribovje in Jelovica;425;46,27154°N 14,26776°E;slap;305119;74% (1000. mesto);8;1;0;1;https://www.hribi.net/gora/slap_sum/21/1688
1690;Lipnik;Slovenija;Goriško, Notranjsko in Snežniško hribovje;804;45,48081°N 13,96538°E;vrh;345182;78% (851. mesto);7;1;0;;https://www.hribi.net/gora/lipnik/26/1690
1691;Kavčič;Slovenija;Goriško, Notranjsko in Snežniško hribovje;879;45,4711°N 13,9835°E;vrh;239153;68% (1243. mesto);7;3;0;1;https://www.hribi.net/gora/kavcic/26/1691
1692;Nadglavinjak;Slovenija;Goriško, Notranjsko in Snežniško hribovje;888;45,4815°N 13,9818°E;vrh;115193;55% (1714. mesto);2;1;0;1;https://www.hribi.net/gora/nadglavinjak/26/1692
1693;Kalanov hrib (Kalanček);Slovenija;Posavsko hribovje in Dolenjska;626;46,1522°N 14,9153°E;vrh;204936;64% (1374. mesto);2;2;0;;https://www.hribi.net/gora/kalanov_hrib_kalancek/25/1693
1694;Gozdarska koča Rovtarica;Slovenija;Škofjeloško, Cerkljansko hribovje in Jelovica;1089;46,2855°N 14,0913°E;koča;316491;75% (953. mesto);17;1;0;;https://www.hribi.net/gora/gozdarska_koca_rovtarica/21/1694
1697;Sveti Primož in Felicijan (Jamnik);Slovenija;Škofjeloško, Cerkljansko hribovje in Jelovica;831;46,2751°N 14,2141°E;vrh, cerkev;476780;89% (420. mesto);21;10;0;8;https://www.hribi.net/gora/sveti_primoz_in_felicijan_jamnik/21/1697
1698;Dolski maj;Slovenija;Goriško, Notranjsko in Snežniško hribovje;912;45,93387°N 13,89449°E;vrh;174214;61% (1491. mesto);4;2;0;2;https://www.hribi.net/gora/dolski_maj/26/1698
1699;Mesnovec;Slovenija;Julijske Alpe;1538;46,3372°N 13,9446°E;vrh;275549;71% (1104. mesto);1;1;0;;https://www.hribi.net/gora/mesnovec/1/1699
1701;Bezenica;Slovenija;Polhograjsko hribovje in Ljubljana;476;46,05511°N 14,36023°E;vrh;139847;58% (1619. mesto);3;1;0;;https://www.hribi.net/gora/bezenica/5/1701
1702;Sveti Socerb (Artviže);Slovenija;Goriško, Notranjsko in Snežniško hribovje;817;45,61528°N 14,03043°E;vrh, cerkev;386647;81% (710. mesto);8;3;0;4;https://www.hribi.net/gora/sveti_socerb_artvize/26/1702
1705;Lačna;Slovenija;Goriško, Notranjsko in Snežniško hribovje;451;45,5051°N 13,8854°E;vrh;368930;80% (763. mesto);8;6;2;6;https://www.hribi.net/gora/lacna/26/1705
1706;Sveti Štefan (Zanigrad);Slovenija;Goriško, Notranjsko in Snežniško hribovje;246;45,5148°N 13,9068°E;cerkev;213690;65% (1341. mesto);5;2;0;;https://www.hribi.net/gora/sveti_stefan_zanigrad/26/1706
1707;Zjat;Slovenija;Goriško, Notranjsko in Snežniško hribovje;449;45,52538°N 13,90758°E;vrh;214016;65% (1337. mesto);8;5;0;;https://www.hribi.net/gora/zjat/26/1707
1708;Sveta Magdalena (Brda);Slovenija;Pohorje, Dravinjske gorice in Haloze;718;46,4735°N 15,1601°E;cerkev;118843;56% (1699. mesto);2;1;0;;https://www.hribi.net/gora/sveta_magdalena_brda/4/1708
1710;Veliki vrh (Lajše);Slovenija;Škofjeloško, Cerkljansko hribovje in Jelovica;881;46,1121°N 13,9857°E;vrh;148986;59% (1585. mesto);6;5;0;;https://www.hribi.net/gora/veliki_vrh_lajse/21/1710
1711;Škofje;Slovenija;Škofjeloško, Cerkljansko hribovje in Jelovica;973;46,1315°N 14,0235°E;vrh;198985;64% (1396. mesto);11;9;1;;https://www.hribi.net/gora/skofje/21/1711
1712;Veliki vrh (Rašica);Slovenija;Polhograjsko hribovje in Ljubljana;568;46,1417°N 14,49561°E;vrh;313513;75% (964. mesto);5;1;0;1;https://www.hribi.net/gora/veliki_vrh_rasica/5/1712
1713;Vrh križa;Slovenija;Goriško, Notranjsko in Snežniško hribovje;411;45,4953°N 13,9°E;vrh;151240;59% (1577. mesto);2;3;0;5;https://www.hribi.net/gora/vrh_kriza/26/1713
1714;Krog;Slovenija;Goriško, Notranjsko in Snežniško hribovje;418;45,4912°N 13,9061°E;vrh;132815;57% (1645. mesto);1;3;0;4;https://www.hribi.net/gora/krog/26/1714
1715;Kuk;Slovenija;Goriško, Notranjsko in Snežniško hribovje;498;45,48621°N 13,91778°E;vrh;303714;74% (1007. mesto);10;3;2;8;https://www.hribi.net/gora/kuk/26/1715
1716;Veliki Gradež;Slovenija;Goriško, Notranjsko in Snežniško hribovje;507;45,4863°N 13,9268°E;vrh;193576;63% (1420. mesto);4;3;0;4;https://www.hribi.net/gora/veliki_gradez/26/1716
1717;Tri učke;Slovenija;Goriško, Notranjsko in Snežniško hribovje;499;45,47721°N 13,93395°E;vrh;222300;66% (1304. mesto);3;3;0;;https://www.hribi.net/gora/tri_ucke/26/1717
1718;Sveti Kvirik;Slovenija;Goriško, Notranjsko in Snežniško hribovje;408;45,4636°N 13,9046°E;vrh, cerkev;292735;73% (1047. mesto);3;2;0;1;https://www.hribi.net/gora/sveti_kvirik/26/1718
1719;Orlovo gnezdo (Veli Badin);Slovenija;Goriško, Notranjsko in Snežniško hribovje;359;45,45944°N 13,91431°E;vrh;450346;87% (499. mesto);10;2;0;1;https://www.hribi.net/gora/orlovo_gnezdo_veli_badin/26/1719
1720;Loncmanova Sivka (Mrzli Vrh);Slovenija;Škofjeloško, Cerkljansko hribovje in Jelovica;987;46,05454°N 14,06116°E;vrh;298500;73% (1025. mesto);6;7;0;4;https://www.hribi.net/gora/loncmanova_sivka_mrzli_vrh/21/1720
1722;Tolsto;Slovenija;Posavsko hribovje in Dolenjska;780;46,1773°N 15,187°E;vrh;157928;59% (1553. mesto);6;1;0;;https://www.hribi.net/gora/tolsto/25/1722
1723;Visoki vrh nad Jezerskim;Slovenija;Kamniško Savinjske Alpe;1459;46,38517°N 14,52459°E;vrh;365173;80% (779. mesto);3;2;0;;https://www.hribi.net/gora/visoki_vrh_nad_jezerskim/3/1723
1724;Javornik nad Jezerskim;Slovenija;Kamniško Savinjske Alpe;1399;46,3888°N 14,5202°E;vrh;330189;77% (900. mesto);1;1;0;1;https://www.hribi.net/gora/javornik_nad_jezerskim/3/1724
1725;Skubrov vrh;Slovenija;Kamniško Savinjske Alpe;1276;46,39586°N 14,51951°E;vrh;168290;60% (1515. mesto);1;1;0;1;https://www.hribi.net/gora/skubrov_vrh/3/1725
1726;Turni;Slovenija;Kamniško Savinjske Alpe;1240;46,39743°N 14,51659°E;vrh;187753;62% (1437. mesto);3;1;0;1;https://www.hribi.net/gora/turni/3/1726
1727;Roblekova planina;Avstrija, Slovenija;Karavanke;1284;46,4197°N 14,4975°E;planina, sedlo;332928;77% (890. mesto);13;5;0;;https://www.hribi.net/gora/roblekova_planina/11/1727
1728;Kraguljše;Avstrija;Karavanke;1828;46,5039°N 14,5019°E;vrh;174672;61% (1487. mesto);1;2;0;;https://www.hribi.net/gora/kraguljse/11/1728
1729;Rakitna;Slovenija;Goriško, Notranjsko in Snežniško hribovje;789;45,887°N 14,4317°E;koča, jezero, cerkev;441276;86% (531. mesto);11;2;2;1;https://www.hribi.net/gora/rakitna/26/1729
1730;Krancelj;Slovenija;Škofjeloško, Cerkljansko hribovje in Jelovica;453;46,16236°N 14,30003°E;vrh;206517;64% (1370. mesto);2;1;0;;https://www.hribi.net/gora/krancelj/21/1730
1731;Grad Divja Loka (Stari grad);Slovenija;Škofjeloško, Cerkljansko hribovje in Jelovica;502;46,1622°N 14,2842°E;vrh;238628;68% (1245. mesto);2;2;0;;https://www.hribi.net/gora/grad_divja_loka_stari_grad/21/1731
1740;Bela stena;Slovenija;Goriško, Notranjsko in Snežniško hribovje;1122;45,69203°N 14,71968°E;vrh;244928;68% (1224. mesto);2;1;2;;https://www.hribi.net/gora/bela_stena/26/1740
1741;Rezinski vrh;Slovenija;Goriško, Notranjsko in Snežniško hribovje;1231;45,68818°N 14,7138°E;vrh;193103;63% (1421. mesto);3;1;0;2;https://www.hribi.net/gora/rezinski_vrh/26/1741
1742;Turn;Slovenija;Goriško, Notranjsko in Snežniško hribovje;1254;45,68736°N 14,70814°E;vrh;278347;71% (1095. mesto);2;1;0;1;https://www.hribi.net/gora/turn/26/1742
1743;Škol;Slovenija;Goriško, Notranjsko in Snežniško hribovje;1182;46,01981°N 13,79177°E;vrh;352099;78% (829. mesto);4;1;1;;https://www.hribi.net/gora/skol/26/1743
1744;Volnik;Italija, Slovenija;Goriško, Notranjsko in Snežniško hribovje;546;45,7471°N 13,7822°E;vrh;386215;81% (712. mesto);1;1;4;3;https://www.hribi.net/gora/volnik/26/1744
1745;Gonžarjeva peč;Slovenija;Karavanke;575;46,3512°N 15,1672°E;vrh;406816;83% (638. mesto);6;2;1;2;https://www.hribi.net/gora/gonzarjeva_pec/11/1745
1746;Radojč;Slovenija;Karavanke;937;46,35958°N 15,17242°E;vrh;329863;76% (901. mesto);2;2;0;2;https://www.hribi.net/gora/radojc/11/1746
1747;Ramšakov vrh;Slovenija;Karavanke;970;46,35916°N 15,19006°E;vrh;312888;75% (967. mesto);3;4;0;3;https://www.hribi.net/gora/ramsakov_vrh/11/1747
1748;Temnjak;Slovenija;Karavanke;798;46,35063°N 15,18615°E;vrh;140952;58% (1616. mesto);2;1;0;1;https://www.hribi.net/gora/temnjak/11/1748
1749;Vinska gora;Slovenija;Karavanke;806;46,34894°N 15,19538°E;vrh;228219;67% (1278. mesto);2;2;0;;https://www.hribi.net/gora/vinska_gora/11/1749
1752;Dolina reke Glinščice / Val Rosandra;Italija;Goriško, Notranjsko in Snežniško hribovje;320;45,6168°N 13,8692°E;Vremenska napoved:;569477;94% (228. mesto);8;1;0;;https://www.hribi.net/gora/dolina_reke_glinscice___val_rosandra/26/1752
1753;Ostrež;Slovenija;Posavsko hribovje in Dolenjska;856;46,0825°N 14,9736°E;vrh, cerkev;357327;79% (810. mesto);1;1;1;;https://www.hribi.net/gora/ostrez/25/1753
1754;Tolsti vrh (Talež);Slovenija;Škofjeloško, Cerkljansko hribovje in Jelovica;883;46,3351°N 14,106°E;vrh;419577;84% (599. mesto);5;2;0;5;https://www.hribi.net/gora/tolsti_vrh_talez/21/1754
1755;Rušni vrh;Slovenija;Julijske Alpe;1786;46,23168°N 13,93719°E;vrh;212430;65% (1349. mesto);3;10;0;;https://www.hribi.net/gora/rusni_vrh/1/1755
1756;Mengore;Slovenija;Goriško, Notranjsko in Snežniško hribovje;453;46,1668°N 13,72154°E;vrh, cerkev;406940;83% (637. mesto);6;2;0;;https://www.hribi.net/gora/mengore/26/1756
1757;Kozlov rob;Slovenija;Julijske Alpe;426;46,1893°N 13,7254°E;vrh;383878;81% (720. mesto);8;2;0;2;https://www.hribi.net/gora/kozlov_rob/1/1757
1762;Slap Zaročenca;Slovenija;Julijske Alpe;930;;slap;312345;75% (972. mesto);24;0;0;;https://www.hribi.net/gora/slap_zarocenca/1/1762
1763;Ježa;Slovenija;Goriško, Notranjsko in Snežniško hribovje;949;46,17044°N 13,67452°E;vrh;189680;63% (1433. mesto);4;2;0;3;https://www.hribi.net/gora/jeza/26/1763
1764;Deveti konfin (kota 930);Slovenija;Goriško, Notranjsko in Snežniško hribovje;930;46,16845°N 13,68252°E;vrh;159275;60% (1546. mesto);2;2;0;;https://www.hribi.net/gora/deveti_konfin_kota_930/26/1764
1765;Deveti konfin (kota 942);Slovenija;Goriško, Notranjsko in Snežniško hribovje;942;46,17034°N 13,67836°E;vrh;186123;62% (1444. mesto);3;2;0;;https://www.hribi.net/gora/deveti_konfin_kota_942/26/1765
1766;Planinski dom pod Ježo;Slovenija;Goriško, Notranjsko in Snežniško hribovje;740;46,1634°N 13,6692°E;koča;168374;61% (1513. mesto);12;1;0;2;https://www.hribi.net/gora/planinski_dom_pod_jezo/26/1766
1767;Na gradu;Italija, Slovenija;Goriško, Notranjsko in Snežniško hribovje;1115;46,1836°N 13,65946°E;vrh;213662;65% (1342. mesto);6;2;1;1;https://www.hribi.net/gora/na_gradu/26/1767
1768;Trinški vrh;Italija, Slovenija;Goriško, Notranjsko in Snežniško hribovje;1138;46,1872°N 13,65119°E;vrh;180389;62% (1466. mesto);3;2;0;;https://www.hribi.net/gora/trinski_vrh/26/1768
1769;Bivak Zanuso na Kolovratu;Italija;Goriško, Notranjsko in Snežniško hribovje;1065;46,18901°N 13,64211°E;bivak, sedlo;173073;61% (1493. mesto);4;2;0;;https://www.hribi.net/gora/bivak_zanuso_na_kolovratu/26/1769
1770;Nagnoj;Italija, Slovenija;Goriško, Notranjsko in Snežniško hribovje;1193;46,1916°N 13,6336°E;vrh;253486;69% (1189. mesto);3;2;0;2;https://www.hribi.net/gora/nagnoj/26/1770
1771;Kuk (Kolovrat);Slovenija;Goriško, Notranjsko in Snežniško hribovje;1243;46,19568°N 13,61946°E;vrh;484680;90% (397. mesto);9;3;0;2;https://www.hribi.net/gora/kuk_kolovrat/26/1771
1772;Planina Pretovč;Slovenija;Julijske Alpe;1160;46,22563°N 13,6942°E;planina, sedlo;255311;69% (1182. mesto);3;2;0;;https://www.hribi.net/gora/planina_pretovc/1/1772
1773;Mrzli vrh nad planino Pretovč;Slovenija;Julijske Alpe;1359;46,2188°N 13,69596°E;vrh;450648;87% (498. mesto);9;3;0;2;https://www.hribi.net/gora/mrzli_vrh_nad_planino_pretovc/1/1773
1774;Globočak;Slovenija;Goriško, Notranjsko in Snežniško hribovje;809;46,13007°N 13,65841°E;vrh;195836;63% (1407. mesto);8;2;2;;https://www.hribi.net/gora/globocak/26/1774
1775;Italijanska vojaška kapela na Planici;Slovenija;Julijske Alpe;1220;46,24326°N 13,64369°E;cerkev;265765;70% (1143. mesto);6;2;0;;https://www.hribi.net/gora/italijanska_vojaska_kapela_na_planici/1/1775
1776;Planica (pod Krnom);Slovenija;Julijske Alpe;1376;46,2485°N 13,64°E;vrh;227151;67% (1282. mesto);1;2;0;;https://www.hribi.net/gora/planica_pod_krnom/1/1776
1777;Bolnica Franja;Slovenija;Škofjeloško, Cerkljansko hribovje in Jelovica;601;46,1535°N 14,0284°E;slap, koča;475451;89% (423. mesto);16;1;0;1;https://www.hribi.net/gora/bolnica_franja/21/1777
1778;Pungartska gora;Avstrija, Slovenija;Karavanke;2025;46,4397°N 14,3686°E;vrh;362216;79% (795. mesto);7;1;0;1;https://www.hribi.net/gora/pungartska_gora/11/1778
1779;Sveta peč / Helige Wand;Avstrija;Karavanke;1613;46,4561°N 14,2314°E;vrh;163018;60% (1532. mesto);2;1;0;;https://www.hribi.net/gora/sveta_pec___helige_wand/11/1779
1780;Bela peč / Weiße Wand;Avstrija;Karavanke;1684;46,4537°N 14,2236°E;vrh;219394;66% (1315. mesto);2;1;0;;https://www.hribi.net/gora/bela_pec___weisse_wand/11/1780
1781;Rjavca / Rjautza;Avstrija;Karavanke;1789;46,4514°N 14,2221°E;vrh;248113;68% (1207. mesto);13;2;0;;https://www.hribi.net/gora/rjavca___rjautza/11/1781
1782;Požgani rob;Avstrija;Karavanke;1513;46,4579°N 14,2222°E;vrh;155039;59% (1563. mesto);1;1;0;;https://www.hribi.net/gora/pozgani_rob/11/1782
1783;Dobra gora;Slovenija;Julijske Alpe;620;46,3542°N 14,1095°E;vrh;298432;73% (1027. mesto);4;1;0;;https://www.hribi.net/gora/dobra_gora/1/1783
1785;Mengeška koča na Gobavici;Slovenija;Polhograjsko hribovje in Ljubljana;433;46,16569°N 14,56139°E;vrh, koča;464380;88% (456. mesto);8;7;0;4;https://www.hribi.net/gora/mengeska_koca_na_gobavici/5/1785
1786;Kovinarska koča v Krmi;Slovenija;Julijske Alpe;870;46,4005°N 13,9235°E;koča, planina;374697;81% (743. mesto);4;3;0;2;https://www.hribi.net/gora/kovinarska_koca_v_krmi/1/1786
1787;Planina Rčitno;Slovenija;Julijske Alpe;900;46,3566°N 14,0404°E;planina;273381;71% (1115. mesto);16;4;0;;https://www.hribi.net/gora/planina_rcitno/1/1787
1788;Draški rob;Slovenija;Julijske Alpe;1979;46,3659°N 13,8971°E;vrh;343009;77% (864. mesto);8;2;0;;https://www.hribi.net/gora/draski_rob/1/1788
1789;Schwarzkofel;Avstrija;Krške Alpe;2168;46,8456°N 13,82876°E;vrh;134213;57% (1640. mesto);6;2;0;1;https://www.hribi.net/gora/schwarzkofel/29/1789
1790;Rodresnock;Avstrija;Krške Alpe;2310;46,8527°N 13,8161°E;vrh;148916;59% (1586. mesto);12;2;0;3;https://www.hribi.net/gora/rodresnock/29/1790
1791;Falkert;Avstrija;Krške Alpe;2308;46,8603°N 13,81632°E;vrh;244103;68% (1228. mesto);20;5;0;2;https://www.hribi.net/gora/falkert/29/1791
1792;Steinnock;Avstrija;Krške Alpe;2197;46,8725°N 13,805°E;vrh;128822;57% (1659. mesto);4;2;0;1;https://www.hribi.net/gora/steinnock/29/1792
1793;Mallnock;Avstrija;Krške Alpe;2226;46,87646°N 13,7696°E;vrh;163398;60% (1530. mesto);3;3;0;4;https://www.hribi.net/gora/mallnock/29/1793
1794;Fadenberg;Avstrija;Krške Alpe;2064;46,8725°N 13,8286°E;vrh;125931;56% (1672. mesto);2;1;0;;https://www.hribi.net/gora/fadenberg/29/1794
1795;Falkertköpfl;Avstrija;Krške Alpe;2197;46,8677°N 13,8161°E;vrh;122680;56% (1681. mesto);3;1;0;;https://www.hribi.net/gora/falkertkopfl/29/1795
1796;Wöllaner Nock;Avstrija;Krške Alpe;2145;46,7766°N 13,8286°E;vrh;174345;61% (1490. mesto);8;3;0;3;https://www.hribi.net/gora/wollaner_nock/29/1796
1797;Kaiseburg;Avstrija;Krške Alpe;2055;46,78316°N 13,82711°E;vrh, koča;151471;59% (1575. mesto);7;2;0;1;https://www.hribi.net/gora/kaiseburg/29/1797
1798;Rossalmhütte;Avstrija;Krške Alpe;1915;46,7866°N 13,8163°E;koča, planina;126398;56% (1669. mesto);3;2;0;;https://www.hribi.net/gora/rossalmhutte/29/1798
1799;Waldtratte;Avstrija;Krške Alpe;1370;46,8°N 13,8072°E;koča, planina;126051;56% (1671. mesto);4;1;0;;https://www.hribi.net/gora/waldtratte/29/1799
1800;Breitwand;Avstrija;Krške Alpe;882;46,78809°N 13,65286°E;Vremenska napoved:;128498;57% (1663. mesto);5;1;0;;https://www.hribi.net/gora/breitwand/29/1800
1803;Kremant (Ratitovec);Slovenija;Škofjeloško, Cerkljansko hribovje in Jelovica;1654;46,2396°N 14,0723°E;vrh;307824;74% (990. mesto);7;5;0;1;https://www.hribi.net/gora/kremant_ratitovec/21/1803
1804;Sveti Lovrenc / St. Lorenzen (Lorenzenberg);Avstrija;Labotniške Alpe;924;46,6373°N 14,9937°E;cerkev;91429;53% (1806. mesto);3;1;0;;https://www.hribi.net/gora/sveti_lovrenc___st_lorenzen_lorenzenberg/28/1804
1805;Sveta Trojica / Dreifaltigkeitskirche (Lavamünd);Avstrija;Labotniške Alpe;467;46,6422°N 14,952°E;vrh, cerkev;125419;56% (1674. mesto);2;1;0;;https://www.hribi.net/gora/sveta_trojica___dreifaltigkeitskirche_lavamund/28/1805
1807;Panoramska restavracija Oben / Panoramarestaurant Oben;Avstrija;Karavanke;1708;46,5179°N 14,7715°E;koča, jezero, planina, cerkev;242603;68% (1233. mesto);10;3;0;;https://www.hribi.net/gora/panoramska_restavracija_oben___panoramarestaurant_oben/11/1807
1809;Veška planina / Wackendorfer Alm;Avstrija;Karavanke;1568;46,5233°N 14,7243°E;koča, planina, cerkev;135942;57% (1634. mesto);9;2;0;;https://www.hribi.net/gora/veska_planina___wackendorfer_alm/11/1809
1810;Zavetišče na Kalu;Slovenija;Karavanke;1112;46,39797°N 14,3146°E;koča, sedlo;230310;67% (1273. mesto);4;5;0;3;https://www.hribi.net/gora/zavetisce_na_kalu/11/1810
1811;Grančišče;Slovenija;Julijske Alpe;844;46,4589°N 13,9328°E;vrh;300120;73% (1021. mesto);11;4;1;3;https://www.hribi.net/gora/grancisce/1/1811
1812;Požgana Mlinarica;Slovenija;Julijske Alpe;1868;46,4079°N 13,8794°E;vrh;361479;79% (797. mesto);6;3;0;;https://www.hribi.net/gora/pozgana_mlinarica/1/1812
1813;Sveti Jožef (Mlečnik);Slovenija;Goriško, Notranjsko in Snežniško hribovje;441;45,9603°N 14,4146°E;vrh, cerkev;158651;60% (1550. mesto);3;1;0;7;https://www.hribi.net/gora/sveti_jozef_mlecnik/26/1813
1814;Lengarjeva glava;Slovenija;Julijske Alpe;1498;46,42482°N 13,89332°E;vrh;168117;60% (1516. mesto);1;1;0;;https://www.hribi.net/gora/lengarjeva_glava/1/1814
1815;Požar;Slovenija;Julijske Alpe;1543;46,42047°N 13,88618°E;vrh;212701;65% (1347. mesto);1;2;0;2;https://www.hribi.net/gora/pozar/1/1815
1816;Porze / Cima Palombino;Avstrija, Italija;Karnijske Alpe;2599;46,6513°N 12,56878°E;vrh;137357;57% (1629. mesto);5;2;0;;https://www.hribi.net/gora/porze___cima_palombino/27/1816
1817;Kup (na Raduhi);Slovenija;Kamniško Savinjske Alpe;1808;46,42285°N 14,76351°E;vrh;364209;79% (788. mesto);5;2;0;;https://www.hribi.net/gora/kup_na_raduhi/3/1817
1818;Plački vrh;Slovenija;Strojna, Košenjak, Kozjak in Slovenske gorice;510;46,6801°N 15,618°E;vrh;256451;69% (1179. mesto);9;3;0;18;https://www.hribi.net/gora/placki_vrh/162/1818
1820;Traningerwand;Avstrija;Ziljske Alpe;1200;46,63183°N 13,67082°E;Vremenska napoved:;150991;59% (1579. mesto);2;2;0;;https://www.hribi.net/gora/traningerwand/31/1820
1821;Hachelnock;Avstrija;Ziljske Alpe;1442;46,63855°N 13,67498°E;vrh;191611;63% (1426. mesto);1;1;0;;https://www.hribi.net/gora/hachelnock/31/1821
1822;Schwandnock;Avstrija;Ziljske Alpe;1517;46,63615°N 13,70877°E;vrh;114782;55% (1716. mesto);3;1;0;;https://www.hribi.net/gora/schwandnock/31/1822
1828;Stenica;Slovenija;Karavanke;1091;46,3665°N 15,312°E;vrh;324897;76% (921. mesto);8;3;0;7;https://www.hribi.net/gora/stenica/11/1828
1830;Torre Clampil;Avstrija, Italija;Karnijske Alpe;2079;46,55604°N 13,24265°E;vrh;244027;68% (1229. mesto);1;1;0;;https://www.hribi.net/gora/torre_clampil/27/1830
1831;Rifugio Pomedes;Italija;Dolomiti;2203;46,53624°N 12,07766°E;koča;91443;53% (1805. mesto);6;3;0;;https://www.hribi.net/gora/rifugio_pomedes/39/1831
1832;Punta Anna;Italija;Dolomiti;2731;46,54002°N 12,07136°E;vrh;100007;54% (1773. mesto);2;1;0;;https://www.hribi.net/gora/punta_anna/39/1832
1833;Punta Serauta;Italija;Dolomiti;2962;46,43998°N 11,8837°E;vrh;90499;53% (1810. mesto);9;1;0;;https://www.hribi.net/gora/punta_serauta/39/1833
1834;Rifugio Son Forca;Italija;Dolomiti;2215;46,56818°N 12,18557°E;koča;82429;52% (1843. mesto);3;1;0;;https://www.hribi.net/gora/rifugio_son_forca/39/1834
1835;Rifugio Guido Lorenzi;Italija;Dolomiti;3000;46,58325°N 12,19334°E;koča, sedlo;255025;69% (1183. mesto);7;1;0;;https://www.hribi.net/gora/rifugio_guido_lorenzi/39/1835
1843;Rifugio Scoiattoli;Italija;Dolomiti;2255;46,50806°N 12,04696°E;koča;102176;54% (1764. mesto);6;4;0;;https://www.hribi.net/gora/rifugio_scoiattoli/39/1843
1845;Rifugio Tobia del Giagher;Italija;Dolomiti;2170;46,4446°N 11,7702°E;koča, planina;50593;49% (1970. mesto);2;1;0;;https://www.hribi.net/gora/rifugio_tobia_del_giagher/39/1845
1846;Durrenstein / Pico di Vallandro;Italija;Dolomiti;2839;46,6725°N 12,1852°E;vrh;144545;58% (1602. mesto);18;1;0;;https://www.hribi.net/gora/durrenstein___pico_di_vallandro/39/1846
1847;Cima di Mezzo;Italija;Dolomiti;3154;46,57774°N 12,19604°E;vrh;304729;74% (1001. mesto);6;1;2;;https://www.hribi.net/gora/cima_di_mezzo/39/1847
1848;Torre Aglio;Italija;Dolomiti;2980;46,54613°N 12,06972°E;vrh;100267;54% (1770. mesto);8;1;0;;https://www.hribi.net/gora/torre_aglio/39/1848
1849;Sas de Adam;Italija;Dolomiti;2430;46,4358°N 11,7425°E;vrh;76690;51% (1862. mesto);10;2;0;1;https://www.hribi.net/gora/sas_de_adam/39/1849
1850;Sass de Porcel;Italija;Dolomiti;2401;46,4344°N 11,7507°E;vrh;57022;49% (1942. mesto);5;1;0;;https://www.hribi.net/gora/sass_de_porcel/39/1850
1851;Brunec;Italija;Dolomiti;2486;46,4353°N 11,7588°E;vrh;72933;51% (1878. mesto);3;1;0;;https://www.hribi.net/gora/brunec/39/1851
1854;Rifugio Viel del Pan;Italija;Dolomiti;2432;46,4743°N 11,8346°E;koča;94901;53% (1793. mesto);13;2;0;;https://www.hribi.net/gora/rifugio_viel_del_pan/39/1854
1855;Rifugio Som Picol;Italija;Karnijske Alpe;1466;46,4399°N 12,5646°E;koča;99072;54% (1779. mesto);1;1;0;;https://www.hribi.net/gora/rifugio_som_picol/27/1855
1856;Clap Varmost;Italija;Karnijske Alpe;1751;46,443°N 12,568°E;vrh;96729;53% (1784. mesto);5;1;0;;https://www.hribi.net/gora/clap_varmost/27/1856
1857;Malga Varmost;Italija;Karnijske Alpe;1758;46,4504°N 12,5628°E;koča, planina;69641;51% (1890. mesto);2;1;0;;https://www.hribi.net/gora/malga_varmost/27/1857
1860;Colac;Italija;Dolomiti;2715;46,44118°N 11,78272°E;vrh;111976;55% (1727. mesto);7;2;0;;https://www.hribi.net/gora/colac/39/1860
1861;Cristallino d'Ampezzo;Italija;Dolomiti;3008;46,58187°N 12,19016°E;vrh;262790;70% (1153. mesto);5;1;0;;https://www.hribi.net/gora/cristallino_dampezzo/39/1861
1862;Tofana di Mezzo;Italija;Dolomiti;3244;46,55103°N 12,0652°E;vrh;369983;80% (759. mesto);23;3;0;1;https://www.hribi.net/gora/tofana_di_mezzo/39/1862
1863;Casera Tartoi;Italija;Karnijske Alpe;1711;46,46328°N 12,57792°E;koča, planina;76133;51% (1865. mesto);3;2;0;;https://www.hribi.net/gora/casera_tartoi/27/1863
1864;Planina Ravni;Slovenija;Kamniško Savinjske Alpe;1075;46,2548°N 14,7532°E;planina;190471;63% (1429. mesto);7;4;0;;https://www.hribi.net/gora/planina_ravni/3/1864
1865;Planina Travnik;Slovenija;Kamniško Savinjske Alpe;1180;46,2546°N 14,772°E;planina;260255;70% (1165. mesto);9;5;1;;https://www.hribi.net/gora/planina_travnik/3/1865
1867;Lavarella;Italija;Dolomiti;3055;46,5851°N 11,97121°E;vrh;232274;67% (1270. mesto);14;3;0;;https://www.hribi.net/gora/lavarella/39/1867
1868;Piz dles Conturines;Italija;Dolomiti;3064;46,57636°N 11,9778°E;vrh;143628;58% (1605. mesto);17;2;0;;https://www.hribi.net/gora/piz_dles_conturines/39/1868
1870;Lavarella (zahodni vrh);Italija;Dolomiti;3034;46,58411°N 11,96742°E;vrh;104372;54% (1754. mesto);10;1;0;;https://www.hribi.net/gora/lavarella_zahodni_vrh/39/1870
1871;Erichhütte;Avstrija;Severne apneniške Alpe;1545;47,40047°N 13,0398°E;koča, planina;47069;48% (1983. mesto);3;1;0;;https://www.hribi.net/gora/erichhutte/59/1871
1872;Hoher Kopf;Avstrija;Severne apneniške Alpe;2875;47,42028°N 13,05317°E;vrh;79926;52% (1851. mesto);5;2;0;;https://www.hribi.net/gora/hoher_kopf/59/1872
1873;Smledniški hrib (Stari grad);Slovenija;Polhograjsko hribovje in Ljubljana;517;46,1654°N 14,4421°E;vrh, koča;496258;90% (364. mesto);21;5;0;13;https://www.hribi.net/gora/smledniski_hrib_stari_grad/5/1873
1874;Südwandhütte;Avstrija;Severne apneniške Alpe;1910;47,45977°N 13,61528°E;koča;72685;51% (1880. mesto);2;1;0;;https://www.hribi.net/gora/sudwandhutte/59/1874
1875;Mitterstein;Avstrija;Severne apneniške Alpe;2097;47,4678°N 13,61029°E;vrh;65507;50% (1906. mesto);7;1;0;;https://www.hribi.net/gora/mitterstein/59/1875
1876;Musala;Bolgarija;Rilsko gorovje;2925;42,1791°N 23,5849°E;vrh, koča, jezero;248795;69% (1206. mesto);1;1;0;;https://www.hribi.net/gora/musala/88/1876
1879;Lipševa vrata (Vrata, Felsentore);Avstrija;Karavanke;1500;;Ogledov: 172.842;172842;61% (1498. mesto);14;1;0;;https://www.hribi.net/gora/lipseva_vrata_vrata_felsentore/11/1879
1880;Skutnik/Torre Guarda;Italija, Slovenija;Julijske Alpe;1860;46,43403°N 13,59007°E;vrh;322793;76% (929. mesto);13;1;0;;https://www.hribi.net/gora/skutnik_torre_guarda/1/1880
1881;Seethalerhütte;Avstrija;Severne apneniške Alpe;2740;47,47355°N 13,61258°E;koča;60653;50% (1927. mesto);2;2;0;;https://www.hribi.net/gora/seethalerhutte/59/1881
1882;Hunerkogel;Avstrija;Severne apneniške Alpe;2685;47,46772°N 13,62622°E;vrh, koča;83757;52% (1836. mesto);8;1;0;;https://www.hribi.net/gora/hunerkogel/59/1882
1883;Kleiner Koppenkarstein;Avstrija;Severne apneniške Alpe;2832;47,46638°N 13,6356°E;vrh;54302;49% (1954. mesto);5;1;0;;https://www.hribi.net/gora/kleiner_koppenkarstein/59/1883
1885;Großer Koppenkarstein;Avstrija;Severne apneniške Alpe;2865;47,46626°N 13,64065°E;vrh;90476;53% (1811. mesto);6;1;0;;https://www.hribi.net/gora/grosser_koppenkarstein/59/1885
1886;Hoher Dachstein;Avstrija;Severne apneniške Alpe;2995;47,47508°N 13,60559°E;vrh;389731;82% (700. mesto);12;2;0;;https://www.hribi.net/gora/hoher_dachstein/59/1886
1887;Planina za Migovcem;Slovenija;Julijske Alpe;1600;46,2615°N 13,787°E;planina;234173;67% (1260. mesto);3;6;0;1;https://www.hribi.net/gora/planina_za_migovcem/1/1887
1888;Zeleni vrh;Slovenija;Julijske Alpe;2052;46,2608°N 13,7635°E;vrh;360937;79% (799. mesto);13;7;0;;https://www.hribi.net/gora/zeleni_vrh/1/1888
1889;Hochkönig;Avstrija;Severne apneniške Alpe;2941;47,42042°N 13,06235°E;vrh, koča;172906;61% (1497. mesto);6;2;0;;https://www.hribi.net/gora/hochkonig/59/1889
1890;Kleiner Gjaidstein;Avstrija;Severne apneniške Alpe;2735;47,47555°N 13,62867°E;vrh;109726;55% (1734. mesto);6;1;0;;https://www.hribi.net/gora/kleiner_gjaidstein/59/1890
1892;Hoher Gjaidstein;Avstrija;Severne apneniške Alpe;2792;47,48171°N 13,63227°E;vrh;116534;55% (1708. mesto);6;1;0;;https://www.hribi.net/gora/hoher_gjaidstein/59/1892
1894;Locia de Contrin;Italija;Dolomiti;1736;46,45029°N 11,79109°E;koča;61477;50% (1923. mesto);4;1;0;;https://www.hribi.net/gora/locia_de_contrin/39/1894
1895;Baita Cianci;Italija;Dolomiti;1828;46,43487°N 11,80621°E;koča, planina;67220;50% (1900. mesto);4;1;0;;https://www.hribi.net/gora/baita_cianci/39/1895
1896;Sass del Mul;Italija;Dolomiti;2301;46,45003°N 11,89051°E;vrh;95914;53% (1787. mesto);10;1;0;;https://www.hribi.net/gora/sass_del_mul/39/1896
1897;Rifugio Contrin;Italija;Dolomiti;2016;46,42997°N 11,81586°E;koča, planina;69398;51% (1894. mesto);5;1;0;;https://www.hribi.net/gora/rifugio_contrin/39/1897
1898;Orlove glave;Slovenija;Julijske Alpe;1682;46,2494°N 13,8372°E;vrh;433975;86% (550. mesto);4;1;0;1;https://www.hribi.net/gora/orlove_glave/1/1898
1899;Planina Zadnji Vogel;Slovenija;Julijske Alpe;1413;46,2502°N 13,8277°E;planina;391342;82% (694. mesto);4;2;0;1;https://www.hribi.net/gora/planina_zadnji_vogel/1/1899
1900;Visoki Orlov rob;Slovenija;Julijske Alpe;1800;46,2415°N 13,8365°E;vrh;281203;72% (1089. mesto);2;2;0;;https://www.hribi.net/gora/visoki_orlov_rob/1/1900
1901;Rifugio Serauta;Italija;Dolomiti;2950;46,43764°N 11,87896°E;koča, sedlo;95083;53% (1792. mesto);7;1;0;;https://www.hribi.net/gora/rifugio_serauta/39/1901
1902;Vrh Dlani;Slovenija;Julijske Alpe;1852;46,239°N 13,8298°E;vrh;223807;66% (1298. mesto);2;1;0;;https://www.hribi.net/gora/vrh_dlani/1/1902
1903;Punta Rocca;Italija;Dolomiti;3250;46,43375°N 11,86193°E;vrh, koča;315292;75% (956. mesto);8;1;0;;https://www.hribi.net/gora/punta_rocca/39/1903
1905;Cima Ombretta;Italija;Dolomiti;3011;46,4244°N 11,84648°E;vrh;171429;61% (1501. mesto);7;3;0;;https://www.hribi.net/gora/cima_ombretta/39/1905
1907;Sveti Lovrenc (Jezero);Slovenija;Goriško, Notranjsko in Snežniško hribovje;329;45,974°N 14,4365°E;vrh, cerkev;287229;72% (1068. mesto);5;1;0;12;https://www.hribi.net/gora/sveti_lovrenc_jezero/26/1907
1910;Kapelica sv. Barbare na Pejcah;Slovenija;Karavanke;750;46,4452°N 14,044°E;cerkev;136671;57% (1630. mesto);2;1;0;;https://www.hribi.net/gora/kapelica_sv_barbare_na_pejcah/11/1910
1911;Murnovc;Slovenija;Karavanke;1866;46,51812°N 13,88257°E;vrh;217576;65% (1323. mesto);5;1;0;;https://www.hribi.net/gora/murnovc/11/1911
1912;Monte Palavierte;Italija;Karnijske Alpe;1785;;vrh;91910;53% (1803. mesto);5;0;1;;https://www.hribi.net/gora/monte_palavierte/27/1912
1913;Cuel Mauron;Italija;Karnijske Alpe;1814;;vrh;86074;52% (1826. mesto);7;0;0;;https://www.hribi.net/gora/cuel_mauron/27/1913
1914;Sveti Miklavž na Gori;Slovenija;Kamniško Savinjske Alpe;757;46,2332°N 14,7311°E;vrh, cerkev;349065;78% (838. mesto);8;1;1;2;https://www.hribi.net/gora/sveti_miklavz_na_gori/3/1914
1915;Prevala;Slovenija;Kamniško Savinjske Alpe;1163;46,2523°N 14,7509°E;planina, sedlo;389012;82% (702. mesto);7;3;0;;https://www.hribi.net/gora/prevala/3/1915
1917;Grpišca;Avstrija, Slovenija;Karavanke;1676;46,5065°N 13,799°E;vrh;234137;67% (1261. mesto);3;1;0;;https://www.hribi.net/gora/grpisca/11/1917
1918;Tamarča;Avstrija, Slovenija;Karavanke;1728;46,5063°N 13,8119°E;vrh;194998;63% (1410. mesto);2;1;0;;https://www.hribi.net/gora/tamarca/11/1918
1920;Sveti Ilija (Planina);Slovenija;Posavsko hribovje in Dolenjska;747;45,62303°N 15,11115°E;cerkev;234648;67% (1259. mesto);2;1;0;;https://www.hribi.net/gora/sveti_ilija_planina/25/1920
1921;Grad Lindek;Slovenija;Karavanke;695;46,3526°N 15,3253°E;vrh;267428;70% (1137. mesto);7;1;1;5;https://www.hribi.net/gora/grad_lindek/11/1921
1922;Lindeški slap;Slovenija;Karavanke;555;46,3502°N 15,3222°E;slap;156760;59% (1557. mesto);1;1;0;10;https://www.hribi.net/gora/lindeski_slap/11/1922
1924;Žbajnek;Slovenija;Škofjeloško, Cerkljansko hribovje in Jelovica;1538;46,24264°N 14,05003°E;vrh;303650;74% (1008. mesto);3;2;0;;https://www.hribi.net/gora/zbajnek/21/1924
1925;Kačji rob (Ovharn);Slovenija;Škofjeloško, Cerkljansko hribovje in Jelovica;1552;46,2423°N 14,0569°E;vrh;351848;78% (830. mesto);3;3;0;;https://www.hribi.net/gora/kacji_rob_ovharn/21/1925
1926;Ruš;Slovenija;Karavanke;1614;46,402°N 14,4365°E;vrh;197030;63% (1401. mesto);7;4;0;;https://www.hribi.net/gora/rus/11/1926
1927;Veliki vrh nad Komatevro;Slovenija;Karavanke;1634;46,41594°N 14,4326°E;vrh;179776;62% (1469. mesto);3;1;0;;https://www.hribi.net/gora/veliki_vrh_nad_komatevro/11/1927
1928;Sveti Lenart (Bača pri Podbrdu);Slovenija;Julijske Alpe;751;46,2219°N 13,9723°E;cerkev;183426;62% (1457. mesto);4;1;0;;https://www.hribi.net/gora/sveti_lenart_baca_pri_podbrdu/1/1928
1929;Reber;Slovenija;Posavsko hribovje in Dolenjska;878;46,17701°N 14,86886°E;vrh;247801;68% (1209. mesto);6;3;0;1;https://www.hribi.net/gora/reber/25/1929
1930;Snežna jama na Mežakli;Slovenija;Julijske Alpe;1130;46,4156°N 14,0566°E;Vremenska napoved:;317497;75% (949. mesto);4;1;0;;https://www.hribi.net/gora/snezna_jama_na_mezakli/1/1930
1931;Hribarska (Huda) zijalka;Slovenija;Karavanke;1140;46,4278°N 14,682°E;Vremenska napoved:;157901;59% (1554. mesto);6;1;0;;https://www.hribi.net/gora/hribarska_huda_zijalka/11/1931
1932;Sveti Tomaž nad Praprotnim;Slovenija;Škofjeloško, Cerkljansko hribovje in Jelovica;666;46,1855°N 14,2445°E;vrh, cerkev;297555;73% (1029. mesto);6;1;0;;https://www.hribi.net/gora/sveti_tomaz_nad_praprotnim/21/1932
1933;Pašnik Lipovec;Slovenija;Posavsko hribovje in Dolenjska;790;46,2063°N 14,8473°E;planina, sedlo;186609;62% (1441. mesto);4;1;0;1;https://www.hribi.net/gora/pasnik_lipovec/25/1933
1934;Lipovec;Slovenija;Posavsko hribovje in Dolenjska;848;46,208°N 14,8468°E;vrh;212169;65% (1351. mesto);3;1;0;;https://www.hribi.net/gora/lipovec/25/1934
1935;Rovnik;Slovenija;Škofjeloško, Cerkljansko hribovje in Jelovica;707;46,26318°N 14,25807°E;vrh;156593;59% (1558. mesto);6;2;0;;https://www.hribi.net/gora/rovnik/21/1935
1938;Srnjak;Slovenija;Karavanke;955;46,4941°N 13,7853°E;koča;282837;72% (1080. mesto);2;1;0;;https://www.hribi.net/gora/srnjak/11/1938
1939;Koča pri Peričniku;Slovenija;Julijske Alpe;750;46,4385°N 13,8962°E;koča;303189;74% (1011. mesto);2;2;0;1;https://www.hribi.net/gora/koca_pri_pericniku/1/1939
1941;Bukov Vrh (Trnovski gozd);Slovenija;Goriško, Notranjsko in Snežniško hribovje;1314;45,99013°N 13,88505°E;vrh;290442;72% (1054. mesto);4;0;0;;https://www.hribi.net/gora/bukov_vrh_trnovski_gozd/26/1941
1943;Medrce;Slovenija;Škofjeloško, Cerkljansko hribovje in Jelovica;1410;46,16925°N 13,98366°E;vrh;233036;67% (1265. mesto);8;6;0;;https://www.hribi.net/gora/medrce/21/1943
1944;Primož;Slovenija;Goriško, Notranjsko in Snežniško hribovje;718;45,67011°N 14,20253°E;vrh;264564;70% (1145. mesto);12;2;0;5;https://www.hribi.net/gora/primoz/26/1944
1945;Šilentabor;Slovenija;Goriško, Notranjsko in Snežniško hribovje;751;45,6502°N 14,2073°E;vrh;297004;73% (1032. mesto);8;6;0;1;https://www.hribi.net/gora/silentabor/26/1945
1946;Sveti Martin (Šilentabor);Slovenija;Goriško, Notranjsko in Snežniško hribovje;723;45,6447°N 14,2082°E;cerkev;165689;60% (1524. mesto);11;4;0;1;https://www.hribi.net/gora/sveti_martin_silentabor/26/1946
1947;Planinski dom na Zasavski Sveti gori;Slovenija;Posavsko hribovje in Dolenjska;822;46,1277°N 14,8972°E;koča;317311;75% (951. mesto);2;8;3;4;https://www.hribi.net/gora/planinski_dom_na_zasavski_sveti_gori/25/1947
1948;Roviškovec;Slovenija;Posavsko hribovje in Dolenjska;930;46,12649°N 14,9034°E;vrh;235117;67% (1258. mesto);4;3;0;2;https://www.hribi.net/gora/roviskovec/25/1948
1949;Pleše;Slovenija;Posavsko hribovje in Dolenjska;866;46,1313°N 14,9237°E;vrh;227584;67% (1280. mesto);3;4;0;;https://www.hribi.net/gora/plese/25/1949
1950;Ahac;Slovenija;Goriško, Notranjsko in Snežniško hribovje;799;45,56333°N 14,27763°E;vrh, cerkev;204657;64% (1376. mesto);7;6;0;1;https://www.hribi.net/gora/ahac/26/1950
1952;Stari grad;Slovenija;Goriško, Notranjsko in Snežniško hribovje;703;45,8252°N 14,2741°E;vrh;169187;61% (1508. mesto);2;1;2;;https://www.hribi.net/gora/stari_grad/26/1952
1954;Unška koliševka;Slovenija;Goriško, Notranjsko in Snežniško hribovje;594;45,8156°N 14,2659°E;Vremenska napoved:;351621;78% (832. mesto);11;2;1;;https://www.hribi.net/gora/unska_kolisevka/26/1954
1955;Strmca;Slovenija;Polhograjsko hribovje in Ljubljana;472;46,0238°N 14,3578°E;vrh;180221;62% (1468. mesto);3;7;3;;https://www.hribi.net/gora/strmca/5/1955
1957;Vrh;Slovenija;Goriško, Notranjsko in Snežniško hribovje;777;45,617°N 14,2313°E;vrh;116989;55% (1707. mesto);3;1;0;;https://www.hribi.net/gora/vrh/26/1957
1958;Gradišče (Čepan);Slovenija;Goriško, Notranjsko in Snežniško hribovje;791;45,6271°N 14,2189°E;vrh;126903;56% (1667. mesto);5;1;0;;https://www.hribi.net/gora/gradisce_cepan/26/1958
1959;Veliko Gradišče;Slovenija;Goriško, Notranjsko in Snežniško hribovje;742;45,64012°N 13,92863°E;vrh;252604;69% (1195. mesto);4;2;1;6;https://www.hribi.net/gora/veliko_gradisce/26/1959
1960;Lovska koča na Toli;Slovenija;Škofjeloško, Cerkljansko hribovje in Jelovica;1040;46,2328°N 14,1155°E;koča;189987;63% (1431. mesto);2;2;0;;https://www.hribi.net/gora/lovska_koca_na_toli/21/1960
1962;Planinski dom Vrhe;Slovenija;Posavsko hribovje in Dolenjska;908;46,1895°N 15,0049°E;koča, sedlo, cerkev;310373;74% (978. mesto);4;6;0;2;https://www.hribi.net/gora/planinski_dom_vrhe/25/1962
1963;Javor;Slovenija;Posavsko hribovje in Dolenjska;1132;46,1831°N 15,0166°E;vrh;417429;84% (607. mesto);4;6;0;2;https://www.hribi.net/gora/javor/25/1963
1964;Rodne;Slovenija;Škofjeloško, Cerkljansko hribovje in Jelovica;698;46,1309°N 13,9281°E;vrh, bivak;161056;60% (1540. mesto);10;1;0;;https://www.hribi.net/gora/rodne/21/1964
1965;Divje babe;Slovenija;Škofjeloško, Cerkljansko hribovje in Jelovica;450;46,1124°N 13,9167°E;Vremenska napoved:;288759;72% (1063. mesto);4;1;0;;https://www.hribi.net/gora/divje_babe/21/1965
1966;Sveti Ivan nad Divjimi babami;Slovenija;Škofjeloško, Cerkljansko hribovje in Jelovica;573;46,11022°N 13,91748°E;vrh, cerkev;143430;58% (1606. mesto);5;1;0;;https://www.hribi.net/gora/sveti_ivan_nad_divjimi_babami/21/1966
1967;Šebrelje;Slovenija;Škofjeloško, Cerkljansko hribovje in Jelovica;639;46,0927°N 13,9177°E;cerkev;247663;68% (1210. mesto);8;1;0;;https://www.hribi.net/gora/sebrelje/21/1967
1968;Vrhovec;Slovenija;Škofjeloško, Cerkljansko hribovje in Jelovica;1079;46,0637°N 13,9119°E;vrh;271135;71% (1124. mesto);5;2;0;1;https://www.hribi.net/gora/vrhovec/21/1968
1969;Jagršče;Slovenija;Škofjeloško, Cerkljansko hribovje in Jelovica;663;46,0879°N 13,9422°E;cerkev;149126;59% (1584. mesto);2;1;1;;https://www.hribi.net/gora/jagrsce/21/1969
1970;Bezovec (Dobrovlje);Slovenija;Kamniško Savinjske Alpe;857;46,2976°N 15,005°E;vrh;164459;60% (1526. mesto);3;4;0;;https://www.hribi.net/gora/bezovec_dobrovlje/3/1970
1972;Dom na Dobrovljah;Slovenija;Kamniško Savinjske Alpe;745;46,3009°N 14,9965°E;koča;206170;64% (1371. mesto);3;2;2;;https://www.hribi.net/gora/dom_na_dobrovljah/3/1972
1973;Sveti Janez in Pavel (Dobrovlje);Slovenija;Kamniško Savinjske Alpe;862;46,2833°N 14,9873°E;planina, sedlo, cerkev;162394;60% (1535. mesto);2;3;0;;https://www.hribi.net/gora/sveti_janez_in_pavel_dobrovlje/3/1973
1974;Grmada (Dobrovlje);Slovenija;Kamniško Savinjske Alpe;898;46,28071°N 14,99014°E;vrh;212752;65% (1346. mesto);2;3;0;;https://www.hribi.net/gora/grmada_dobrovlje/3/1974
1975;Zagrebenc;Slovenija;Škofjeloško, Cerkljansko hribovje in Jelovica;763;45,97621°N 14,01134°E;vrh;140082;58% (1618. mesto);3;1;0;1;https://www.hribi.net/gora/zagrebenc/21/1975
1976;Petelinjek;Slovenija;Goriško, Notranjsko in Snežniško hribovje;1212;45,6782°N 14,5531°E;vrh;242635;68% (1231. mesto);2;2;0;;https://www.hribi.net/gora/petelinjek/26/1976
1977;Velika Jazbina;Slovenija;Goriško, Notranjsko in Snežniško hribovje;1201;45,6814°N 14,5568°E;vrh;186078;62% (1445. mesto);1;1;0;1;https://www.hribi.net/gora/velika_jazbina/26/1977
1978;Veliki vrh nad Završnikom;Slovenija;Karavanke;968;46,38183°N 14,3068°E;vrh;186170;62% (1443. mesto);11;5;0;3;https://www.hribi.net/gora/veliki_vrh_nad_zavrsnikom/11/1978
1981;Lobnikov vrh;Slovenija;Pohorje, Dravinjske gorice in Haloze;705;46,5613°N 15,4454°E;vrh;131258;57% (1649. mesto);3;4;0;;https://www.hribi.net/gora/lobnikov_vrh/4/1981
1982;Sljeme;Hrvaška;Gorjanci, Medvednica in Medžimurje;1033;45,89938°N 15,94803°E;vrh, koča;287342;72% (1066. mesto);3;8;0;1;https://www.hribi.net/gora/sljeme/61/1982
1983;Kopa (Cimprovka);Slovenija;Škofjeloško, Cerkljansko hribovje in Jelovica;1360;46,16268°N 14,00431°E;vrh;245950;68% (1217. mesto);6;3;0;;https://www.hribi.net/gora/kopa_cimprovka/21/1983
1984;Lašček;Slovenija;Goriško, Notranjsko in Snežniško hribovje;1071;46,079°N 13,773°E;vrh;342405;77% (867. mesto);3;4;1;;https://www.hribi.net/gora/lascek/26/1984
1987;Vrh Skopice;Slovenija;Goriško, Notranjsko in Snežniško hribovje;863;46,09277°N 13,80971°E;vrh;153136;59% (1567. mesto);2;2;0;;https://www.hribi.net/gora/vrh_skopice/26/1987
1988;Slap v Sopotih (Pršjak);Slovenija;Škofjeloško, Cerkljansko hribovje in Jelovica;360;46,0535°N 13,8368°E;slap;226633;66% (1285. mesto);14;1;0;;https://www.hribi.net/gora/slap_v_sopotih_prsjak/21/1988
1989;Planina Vodični vrh;Slovenija;Julijske Alpe;1494;46,3015°N 13,8437°E;planina;310021;74% (979. mesto);4;2;0;1;https://www.hribi.net/gora/planina_vodicni_vrh/1/1989
1990;Pasarićev Kuk;Hrvaška;Velebit;1630;;vrh;177769;61% (1475. mesto);4;1;0;;https://www.hribi.net/gora/pasaricev_kuk/30/1990
1991;Bitenjska planina;Slovenija;Škofjeloško, Cerkljansko hribovje in Jelovica;901;46,2745°N 14,0336°E;planina;159262;60% (1547. mesto);4;2;0;;https://www.hribi.net/gora/bitenjska_planina/21/1991
1992;Ribčeva planina;Slovenija;Škofjeloško, Cerkljansko hribovje in Jelovica;1115;46,2646°N 14,0515°E;Vremenska napoved:;176849;61% (1477. mesto);3;2;0;;https://www.hribi.net/gora/ribceva_planina/21/1992
1994;Vrhe (nad Dobrovo);Slovenija;Polhograjsko hribovje in Ljubljana;603;46,05656°N 14,38604°E;vrh;192548;63% (1422. mesto);11;2;0;13;https://www.hribi.net/gora/vrhe_nad_dobrovo/5/1994
1995;Mešenik;Slovenija;Kamniško Savinjske Alpe;1099;46,3259°N 14,5996°E;vrh;155500;59% (1561. mesto);1;0;0;;https://www.hribi.net/gora/mesenik/3/1995
1996;Planina Zajamniki;Slovenija;Julijske Alpe;1280;46,3127°N 13,9344°E;koča, planina;793287;98% (62. mesto);9;3;1;2;https://www.hribi.net/gora/planina_zajamniki/1/1996
1997;Počitniški dom Goričane;Slovenija;Škofjeloško, Cerkljansko hribovje in Jelovica;1145;46,298°N 14,0758°E;Vremenska napoved:;198566;64% (1397. mesto);1;1;0;;https://www.hribi.net/gora/pocitniski_dom_goricane/21/1997
1998;Selska planina;Slovenija;Škofjeloško, Cerkljansko hribovje in Jelovica;1140;46,2925°N 14,0945°E;planina;200922;64% (1391. mesto);5;1;0;;https://www.hribi.net/gora/selska_planina/21/1998
1999;Oblakova planina;Slovenija;Škofjeloško, Cerkljansko hribovje in Jelovica;1100;46,317°N 14,0805°E;planina;183048;62% (1460. mesto);4;2;0;;https://www.hribi.net/gora/oblakova_planina/21/1999
2000;Planina Tamar;Slovenija;Škofjeloško, Cerkljansko hribovje in Jelovica;1124;46,313°N 14,0796°E;planina;405271;83% (646. mesto);8;2;0;;https://www.hribi.net/gora/planina_tamar/21/2000
2001;Bivak Dal Bianco;Italija;Dolomiti;2730;46,42981°N 11,84605°E;bivak, sedlo;98420;54% (1781. mesto);12;2;0;;https://www.hribi.net/gora/bivak_dal_bianco/39/2001
2002;Sveti Gregor na Slemenih;Slovenija;Goriško, Notranjsko in Snežniško hribovje;737;45,7844°N 14,6409°E;vrh, koča, cerkev;184643;62% (1450. mesto);2;1;0;;https://www.hribi.net/gora/sveti_gregor_na_slemenih/26/2002
2003;Frdamane police;Slovenija;Julijske Alpe;2284;46,45198°N 13,80851°E;vrh;400697;83% (662. mesto);13;1;0;;https://www.hribi.net/gora/frdamane_police/1/2003
2004;Dürrensteinhütte / Rifugio Vallandro;Italija;Dolomiti;2040;46,64186°N 12,19563°E;koča, planina;59283;49% (1935. mesto);6;1;0;;https://www.hribi.net/gora/durrensteinhutte___rifugio_vallandro/39/2004
2005;Knollkopf / Col Rotondo dei Canope;Italija;Dolomiti;2204;46,63127°N 12,18927°E;vrh;61853;50% (1922. mesto);5;1;0;;https://www.hribi.net/gora/knollkopf___col_rotondo_dei_canope/39/2005
2006;Helltaler Schlechten;Italija;Dolomiti;2711;46,66515°N 12,19627°E;vrh;84227;52% (1835. mesto);12;1;0;;https://www.hribi.net/gora/helltaler_schlechten/39/2006
2007;Strudelköpf / Monte Specie;Italija;Dolomiti;2307;46,64466°N 12,21254°E;vrh;66459;50% (1902. mesto);6;2;0;;https://www.hribi.net/gora/strudelkopf___monte_specie/39/2007
2008;Monte Fumo / Rauhkofel;Italija;Dolomiti;2114;46,60612°N 12,2095°E;vrh;66055;50% (1905. mesto);5;2;0;;https://www.hribi.net/gora/monte_fumo___rauhkofel/39/2008
2009;Cima Ombretta di Mezzo;Italija;Dolomiti;2983;46,42618°N 11,84238°E;vrh;104879;54% (1753. mesto);8;3;0;;https://www.hribi.net/gora/cima_ombretta_di_mezzo/39/2009
2011;Jezerc;Slovenija;Pohorje, Dravinjske gorice in Haloze;1222;46,4899°N 15,3285°E;jezero;244883;68% (1225. mesto);8;4;0;1;https://www.hribi.net/gora/jezerc/4/2011
2012;Gran Cir / Große Cirspitze;Italija;Dolomiti;2592;46,55852°N 11,80625°E;vrh;94604;53% (1794. mesto);10;1;0;;https://www.hribi.net/gora/gran_cir___grosse_cirspitze/39/2012
2013;Jimmy Hütte;Italija;Dolomiti;2222;46,55632°N 11,81145°E;koča, planina;72398;51% (1881. mesto);5;1;0;;https://www.hribi.net/gora/jimmy_hutte/39/2013
2014;Col Toronn;Italija;Dolomiti;2655;46,56164°N 11,82475°E;vrh;79901;52% (1852. mesto);8;1;0;;https://www.hribi.net/gora/col_toronn/39/2014
2015;Sas Ciampac;Italija;Dolomiti;2672;46,56306°N 11,83531°E;vrh;107237;55% (1742. mesto);14;2;0;;https://www.hribi.net/gora/sas_ciampac/39/2015
2016;Lech de Crespeina;Italija;Dolomiti;2374;46,56828°N 11,82545°E;jezero;80988;52% (1848. mesto);8;1;0;;https://www.hribi.net/gora/lech_de_crespeina/39/2016
2017;Col Turont;Italija;Dolomiti;2419;46,5762°N 11,8207°E;vrh;66357;50% (1903. mesto);3;1;0;;https://www.hribi.net/gora/col_turont/39/2017
2018;Rifugio Puez / Puez Hütte;Italija;Dolomiti;2475;46,59005°N 11,82932°E;koča;82609;52% (1841. mesto);14;4;0;;https://www.hribi.net/gora/rifugio_puez___puez_hutte/39/2018
2020;Sveti Duh na Ostrem Vrhu;Slovenija;Strojna, Košenjak, Kozjak in Slovenske gorice;904;46,6149°N 15,4593°E;cerkev;362889;79% (793. mesto);11;6;2;1;https://www.hribi.net/gora/sveti_duh_na_ostrem_vrhu/162/2020
2021;Rifugio Col Pradat;Italija;Dolomiti;2038;46,5616°N 11,85914°E;vrh, koča;64924;50% (1910. mesto);7;1;0;;https://www.hribi.net/gora/rifugio_col_pradat/39/2021
2022;Rifugio Edelweiss;Italija;Dolomiti;1832;46,56349°N 11,85325°E;koča, planina;75134;51% (1870. mesto);4;1;0;;https://www.hribi.net/gora/rifugio_edelweiss/39/2022
2023;Sassongher;Italija;Dolomiti;2665;46,5679°N 11,86429°E;vrh;113378;55% (1722. mesto);9;1;0;1;https://www.hribi.net/gora/sassongher/39/2023
2024;sedlo;Gorovje:;Višina: 1093 m;1093;;koča, sedlo;45899;48% (1984. mesto);0;0;0;;https://www.hribi.net/gora/sedlo/126/2024
2025;Bivak Fiamme Gialle;Italija;Dolomiti;3005;46,28391°N 11,82821°E;bivak;98547;54% (1780. mesto);5;3;0;;https://www.hribi.net/gora/bivak_fiamme_gialle/39/2025
2026;Cima Vezzana;Italija;Dolomiti;3192;46,29004°N 11,82972°E;vrh;165859;60% (1523. mesto);4;3;0;;https://www.hribi.net/gora/cima_vezzana/39/2026
2027;Il Nuvolo;Italija;Dolomiti;3075;46,28548°N 11,83144°E;vrh;115567;55% (1713. mesto);3;3;0;;https://www.hribi.net/gora/il_nuvolo/39/2027
2028;Rifugio Rosetta;Italija;Dolomiti;2581;46,26722°N 11,83864°E;koča;82534;52% (1842. mesto);5;2;0;;https://www.hribi.net/gora/rifugio_rosetta/39/2028
2029;Rifugio Malga Pala;Italija;Dolomiti;1897;46,27202°N 11,81455°E;koča, planina;67069;50% (1901. mesto);4;1;0;;https://www.hribi.net/gora/rifugio_malga_pala/39/2029
2030;Rifugio Colverde;Italija;Dolomiti;1965;46,27193°N 11,82168°E;koča;51529;49% (1965. mesto);3;1;0;;https://www.hribi.net/gora/rifugio_colverde/39/2030
2031;Cima della Rosetta;Italija;Dolomiti;2743;46,26273°N 11,83134°E;vrh;103778;54% (1759. mesto);7;2;0;;https://www.hribi.net/gora/cima_della_rosetta/39/2031
2033;Rifugio Pisciadu;Italija;Dolomiti;2585;46,53626°N 11,82148°E;koča, jezero;139727;58% (1620. mesto);13;2;0;;https://www.hribi.net/gora/rifugio_pisciadu/39/2033
2034;Cima Pisciadu;Italija;Dolomiti;2985;46,5314°N 11,82517°E;vrh;216218;65% (1329. mesto);18;2;0;;https://www.hribi.net/gora/cima_pisciadu/39/2034
2035;Rifugio Boe;Italija;Dolomiti;2873;46,51433°N 11,82348°E;koča;121963;56% (1684. mesto);7;3;0;;https://www.hribi.net/gora/rifugio_boe/39/2035
2037;Rifugio Toni Demetz;Italija;Dolomiti;2685;46,51469°N 11,73953°E;koča, sedlo;78731;52% (1855. mesto);4;1;0;;https://www.hribi.net/gora/rifugio_toni_demetz/39/2037
2038;Rifugio Vicenza;Italija;Dolomiti;2253;46,52°N 11,72361°E;koča;65294;50% (1908. mesto);4;1;0;;https://www.hribi.net/gora/rifugio_vicenza/39/2038
2039;Sassopiatto / Plattkofel;Italija;Dolomiti;2969;46,51332°N 11,71634°E;vrh;130448;57% (1653. mesto);8;2;0;;https://www.hribi.net/gora/sassopiatto___plattkofel/39/2039
2040;Zehnernock;Avstrija;Ziljske Alpe;1956;46,5976°N 13,6973°E;vrh, planina;141127;58% (1615. mesto);3;1;0;;https://www.hribi.net/gora/zehnernock/31/2040
2041;Veliki Mošenik / Große Muschenig;Avstrija;Karavanke;1021;46,50681°N 14,0973°E;vrh;114128;55% (1719. mesto);2;2;0;;https://www.hribi.net/gora/veliki_mosenik___grosse_muschenig/11/2041
2042;Podgorska planina / Maria Elender Alm;Avstrija;Karavanke;930;46,50489°N 14,09253°E;planina;109690;55% (1735. mesto);2;1;0;;https://www.hribi.net/gora/podgorska_planina___maria_elender_alm/11/2042
2043;Rifugio Friedrich August;Italija;Dolomiti;2298;46,50036°N 11,74531°E;koča, planina;73012;51% (1877. mesto);4;1;0;;https://www.hribi.net/gora/rifugio_friedrich_august/39/2043
2046;Großer Rosennock;Avstrija;Krške Alpe;2440;46,8771°N 13,71245°E;vrh;280956;72% (1090. mesto);4;2;0;;https://www.hribi.net/gora/grosser_rosennock/29/2046
2047;Rifugio Sandro Pertini;Italija;Dolomiti;2300;46,50233°N 11,72458°E;koča, planina;63825;50% (1914. mesto);5;1;0;1;https://www.hribi.net/gora/rifugio_sandro_pertini/39/2047
2048;Rifugio Sasso Piatto;Italija;Dolomiti;2300;46,50486°N 11,70117°E;koča, planina;73634;51% (1875. mesto);7;1;0;2;https://www.hribi.net/gora/rifugio_sasso_piatto/39/2048
2049;Monte Civetta;Italija;Dolomiti;3220;46,37992°N 12,05313°E;vrh;390412;82% (696. mesto);19;2;0;;https://www.hribi.net/gora/monte_civetta/39/2049
2050;Rifugio Sonino al Coldai;Italija;Dolomiti;2132;46,39916°N 12,06842°E;koča;76138;51% (1864. mesto);6;1;0;;https://www.hribi.net/gora/rifugio_sonino_al_coldai/39/2050
2051;Rifugio Torrani;Italija;Dolomiti;2984;46,37857°N 12,05671°E;koča;89299;53% (1817. mesto);5;1;0;;https://www.hribi.net/gora/rifugio_torrani/39/2051
2052;Rifugio Faloria;Italija;Dolomiti;2123;46,53228°N 12,17313°E;koča;69511;51% (1892. mesto);12;3;0;1;https://www.hribi.net/gora/rifugio_faloria/39/2052
2053;Rifugio Tondi;Italija;Dolomiti;2327;46,52771°N 12,1811°E;vrh, koča;75999;51% (1866. mesto);13;1;0;;https://www.hribi.net/gora/rifugio_tondi/39/2053
2054;Sella di Punta Nera;Italija;Dolomiti;2738;46,51827°N 12,1928°E;sedlo;90536;53% (1809. mesto);8;2;0;;https://www.hribi.net/gora/sella_di_punta_nera/39/2054
2055;Lago di Sorapiss / Rifugio Vandelli;Italija;Dolomiti;1926;46,52088°N 12,22446°E;koča, jezero;219462;66% (1314. mesto);8;1;0;;https://www.hribi.net/gora/lago_di_sorapiss___rifugio_vandelli/39/2055
2057;Rifugio Venezia;Italija;Dolomiti;1946;46,41554°N 12,15603°E;koča, bivak, planina;75893;51% (1868. mesto);8;1;0;;https://www.hribi.net/gora/rifugio_venezia/39/2057
2058;Monte Pena;Italija;Dolomiti;2196;46,40203°N 12,17699°E;vrh;95853;53% (1788. mesto);11;1;0;;https://www.hribi.net/gora/monte_pena/39/2058
2059;Große Kinigat / Monte Cavallino;Avstrija, Italija;Karnijske Alpe;2689;46,67551°N 12,52421°E;vrh;214334;65% (1336. mesto);10;2;0;;https://www.hribi.net/gora/grosse_kinigat___monte_cavallino/27/2059
2061;Obstansersee Hütte;Avstrija;Karnijske Alpe;2304;46,68443°N 12,49363°E;koča, jezero, planina;126669;56% (1668. mesto);7;1;0;;https://www.hribi.net/gora/obstansersee_hutte/27/2061
2062;Pfannspitze / Cima Vanscuro;Avstrija, Italija;Karnijske Alpe;2678;46,68066°N 12,5017°E;vrh;142255;58% (1610. mesto);6;1;0;;https://www.hribi.net/gora/pfannspitze___cima_vanscuro/27/2062
2063;Piz Ciampei;Italija;Dolomiti;2290;46,53014°N 11,98094°E;vrh;64455;50% (1911. mesto);5;1;0;;https://www.hribi.net/gora/piz_ciampei/39/2063
2064;Žalostna gora pri Preserju;Slovenija;Goriško, Notranjsko in Snežniško hribovje;418;45,9588°N 14,3947°E;vrh, cerkev;257811;69% (1172. mesto);5;2;0;10;https://www.hribi.net/gora/zalostna_gora_pri_preserju/26/2064
2065;Les Pizades;Italija;Dolomiti;2265;46,5319°N 11,94842°E;vrh;62651;50% (1919. mesto);6;1;0;;https://www.hribi.net/gora/les_pizades/39/2065
2066;Setsas;Italija;Dolomiti;2571;46,51946°N 11,95726°E;vrh;99925;54% (1774. mesto);18;2;0;1;https://www.hribi.net/gora/setsas/39/2066
2067;Col de Mesores / Sass dla Luesa;Italija;Dolomiti;2615;46,54294°N 11,81336°E;vrh;77562;52% (1858. mesto);6;1;0;;https://www.hribi.net/gora/col_de_mesores___sass_dla_luesa/39/2067
2071;Vovar;Slovenija;Kamniško Savinjske Alpe;940;46,25341°N 14,64641°E;vrh;266773;70% (1140. mesto);7;6;1;;https://www.hribi.net/gora/vovar/3/2071
2072;Vodnikov Vršac (Vršac nad Zadnjico);Slovenija;Julijske Alpe;2194;46,36306°N 13,79715°E;vrh;365669;80% (778. mesto);17;5;0;1;https://www.hribi.net/gora/vodnikov_vrsac_vrsac_nad_zadnjico/1/2072
2073;Rifugio Lavarella;Italija;Dolomiti;2042;46,61111°N 12,00709°E;koča, planina;92167;53% (1802. mesto);3;1;0;;https://www.hribi.net/gora/rifugio_lavarella/39/2073
2074;Rifugio Fanes;Italija;Dolomiti;2060;46,61206°N 12,01416°E;koča, planina;75124;51% (1871. mesto);2;1;0;;https://www.hribi.net/gora/rifugio_fanes/39/2074
2075;L'Ciaval / Kreuzkofel;Italija;Dolomiti;2907;46,61451°N 11,95177°E;vrh;89667;53% (1812. mesto);9;3;0;;https://www.hribi.net/gora/lciaval___kreuzkofel/39/2075
2076;Sasso delle Dieci / Zehnerspitze;Italija;Dolomiti;3028;46,62236°N 11,96095°E;vrh;135951;57% (1633. mesto);16;3;0;;https://www.hribi.net/gora/sasso_delle_dieci___zehnerspitze/39/2076
2077;Rifugio Ra Valles;Italija;Dolomiti;2470;46,54757°N 12,08493°E;koča;160357;60% (1542. mesto);7;3;0;;https://www.hribi.net/gora/rifugio_ra_valles/39/2077
2078;Cima Formenton;Italija;Dolomiti;2830;46,56627°N 12,07236°E;vrh;99757;54% (1775. mesto);11;3;0;;https://www.hribi.net/gora/cima_formenton/39/2078
2079;Bivak Baracca degli Alpini;Italija;Dolomiti;2922;46,56286°N 12,06794°E;bivak;99707;54% (1777. mesto);4;3;0;;https://www.hribi.net/gora/bivak_baracca_degli_alpini/39/2079
2080;Tofana di Dentro;Italija;Dolomiti;3238;46,55824°N 12,06392°E;vrh;213080;65% (1344. mesto);18;2;0;;https://www.hribi.net/gora/tofana_di_dentro/39/2080
2081;Sitarjevec;Slovenija;Posavsko hribovje in Dolenjska;448;46,0523°N 14,826°E;vrh;204177;64% (1379. mesto);1;2;0;;https://www.hribi.net/gora/sitarjevec/25/2081
2083;Rifugio Duca d'Aosta;Italija;Dolomiti;2098;46,53791°N 12,08501°E;koča;78107;52% (1857. mesto);9;2;0;;https://www.hribi.net/gora/rifugio_duca_daosta/39/2083
2084;Vranilac (Kalnik);Hrvaška;Gorjanci, Medvednica in Medžimurje;643;46,1311°N 16,4548°E;vrh;113701;55% (1720. mesto);2;5;1;;https://www.hribi.net/gora/vranilac_kalnik/61/2084
2090;Kekes / Kékestető;Madžarska;Severovzhodna Madžarska;1014;47,8725°N 20,008°E;vrh;154594;59% (1564. mesto);1;7;0;;https://www.hribi.net/gora/kekes___kekesteto/134/2090
2091;Szent Gyoergy Hegy;Madžarska;Zahodna Madžarska;415;46,8411°N 17,4483°E;vrh;50573;49% (1971. mesto);5;1;0;;https://www.hribi.net/gora/szent_gyoergy_hegy/132/2091
2092;Ostri Vrh nad Vipavsko dolino;Slovenija;Goriško, Notranjsko in Snežniško hribovje;422;45,8475°N 13,8781°E;vrh;193884;63% (1415. mesto);7;0;0;1;https://www.hribi.net/gora/ostri_vrh_nad_vipavsko_dolino/26/2092
2093;Stegovniški slap;Slovenija;Karavanke;872;46,4047°N 14,3972°E;slap;148910;59% (1587. mesto);2;1;0;;https://www.hribi.net/gora/stegovniski_slap/11/2093
2095;Sasso Vernale;Italija;Dolomiti;3058;46,41883°N 11,84032°E;vrh;129866;57% (1655. mesto);14;1;0;;https://www.hribi.net/gora/sasso_vernale/39/2095
2096;Cima Ombrettola;Italija;Dolomiti;2931;46,41293°N 11,84014°E;vrh;88315;52% (1821. mesto);8;1;0;;https://www.hribi.net/gora/cima_ombrettola/39/2096
2097;Planina Pungrat;Slovenija;Karavanke;1447;46,4304°N 14,3596°E;planina;344274;78% (857. mesto);7;3;0;1;https://www.hribi.net/gora/planina_pungrat/11/2097
2098;Tegoška planina;Slovenija;Karavanke;1430;46,4293°N 14,3767°E;planina;296245;73% (1034. mesto);2;4;0;;https://www.hribi.net/gora/tegoska_planina/11/2098
2099;Planina Ilovica;Slovenija;Karavanke;1462;46,424°N 14,3316°E;planina;181965;62% (1463. mesto);0;2;0;;https://www.hribi.net/gora/planina_ilovica/11/2099
2101;Planina na Kalu;Slovenija;Julijske Alpe;1490;46,2422°N 13,7558°E;bivak, planina;284300;72% (1075. mesto);15;7;2;1;https://www.hribi.net/gora/planina_na_kalu/1/2101
2102;Tolminski Migovec;Slovenija;Julijske Alpe;1868;46,24629°N 13,76239°E;vrh;442624;86% (527. mesto);8;2;1;4;https://www.hribi.net/gora/tolminski_migovec/1/2102
2104;Ham;Hrvaška;Gorjanci, Medvednica in Medžimurje;679;;vrh;47861;48% (1981. mesto);1;1;0;;https://www.hribi.net/gora/ham/61/2104
2105;Cima Venegiotta;Italija;Dolomiti;2401;46,32788°N 11,82286°E;vrh;85004;52% (1831. mesto);14;1;0;;https://www.hribi.net/gora/cima_venegiotta/39/2105
2106;Grillitschhütte (Golica/Koralpe);Avstrija;Labotniške Alpe;1710;46,8159°N 14,9843°E;koča, planina;102165;54% (1765. mesto);7;3;0;;https://www.hribi.net/gora/grillitschhutte_golica_koralpe/28/2106
2107;Hühnerstütze (Golica/Koralpe);Avstrija;Labotniške Alpe;1989;46,806°N 14,9823°E;vrh;99502;54% (1778. mesto);6;2;0;;https://www.hribi.net/gora/huhnerstutze_golica_koralpe/28/2107
2108;Cima Caladora / Cima del Lago;Italija;Dolomiti;2313;46,332°N 11,81224°E;vrh;69431;51% (1893. mesto);10;1;0;;https://www.hribi.net/gora/cima_caladora___cima_del_lago/39/2108
2109;Bukovniško jezero;Slovenija;Prekmurje;189;46,6723°N 16,3363°E;jezero;254328;69% (1185. mesto);11;6;1;;https://www.hribi.net/gora/bukovnisko_jezero/163/2109
2110;Handalm;Avstrija;Labotniške Alpe;1853;46,84553°N 15,0196°E;vrh;74484;51% (1872. mesto);5;5;0;;https://www.hribi.net/gora/handalm/28/2110
2111;Weberkogel;Avstrija;Labotniške Alpe;1805;46,858°N 15,00896°E;vrh;72919;51% (1879. mesto);6;4;0;;https://www.hribi.net/gora/weberkogel/28/2111
2112;Glashüttenkogel;Avstrija;Labotniške Alpe;1762;46,83879°N 15,04339°E;vrh;81854;52% (1846. mesto);3;2;0;;https://www.hribi.net/gora/glashuttenkogel/28/2112
2113;Sveti Benedikt (Kančevci);Slovenija;Prekmurje;358;46,751°N 16,2334°E;vrh, cerkev;119039;56% (1698. mesto);13;5;0;4;https://www.hribi.net/gora/sveti_benedikt_kancevci/163/2113
2114;Sveti Primož in Felicijan nad Semičem;Slovenija;Posavsko hribovje in Dolenjska;465;45,647°N 15,1639°E;cerkev;123500;56% (1678. mesto);2;1;0;;https://www.hribi.net/gora/sveti_primoz_in_felicijan_nad_semicem/25/2114
2115;Semenič;Slovenija;Posavsko hribovje in Dolenjska;590;45,6487°N 15,1616°E;vrh;123322;56% (1680. mesto);1;1;0;1;https://www.hribi.net/gora/semenic/25/2115
2116;Smuk;Slovenija;Posavsko hribovje in Dolenjska;545;45,66124°N 15,17985°E;vrh, koča, cerkev;209858;64% (1361. mesto);9;2;3;2;https://www.hribi.net/gora/smuk/25/2116
2117;Planinski dom Goška ravan;Slovenija;Škofjeloško, Cerkljansko hribovje in Jelovica;933;46,3166°N 14,1328°E;koča, planina;359608;79% (804. mesto);10;6;0;;https://www.hribi.net/gora/planinski_dom_goska_ravan/21/2117
2118;Planina Ravne;Slovenija;Kamniško Savinjske Alpe;1500;46,35°N 14,6992°E;planina;309305;74% (986. mesto);9;1;1;1;https://www.hribi.net/gora/planina_ravne/3/2118
2119;Grad Turjak;Slovenija;Posavsko hribovje in Dolenjska;522;45,8769°N 14,6074°E;vrh;266201;70% (1141. mesto);2;3;0;3;https://www.hribi.net/gora/grad_turjak/25/2119
2120;Cima Valles / Cima Venegia;Italija;Dolomiti;2305;46,333°N 11,80299°E;vrh;58209;49% (1937. mesto);5;1;0;;https://www.hribi.net/gora/cima_valles___cima_venegia/39/2120
2121;Badacsony;Madžarska;Zahodna Madžarska;438;46,80318°N 17,49626°E;vrh;53550;49% (1956. mesto);2;3;0;;https://www.hribi.net/gora/badacsony/132/2121
2122;Gulacs;Madžarska;Zahodna Madžarska;393;46,82946°N 17,50103°E;vrh;47721;48% (1982. mesto);3;2;0;;https://www.hribi.net/gora/gulacs/132/2122
2123;Klečica;Slovenija;Julijske Alpe;1889;46,3973°N 13,9413°E;vrh;200869;64% (1392. mesto);0;0;0;;https://www.hribi.net/gora/klecica/1/2123
2124;Marija Snežna (Kavalar) / Madonna della Neve;Italija;Karavanke;1275;46,5141°N 13,6951°E;planina, cerkev;289081;72% (1061. mesto);3;2;0;;https://www.hribi.net/gora/marija_snezna_kavalar___madonna_della_neve/11/2124
2125;Marinčeva planina (Hrib);Slovenija;Polhograjsko hribovje in Ljubljana;805;46,04512°N 14,21678°E;vrh;232498;67% (1268. mesto);7;2;0;1;https://www.hribi.net/gora/marinceva_planina_hrib/5/2125
2126;Macna / Matzen;Avstrija;Karavanke;1627;46,509°N 14,3624°E;vrh;152935;59% (1569. mesto);8;4;0;;https://www.hribi.net/gora/macna___matzen/11/2126
2127;Sveta Ana (Macna) / St. Anna (Matzen);Avstrija;Karavanke;1536;46,5135°N 14,3614°E;cerkev;146874;58% (1595. mesto);6;3;0;;https://www.hribi.net/gora/sveta_ana_macna___st_anna_matzen/11/2127
2128;Oštrc;Hrvaška;Gorjanci, Medvednica in Medžimurje;752;45,7615°N 15,6494°E;vrh;103916;54% (1758. mesto);2;5;0;;https://www.hribi.net/gora/ostrc/61/2128
2129;Zabreznik (Sv. Miklavž);Slovenija;Posavsko hribovje in Dolenjska;644;46,1628°N 14,9496°E;vrh, cerkev;130838;57% (1651. mesto);3;2;0;1;https://www.hribi.net/gora/zabreznik_sv_miklavz/25/2129
2130;Vetrh vrh;Slovenija;Karavanke;1268;46,3986°N 14,3833°E;vrh;120241;56% (1694. mesto);4;1;0;;https://www.hribi.net/gora/vetrh_vrh/11/2130
2134;Kopa / Monte Coppa;Italija;Karavanke;1496;46,51474°N 13,70705°E;vrh;272143;71% (1121. mesto);4;2;0;;https://www.hribi.net/gora/kopa___monte_coppa/11/2134
2135;Belovka;Slovenija;Goriško, Notranjsko in Snežniško hribovje;848;45,76061°N 14,54092°E;vrh;150267;59% (1581. mesto);3;2;0;;https://www.hribi.net/gora/belovka/26/2135
2136;Mehovski hrib;Slovenija;Posavsko hribovje in Dolenjska;571;45,73803°N 15,20388°E;vrh;400752;83% (661. mesto);23;6;0;;https://www.hribi.net/gora/mehovski_hrib/25/2136
2138;Vošni vrh;Slovenija;Julijske Alpe;1621;46,4128°N 13,9439°E;vrh;181198;62% (1465. mesto);2;1;0;1;https://www.hribi.net/gora/vosni_vrh/1/2138
2139;Frčkova planina;Slovenija;Julijske Alpe;1335;46,4231°N 13,9504°E;planina;188683;63% (1435. mesto);3;1;0;;https://www.hribi.net/gora/frckova_planina/1/2139
2140;Strešni vrh (Svibno);Slovenija;Posavsko hribovje in Dolenjska;523;46,0728°N 14,8331°E;vrh;183698;62% (1454. mesto);1;2;0;;https://www.hribi.net/gora/stresni_vrh_svibno/25/2140
2141;Vrhija;Slovenija;Posavsko hribovje in Dolenjska;648;46,1623°N 14,8897°E;vrh;135124;57% (1637. mesto);2;1;0;;https://www.hribi.net/gora/vrhija/25/2141
2142;Javorč;Slovenija;Polhograjsko hribovje in Ljubljana;901;46,0703°N 14,1419°E;vrh, koča;349818;78% (837. mesto);5;3;0;;https://www.hribi.net/gora/javorc/5/2142
2145;Frančiškov hrib;Slovenija;Goriško, Notranjsko in Snežniško hribovje;632;45,9954°N 13,6612°E;vrh;210495;65% (1358. mesto);5;3;0;6;https://www.hribi.net/gora/franciskov_hrib/26/2145
2146;Koseški bajer;Slovenija;Polhograjsko hribovje in Ljubljana;307;46,0673°N 14,4687°E;jezero;395259;82% (681. mesto);7;2;0;3;https://www.hribi.net/gora/koseski_bajer/5/2146
2147;Razgledišče Petelinc / Aussicht Petelinz;Avstrija;Krške Alpe;604;46,5485°N 14,3136°E;vrh;120480;56% (1691. mesto);1;4;0;;https://www.hribi.net/gora/razgledisce_petelinc___aussicht_petelinz/29/2147
2148;Sveti Duh (Pedrovo);Slovenija;Goriško, Notranjsko in Snežniško hribovje;365;45,8565°N 13,7642°E;cerkev;140378;58% (1617. mesto);1;2;0;;https://www.hribi.net/gora/sveti_duh_pedrovo/26/2148
2149;Vitovsko jezero;Slovenija;Goriško, Notranjsko in Snežniško hribovje;445;45,9379°N 13,772°E;jezero;200030;64% (1395. mesto);3;1;0;;https://www.hribi.net/gora/vitovsko_jezero/26/2149
2151;Sveti Vid (Vidovska planota);Slovenija;Goriško, Notranjsko in Snežniško hribovje;846;45,8506°N 14,4612°E;vrh, cerkev;178979;62% (1472. mesto);9;3;0;;https://www.hribi.net/gora/sveti_vid_vidovska_planota/26/2151
2152;Nizki vrh;Slovenija;Julijske Alpe;1488;46,2916°N 13,3902°E;vrh;216854;65% (1326. mesto);13;1;0;;https://www.hribi.net/gora/nizki_vrh/1/2152
2153;Brezje / Montemaggiore;Italija;Julijske Alpe;819;46,2681°N 13,37°E;Vremenska napoved:;145602;58% (1599. mesto);2;1;0;;https://www.hribi.net/gora/brezje___montemaggiore/1/2153
2154;Klatnica;Slovenija;Julijske Alpe;1000;46,2794°N 13,417°E;Vremenska napoved:;215815;65% (1331. mesto);4;1;0;;https://www.hribi.net/gora/klatnica/1/2154
2155;Stari grad Kamnik;Slovenija;Posavsko hribovje in Dolenjska;577;46,2239°N 14,6169°E;vrh, koča;339406;77% (879. mesto);7;2;0;4;https://www.hribi.net/gora/stari_grad_kamnik/25/2155
2156;Köris Hegy;Madžarska;Zahodna Madžarska;709;47,2941°N 17,7536°E;Vremenska napoved:;55081;49% (1951. mesto);1;1;0;;https://www.hribi.net/gora/koris_hegy/132/2156
2157;Izvir Bele;Slovenija;Julijske Alpe;665;46,2712°N 13,4257°E;Vremenska napoved:;226799;66% (1284. mesto);2;1;0;1;https://www.hribi.net/gora/izvir_bele/1/2157
2158;Špicberg;Slovenija;Posavsko hribovje in Dolenjska;490;46,1455°N 15,0322°E;vrh;211472;65% (1352. mesto);2;2;0;;https://www.hribi.net/gora/spicberg/25/2158
2159;Dom pod Okićem;Hrvaška;Gorjanci, Medvednica in Medžimurje;411;;koča;47963;48% (1980. mesto);3;1;0;;https://www.hribi.net/gora/dom_pod_okicem/61/2159
2162;Pečke;Slovenija;Pohorje, Dravinjske gorice in Haloze;720;46,5227°N 15,5408°E;vrh, koča;360000;79% (803. mesto);7;5;1;;https://www.hribi.net/gora/pecke/4/2162
2163;Sveta Ana (Tunjice);Slovenija;Kamniško Savinjske Alpe;475;46,2314°N 14,5777°E;vrh, cerkev;271046;71% (1125. mesto);9;3;0;3;https://www.hribi.net/gora/sveta_ana_tunjice/3/2163
2164;Brezovica;Hrvaška;Gorjanci, Medvednica in Medžimurje;581;;vrh;49928;48% (1974. mesto);3;2;0;;https://www.hribi.net/gora/brezovica/61/2164
2166;Fallbach;Avstrija;Visoke Ture;1150;46,9845°N 13,47038°E;slap;106100;54% (1750. mesto);1;1;0;;https://www.hribi.net/gora/fallbach/57/2166
2167;Cesargradska gora;Hrvaška;Gorjanci, Medvednica in Medžimurje;509;;vrh, koča;61444;50% (1924. mesto);10;2;0;;https://www.hribi.net/gora/cesargradska_gora/61/2167
2170;Trebni vrh;Slovenija;Posavsko hribovje in Dolenjska;581;45,8935°N 15,003°E;vrh;241014;68% (1238. mesto);3;6;2;8;https://www.hribi.net/gora/trebni_vrh/25/2170
2171;Lovski dom na Vrhtrebnjem;Slovenija;Posavsko hribovje in Dolenjska;562;45,8942°N 15,0014°E;koča, cerkev;232817;67% (1266. mesto);5;4;0;1;https://www.hribi.net/gora/lovski_dom_na_vrhtrebnjem/25/2171
2172;Lisec (Liška gora);Slovenija;Posavsko hribovje in Dolenjska;565;45,8682°N 14,9533°E;vrh;185412;62% (1448. mesto);7;1;0;2;https://www.hribi.net/gora/lisec_liska_gora/25/2172
2173;Sveti Križ (Liška gora);Slovenija;Posavsko hribovje in Dolenjska;428;45,868°N 14,9627°E;vrh, cerkev;128006;57% (1665. mesto);2;1;0;;https://www.hribi.net/gora/sveti_kriz_liska_gora/25/2173
2174;Koča pod Košuto / Koschutahaus;Avstrija;Karavanke;1280;46,4517°N 14,3876°E;koča;221836;66% (1306. mesto);4;3;0;;https://www.hribi.net/gora/koca_pod_kosuto___koschutahaus/11/2174
2175;Mejnik;Avstrija;Karavanke;1517;46,4537°N 14,3961°E;vrh;161386;60% (1538. mesto);2;3;0;;https://www.hribi.net/gora/mejnik/11/2175
2176;Col Rosa;Italija;Dolomiti;2166;46,58576°N 12,09764°E;vrh;121165;56% (1688. mesto);15;2;0;;https://www.hribi.net/gora/col_rosa/39/2176
2177;Sasso di Stria;Italija;Dolomiti;2477;46,51989°N 11,99788°E;vrh;82748;52% (1839. mesto);7;1;0;;https://www.hribi.net/gora/sasso_di_stria/39/2177
2178;Monte Sief;Italija;Dolomiti;2424;46,50095°N 11,95438°E;vrh;94272;53% (1795. mesto);14;2;0;;https://www.hribi.net/gora/monte_sief/39/2178
2180;Col di Lana;Italija;Dolomiti;2452;46,49665°N 11,95941°E;vrh, bivak, cerkev;168396;61% (1512. mesto);24;3;0;;https://www.hribi.net/gora/col_di_lana/39/2180
2181;Cenglei;Italija;Dolomiti;2221;46,49871°N 11,97228°E;vrh;76877;51% (1860. mesto);7;1;0;;https://www.hribi.net/gora/cenglei/39/2181
2182;K2;Nepal;Himalaja;8611;;vrh;312866;75% (968. mesto);3;0;0;;https://www.hribi.net/gora/k2/107/2182
2185;Lovska koča na Glinu;Slovenija;Julijske Alpe;1527;46,2411°N 13,8684°E;vrh;162608;60% (1533. mesto);2;5;0;;https://www.hribi.net/gora/lovska_koca_na_glinu/1/2185
2186;Rifugio Fodara Vedla;Italija;Dolomiti;1980;46,63558°N 12,06098°E;koča, planina;60423;50% (1928. mesto);2;1;0;;https://www.hribi.net/gora/rifugio_fodara_vedla/39/2186
2187;Rifugio Sennes;Italija;Dolomiti;2126;46,65362°N 12,0595°E;koča, jezero, planina;90702;53% (1807. mesto);7;4;0;;https://www.hribi.net/gora/rifugio_sennes/39/2187
2188;Rifugio Munt de Sennes;Italija;Dolomiti;2176;46,65885°N 12,04871°E;koča, planina;76689;51% (1863. mesto);8;2;0;;https://www.hribi.net/gora/rifugio_munt_de_sennes/39/2188
2189;Col de Lasta;Italija;Dolomiti;2311;46,65316°N 12,05243°E;vrh;71221;51% (1883. mesto);7;2;0;;https://www.hribi.net/gora/col_de_lasta/39/2189
2190;Muntejela de Sennes;Italija;Dolomiti;2787;46,67197°N 12,01873°E;vrh;97170;53% (1783. mesto);16;2;0;;https://www.hribi.net/gora/muntejela_de_sennes/39/2190
2191;Rifugio Biella / Seekofel Hütte;Italija;Dolomiti;2327;46,66565°N 12,08464°E;koča, bivak;106321;54% (1746. mesto);15;2;0;;https://www.hribi.net/gora/rifugio_biella___seekofel_hutte/39/2191
2192;Croda del Beco / Seekofel;Italija;Dolomiti;2810;46,67486°N 12,07224°E;vrh;159121;60% (1548. mesto);22;2;0;;https://www.hribi.net/gora/croda_del_beco___seekofel/39/2192
2193;Punta Fiames;Italija;Dolomiti;2240;46,57596°N 12,12994°E;vrh;107896;55% (1738. mesto);12;2;0;1;https://www.hribi.net/gora/punta_fiames/39/2193
2194;Pezzories;Italija;Dolomiti;2348;46,58027°N 12,12998°E;vrh;70198;51% (1888. mesto);8;1;0;;https://www.hribi.net/gora/pezzories/39/2194
2197;Sveti Mihael na Pečici;Slovenija;Karavanke;500;46,275°N 15,5294°E;cerkev;129044;57% (1658. mesto);5;4;0;;https://www.hribi.net/gora/sveti_mihael_na_pecici/11/2197
2198;Linderhütte;Avstrija;Lienški Dolomiti;2683;46,77009°N 12,7406°E;bivak;87055;52% (1822. mesto);7;1;0;;https://www.hribi.net/gora/linderhutte/68/2198
2199;Spitzkofel;Avstrija;Lienški Dolomiti;2717;46,77239°N 12,743°E;vrh;133625;57% (1642. mesto);13;1;0;;https://www.hribi.net/gora/spitzkofel/68/2199
2200;Weittalspitze;Avstrija;Lienški Dolomiti;2539;46,74979°N 12,76611°E;vrh;101750;54% (1767. mesto);15;2;0;;https://www.hribi.net/gora/weittalspitze/68/2200
2201;Kriška planina;Slovenija;Kamniško Savinjske Alpe;1480;46,2943°N 14,5359°E;koča, planina;516078;92% (316. mesto);5;5;4;2;https://www.hribi.net/gora/kriska_planina/3/2201
2202;Rifugio Padon;Italija;Dolomiti;2407;46,46352°N 11,89259°E;koča;93975;53% (1796. mesto);9;1;0;;https://www.hribi.net/gora/rifugio_padon/39/2202
2203;Bivak Bontadini;Italija;Dolomiti;2580;46,46344°N 11,88828°E;bivak;95429;53% (1790. mesto);6;1;0;;https://www.hribi.net/gora/bivak_bontadini/39/2203
2204;Bech da Mesdi;Italija;Dolomiti;2727;46,47309°N 11,87453°E;vrh;120032;56% (1695. mesto);9;1;0;;https://www.hribi.net/gora/bech_da_mesdi/39/2204
2205;Okić;Hrvaška;Gorjanci, Medvednica in Medžimurje;499;;Ogledov: 70.809;70809;51% (1886. mesto);1;3;0;;https://www.hribi.net/gora/okic/61/2205
2207;Leibnitzalm;Avstrija;Visoke Ture;1908;46,92136°N 12,67956°E;planina;48029;48% (1979. mesto);4;1;0;;https://www.hribi.net/gora/leibnitzalm/57/2207
2208;Hochschoberhütte;Avstrija;Visoke Ture;2322;46,9251°N 12,69952°E;koča;55820;49% (1947. mesto);13;2;0;;https://www.hribi.net/gora/hochschoberhutte/57/2208
2209;Domačija Pr Lenart (Belo);Slovenija;Polhograjsko hribovje in Ljubljana;650;46,0788°N 14,3591°E;koča;218640;66% (1321. mesto);3;2;0;;https://www.hribi.net/gora/domacija_pr_lenart_belo/5/2209
2210;Schoberlacke;Avstrija;Visoke Ture;2515;46,93274°N 12,69757°E;jezero;58481;49% (1936. mesto);4;1;0;;https://www.hribi.net/gora/schoberlacke/57/2210
2211;Hochschober;Avstrija;Visoke Ture;3240;46,94258°N 12,69831°E;vrh;172991;61% (1495. mesto);7;1;0;;https://www.hribi.net/gora/hochschober/57/2211
2213;Wangenitzseehütte;Avstrija;Visoke Ture;2508;46,93017°N 12,7998°E;koča, jezero, bivak;173005;61% (1494. mesto);15;1;0;;https://www.hribi.net/gora/wangenitzseehutte/57/2213
2214;Petzeck;Avstrija;Visoke Ture;3283;46,94808°N 12,80397°E;vrh;451897;87% (493. mesto);14;1;0;;https://www.hribi.net/gora/petzeck/57/2214
2215;Kruckelkopf;Avstrija;Visoke Ture;3181;46,94203°N 12,79614°E;vrh;195015;63% (1409. mesto);10;1;0;;https://www.hribi.net/gora/kruckelkopf/57/2215
2216;Steinermandl;Avstrija;Visoke Ture;2235;46,87594°N 12,79144°E;vrh, koča;107377;55% (1740. mesto);10;1;0;;https://www.hribi.net/gora/steinermandl/57/2216
2218;Goiselemandl;Avstrija;Visoke Ture;2433;46,88514°N 12,77758°E;vrh;106905;54% (1745. mesto);10;1;0;;https://www.hribi.net/gora/goiselemandl/57/2218
2219;Neualplseen;Avstrija;Visoke Ture;2438;46,89292°N 12,76608°E;jezero;112656;55% (1724. mesto);13;2;0;;https://www.hribi.net/gora/neualplseen/57/2219
2220;Östlicher Sattelkopf;Avstrija;Visoke Ture;2651;46,89922°N 12,76608°E;vrh;110999;55% (1731. mesto);9;1;0;;https://www.hribi.net/gora/ostlicher_sattelkopf/57/2220
2221;Schleinitz;Avstrija;Visoke Ture;2905;46,89538°N 12,74888°E;vrh;146651;58% (1597. mesto);18;2;0;;https://www.hribi.net/gora/schleinitz/57/2221
2222;Matkov kot;Slovenija;Kamniško Savinjske Alpe;920;46,401°N 14,6066°E;Vremenska napoved:;445526;86% (519. mesto);1;1;0;;https://www.hribi.net/gora/matkov_kot/3/2222
2223;Vrh (Debeli hrib);Slovenija;Polhograjsko hribovje in Ljubljana;540;46,0309°N 14,3877°E;vrh;279015;71% (1092. mesto);7;7;0;1;https://www.hribi.net/gora/vrh_debeli_hrib/5/2223
2224;Naturfreundehaus Kolm Saigurn;Avstrija;Visoke Ture;1598;47,06744°N 12,98386°E;koča;50274;49% (1972. mesto);6;1;0;;https://www.hribi.net/gora/naturfreundehaus_kolm_saigurn/57/2224
2225;Schutzhaus Neubau;Avstrija;Visoke Ture;2175;47,05631°N 12,98789°E;koča;52190;49% (1963. mesto);6;1;0;;https://www.hribi.net/gora/schutzhaus_neubau/57/2225
2226;Rojacher Hütte;Avstrija;Visoke Ture;2718;47,04805°N 12,96919°E;koča;86340;52% (1823. mesto);7;1;0;;https://www.hribi.net/gora/rojacher_hutte/57/2226
2227;Hoher Sonnblick;Avstrija;Visoke Ture;3106;47,05397°N 12,95775°E;vrh, koča, bivak;379828;81% (726. mesto);23;2;0;;https://www.hribi.net/gora/hoher_sonnblick/57/2227
2228;Goldzechkopf;Avstrija;Visoke Ture;3042;47,05917°N 12,94303°E;vrh;152599;59% (1571. mesto);9;2;0;;https://www.hribi.net/gora/goldzechkopf/57/2228
2229;Hocharn;Avstrija;Visoke Ture;3254;47,076°N 12,93769°E;vrh;243327;68% (1230. mesto);12;2;0;;https://www.hribi.net/gora/hocharn/57/2229
2230;Peter Wiechenthaler Hütte;Avstrija;Severne apneniške Alpe;1752;47,46369°N 12,87542°E;vrh, koča;48834;48% (1977. mesto);6;1;0;;https://www.hribi.net/gora/peter_wiechenthaler_hutte/59/2230
2231;Schartenkopf;Avstrija;Severne apneniške Alpe;2308;47,47933°N 12,8945°E;vrh;56454;49% (1945. mesto);7;1;0;;https://www.hribi.net/gora/schartenkopf/59/2231
2232;Ingolstädter Haus;Avstrija;Severne apneniške Alpe;2132;47,50158°N 12,88708°E;koča, bivak;59312;50% (1934. mesto);11;1;0;;https://www.hribi.net/gora/ingolstadter_haus/59/2232
2233;Großer Hundstod;Avstrija, Nemčija;Severne apneniške Alpe;2594;47,51261°N 12,88508°E;vrh;73627;51% (1874. mesto);10;1;0;;https://www.hribi.net/gora/grosser_hundstod/59/2233
2235;Čevo;Hrvaška;Gorjanci, Medvednica in Medžimurje;562;46,2063°N 16,2827°E;vrh;59645;50% (1932. mesto);5;4;0;;https://www.hribi.net/gora/cevo/61/2235
2236;Prielschutzhaus;Avstrija;Severne apneniške Alpe;1420;47,70486°N 14,08197°E;koča;59329;50% (1933. mesto);10;1;0;;https://www.hribi.net/gora/prielschutzhaus/59/2236
2237;Großer Priel;Avstrija;Severne apneniške Alpe;2515;47,71683°N 14,06322°E;vrh;111948;55% (1728. mesto);17;2;0;;https://www.hribi.net/gora/grosser_priel/59/2237
2238;Herbertspitze;Avstrija;Nizke Ture;2137;47,23814°N 13,55931°E;vrh;60323;50% (1929. mesto);9;1;0;;https://www.hribi.net/gora/herbertspitze/58/2238
2239;Gamsleitenspitze;Avstrija;Nizke Ture;2359;47,23914°N 13,54636°E;vrh;85601;52% (1829. mesto);13;2;0;;https://www.hribi.net/gora/gamsleitenspitze/58/2239
2240;Zbelovski grad;Slovenija;Karavanke;400;46,2961°N 15,5265°E;Vremenska napoved:;123372;56% (1679. mesto);5;3;0;2;https://www.hribi.net/gora/zbelovski_grad/11/2240
2241;Oslica (Bohor);Slovenija;Posavsko hribovje in Dolenjska;860;46,0679°N 15,485°E;vrh;189494;63% (1434. mesto);10;9;0;1;https://www.hribi.net/gora/oslica_bohor/25/2241
2242;Gamsmilchbar;Avstrija;Nizke Ture;2184;47,24071°N 13,53383°E;koča, jezero, sedlo;64194;50% (1912. mesto);11;1;0;;https://www.hribi.net/gora/gamsmilchbar/58/2242
2243;Gamsspitzl;Avstrija;Nizke Ture;2340;47,23883°N 13,53022°E;vrh;74430;51% (1873. mesto);11;1;0;;https://www.hribi.net/gora/gamsspitzl/58/2243
2244;Debeli vrh (Bohor);Slovenija;Posavsko hribovje in Dolenjska;921;46,07068°N 15,47009°E;vrh;186854;62% (1440. mesto);4;7;0;1;https://www.hribi.net/gora/debeli_vrh_bohor/25/2244
2245;Zehnerkarspitze;Avstrija;Nizke Ture;2382;47,23653°N 13,52908°E;vrh;85596;52% (1830. mesto);12;1;0;;https://www.hribi.net/gora/zehnerkarspitze/58/2245
2246;Brest (Bohor);Slovenija;Posavsko hribovje in Dolenjska;808;46,0702°N 15,4791°E;vrh;165247;60% (1525. mesto);5;9;0;1;https://www.hribi.net/gora/brest_bohor/25/2246
2247;Snowdon;Velika Britanija;Snowdonia;1085;53,0684°N -4,0761°E;vrh, koča;147959;59% (1589. mesto);6;0;0;;https://www.hribi.net/gora/snowdon/139/2247
2248;Spodnji Rokav;Slovenija;Julijske Alpe;2500;46,43063°N 13,82878°E;vrh;348223;78% (840. mesto);1;1;0;;https://www.hribi.net/gora/spodnji_rokav/1/2248
2249;Tinska gora;Slovenija;Posavsko hribovje in Dolenjska;409;46,1801°N 15,5525°E;vrh;175811;61% (1480. mesto);7;3;0;;https://www.hribi.net/gora/tinska_gora/25/2249
2250;Wiener Neustädter Hütte;Avstrija;Severne apneniške Alpe;2213;47,42335°N 10,97027°E;koča;84463;52% (1833. mesto);10;1;0;;https://www.hribi.net/gora/wiener_neustadter_hutte/59/2250
2251;Montokuc;Hrvaška;Jadranski otoki;235;42,7728°N 17,3832°E;vrh;82075;52% (1845. mesto);4;3;0;;https://www.hribi.net/gora/montokuc/63/2251
2252;Zugspitze;Avstrija, Nemčija;Severne apneniške Alpe;2962;47,4213°N 10,98622°E;vrh, koča;410507;84% (623. mesto);29;2;0;;https://www.hribi.net/gora/zugspitze/59/2252
2253;Ehrwalder Alm;Avstrija;Severne apneniške Alpe;1502;47,38497°N 10,969°E;koča, planina;51237;49% (1966. mesto);8;1;0;;https://www.hribi.net/gora/ehrwalder_alm/59/2253
2258;Hochfeldern Alm;Avstrija;Severne apneniške Alpe;1732;47,38235°N 10,98953°E;koča, planina;52983;49% (1959. mesto);6;1;0;;https://www.hribi.net/gora/hochfeldern_alm/59/2258
2259;Knorrhütte;Nemčija;Severne apneniške Alpe;2052;47,41004°N 11,01292°E;koča;59843;50% (1931. mesto);10;1;0;;https://www.hribi.net/gora/knorrhutte/59/2259
2260;Sonnalpin;Nemčija;Severne apneniške Alpe;2576;47,41316°N 10,97967°E;koča, cerkev;70852;51% (1885. mesto);9;1;0;;https://www.hribi.net/gora/sonnalpin/59/2260
2261;Raskože (Bohor);Slovenija;Posavsko hribovje in Dolenjska;650;46,0671°N 15,5262°E;vrh;121274;56% (1687. mesto);3;1;0;;https://www.hribi.net/gora/raskoze_bohor/25/2261
2262;Kreuzeckhaus;Nemčija;Severne apneniške Alpe;1652;47,45217°N 11,06642°E;vrh, koča, planina;51885;49% (1964. mesto);8;1;0;;https://www.hribi.net/gora/kreuzeckhaus/59/2262
2263;Pokojni vrh (Bohor);Slovenija;Posavsko hribovje in Dolenjska;711;46,0696°N 15,5111°E;vrh;137653;58% (1627. mesto);3;1;0;;https://www.hribi.net/gora/pokojni_vrh_bohor/25/2263
2264;Hochalm;Nemčija;Severne apneniške Alpe;1705;47,44061°N 11,06232°E;koča, planina;51136;49% (1968. mesto);8;1;0;;https://www.hribi.net/gora/hochalm/59/2264
2265;Osterfelderkopf;Nemčija;Severne apneniške Alpe;2033;47,43923°N 11,05033°E;vrh, koča;66059;50% (1904. mesto);13;1;0;;https://www.hribi.net/gora/osterfelderkopf/59/2265
2266;Alpspitze;Nemčija;Severne apneniške Alpe;2628;47,42975°N 11,04817°E;vrh;136014;57% (1632. mesto);26;2;0;;https://www.hribi.net/gora/alpspitze/59/2266
2267;Televrina;Hrvaška;Jadranski otoki;588;44,67154°N 14,36178°E;vrh;330817;77% (897. mesto);10;3;0;2;https://www.hribi.net/gora/televrina/63/2267
2268;Bernadeinkopf;Nemčija;Severne apneniške Alpe;2143;47,43108°N 11,06037°E;vrh;68481;51% (1896. mesto);12;1;0;;https://www.hribi.net/gora/bernadeinkopf/59/2268
2269;Rio Bianco / Beli potok;Italija;Julijske Alpe;770;46,2777°N 13,3829°E;slap;162038;60% (1536. mesto);4;0;0;;https://www.hribi.net/gora/rio_bianco___beli_potok/1/2269
2270;Miklavžev hrib (Miklavški hrib);Slovenija;Posavsko hribovje in Dolenjska;394;46,2224°N 15,2609°E;cerkev;178400;62% (1473. mesto);4;2;0;1;https://www.hribi.net/gora/miklavzev_hrib_miklavski_hrib/25/2270
2271;Lago di Fosses;Italija;Dolomiti;2142;46,65269°N 12,09405°E;jezero, planina;99737;54% (1776. mesto);15;1;0;;https://www.hribi.net/gora/lago_di_fosses/39/2271
2272;Remeda Rossa / Rote Wand;Italija;Dolomiti;2605;46,65264°N 12,11093°E;vrh;81813;52% (1847. mesto);12;2;0;;https://www.hribi.net/gora/remeda_rossa___rote_wand/39/2272
2273;Piccola Croda Rossa / Kleine Gaisl;Italija;Dolomiti;2859;46,64575°N 12,12442°E;vrh;124344;56% (1676. mesto);23;2;0;;https://www.hribi.net/gora/piccola_croda_rossa___kleine_gaisl/39/2273
2274;Roter Turm;Italija;Dolomiti;2553;46,65672°N 12,10874°E;vrh;86254;52% (1824. mesto);15;2;0;;https://www.hribi.net/gora/roter_turm/39/2274
2275;Col Druscie;Italija;Dolomiti;1779;46,54308°N 12,10397°E;vrh, koča;67625;50% (1898. mesto);7;1;0;;https://www.hribi.net/gora/col_druscie/39/2275
2276;Rifugio Sass Bece;Italija;Dolomiti;2423;46,4784°N 11,8129°E;vrh, koča;100109;54% (1772. mesto);19;1;0;2;https://www.hribi.net/gora/rifugio_sass_bece/39/2276
2277;Vipota;Slovenija;Posavsko hribovje in Dolenjska;532;46,20357°N 15,25404°E;vrh;217432;65% (1324. mesto);5;3;0;;https://www.hribi.net/gora/vipota/25/2277
2278;Rifugio Belvedere;Italija;Dolomiti;2335;46,47615°N 11,80733°E;koča;82871;52% (1838. mesto);15;1;0;;https://www.hribi.net/gora/rifugio_belvedere/39/2278
2279;Col di Rosc;Italija;Dolomiti;2383;46,47457°N 11,80195°E;vrh;77434;51% (1859. mesto);12;1;0;;https://www.hribi.net/gora/col_di_rosc/39/2279
2280;Rifugio Fredarola;Italija;Dolomiti;2370;46,47741°N 11,81489°E;koča;61928;50% (1921. mesto);8;1;0;;https://www.hribi.net/gora/rifugio_fredarola/39/2280
2281;Col da Cuch;Italija;Dolomiti;2563;46,4755°N 11,82404°E;vrh;82695;52% (1840. mesto);10;1;0;;https://www.hribi.net/gora/col_da_cuch/39/2281
2282;Sas Ciapel;Italija;Dolomiti;2557;46,47702°N 11,84151°E;vrh;89526;53% (1813. mesto);17;1;0;;https://www.hribi.net/gora/sas_ciapel/39/2282
2284;Sveti Primož in Felicijan (Osredek);Slovenija;Goriško, Notranjsko in Snežniško hribovje;751;45,8645°N 14,4853°E;vrh, koča, cerkev;172398;61% (1500. mesto);4;1;0;;https://www.hribi.net/gora/sveti_primoz_in_felicijan_osredek/26/2284
2287;Javorca (Golte);Slovenija;Kamniško Savinjske Alpe;1465;46,37354°N 14,90979°E;planina;347592;78% (842. mesto);11;3;0;1;https://www.hribi.net/gora/javorca_golte/3/2287
2289;Rog (Medvednica);Hrvaška;Gorjanci, Medvednica in Medžimurje;709;45,92963°N 16,06768°E;Vremenska napoved:;88595;52% (1820. mesto);3;2;0;;https://www.hribi.net/gora/rog_medvednica/61/2289
2290;Iški morost;Slovenija;Goriško, Notranjsko in Snežniško hribovje;289;45,9822°N 14,4794°E;Vremenska napoved:;197872;64% (1398. mesto);7;3;0;4;https://www.hribi.net/gora/iski_morost/26/2290
2291;Krajnikov grad;Slovenija;Karavanke;549;46,3792°N 15,2932°E;vrh;114344;55% (1717. mesto);3;1;0;1;https://www.hribi.net/gora/krajnikov_grad/11/2291
2298;Ančnikovo gradišče;Slovenija;Pohorje, Dravinjske gorice in Haloze;750;46,42669°N 15,52355°E;koča;226085;66% (1286. mesto);23;1;0;1;https://www.hribi.net/gora/ancnikovo_gradisce/4/2298
2299;Veliki Lubenjak;Hrvaška;Gorjanci, Medvednica in Medžimurje;590;;Ogledov: 48.769;48769;48% (1978. mesto);3;1;0;;https://www.hribi.net/gora/veliki_lubenjak/61/2299
2302;Veliki vrh nad Svetino;Slovenija;Posavsko hribovje in Dolenjska;807;46,17805°N 15,29584°E;vrh;272642;71% (1120. mesto);5;5;0;;https://www.hribi.net/gora/veliki_vrh_nad_svetino/25/2302
2303;Kopa (Belska Kopa);Slovenija;Kamniško Savinjske Alpe;1180;46,32205°N 14,61143°E;vrh;257018;69% (1175. mesto);3;1;0;;https://www.hribi.net/gora/kopa_belska_kopa/3/2303
2304;Terenbachalm;Avstrija;Labotniške Alpe;1734;47,191°N 14,99826°E;planina;102873;54% (1761. mesto);6;1;0;;https://www.hribi.net/gora/terenbachalm/28/2304
2305;Veli Vrh;Hrvaška;Jadranski otoki;541;;vrh;118323;56% (1701. mesto);6;2;0;;https://www.hribi.net/gora/veli_vrh/63/2305
2306;Obzova;Hrvaška;Jadranski otoki;568;44,99437°N 14,68735°E;vrh;318379;75% (946. mesto);9;3;0;3;https://www.hribi.net/gora/obzova/63/2306
2307;Golarjeva peč;Slovenija;Karavanke;1276;46,4297°N 14,6517°E;vrh;179234;62% (1471. mesto);2;1;0;;https://www.hribi.net/gora/golarjeva_pec/11/2307
2308;Štanjel (Sveti Danijel);Slovenija;Goriško, Notranjsko in Snežniško hribovje;553;;vrh;51201;49% (1967. mesto);6;1;1;;https://www.hribi.net/gora/stanjel_sveti_danijel/26/2308
2309;Lopatnik;Slovenija;Julijske Alpe;2012;46,2868°N 13,6493°E;vrh;427148;85% (573. mesto);16;1;0;;https://www.hribi.net/gora/lopatnik/1/2309
2310;Vrh (Šticna);Slovenija;Posavsko hribovje in Dolenjska;679;46,132°N 14,9799°E;vrh;174780;61% (1486. mesto);4;1;0;1;https://www.hribi.net/gora/vrh_sticna/25/2310
2316;Resje nad Štorami;Slovenija;Posavsko hribovje in Dolenjska;567;46,191°N 15,3426°E;vrh;255484;69% (1181. mesto);5;4;0;;https://www.hribi.net/gora/resje_nad_storami/25/2316
2318;Rigljica;Slovenija;Julijske Alpe;2074;46,4581°N 13,80653°E;vrh;339795;77% (874. mesto);0;1;0;;https://www.hribi.net/gora/rigljica/1/2318
2319;Studeniški grad;Slovenija;Karavanke;315;46,3°N 15,6151°E;Vremenska napoved:;172926;61% (1496. mesto);9;5;0;33;https://www.hribi.net/gora/studeniski_grad/11/2319
2320;Turn (Sv. Janez Krstnik);Slovenija;Posavsko hribovje in Dolenjska;513;46,2005°N 15,3313°E;vrh;260736;70% (1162. mesto);6;5;0;;https://www.hribi.net/gora/turn_sv_janez_krstnik/25/2320
2321;Sv. Uršula nad Dramljami;Slovenija;Karavanke;464;46,2805°N 15,4142°E;cerkev;203326;64% (1383. mesto);8;3;0;1;https://www.hribi.net/gora/sv_ursula_nad_dramljami/11/2321
2322;Babček;Slovenija;Karavanke;575;46,2981°N 15,4158°E;vrh;174849;61% (1484. mesto);3;4;0;;https://www.hribi.net/gora/babcek/11/2322
2323;Rušica;Slovenija;Julijske Alpe;2096;;vrh;52868;49% (1960. mesto);0;0;0;;https://www.hribi.net/gora/rusica/1/2323
2324;Lipenšči hrib;Slovenija;Julijske Alpe;1375;46,354°N 13,9572°E;vrh;222774;66% (1302. mesto);4;1;0;;https://www.hribi.net/gora/lipensci_hrib/1/2324
2325;Gradišče (Bodešče);Slovenija;Julijske Alpe;499;46,3435°N 14,1392°E;vrh;220193;66% (1311. mesto);4;2;0;1;https://www.hribi.net/gora/gradisce_bodesce/1/2325
2326;Sveti Lenart (Bodešče);Slovenija;Julijske Alpe;485;46,3437°N 14,1393°E;cerkev;194149;63% (1413. mesto);5;2;0;1;https://www.hribi.net/gora/sveti_lenart_bodesce/1/2326
2327;Bukovski vrh (Kuna gora);Hrvaška;Gorjanci, Medvednica in Medžimurje;521;46,17831°N 15,73601°E;Vremenska napoved:;106229;54% (1748. mesto);4;2;0;;https://www.hribi.net/gora/bukovski_vrh_kuna_gora/61/2327
2328;Šobčev bajer;Slovenija;Kamniško Savinjske Alpe;426;46,3538°N 14,1509°E;jezero;333140;77% (889. mesto);5;5;0;;https://www.hribi.net/gora/sobcev_bajer/3/2328
2329;Žusem;Slovenija;Posavsko hribovje in Dolenjska;669;46,15871°N 15,48166°E;vrh, bivak, cerkev;420018;84% (596. mesto);15;10;0;7;https://www.hribi.net/gora/zusem/25/2329
2330;Sv. Urban (Cmereška Gorca);Slovenija;Posavsko hribovje in Dolenjska;322;46,1833°N 15,5929°E;cerkev;152824;59% (1570. mesto);5;2;0;;https://www.hribi.net/gora/sv_urban_cmereska_gorca/25/2330
2331;Slap Kotel;Slovenija;Goriško, Notranjsko in Snežniško hribovje;763;45,85464°N 14,44595°E;slap, jezero;208849;64% (1362. mesto);5;1;0;;https://www.hribi.net/gora/slap_kotel/26/2331
2332;Japetić;Hrvaška;Gorjanci, Medvednica in Medžimurje;879;;vrh;100225;54% (1771. mesto);5;3;0;;https://www.hribi.net/gora/japetic/61/2332
2334;Dom v Iškem Vintgarju;Slovenija;Goriško, Notranjsko in Snežniško hribovje;360;;slap, koča, jezero;197023;63% (1402. mesto);1;1;0;;https://www.hribi.net/gora/dom_v_iskem_vintgarju/26/2334
2335;Sv. Urban nad Mariborom;Slovenija;Strojna, Košenjak, Kozjak in Slovenske gorice;595;46,6036°N 15,6053°E;cerkev;316479;75% (955. mesto);10;8;0;2;https://www.hribi.net/gora/sv_urban_nad_mariborom/162/2335
2336;Ciganov vrh (Korinjski hrib);Slovenija;Posavsko hribovje in Dolenjska;731;45,8466°N 14,7791°E;vrh;204304;64% (1377. mesto);0;1;0;2;https://www.hribi.net/gora/ciganov_vrh_korinjski_hrib/25/2336
2337;Sv. Lovrenc (Kompole);Slovenija;Posavsko hribovje in Dolenjska;315;46,2148°N 15,3366°E;cerkev;240697;68% (1239. mesto);9;2;0;;https://www.hribi.net/gora/sv_lovrenc_kompole/25/2337
2338;Vrunčev dom na Svetini;Slovenija;Posavsko hribovje in Dolenjska;780;;koča;303560;74% (1009. mesto);7;9;0;;https://www.hribi.net/gora/vruncev_dom_na_svetini/25/2338
2339;Bloško jezero;Slovenija;Goriško, Notranjsko in Snežniško hribovje;748;45,7859°N 14,5158°E;koča, jezero;443098;86% (525. mesto);13;4;0;;https://www.hribi.net/gora/blosko_jezero/26/2339
2340;Sv. Križ (Gaj nad Mariborom);Slovenija;Strojna, Košenjak, Kozjak in Slovenske gorice;575;46,6189°N 15,5658°E;cerkev;282072;72% (1086. mesto);5;3;0;;https://www.hribi.net/gora/sv_kriz_gaj_nad_mariborom/162/2340
2341;Petnikov vrh;Slovenija;Strojna, Košenjak, Kozjak in Slovenske gorice;603;46,6215°N 15,5558°E;vrh;215525;65% (1334. mesto);6;1;0;;https://www.hribi.net/gora/petnikov_vrh/162/2341
2342;Županov vrh;Slovenija;Goriško, Notranjsko in Snežniško hribovje;999;45,8963°N 14,4494°E;vrh;331850;77% (894. mesto);15;6;0;;https://www.hribi.net/gora/zupanov_vrh/26/2342
2343;Sv. Peter (Olešče);Slovenija;Posavsko hribovje in Dolenjska;525;46,1535°N 15,2988°E;cerkev;193584;63% (1419. mesto);8;2;0;;https://www.hribi.net/gora/sv_peter_olesce/25/2343
2344;Samotni bor;Slovenija;Strojna, Košenjak, Kozjak in Slovenske gorice;426;46,57708°N 15,63541°E;vrh;152467;59% (1572. mesto);7;1;0;1;https://www.hribi.net/gora/samotni_bor/162/2344
2345;Lahomniški sopot;Slovenija;Posavsko hribovje in Dolenjska;325;46,1448°N 15,2964°E;slap;203595;64% (1382. mesto);7;1;0;;https://www.hribi.net/gora/lahomniski_sopot/25/2345
2346;Sv. Marija Vnebovzeta (Vrbnik);Hrvaška;Jadranski otoki;75;45,0776°N 14,6746°E;vrh, koča, cerkev;117702;56% (1704. mesto);3;1;0;1;https://www.hribi.net/gora/sv_marija_vnebovzeta_vrbnik/63/2346
2349;Sv. Peter (Gabonjin) / Sv. Petar (Gabonjin);Hrvaška;Jadranski otoki;252;45,1068°N 14,5637°E;vrh, cerkev;118461;56% (1700. mesto);11;2;0;1;https://www.hribi.net/gora/sv_peter_gabonjin___sv_petar_gabonjin/63/2349
2350;Sv. Ilija (Spodnje Dramlje);Slovenija;Karavanke;304;46,2772°N 15,3956°E;cerkev;141187;58% (1614. mesto);4;2;0;1;https://www.hribi.net/gora/sv_ilija_spodnje_dramlje/11/2350
2351;Sveti Ivan (Baška);Hrvaška;Jadranski otoki;134;44,9731°N 14,7621°E;vrh, cerkev;151148;59% (1578. mesto);5;1;0;1;https://www.hribi.net/gora/sveti_ivan_baska/63/2351
2352;Mesečev plato / Planina Mjesec;Hrvaška;Jadranski otoki;380;44,9817°N 14,7609°E;planina;181547;62% (1464. mesto);5;2;0;;https://www.hribi.net/gora/mesecev_plato___planina_mjesec/63/2352
2353;Diviška;Hrvaška;Jadranski otoki;471;45,00283°N 14,76826°E;vrh;130219;57% (1654. mesto);3;2;0;;https://www.hribi.net/gora/diviska/63/2353
2354;Sv. Marija Magdalena (Dramlje);Slovenija;Karavanke;327;46,273°N 15,3882°E;cerkev;153443;59% (1566. mesto);7;2;0;;https://www.hribi.net/gora/sv_marija_magdalena_dramlje/11/2354
2355;Zminja;Hrvaška;Jadranski otoki;537;44,99145°N 14,69709°E;vrh;127232;57% (1666. mesto);4;1;0;2;https://www.hribi.net/gora/zminja/63/2355
2356;Razborški ribniki;Slovenija;Karavanke;330;46,2685°N 15,4187°E;jezero;176597;61% (1478. mesto);7;1;0;;https://www.hribi.net/gora/razborski_ribniki/11/2356
2357;Partizanska bolnica Zima;Slovenija;Karavanke;290;46,258°N 15,3648°E;Vremenska napoved:;245409;68% (1222. mesto);10;1;0;;https://www.hribi.net/gora/partizanska_bolnica_zima/11/2357
2358;Gradišče (Pustinjak);Slovenija;Kamniško Savinjske Alpe;871;46,3306°N 14,3995°E;vrh;271176;71% (1123. mesto);7;5;0;1;https://www.hribi.net/gora/gradisce_pustinjak/3/2358
2359;Sveta Lucija nad Studenicami;Slovenija;Pohorje, Dravinjske gorice in Haloze;290;46,3065°N 15,6119°E;cerkev;155521;59% (1560. mesto);6;3;0;1;https://www.hribi.net/gora/sveta_lucija_nad_studenicami/4/2359
2360;Sv. Križ (Retje);Slovenija;Posavsko hribovje in Dolenjska;520;46,1349°N 15,0555°E;vrh, cerkev;170115;61% (1505. mesto);0;6;0;;https://www.hribi.net/gora/sv_kriz_retje/25/2360
2361;Sv. Miklavž nad Mačami;Slovenija;Kamniško Savinjske Alpe;651;46,3166°N 14,4134°E;cerkev;213837;65% (1338. mesto);5;1;0;3;https://www.hribi.net/gora/sv_miklavz_nad_macami/3/2361
2362;Špiček (Špečk);Slovenija;Goriško, Notranjsko in Snežniško hribovje;986;45,89677°N 14,00974°E;vrh;245730;68% (1219. mesto);12;3;0;;https://www.hribi.net/gora/spicek_speck/26/2362
2363;Križna gora nad Colom;Slovenija;Goriško, Notranjsko in Snežniško hribovje;957;45,89532°N 14,0033°E;vrh;266933;70% (1139. mesto);3;2;0;;https://www.hribi.net/gora/krizna_gora_nad_colom/26/2363
2364;Grilova kapela na Boču;Slovenija;Karavanke;534;46,2642°N 15,6414°E;cerkev;193663;63% (1418. mesto);5;3;0;;https://www.hribi.net/gora/grilova_kapela_na_bocu/11/2364
2366;Formila na Boču;Slovenija;Karavanke;624;46,2852°N 15,6238°E;Vremenska napoved:;210172;65% (1359. mesto);11;7;0;;https://www.hribi.net/gora/formila_na_bocu/11/2366
2367;Partizanska bolnica na Formili/Boču;Slovenija;Karavanke;630;46,2829°N 15,6267°E;Vremenska napoved:;246990;68% (1211. mesto);9;7;0;;https://www.hribi.net/gora/partizanska_bolnica_na_formili_bocu/11/2367
2368;Sveti Vid pod Jernejevim vrhom;Slovenija;Karavanke;1075;46,4439°N 14,9629°E;sedlo, cerkev;153022;59% (1568. mesto);4;2;0;3;https://www.hribi.net/gora/sveti_vid_pod_jernejevim_vrhom/11/2368
2372;Veliki Karman / Monte Chiampon;Italija;Julijske Alpe;1713;46,2946°N 13,1815°E;Vremenska napoved:;262460;70% (1155. mesto);2;3;0;;https://www.hribi.net/gora/veliki_karman___monte_chiampon/1/2372
2374;Lopič / Monte Plauris;Italija;Julijske Alpe;1958;46,3592°N 13,1959°E;Vremenska napoved:;285600;72% (1070. mesto);2;2;0;;https://www.hribi.net/gora/lopic___monte_plauris/1/2374
2375;Mali Karman / Monte Cuarnan;Italija;Julijske Alpe;1372;46,2787°N 13,1866°E;Vremenska napoved:;202787;64% (1387. mesto);1;1;0;;https://www.hribi.net/gora/mali_karman___monte_cuarnan/1/2375
2376;Sveta Marjeta na Boču;Slovenija;Karavanke;655;46,2766°N 15,6199°E;cerkev;183661;62% (1455. mesto);9;2;0;;https://www.hribi.net/gora/sveta_marjeta_na_bocu/11/2376
2377;Plešivec (pri Boču);Slovenija;Karavanke;822;46,27399°N 15,64927°E;vrh;277664;71% (1099. mesto);16;7;0;;https://www.hribi.net/gora/plesivec_pri_bocu/11/2377
2378;Sveti Jošt v Trebenčah;Slovenija;Škofjeloško, Cerkljansko hribovje in Jelovica;573;46,1459°N 13,9842°E;vrh, cerkev;147461;58% (1592. mesto);3;1;0;;https://www.hribi.net/gora/sveti_jost_v_trebencah/21/2378
2379;Izvir Toplega (Studeniškega) potoka;Slovenija;Karavanke;295;46,2972°N 15,6151°E;slap;4622;41% (2267. mesto);7;7;0;;https://www.hribi.net/gora/izvir_toplega_studeniskega_potoka/11/2379
2381;Rappoldkogel;Avstrija;Labotniške Alpe;1928;47,084°N 14,8832°E;vrh;1983;32% (2590. mesto);7;3;0;;https://www.hribi.net/gora/rappoldkogel/28/2381
2382;Kravji vrh / Kuhberg;Avstrija;Karavanke;2017;46,49581°N 14,46787°E;vrh;13557;46% (2052. mesto);5;2;0;1;https://www.hribi.net/gora/kravji_vrh___kuhberg/11/2382
2384;Planina Marjanine njive;Slovenija;Kamniško Savinjske Alpe;1220;46,2939°N 14,677°E;planina;16812;47% (2031. mesto);10;1;0;3;https://www.hribi.net/gora/planina_marjanine_njive/3/2384
2385;Veliki vrh nad Matkovim kotom;Slovenija;Kamniško Savinjske Alpe;1539;46,39759°N 14,61645°E;vrh;11785;46% (2069. mesto);2;1;0;1;https://www.hribi.net/gora/veliki_vrh_nad_matkovim_kotom/3/2385
2387;Hlebov vrh (Rdeči Breg);Slovenija;Pohorje, Dravinjske gorice in Haloze;913;46,56844°N 15,3402°E;vrh, cerkev;5743;42% (2206. mesto);5;8;0;;https://www.hribi.net/gora/hlebov_vrh_rdeci_breg/4/2387
2388;Langalm Hütte;Italija;Dolomiti;2283;46,62552°N 12,29006°E;koča, jezero, planina;2542;35% (2485. mesto);7;1;0;;https://www.hribi.net/gora/langalm_hutte/39/2388
2389;Koča Klobuk;Slovenija;Polhograjsko hribovje in Ljubljana;433;46,0637°N 14,4347°E;koča;16352;47% (2033. mesto);7;3;0;5;https://www.hribi.net/gora/koca_klobuk/5/2389
2390;Stražni vrh;Slovenija;Polhograjsko hribovje in Ljubljana;439;46,06876°N 14,44191°E;vrh;6629;43% (2173. mesto);2;1;0;18;https://www.hribi.net/gora/strazni_vrh/5/2390
2391;Klobuk pri Ljubljani;Slovenija;Polhograjsko hribovje in Ljubljana;441;46,0636°N 14,4329°E;vrh;59846;50% (1930. mesto);2;2;0;27;https://www.hribi.net/gora/klobuk_pri_ljubljani/5/2391
2392;Rifugio Auronzo;Italija;Dolomiti;2320;46,61222°N 12,29626°E;koča, bivak;9235;45% (2104. mesto);5;1;0;;https://www.hribi.net/gora/rifugio_auronzo/39/2392
2393;Cascata di Fanes;Italija;Dolomiti;1467;46,59416°N 12,08418°E;slap;5577;42% (2212. mesto);6;1;0;;https://www.hribi.net/gora/cascata_di_fanes/39/2393
2394;Trije križi na Konjiški gori;Slovenija;Pohorje, Dravinjske gorice in Haloze;727;;sedlo;5526;42% (2215. mesto);5;1;0;;https://www.hribi.net/gora/trije_krizi_na_konjiski_gori/4/2394
2395;Col di Bousc;Italija;Dolomiti;2494;46,4539°N 11,85929°E;vrh;1493;30% (2682. mesto);7;1;0;;https://www.hribi.net/gora/col_di_bousc/39/2395
2396;Monte Piano;Italija;Dolomiti;2305;46,62499°N 12,24357°E;vrh;5409;42% (2226. mesto);12;2;0;;https://www.hribi.net/gora/monte_piano/39/2396
2397;Vrh Krnice;Slovenija;Julijske Alpe;2234;;vrh;989;27% (2806. mesto);9;0;0;;https://www.hribi.net/gora/vrh_krnice/1/2397
2398;Veprinac;Hrvaška;Gorski Kotar in Istra;517;;vrh;1340;29% (2709. mesto);1;0;0;;https://www.hribi.net/gora/veprinac/33/2398
2399;Jama Vilenica;Slovenija;Goriško, Notranjsko in Snežniško hribovje;420;45,6744°N 13,9132°E;Vremenska napoved:;4578;41% (2273. mesto);4;1;0;;https://www.hribi.net/gora/jama_vilenica/26/2399
2400;Orle;Slovenija;Posavsko hribovje in Dolenjska;458;46,015°N 14,5702°E;vrh, koča;89037;53% (1818. mesto);4;5;0;9;https://www.hribi.net/gora/orle/25/2400
2401;Sv. Ana nad Makolami;Slovenija;Pohorje, Dravinjske gorice in Haloze;460;;cerkev;2471;35% (2498. mesto);7;0;0;;https://www.hribi.net/gora/sv_ana_nad_makolami/4/2401
2405;Rifugio Roda di Vael;Italija;Dolomiti;2280;46,4201°N 11,63014°E;koča;1400;29% (2703. mesto);8;1;0;;https://www.hribi.net/gora/rifugio_roda_di_vael/39/2405
2406;Großofen;Avstrija;Labotniške Alpe;1473;46,93522°N 15,0425°E;vrh;600;22% (2985. mesto);5;0;0;;https://www.hribi.net/gora/grossofen/28/2406
2407;Planinska koča Velikonočnica;Slovenija;Karavanke;550;46,2793°N 15,5842°E;koča;7721;44% (2137. mesto);4;3;0;;https://www.hribi.net/gora/planinska_koca_velikonocnica/11/2407
2408;Roda di Vael / Rotwand;Italija;Dolomiti;2806;46,42537°N 11,61988°E;vrh;2601;35% (2476. mesto);13;2;0;;https://www.hribi.net/gora/roda_di_vael___rotwand/39/2408
2409;Cima Latemar / Latemarspitze;Italija;Dolomiti;2800;46,38314°N 11,58247°E;vrh;2461;35% (2504. mesto);6;2;0;;https://www.hribi.net/gora/cima_latemar___latemarspitze/39/2409
2410;Rifugio Cinque Torri;Italija;Dolomiti;2137;46,5082°N 12,0549°E;koča;22344;48% (2007. mesto);8;2;0;;https://www.hribi.net/gora/rifugio_cinque_torri/39/2410
2411;Novi grad (Pusti grad);Slovenija;Kamniško Savinjske Alpe;630;46,31015°N 14,43294°E;vrh;4896;41% (2249. mesto);6;2;0;;https://www.hribi.net/gora/novi_grad_pusti_grad/3/2411
2412;Dom Hahlić;Hrvaška;Gorski Kotar in Istra;1097;;koča, sedlo;4803;41% (2255. mesto);3;2;0;;https://www.hribi.net/gora/dom_hahlic/33/2412
2413;Velika Lelija;Bosna in Hercegovina;Zelengora;2032;43,42256°N 18,48761°E;vrh, planina;1999;32% (2589. mesto);7;1;0;;https://www.hribi.net/gora/velika_lelija/141/2413
2414;Brezovec;Slovenija;Kamniško Savinjske Alpe;617;46,3342°N 15,0575°E;vrh;4776;41% (2259. mesto);3;1;0;;https://www.hribi.net/gora/brezovec/3/2414
2415;Monte Chiavals;Italija;Karnijske Alpe;2098;46,46592°N 13,24798°E;vrh;8675;45% (2113. mesto);6;2;0;;https://www.hribi.net/gora/monte_chiavals/27/2415
2416;Grad Lož (Pusti grad);Slovenija;Goriško, Notranjsko in Snežniško hribovje;698;45,7247°N 14,472°E;vrh;5182;42% (2233. mesto);3;1;0;;https://www.hribi.net/gora/grad_loz_pusti_grad/26/2416
2417;Monte Raut;Italija;Karnijske Alpe;2025;46,22094°N 12,65106°E;vrh;4029;40% (2311. mesto);8;1;1;;https://www.hribi.net/gora/monte_raut/27/2417
2418;Sv. Katarina nad Novokračinami;Slovenija;Goriško, Notranjsko in Snežniško hribovje;675;45,4863°N 14,2953°E;vrh, cerkev;5058;42% (2241. mesto);10;2;0;;https://www.hribi.net/gora/sv_katarina_nad_novokracinami/26/2418
2419;Col Gentile;Italija;Karnijske Alpe;2075;46,46586°N 12,80547°E;vrh;3459;38% (2378. mesto);10;1;0;;https://www.hribi.net/gora/col_gentile/27/2419
2420;Rifugio Croda da Lago;Italija;Dolomiti;2046;46,48634°N 12,10575°E;koča, jezero, planina;8264;45% (2125. mesto);10;1;0;;https://www.hribi.net/gora/rifugio_croda_da_lago/39/2420
2421;La Rocchetta;Italija;Dolomiti;2496;46,46172°N 12,12482°E;vrh;2605;35% (2475. mesto);12;1;0;;https://www.hribi.net/gora/la_rocchetta/39/2421
2422;Pakleno;Hrvaška;Gorski Kotar in Istra;1340;;vrh, koča;2040;33% (2581. mesto);3;1;0;;https://www.hribi.net/gora/pakleno/33/2422
2423;Pakleno sjeverni vrh;Hrvaška;Gorski Kotar in Istra;1331;;vrh, koča;1420;30% (2698. mesto);0;1;0;;https://www.hribi.net/gora/pakleno_sjeverni_vrh/33/2423
2424;Obruč;Hrvaška;Gorski Kotar in Istra;1376;45,45919°N 14,46594°E;vrh, koča;5857;43% (2200. mesto);6;2;0;1;https://www.hribi.net/gora/obruc/33/2424
2425;Galyatető;Madžarska;Severovzhodna Madžarska;964;47,98194°N 20,5486°E;vrh;1120;28% (2762. mesto);2;1;0;;https://www.hribi.net/gora/galyateto/134/2425
2426;Sveti Peter (Selo pri Mirni);Slovenija;Posavsko hribovje in Dolenjska;445;45,9786°N 15,0323°E;vrh, cerkev;2588;35% (2478. mesto);5;2;0;;https://www.hribi.net/gora/sveti_peter_selo_pri_mirni/25/2426
2427;Sveta Marjeta (Prežganje);Slovenija;Posavsko hribovje in Dolenjska;658;46,0248°N 14,7305°E;vrh, koča, cerkev;5985;43% (2193. mesto);7;1;0;3;https://www.hribi.net/gora/sveta_marjeta_prezganje/25/2427
2428;Sveti Primož (Kremen);Slovenija;Posavsko hribovje in Dolenjska;340;45,969°N 15,5127°E;vrh, cerkev;4512;41% (2279. mesto);5;1;0;2;https://www.hribi.net/gora/sveti_primoz_kremen/25/2428
2429;Monte Formin;Italija;Dolomiti;2657;46,47387°N 12,07933°E;vrh;3398;38% (2384. mesto);19;3;0;;https://www.hribi.net/gora/monte_formin/39/2429
2431;Sv. Andrej nad Olimjem;Slovenija;Posavsko hribovje in Dolenjska;351;46,1475°N 15,5581°E;cerkev;2565;35% (2482. mesto);9;1;0;;https://www.hribi.net/gora/sv_andrej_nad_olimjem/25/2431
2433;Brdo (Plezališče pod Golico);Slovenija;Karavanke;1192;;vrh;2272;34% (2543. mesto);3;1;0;;https://www.hribi.net/gora/brdo_plezalisce_pod_golico/11/2433
2435;Sušec (Strahinjščica);Hrvaška;Gorjanci, Medvednica in Medžimurje;846;;Ogledov: 4.785;4785;41% (2257. mesto);3;5;0;;https://www.hribi.net/gora/susec_strahinjscica/61/2435
2436;Jezero Kreda;Slovenija;Julijske Alpe;715;46,4488°N 13,9286°E;jezero;21263;47% (2016. mesto);9;2;0;1;https://www.hribi.net/gora/jezero_kreda/1/2436
2437;Erjavčev rovt (Planina Mlinca);Slovenija;Karavanke;1105;46,4808°N 13,9651°E;planina;6759;43% (2168. mesto);5;2;0;;https://www.hribi.net/gora/erjavcev_rovt_planina_mlinca/11/2437
2438;Visoka Bavha;Slovenija;Karavanke;1650;46,5106°N 13,7848°E;vrh;8349;45% (2123. mesto);3;1;0;;https://www.hribi.net/gora/visoka_bavha/11/2438
2439;Gogalova lipa;Slovenija;Julijske Alpe;725;46,4319°N 13,9533°E;Vremenska napoved:;3598;39% (2355. mesto);3;2;0;;https://www.hribi.net/gora/gogalova_lipa/1/2439
2440;Tonkina koča na Vršiču;Slovenija;Julijske Alpe;1380;46,4389°N 13,7538°E;koča;22589;48% (2006. mesto);3;1;0;1;https://www.hribi.net/gora/tonkina_koca_na_vrsicu/1/2440
2442;Slap Šum v Blejskem Vintgarju;Slovenija;Julijske Alpe;520;46,4006°N 14,0987°E;slap;11340;46% (2077. mesto);8;1;0;;https://www.hribi.net/gora/slap_sum_v_blejskem_vintgarju/1/2442
2443;Sveta Katarina na Homu;Slovenija;Julijske Alpe;634;46,3945°N 14,108°E;cerkev;11871;46% (2068. mesto);4;2;0;1;https://www.hribi.net/gora/sveta_katarina_na_homu/1/2443
2446;Sveti Duh (Sveti Peter);Slovenija;Goriško, Notranjsko in Snežniško hribovje;253;45,4634°N 13,6784°E;vrh, cerkev;4770;41% (2260. mesto);3;2;0;;https://www.hribi.net/gora/sveti_duh_sveti_peter/26/2446
2448;Atomski bunker pod Javorom in Pancami;Slovenija;Polhograjsko hribovje in Ljubljana;;;Ogledov: 90;90;5% (3635. mesto);5;0;0;;https://www.hribi.net/gora/atomski_bunker_pod_javorom_in_pancami/5/2448
2449;Šenčurjev vrh;Slovenija;Goriško, Notranjsko in Snežniško hribovje;725;45,9392°N 14,1739°E;vrh;5178;42% (2234. mesto);4;2;0;;https://www.hribi.net/gora/sencurjev_vrh/26/2449
2450;Sveta Barbara (Ravnik pri Hotedršici);Slovenija;Goriško, Notranjsko in Snežniško hribovje;674;45,9208°N 14,1568°E;vrh, cerkev;4269;40% (2298. mesto);3;1;0;1;https://www.hribi.net/gora/sveta_barbara_ravnik_pri_hotedrsici/26/2450
2451;Planinski dom Milana Šinkovca;Slovenija;Kamniško Savinjske Alpe;345;46,2134°N 14,5399°E;koča;6223;43% (2186. mesto);4;1;0;5;https://www.hribi.net/gora/planinski_dom_milana_sinkovca/3/2451
2452;Kres nad Kočno;Slovenija;Julijske Alpe;890;46,419°N 14,0789°E;vrh;3414;38% (2382. mesto);8;1;0;;https://www.hribi.net/gora/kres_nad_kocno/1/2452
2453;Spominsko obeležje Aleš Kunaver;Slovenija;Julijske Alpe;660;46,4127°N 14,0895°E;Vremenska napoved:;4276;40% (2297. mesto);3;1;0;;https://www.hribi.net/gora/spominsko_obelezje_ales_kunaver/1/2453
2454;Javorniški slapovi;Slovenija;Karavanke;690;46,4439°N 14,0943°E;slap;13434;46% (2054. mesto);4;1;0;;https://www.hribi.net/gora/javorniski_slapovi/11/2454
2455;Sveti Tilen nad Repnjami;Slovenija;Polhograjsko hribovje in Ljubljana;419;46,1705°N 14,4773°E;cerkev;7636;44% (2140. mesto);3;1;0;8;https://www.hribi.net/gora/sveti_tilen_nad_repnjami/5/2455
2456;Gradišče (Zapoški hrib);Slovenija;Polhograjsko hribovje in Ljubljana;451;46,1692°N 14,4747°E;vrh;4310;40% (2292. mesto);2;1;0;7;https://www.hribi.net/gora/gradisce_zaposki_hrib/5/2456
2457;Žerjavec (Kavče);Slovenija;Julijske Alpe;805;46,4159°N 14,0853°E;vrh;3153;37% (2407. mesto);9;2;0;;https://www.hribi.net/gora/zerjavec_kavce/1/2457
2458;Apnišče;Slovenija;Kamniško Savinjske Alpe;740;46,28817°N 14,46133°E;vrh;8350;45% (2121. mesto);8;6;0;5;https://www.hribi.net/gora/apnisce/3/2458
2459;Slap pod Gozdašnico (Hudič babo pere);Slovenija;Karavanke;760;46,4103°N 14,1523°E;slap;7072;44% (2153. mesto);5;1;0;3;https://www.hribi.net/gora/slap_pod_gozdasnico_hudic_babo_pere/11/2459
2460;Lovska koča Trešnja ravan;Slovenija;Goriško, Notranjsko in Snežniško hribovje;818;45,7395°N 14,269°E;Vremenska napoved:;3060;37% (2418. mesto);2;1;0;;https://www.hribi.net/gora/lovska_koca_tresnja_ravan/26/2460
2462;Dolina reke Glinščice / Val Rosandra;Italija;Primorske Alpe;320;45,6263°N 13,8696°E;Vremenska napoved:;12800;46% (2060. mesto);2;1;0;;https://www.hribi.net/gora/dolina_reke_glinscice___val_rosandra/48/2462
2463;Hom pri Bledu;Slovenija;Julijske Alpe;834;46,39476°N 14,0931°E;vrh;15666;47% (2038. mesto);8;3;0;2;https://www.hribi.net/gora/hom_pri_bledu/1/2463
2464;Velika Boncla;Slovenija;Karavanke;1241;46,4483°N 14,1093°E;vrh;3617;39% (2352. mesto);7;1;0;;https://www.hribi.net/gora/velika_boncla/11/2464
2467;Schafberg;Avstrija;Severne apneniške Alpe;1783;47,7765°N 13,4337°E;vrh, koča;6253;43% (2184. mesto);4;1;0;;https://www.hribi.net/gora/schafberg/59/2467
2468;Vrše;Slovenija;Julijske Alpe;850;46,4077°N 14,0882°E;vrh;4357;40% (2288. mesto);5;2;0;;https://www.hribi.net/gora/vrse/1/2468
2469;Boršt;Slovenija;Julijske Alpe;931;46,4011°N 14,0829°E;vrh;7044;44% (2154. mesto);9;3;0;;https://www.hribi.net/gora/borst/1/2469
2470;Kapelica pri Mariji pod Srebotnikom;Slovenija;Posavsko hribovje in Dolenjska;500;;cerkev;1520;30% (2676. mesto);3;2;0;;https://www.hribi.net/gora/kapelica_pri_mariji_pod_srebotnikom/25/2470
2471;Sveti Tomaž (Vrsnik nad Žirmi);Slovenija;Škofjeloško, Cerkljansko hribovje in Jelovica;744;46,0215°N 14,0953°E;vrh, cerkev;5510;42% (2216. mesto);7;2;0;;https://www.hribi.net/gora/sveti_tomaz_vrsnik_nad_zirmi/21/2471
2472;Mirca;Slovenija;Karavanke;1025;46,445°N 14,0545°E;vrh;4555;41% (2275. mesto);6;2;0;;https://www.hribi.net/gora/mirca/11/2472
2477;Sveti Jurij (Hruševo);Slovenija;Polhograjsko hribovje in Ljubljana;414;46,073°N 14,3883°E;vrh, cerkev;3391;38% (2385. mesto);8;1;0;1;https://www.hribi.net/gora/sveti_jurij_hrusevo/5/2477
2478;Slap pod Kurico;Slovenija;Karavanke;760;46,4062°N 14,1624°E;slap;6077;43% (2191. mesto);3;1;0;1;https://www.hribi.net/gora/slap_pod_kurico/11/2478
2479;Kucelj (nad Polhovim Gradcem);Slovenija;Polhograjsko hribovje in Ljubljana;705;46,069°N 14,3335°E;vrh;7829;44% (2133. mesto);2;3;0;;https://www.hribi.net/gora/kucelj_nad_polhovim_gradcem/5/2479
2480;Tabor;Slovenija;Posavsko hribovje in Dolenjska;697;46,16393°N 15,03156°E;vrh;3022;37% (2424. mesto);2;1;1;;https://www.hribi.net/gora/tabor/25/2480
2484;Gradišče nad Sotesko (Soteska);Slovenija;Karavanke;724;46,4194°N 14,112°E;vrh;2916;36% (2434. mesto);6;1;0;;https://www.hribi.net/gora/gradisce_nad_sotesko_soteska/11/2484
2485;Kapelica Na Koren;Slovenija;Škofjeloško, Cerkljansko hribovje in Jelovica;550;46,3423°N 14,0918°E;cerkev;4116;40% (2305. mesto);5;1;0;;https://www.hribi.net/gora/kapelica_na_koren/21/2485
2486;Kuk nad Paljevim;Slovenija;Goriško, Notranjsko in Snežniško hribovje;612;46,0277°N 13,6198°E;vrh, bivak;3836;39% (2331. mesto);6;3;0;1;https://www.hribi.net/gora/kuk_nad_paljevim/26/2486
2487;Maglić;Bosna in Hercegovina, Črna gora;Hercegovina;2386;43,28118°N 18,73319°E;vrh;28726;48% (1991. mesto);3;2;0;;https://www.hribi.net/gora/maglic/65/2487
2488;Prižnica;Slovenija;Goriško, Notranjsko in Snežniško hribovje;383;46,0443°N 13,5992°E;vrh;5443;42% (2222. mesto);5;2;0;;https://www.hribi.net/gora/priznica/26/2488
2489;Sveti Kvirin na Paljevem;Slovenija;Goriško, Notranjsko in Snežniško hribovje;321;46,0423°N 13,608°E;cerkev;2540;35% (2486. mesto);4;2;0;;https://www.hribi.net/gora/sveti_kvirin_na_paljevem/26/2489
2490;Blejski grad;Slovenija;Julijske Alpe;599;46,3697°N 14,1004°E;Vremenska napoved:;16186;47% (2034. mesto);6;1;0;;https://www.hribi.net/gora/blejski_grad/1/2490
2491;Police;Slovenija;Julijske Alpe;1184;46,4016°N 14,0128°E;vrh;3167;37% (2406. mesto);3;1;0;;https://www.hribi.net/gora/police/1/2491
2492;Planina Ravne;Slovenija;Julijske Alpe;956;46,4121°N 14,006°E;planina;3118;37% (2412. mesto);4;1;1;;https://www.hribi.net/gora/planina_ravne/1/2492
2493;Šenturška Gora;Slovenija;Kamniško Savinjske Alpe;671;46,2577°N 14,5439°E;vrh, koča, cerkev;29473;48% (1990. mesto);5;3;1;2;https://www.hribi.net/gora/senturska_gora/3/2493
2494;Sončnica (Reber);Slovenija;Goriško, Notranjsko in Snežniško hribovje;867;45,88665°N 13,95923°E;vrh;6867;44% (2161. mesto);5;3;0;1;https://www.hribi.net/gora/soncnica_reber/26/2494
2495;Podrta gora nad Ajdovščino;Slovenija;Goriško, Notranjsko in Snežniško hribovje;855;45,89376°N 13,94779°E;vrh;17502;47% (2029. mesto);3;3;0;1;https://www.hribi.net/gora/podrta_gora_nad_ajdovscino/26/2495
2496;Kraguljc;Slovenija;Goriško, Notranjsko in Snežniško hribovje;897;45,89156°N 13,94851°E;vrh;6125;43% (2187. mesto);2;3;0;3;https://www.hribi.net/gora/kraguljc/26/2496
2497;Pravi vrh;Slovenija;Goriško, Notranjsko in Snežniško hribovje;830;;vrh;1230;29% (2735. mesto);0;0;0;;https://www.hribi.net/gora/pravi_vrh/26/2497
2498;Planina Vršana;Slovenija;Škofjeloško, Cerkljansko hribovje in Jelovica;900;46,3331°N 14,0978°E;planina;2940;37% (2429. mesto);4;1;0;;https://www.hribi.net/gora/planina_vrsana/21/2498
2503;Planina Prihod;Slovenija;Škofjeloško, Cerkljansko hribovje in Jelovica;1017;46,3314°N 14,0845°E;planina;3586;38% (2358. mesto);3;3;0;;https://www.hribi.net/gora/planina_prihod/21/2503
2504;Sveti Štefan (Kupljenik);Slovenija;Škofjeloško, Cerkljansko hribovje in Jelovica;642;46,3374°N 14,0801°E;cerkev;2850;36% (2444. mesto);3;1;0;;https://www.hribi.net/gora/sveti_stefan_kupljenik/21/2504
2505;Stari grad nad Želimljami;Slovenija;Goriško, Notranjsko in Snežniško hribovje;555;45,9052°N 14,568°E;vrh;2090;33% (2570. mesto);1;1;0;1;https://www.hribi.net/gora/stari_grad_nad_zelimljami/26/2505
2506;Hoč;Slovenija;Škofjeloško, Cerkljansko hribovje in Jelovica;1514;46,1929°N 13,9883°E;vrh;9057;45% (2105. mesto);4;2;0;;https://www.hribi.net/gora/hoc/21/2506
2507;Lovska koča Plehanov laz;Slovenija;Goriško, Notranjsko in Snežniško hribovje;625;45,9309°N 14,424°E;koča;3370;38% (2387. mesto);3;1;0;;https://www.hribi.net/gora/lovska_koca_plehanov_laz/26/2507
2508;Kmečki turizem Obolno;Slovenija;Posavsko hribovje in Dolenjska;722;46,0043°N 14,7801°E;koča;5080;42% (2238. mesto);1;2;0;2;https://www.hribi.net/gora/kmecki_turizem_obolno/25/2508
2509;Dom na Uršlji gori;Slovenija;Karavanke;1680;46,4846°N 14,965°E;koča, cerkev;57213;49% (1941. mesto);14;11;4;17;https://www.hribi.net/gora/dom_na_urslji_gori/11/2509
2510;Mihčeva kopišča;Slovenija;Kamniško Savinjske Alpe;1100;46,3116°N 14,4535°E;planina;5748;42% (2205. mesto);7;1;0;;https://www.hribi.net/gora/mihceva_kopisca/3/2510
2511;Sv. Vid (otok Pag);Hrvaška;Jadranski otoki;349;;jezero, sedlo, cerkev;23313;48% (2004. mesto);6;3;0;;https://www.hribi.net/gora/sv_vid_otok_pag/63/2511
2512;Hotel Krvavec;Slovenija;Kamniško Savinjske Alpe;1600;46,3008°N 14,526°E;koča, planina;12954;46% (2059. mesto);8;4;0;4;https://www.hribi.net/gora/hotel_krvavec/3/2512
2513;Gozdarske koče Martinček;Slovenija;Škofjeloško, Cerkljansko hribovje in Jelovica;1240;46,2924°N 14,1385°E;planina;5739;42% (2207. mesto);6;2;0;;https://www.hribi.net/gora/gozdarske_koce_martincek/21/2513
2514;Lipniška planina;Slovenija;Škofjeloško, Cerkljansko hribovje in Jelovica;1330;46,2767°N 14,1432°E;planina;7518;44% (2141. mesto);6;1;0;;https://www.hribi.net/gora/lipniska_planina/21/2514
2516;Spodnje Mangartsko jezero;Italija;Julijske Alpe;924;46,4821°N 13,6733°E;koča, jezero;5532;42% (2214. mesto);12;3;0;;https://www.hribi.net/gora/spodnje_mangartsko_jezero/1/2516
2517;Slapišče pod Kalvarijo;Slovenija;Karavanke;700;46,4373°N 14,0689°E;slap;1921;32% (2598. mesto);5;1;0;;https://www.hribi.net/gora/slapisce_pod_kalvarijo/11/2517
2518;Slatnik (jugovzhodni vrh);Slovenija;Julijske Alpe;1597;46,23455°N 13,99907°E;vrh;10704;46% (2081. mesto);3;5;0;6;https://www.hribi.net/gora/slatnik_jugovzhodni_vrh/1/2518
2519;Rifugio Sponata;Italija;Dolomiti;1730;46,58896°N 11,89014°E;koča, planina;791;25% (2882. mesto);4;1;0;;https://www.hribi.net/gora/rifugio_sponata/39/2519
2520;Rifugio Gherdenacia;Italija;Dolomiti;2050;46,58483°N 11,87945°E;koča, planina;907;26% (2838. mesto);6;1;0;;https://www.hribi.net/gora/rifugio_gherdenacia/39/2520
2521;Ciampani;Italija;Dolomiti;2668;46,59662°N 11,8475°E;vrh;826;25% (2865. mesto);7;1;0;;https://www.hribi.net/gora/ciampani/39/2521
2522;Muntejela de Puez;Italija;Dolomiti;2666;46,59379°N 11,84089°E;vrh;1090;28% (2773. mesto);8;4;0;;https://www.hribi.net/gora/muntejela_de_puez/39/2522
2523;Col de Puez / Puezkofel;Italija;Dolomiti;2725;46,59314°N 11,82456°E;vrh;1330;29% (2713. mesto);7;4;0;;https://www.hribi.net/gora/col_de_puez___puezkofel/39/2523
2524;Piz de Puez / Puezspitz;Italija;Dolomiti;2913;46,59797°N 11,81372°E;vrh;3316;37% (2396. mesto);7;5;0;;https://www.hribi.net/gora/piz_de_puez___puezspitz/39/2524
2526;Rifugio Vajolet;Italija;Dolomiti;2243;46,45855°N 11,63262°E;koča;4095;40% (2306. mesto);9;1;0;;https://www.hribi.net/gora/rifugio_vajolet/39/2526
2527;Rifugio Passo Principe / Grasleitenpasshütte;Italija;Dolomiti;2601;46,47401°N 11,63887°E;koča, sedlo;1930;32% (2596. mesto);13;1;0;;https://www.hribi.net/gora/rifugio_passo_principe___grasleitenpasshutte/39/2527
2528;Catinaccio d'Antermoia / Kesselkogel;Italija;Dolomiti;3004;46,47403°N 11,64394°E;vrh;8966;45% (2109. mesto);18;2;0;;https://www.hribi.net/gora/catinaccio_dantermoia___kesselkogel/39/2528
2529;Cima Scalieret;Italija;Dolomiti;2887;46,463°N 11,64452°E;vrh;2064;33% (2579. mesto);10;1;0;;https://www.hribi.net/gora/cima_scalieret/39/2529
2530;Malga Ombretta;Italija;Dolomiti;1904;46,42428°N 11,88074°E;koča, planina;773;25% (2890. mesto);8;1;0;;https://www.hribi.net/gora/malga_ombretta/39/2530
2531;Rifugio Onorio Falier;Italija;Dolomiti;2074;46,42475°N 11,86264°E;koča;1100;28% (2767. mesto);7;1;0;;https://www.hribi.net/gora/rifugio_onorio_falier/39/2531
2532;Hochlantsch;Avstrija;Hribovje vzhodno od Mure;1722;47,36296°N 15,42404°E;vrh, slap, koča;9259;45% (2103. mesto);13;7;0;;https://www.hribi.net/gora/hochlantsch/138/2532
2533;Mostec;Slovenija;Polhograjsko hribovje in Ljubljana;316;46,0629°N 14,4792°E;koča;6781;43% (2166. mesto);3;1;1;3;https://www.hribi.net/gora/mostec/5/2533
2534;Trenk;Slovenija;Goriško, Notranjsko in Snežniško hribovje;769;45,88666°N 14,48438°E;Vremenska napoved:;2870;36% (2440. mesto);4;1;0;;https://www.hribi.net/gora/trenk/26/2534
2535;Slapovi v Preski;Slovenija;Karavanke;910;46,4631°N 14,0293°E;slap;3750;39% (2342. mesto);5;1;0;;https://www.hribi.net/gora/slapovi_v_preski/11/2535
2536;Lienzer Hütte;Avstrija;Visoke Ture;1977;46,93477°N 12,74656°E;koča, planina;1520;30% (2677. mesto);10;1;0;;https://www.hribi.net/gora/lienzer_hutte/57/2536
2538;Sekirica;Slovenija;Goriško, Notranjsko in Snežniško hribovje;545;45,9117°N 14,2148°E;vrh;6340;43% (2179. mesto);5;2;0;1;https://www.hribi.net/gora/sekirica/26/2538
2539;Glödis;Avstrija;Visoke Ture;3206;46,96117°N 12,72562°E;vrh;14101;47% (2048. mesto);9;1;0;;https://www.hribi.net/gora/glodis/57/2539
2540;Gießener Hütte;Avstrija;Visoke Ture;2215;46,99243°N 13,329°E;koča, bivak;1560;30% (2669. mesto);8;1;0;;https://www.hribi.net/gora/giessener_hutte/57/2540
2541;Hochalmspitze;Avstrija;Visoke Ture;3360;47,0153°N 13,32045°E;vrh;28274;48% (1992. mesto);15;2;0;;https://www.hribi.net/gora/hochalmspitze/57/2541
2542;Brennerin;Avstrija;Severne apneniške Alpe;1602;47,8168°N 13,5783°E;vrh;407;18% (3141. mesto);3;1;0;;https://www.hribi.net/gora/brennerin/59/2542
2543;Dachsteinblick;Avstrija;Severne apneniške Alpe;1559;47,8116°N 13,5723°E;vrh;501;20% (3050. mesto);3;2;0;;https://www.hribi.net/gora/dachsteinblick/59/2543
2544;Schoberstein;Avstrija;Severne apneniške Alpe;1037;47,8002°N 13,5519°E;vrh;673;23% (2935. mesto);4;1;0;;https://www.hribi.net/gora/schoberstein/59/2544
2545;Sveti Urh (Zavratec);Slovenija;Goriško, Notranjsko in Snežniško hribovje;724;45,9912°N 14,1317°E;cerkev;3350;38% (2390. mesto);4;3;0;;https://www.hribi.net/gora/sveti_urh_zavratec/26/2545
2546;Mahdlgupf;Avstrija;Severne apneniške Alpe;1261;47,8048°N 13,5591°E;vrh;615;22% (2977. mesto);4;1;0;;https://www.hribi.net/gora/mahdlgupf/59/2546
2547;Monte Pelmo;Italija;Dolomiti;3168;46,41986°N 12,13472°E;vrh;13766;46% (2050. mesto);24;1;0;;https://www.hribi.net/gora/monte_pelmo/39/2547
2549;Rudihütte;Italija;Dolomiti;1950;46,66437°N 12,37245°E;koča, planina;846;25% (2856. mesto);7;1;0;;https://www.hribi.net/gora/rudihutte/39/2549
2550;Sadnig;Avstrija;Visoke Ture;2745;46,9408°N 12,9887°E;vrh;1520;30% (2678. mesto);4;2;0;;https://www.hribi.net/gora/sadnig/57/2550
2554;Firstov rep;Slovenija;Goriško, Notranjsko in Snežniško hribovje;1002;45,53699°N 14,74876°E;Vremenska napoved:;8230;45% (2126. mesto);4;5;0;;https://www.hribi.net/gora/firstov_rep/26/2554
2555;Loška stena;Slovenija;Goriško, Notranjsko in Snežniško hribovje;875;45,53119°N 14,74669°E;vrh;17750;47% (2026. mesto);5;5;0;;https://www.hribi.net/gora/loska_stena/26/2555
2556;Bezgarska planina;Slovenija;Goriško, Notranjsko in Snežniško hribovje;895;45,5559°N 14,7199°E;planina;2892;36% (2437. mesto);6;4;2;;https://www.hribi.net/gora/bezgarska_planina/26/2556
2558;Rakov Škocjan;Slovenija;Goriško, Notranjsko in Snežniško hribovje;517;45,7886°N 14,2978°E;Vremenska napoved:;20210;47% (2018. mesto);33;3;2;;https://www.hribi.net/gora/rakov_skocjan/26/2558
2559;Na Križu (Kokrska Kočna);Slovenija;Kamniško Savinjske Alpe;2484;46,35678°N 14,51562°E;vrh;24190;48% (2002. mesto);0;1;0;;https://www.hribi.net/gora/na_krizu_kokrska_kocna/3/2559
2560;Sveti Jurij (Praproče);Slovenija;Polhograjsko hribovje in Ljubljana;552;46,0602°N 14,2884°E;cerkev;2250;33% (2548. mesto);3;1;0;1;https://www.hribi.net/gora/sveti_jurij_praproce/5/2560
2561;Strmica;Slovenija;Goriško, Notranjsko in Snežniško hribovje;626;45,9486°N 14,2359°E;vrh;3980;40% (2317. mesto);2;1;1;6;https://www.hribi.net/gora/strmica/26/2561
2562;Studor;Slovenija;Julijske Alpe;1002;46,29553°N 13,90745°E;vrh, jezero, planina;18220;47% (2023. mesto);3;3;0;;https://www.hribi.net/gora/studor/1/2562
2563;Doslovška planina;Slovenija;Karavanke;1210;46,4138°N 14,1793°E;planina;3780;39% (2337. mesto);5;1;0;;https://www.hribi.net/gora/doslovska_planina/11/2563
2564;Lovska koča nad Doslovško planino;Slovenija;Karavanke;1325;46,417°N 14,1766°E;Vremenska napoved:;3120;37% (2410. mesto);3;2;0;;https://www.hribi.net/gora/lovska_koca_nad_doslovsko_planino/11/2564
2565;Pico Ruivo;Portugalska;Madeira;1862;32,7589°N -16,943°E;vrh;7640;44% (2139. mesto);5;1;0;;https://www.hribi.net/gora/pico_ruivo/143/2565
2566;Ajdovščina;Slovenija;Goriško, Notranjsko in Snežniško hribovje;804;45,6242°N 13,9905°E;vrh;9970;45% (2092. mesto);5;1;0;;https://www.hribi.net/gora/ajdovscina/26/2566
2567;Montusel;Italija;Karnijske Alpe;1881;46,44407°N 13,27979°E;vrh;2300;34% (2536. mesto);9;1;0;;https://www.hribi.net/gora/montusel/27/2567
2571;Veliki Babanski Skedenj;Slovenija;Julijske Alpe;2121;46,3336°N 13,4612°E;vrh;21260;47% (2015. mesto);9;1;2;;https://www.hribi.net/gora/veliki_babanski_skedenj/1/2571
2572;Monticello;Italija;Karnijske Alpe;1362;46,43381°N 13,18231°E;vrh;2490;35% (2495. mesto);6;2;0;;https://www.hribi.net/gora/monticello/27/2572
2573;Bivak brez meja / Bivacco Senza Confini;Italija;Karavanke;1319;46,519°N 13,7061°E;bivak, sedlo;5960;43% (2194. mesto);5;3;0;;https://www.hribi.net/gora/bivak_brez_meja___bivacco_senza_confini/11/2573
2574;Erbelc;Slovenija;Škofjeloško, Cerkljansko hribovje in Jelovica;1308;46,2336°N 14,0332°E;vrh;6970;44% (2156. mesto);8;4;0;1;https://www.hribi.net/gora/erbelc/21/2574
2575;Tonderškofel;Slovenija;Škofjeloško, Cerkljansko hribovje in Jelovica;1326;46,2365°N 14,0293°E;vrh;7950;44% (2130. mesto);1;3;0;1;https://www.hribi.net/gora/tonderskofel/21/2575
2576;Jamnikov spodmol;Slovenija;Julijske Alpe;720;46,4172°N 14,0844°E;Vremenska napoved:;2410;34% (2512. mesto);4;1;0;;https://www.hribi.net/gora/jamnikov_spodmol/1/2576
2577;Sveti Marko (Spodnje Danje);Slovenija;Škofjeloško, Cerkljansko hribovje in Jelovica;878;46,2255°N 14,0482°E;cerkev;2380;34% (2520. mesto);4;1;0;;https://www.hribi.net/gora/sveti_marko_spodnje_danje/21/2577
2578;Ivanščica;Hrvaška;Gorjanci, Medvednica in Medžimurje;1061;46,18141°N 16,12724°E;vrh;24410;48% (2000. mesto);7;7;1;;https://www.hribi.net/gora/ivanscica/61/2578
2579;Hum nad Laškim;Slovenija;Posavsko hribovje in Dolenjska;583;46,1605°N 15,2396°E;vrh;50000;48% (1973. mesto);6;2;0;2;https://www.hribi.net/gora/hum_nad_laskim/25/2579
2580;Bele peči (Lepi vrh);Slovenija;Karavanke;1926;46,5121°N 13,8647°E;vrh;14620;47% (2044. mesto);3;2;0;;https://www.hribi.net/gora/bele_peci_lepi_vrh/11/2580
2581;Turni (pri Kozjem vrhu);Slovenija;Kamniško Savinjske Alpe;1432;46,36603°N 14,4365°E;vrh;2810;36% (2448. mesto);5;1;0;;https://www.hribi.net/gora/turni_pri_kozjem_vrhu/3/2581
2582;Licjanovec;Slovenija;Kamniško Savinjske Alpe;1733;46,35007°N 14,4293°E;vrh;8970;45% (2108. mesto);2;1;0;;https://www.hribi.net/gora/licjanovec/3/2582
2583;Čičer;Slovenija;Goriško, Notranjsko in Snežniško hribovje;726;46,12595°N 13,67064°E;Vremenska napoved:;5500;42% (2217. mesto);1;1;2;;https://www.hribi.net/gora/cicer/26/2583
2585;Ostri vrh (nad Globodolom);Slovenija;Posavsko hribovje in Dolenjska;523;45,8496°N 15,0249°E;vrh;3182;37% (2404. mesto);3;3;0;4;https://www.hribi.net/gora/ostri_vrh_nad_globodolom/25/2585
2586;Dom LD Dobrnič;Slovenija;Posavsko hribovje in Dolenjska;440;45,8465°N 15,0254°E;koča, sedlo;1710;31% (2636. mesto);2;3;0;;https://www.hribi.net/gora/dom_ld_dobrnic/25/2586
2587;Dom Frata;Slovenija;Posavsko hribovje in Dolenjska;345;45,8265°N 15,035°E;koča;10240;46% (2086. mesto);9;3;1;;https://www.hribi.net/gora/dom_frata/25/2587
2588;Bijele stijene;Hrvaška;Gorski Kotar in Istra;1335;;vrh, koča, bivak;10120;45% (2089. mesto);8;2;0;;https://www.hribi.net/gora/bijele_stijene/33/2588
2589;Zermula;Italija;Karnijske Alpe;2143;46,56141°N 13,15179°E;vrh;14770;47% (2042. mesto);5;2;0;1;https://www.hribi.net/gora/zermula/27/2589
2590;Zuc della Guardia;Italija;Karnijske Alpe;1911;46,5572°N 13,1733°E;vrh;2671;36% (2465. mesto);5;2;0;;https://www.hribi.net/gora/zuc_della_guardia/27/2590
2591;Pizzul;Italija;Karnijske Alpe;1985;46,55404°N 13,17256°E;vrh;2150;33% (2559. mesto);4;1;0;;https://www.hribi.net/gora/pizzul/27/2591
2592;Hribce;Slovenija;Posavsko hribovje in Dolenjska;388;46,1293°N 14,7337°E;vrh, jezero, cerkev;2091;33% (2569. mesto);5;1;0;1;https://www.hribi.net/gora/hribce/25/2592
2593;Croda Rossa di Sesto;Italija;Dolomiti;2965;46,64519°N 12,38328°E;vrh;4680;41% (2265. mesto);9;1;0;;https://www.hribi.net/gora/croda_rossa_di_sesto/39/2593
2594;Baba (pri Javornikih);Slovenija;Goriško, Notranjsko in Snežniško hribovje;1085;45,7535°N 14,274°E;vrh;11410;46% (2075. mesto);2;2;0;;https://www.hribi.net/gora/baba_pri_javornikih/26/2594
2596;Rifugio Carducci;Italija;Dolomiti;2297;46,61514°N 12,37363°E;koča, bivak;1040;27% (2788. mesto);11;1;0;;https://www.hribi.net/gora/rifugio_carducci/39/2596
2597;Kunšperski vrh (Brezovec);Slovenija;Kamniško Savinjske Alpe;1336;46,3092°N 14,7262°E;vrh;2521;35% (2490. mesto);1;2;0;;https://www.hribi.net/gora/kunsperski_vrh_brezovec/3/2597
2598;Mali Rogatec (Mali Rogac);Slovenija;Kamniško Savinjske Alpe;1228;46,31359°N 14,72091°E;vrh;4780;41% (2258. mesto);4;2;0;;https://www.hribi.net/gora/mali_rogatec_mali_rogac/3/2598
2599;Lovska koča LD Otavnik;Slovenija;Škofjeloško, Cerkljansko hribovje in Jelovica;1090;46,1602°N 13,965°E;planina;2291;34% (2538. mesto);6;2;0;;https://www.hribi.net/gora/lovska_koca_ld_otavnik/21/2599
2600;Planina Otavnik;Slovenija;Škofjeloško, Cerkljansko hribovje in Jelovica;1268;46,1656°N 13,9627°E;vrh, planina;4530;41% (2278. mesto);6;2;0;;https://www.hribi.net/gora/planina_otavnik/21/2600
2601;Otavnik;Slovenija;Škofjeloško, Cerkljansko hribovje in Jelovica;1306;46,16695°N 13,96538°E;vrh;6120;43% (2188. mesto);5;2;0;;https://www.hribi.net/gora/otavnik/21/2601
2602;Grotta di Tofana;Italija;Dolomiti;2420;46,53444°N 12,05558°E;Vremenska napoved:;1220;29% (2737. mesto);6;1;0;;https://www.hribi.net/gora/grotta_di_tofana/39/2602
2603;Pico del Teide;Španija;Kanarsko otočje;3718;28,2723°N -16,6425°E;vrh;10970;46% (2078. mesto);5;1;0;;https://www.hribi.net/gora/pico_del_teide/144/2603
2604;Marutnik;Slovenija;Goriško, Notranjsko in Snežniško hribovje;892;46,00901°N 14,05159°E;vrh;5200;42% (2232. mesto);4;2;0;;https://www.hribi.net/gora/marutnik/26/2604
2605;Sveta Marija Magdalena (Gore);Slovenija;Goriško, Notranjsko in Snežniško hribovje;851;46,0033°N 14,0545°E;vrh, cerkev;3790;39% (2335. mesto);3;2;0;;https://www.hribi.net/gora/sveta_marija_magdalena_gore/26/2605
2606;Vodnikov razglednik;Slovenija;Julijske Alpe;1017;46,3023°N 13,977°E;vrh;27720;48% (1994. mesto);5;2;0;;https://www.hribi.net/gora/vodnikov_razglednik/1/2606
2607;Bivacco de Toni;Italija;Dolomiti;2578;46,60943°N 12,35927°E;bivak, sedlo;1510;30% (2679. mesto);11;1;0;;https://www.hribi.net/gora/bivacco_de_toni/39/2607
2608;Griža;Italija, Slovenija;Primorske Alpe;457;;vrh;12;1% (3793. mesto);0;0;0;;https://www.hribi.net/gora/griza/48/2608
2609;Čopov rovt;Slovenija;Karavanke;710;46,4349°N 14,0878°E;planina;2860;36% (2442. mesto);5;1;0;;https://www.hribi.net/gora/copov_rovt/11/2609
2610;Veliki hrib (kota 526);Slovenija;Goriško, Notranjsko in Snežniško hribovje;526;45,9836°N 13,672°E;vrh;3350;38% (2391. mesto);3;1;0;3;https://www.hribi.net/gora/veliki_hrib_kota_526/26/2610
2611;Sleme (Sanabor);Slovenija;Goriško, Notranjsko in Snežniško hribovje;849;;vrh, planina;10;1% (3796. mesto);1;0;0;;https://www.hribi.net/gora/sleme_sanabor/26/2611
2612;Zaplaz;Slovenija;Posavsko hribovje in Dolenjska;543;45,9731°N 14,9579°E;vrh, cerkev;6120;43% (2189. mesto);3;3;1;;https://www.hribi.net/gora/zaplaz/25/2612
2613;Bajturn (Zaplaški hrib);Slovenija;Posavsko hribovje in Dolenjska;609;45,9737°N 14,9473°E;vrh;4940;41% (2245. mesto);3;8;0;4;https://www.hribi.net/gora/bajturn_zaplaski_hrib/25/2613
2614;Trdnjava sv. Elija (Trdnjava sv. Ignacija);Italija;Sardinija;94;39,1916°N 9,1448°E;vrh;711;24% (2921. mesto);5;2;0;;https://www.hribi.net/gora/trdnjava_sv_elija_trdnjava_sv_ignacija/38/2614
2615;Ajdovski gradec;Slovenija;Julijske Alpe;580;46,27941°N 13,96267°E;vrh;11710;46% (2072. mesto);10;2;0;1;https://www.hribi.net/gora/ajdovski_gradec/1/2615
2616;Sella del Diavolo;Italija;Sardinija;135;39,19°N 9,166°E;vrh;1080;27% (2780. mesto);9;2;0;;https://www.hribi.net/gora/sella_del_diavolo/38/2616
2617;Monte dei Sette Fratelli;Italija;Sardinija;1023;39,29124°N 9,43652°E;vrh;1960;32% (2591. mesto);17;1;0;;https://www.hribi.net/gora/monte_dei_sette_fratelli/38/2617
2618;Lipniški grad (Pusti grad nad Lipnico);Slovenija;Škofjeloško, Cerkljansko hribovje in Jelovica;590;46,3274°N 14,17°E;vrh;9370;45% (2100. mesto);6;9;0;2;https://www.hribi.net/gora/lipniski_grad_pusti_grad_nad_lipnico/21/2618
2619;Strana;Slovenija;Karavanke;711;46,4296°N 14,097°E;vrh;1320;29% (2715. mesto);3;1;0;;https://www.hribi.net/gora/strana/11/2619
2620;Sveta Marija (Ključevica);Slovenija;Posavsko hribovje in Dolenjska;1067;46,0887°N 15,0894°E;vrh, cerkev;12140;46% (2067. mesto);4;4;0;;https://www.hribi.net/gora/sveta_marija_kljucevica/25/2620
2621;Na pečeh pri Črnem Vrhu;Slovenija;Karavanke;1318;46,4644°N 14,0632°E;vrh;2291;34% (2539. mesto);6;1;0;;https://www.hribi.net/gora/na_peceh_pri_crnem_vrhu/11/2621
2622;Mišnice;Slovenija;Goriško, Notranjsko in Snežniško hribovje;961;45,9081°N 14,4678°E;vrh;5210;42% (2230. mesto);1;2;0;;https://www.hribi.net/gora/misnice/26/2622
2624;Herkulovo svetišče na Bregu;Slovenija;Posavsko hribovje in Dolenjska;290;;cerkev;1851;32% (2610. mesto);7;1;0;;https://www.hribi.net/gora/herkulovo_svetisce_na_bregu/25/2624
2625;Mali vrh nad Završnico;Slovenija;Kamniško Savinjske Alpe;863;46,4033°N 14,1521°E;vrh;10400;46% (2083. mesto);5;1;0;2;https://www.hribi.net/gora/mali_vrh_nad_zavrsnico/3/2625
2626;Rimska trdnjava (Lanišče);Slovenija;Goriško, Notranjsko in Snežniško hribovje;635;45,8883°N 14,1635°E;Vremenska napoved:;3550;38% (2361. mesto);5;3;0;;https://www.hribi.net/gora/rimska_trdnjava_lanisce/26/2626
2627;Monte Arvenis;Italija;Karnijske Alpe;1968;46,48234°N 12,93629°E;vrh;2572;35% (2479. mesto);4;1;2;;https://www.hribi.net/gora/monte_arvenis/27/2627
2628;Kopa (Partizanski vrh);Slovenija;Kamniško Savinjske Alpe;1024;46,29186°N 14,49333°E;vrh;9690;45% (2094. mesto);3;4;0;;https://www.hribi.net/gora/kopa_partizanski_vrh/3/2628
2629;Skutman;Slovenija;Kamniško Savinjske Alpe;911;46,2962°N 14,4857°E;vrh;7170;44% (2150. mesto);5;5;0;;https://www.hribi.net/gora/skutman/3/2629
2630;Sveti Nikolaj (Možjanca);Slovenija;Kamniško Savinjske Alpe;689;46,2947°N 14,4506°E;cerkev;9510;45% (2097. mesto);8;4;0;5;https://www.hribi.net/gora/sveti_nikolaj_mozjanca/3/2630
2631;Sveti Križ (Kriška gora) nad Belimi Vodami;Slovenija;Kamniško Savinjske Alpe;1054;46,4034°N 14,9496°E;vrh, cerkev;18290;47% (2022. mesto);19;5;0;1;https://www.hribi.net/gora/sveti_kriz_kriska_gora_nad_belimi_vodami/3/2631
2632;Grušnica;Slovenija;Julijske Alpe;1570;46,2391°N 13,7504°E;vrh;7950;44% (2131. mesto);8;6;0;;https://www.hribi.net/gora/grusnica/1/2632
2633;Javor (nad Tolminskimi Ravnami);Slovenija;Julijske Alpe;1363;46,234°N 13,7592°E;vrh;2950;37% (2426. mesto);4;4;0;;https://www.hribi.net/gora/javor_nad_tolminskimi_ravnami/1/2633
2634;Murijeva planina;Slovenija;Kamniško Savinjske Alpe;1289;46,3804°N 14,48989°E;planina;5470;42% (2220. mesto);5;1;0;;https://www.hribi.net/gora/murijeva_planina/3/2634
2635;Ovča koča;Slovenija;Kamniško Savinjske Alpe;1323;46,3667°N 14,4915°E;planina;4850;41% (2251. mesto);6;1;0;;https://www.hribi.net/gora/ovca_koca/3/2635
2636;Povšnarjeva planina;Slovenija;Kamniško Savinjske Alpe;1330;46,3566°N 14,4919°E;planina;2930;36% (2433. mesto);9;1;0;;https://www.hribi.net/gora/povsnarjeva_planina/3/2636
2637;Peč (razgledišče);Slovenija;Julijske Alpe;650;46,27562°N 13,91005°E;vrh;23930;48% (2003. mesto);2;1;0;;https://www.hribi.net/gora/pec_razgledisce/1/2637
2638;Ambrož pod Krvavcem;Slovenija;Kamniško Savinjske Alpe;1085;46,275°N 14,5293°E;koča, planina, cerkev;34750;48% (1985. mesto);11;7;0;5;https://www.hribi.net/gora/ambroz_pod_krvavcem/3/2638
2639;Planina Jezerca;Slovenija;Kamniško Savinjske Alpe;1410;46,28454°N 14,53298°E;planina;30190;48% (1989. mesto);10;4;0;4;https://www.hribi.net/gora/planina_jezerca/3/2639
2643;Izvir reke Pake;Slovenija;Pohorje, Dravinjske gorice in Haloze;1412;;Ogledov: 11.530;11530;46% (2073. mesto);0;1;0;;https://www.hribi.net/gora/izvir_reke_pake/4/2643
2644;Gank;Slovenija;Karavanke;850;46,4334°N 14,1018°E;vrh;1880;32% (2604. mesto);5;1;0;;https://www.hribi.net/gora/gank/11/2644
2647;Presanella;Italija;Dolomiti;3558;;vrh;22;1% (3785. mesto);1;0;0;;https://www.hribi.net/gora/presanella/39/2647
2648;Turul Emlekmű;Madžarska;Osrednja Madžarska;290;47,5878°N 18,4083°E;Vremenska napoved:;720;24% (2920. mesto);2;2;0;;https://www.hribi.net/gora/turul_emlekmu/133/2648
2649;Gradovec;Slovenija;Julijske Alpe;1692;46,2396°N 13,8857°E;vrh;4080;40% (2308. mesto);7;4;0;1;https://www.hribi.net/gora/gradovec/1/2649
2650;Lykavittos;Grčija;Atene;300;37,9821°N 23,7437°E;vrh;574;22% (3002. mesto);10;0;0;;https://www.hribi.net/gora/lykavittos/146/2650
2651;Hymettus;Grčija;Atene;1026;37,9463°N 23,816°E;Ogledov: 558;558;21% (3014. mesto);2;1;0;;https://www.hribi.net/gora/hymettus/146/2651
2653;Parnitha;Grčija;Atene;1413;38,1521°N 23,7365°E;planina;843;25% (2858. mesto);2;1;0;;https://www.hribi.net/gora/parnitha/146/2653
2655;Sveta Marija (Trška Gora);Slovenija;Posavsko hribovje in Dolenjska;428;45,8436°N 15,1881°E;vrh, cerkev;21570;48% (2011. mesto);8;2;0;3;https://www.hribi.net/gora/sveta_marija_trska_gora/25/2655
2656;Stari grad nad Otočcem;Slovenija;Posavsko hribovje in Dolenjska;250;45,8441°N 15,2085°E;Vremenska napoved:;4590;41% (2271. mesto);4;1;0;;https://www.hribi.net/gora/stari_grad_nad_otoccem/25/2656
2657;Črnokalska Varda;Slovenija;Goriško, Notranjsko in Snežniško hribovje;423;45,57945°N 13,87702°E;vrh;7280;44% (2146. mesto);4;3;0;1;https://www.hribi.net/gora/crnokalska_varda/26/2657
2658;Visoka peč;Slovenija;Julijske Alpe;1749;46,4668°N 13,7353°E;vrh;26600;48% (1996. mesto);6;4;1;1;https://www.hribi.net/gora/visoka_pec/1/2658
2659;Bedančev dom;Slovenija;Julijske Alpe;1116;46,4836°N 13,7622°E;koča;30680;48% (1988. mesto);2;1;0;2;https://www.hribi.net/gora/bedancev_dom/1/2659
2660;Plesnikova planina;Slovenija;Kamniško Savinjske Alpe;1319;46,3914°N 14,6436°E;planina;7210;44% (2149. mesto);7;1;0;;https://www.hribi.net/gora/plesnikova_planina/3/2660
2665;Gunung Rinjani;Indonezija;Pacifiški ognjeni obroč;3726;-8,4112°N 116,4573°E;vrh;4070;40% (2309. mesto);21;1;0;;https://www.hribi.net/gora/gunung_rinjani/147/2665
2666;Pelawangan I (Gn. Rinjani crater rim);Indonezija;Pacifiški ognjeni obroč;2641;-8,6371°N 116,6722°E;vrh;431;19% (3117. mesto);7;1;0;;https://www.hribi.net/gora/pelawangan_i_gn_rinjani_crater_rim/147/2666
2667;Pelawangan II (Gn. Rinjani crater rim);Indonezija;Pacifiški ognjeni obroč;2701;-8,7316°N 116,7359°E;vrh;334;16% (3218. mesto);4;0;0;;https://www.hribi.net/gora/pelawangan_ii_gn_rinjani_crater_rim/147/2667
2668;Aiq Kalak (Mt. Rinjani's hot springs);Indonezija;Pacifiški ognjeni obroč;1980;-8,6598°N 116,7013°E;slap;438;19% (3111. mesto);2;1;0;;https://www.hribi.net/gora/aiq_kalak_mt_rinjanis_hot_springs/147/2668
2669;Danau Segara Anak;Indonezija;Pacifiški ognjeni obroč;2009;;jezero;511;21% (3044. mesto);6;1;0;;https://www.hribi.net/gora/danau_segara_anak/147/2669
2670;Air Terjun Sindang Gila;Indonezija;Pacifiški ognjeni obroč;550;-8,5141°N 116,6846°E;slap;486;20% (3059. mesto);2;2;0;;https://www.hribi.net/gora/air_terjun_sindang_gila/147/2670
2671;Kilimandžaro;Tanzanija;Kilimandžaro;5895;-4,1336°N 37,8087°E;vrh;9350;45% (2102. mesto);1;2;0;;https://www.hribi.net/gora/kilimandzaro/148/2671
2672;Hujska;Slovenija;Škofjeloško, Cerkljansko hribovje in Jelovica;706;46,2359°N 14,1578°E;vrh;3300;37% (2398. mesto);4;2;0;;https://www.hribi.net/gora/hujska/21/2672
2673;Mangartska planina;Slovenija;Julijske Alpe;1295;46,4296°N 13,6089°E;planina;9580;45% (2096. mesto);7;1;0;;https://www.hribi.net/gora/mangartska_planina/1/2673
2674;Kosmatica;Hrvaška;Biokovo in Dalmacija;612;;vrh;1600;30% (2664. mesto);2;1;0;;https://www.hribi.net/gora/kosmatica/64/2674
2675;Ra Bujela;Italija;Dolomiti;2257;46,53763°N 12,08093°E;vrh;1150;28% (2755. mesto);8;1;0;;https://www.hribi.net/gora/ra_bujela/39/2675
2678;Pura Lempuyang;Indonezija;Pacifiški ognjeni obroč;768;-8,39509°N 115,6477°E;vrh;369;17% (3178. mesto);4;1;0;;https://www.hribi.net/gora/pura_lempuyang/147/2678
2680;Podrta gora;Slovenija;Julijske Alpe;2061;46,26114°N 13,76907°E;vrh;24590;48% (1999. mesto);3;3;0;;https://www.hribi.net/gora/podrta_gora/1/2680
2681;Gunung Agung;Indonezija;Pacifiški ognjeni obroč;3031;-8,34083°N 115,5033°E;vrh;1280;29% (2724. mesto);4;1;0;;https://www.hribi.net/gora/gunung_agung/147/2681
2684;Watzmann Hocheck;Nemčija;Severne apneniške Alpe;2651;47,55842°N 12,92378°E;vrh;1920;32% (2599. mesto);6;1;0;;https://www.hribi.net/gora/watzmann_hocheck/59/2684
2685;Wurtenspeicher;Avstrija;Visoke Ture;1695;46,99452°N 13,04231°E;jezero;401;18% (3148. mesto);9;1;0;;https://www.hribi.net/gora/wurtenspeicher/57/2685
2686;Watzmann Mittelspitze;Nemčija;Severne apneniške Alpe;2713;47,55439°N 12,92203°E;vrh;7160;44% (2152. mesto);7;1;0;;https://www.hribi.net/gora/watzmann_mittelspitze/59/2686
2687;Watzmannhaus;Nemčija;Severne apneniške Alpe;1930;47,57115°N 12,93383°E;koča;1290;29% (2720. mesto);4;1;0;;https://www.hribi.net/gora/watzmannhaus/59/2687
2689;Mittelstation (Mölltaler Gletscher);Avstrija;Visoke Ture;2234;47,01624°N 13,01551°E;koča, jezero;1330;29% (2714. mesto);5;1;0;1;https://www.hribi.net/gora/mittelstation_molltaler_gletscher/57/2689
2690;Weißseehaus;Avstrija;Visoke Ture;2381;47,01184°N 13,01471°E;koča, jezero;775;25% (2889. mesto);12;1;0;;https://www.hribi.net/gora/weissseehaus/57/2690
2691;Hoher Perschitzkopf;Avstrija;Visoke Ture;3125;;vrh;1400;29% (2704. mesto);2;0;0;;https://www.hribi.net/gora/hoher_perschitzkopf/57/2691
2692;Duisburger Hütte;Avstrija;Visoke Ture;2572;47,02412°N 13,01166°E;koča;825;25% (2867. mesto);12;1;0;;https://www.hribi.net/gora/duisburger_hutte/57/2692
2693;Eisseehaus;Avstrija;Visoke Ture;2795;47,03155°N 13,01061°E;koča, jezero;940;26% (2819. mesto);17;1;0;1;https://www.hribi.net/gora/eisseehaus/57/2693
2694;Baumbachspitze;Avstrija;Visoke Ture;3105;47,03891°N 13,02118°E;vrh;3480;38% (2373. mesto);8;1;0;1;https://www.hribi.net/gora/baumbachspitze/57/2694
2695;Schareck;Avstrija;Visoke Ture;3123;47,04147°N 13,01775°E;vrh;6480;43% (2177. mesto);12;3;0;1;https://www.hribi.net/gora/schareck/57/2695
2696;Herzog Ernst Spitze;Avstrija;Visoke Ture;2933;47,04393°N 13,00324°E;vrh;815;25% (2870. mesto);8;1;0;;https://www.hribi.net/gora/herzog_ernst_spitze/57/2696
2697;Planinski dom na kmetiji Kumer;Slovenija;Karavanke;1220;46,4871°N 14,726°E;koča;5220;42% (2231. mesto);5;1;0;;https://www.hribi.net/gora/planinski_dom_na_kmetiji_kumer/11/2697
2698;Sveta Ana v Koprivni;Slovenija;Karavanke;1218;46,4825°N 14,7233°E;cerkev;2931;37% (2432. mesto);2;2;0;;https://www.hribi.net/gora/sveta_ana_v_koprivni/11/2698
2699;Planina Rep (Repija);Slovenija;Karavanke;1330;46,4713°N 14,7127°E;planina;1040;27% (2789. mesto);6;2;0;;https://www.hribi.net/gora/planina_rep_repija/11/2699
2700;Govševa planina;Slovenija;Karavanke;1300;46,4623°N 14,6982°E;planina;2080;33% (2575. mesto);8;2;0;;https://www.hribi.net/gora/govseva_planina/11/2700
2702;Snežnik (nad Koprivno);Avstrija, Slovenija;Karavanke;1543;46,4743°N 14,6977°E;vrh;3480;38% (2374. mesto);1;1;0;;https://www.hribi.net/gora/sneznik_nad_koprivno/11/2702
2704;Pantokrator;Grčija;Grški otoki;912;39,748°N 19,8721°E;koča, cerkev;1770;31% (2628. mesto);5;1;0;;https://www.hribi.net/gora/pantokrator/150/2704
2705;Goldbergtauernkopf;Avstrija;Visoke Ture;2775;47,03867°N 12,99614°E;vrh;571;22% (3005. mesto);8;1;0;;https://www.hribi.net/gora/goldbergtauernkopf/57/2705
2706;Alteck;Avstrija;Visoke Ture;2942;47,03575°N 12,9853°E;vrh;1230;29% (2736. mesto);15;1;0;;https://www.hribi.net/gora/alteck/57/2706
2707;Špičasti vrh / Spitzberg;Avstrija;Karavanke;1551;46,4734°N 14,6846°E;vrh;2020;33% (2585. mesto);1;1;0;;https://www.hribi.net/gora/spicasti_vrh___spitzberg/11/2707
2708;Goličica;Slovenija;Julijske Alpe;2101;46,39976°N 13,77074°E;vrh;30800;48% (1987. mesto);6;1;0;1;https://www.hribi.net/gora/golicica/1/2708
2709;Dolina Drage;Slovenija;Goriško, Notranjsko in Snežniško hribovje;310;45,941°N 14,5477°E;jezero;5600;42% (2210. mesto);14;1;0;1;https://www.hribi.net/gora/dolina_drage/26/2709
2710;Uglješin Vrh;Bosna in Hercegovina;Hercegovina;1859;;vrh;2260;34% (2547. mesto);2;1;0;;https://www.hribi.net/gora/ugljesin_vrh/65/2710
2711;Jamarski bivak na Dleskovški planoti;Slovenija;Kamniško Savinjske Alpe;1910;46,3611°N 14,67375°E;bivak;10730;46% (2080. mesto);6;3;0;;https://www.hribi.net/gora/jamarski_bivak_na_dleskovski_planoti/3/2711
2712;Paglia Orba;Francija;Korzika;2525;42,343°N 8,8783°E;vrh;5880;43% (2199. mesto);6;1;0;;https://www.hribi.net/gora/paglia_orba/151/2712
2714;Stari grad (Volčji Potok);Slovenija;Posavsko hribovje in Dolenjska;398;46,18917°N 14,61314°E;vrh;3030;37% (2422. mesto);4;2;0;;https://www.hribi.net/gora/stari_grad_volcji_potok/25/2714
2715;Planina Rožca / Roschitzaalm;Avstrija;Karavanke;1407;46,4872°N 14,0161°E;planina;2770;36% (2453. mesto);4;1;0;;https://www.hribi.net/gora/planina_rozca___roschitzaalm/11/2715
2716;Grad Višnja Gora (Stari grad);Slovenija;Posavsko hribovje in Dolenjska;506;45,9515°N 14,7438°E;vrh;4300;40% (2293. mesto);4;1;0;1;https://www.hribi.net/gora/grad_visnja_gora_stari_grad/25/2716
2717;Hotel Polževo;Slovenija;Posavsko hribovje in Dolenjska;592;45,9244°N 14,755°E;koča;12630;46% (2065. mesto);4;1;0;;https://www.hribi.net/gora/hotel_polzevo/25/2717
2718;Sveti Duh (Polževo);Slovenija;Posavsko hribovje in Dolenjska;630;45,9224°N 14,7557°E;vrh, cerkev;10020;45% (2091. mesto);4;2;0;4;https://www.hribi.net/gora/sveti_duh_polzevo/25/2718
2719;Sveta Ana (Ljubelj);Slovenija;Karavanke;1032;46,4324°N 14,2634°E;cerkev;7160;44% (2151. mesto);4;2;0;;https://www.hribi.net/gora/sveta_ana_ljubelj/11/2719
2721;Drenin;Hrvaška;Gorski Kotar in Istra;380;;vrh;2190;33% (2556. mesto);3;2;0;;https://www.hribi.net/gora/drenin/33/2721
2722;Sveti Ilija (Pelješac);Hrvaška;Biokovo in Dalmacija;961;42,99594°N 17,15976°E;vrh;21350;47% (2013. mesto);2;4;1;1;https://www.hribi.net/gora/sveti_ilija_peljesac/64/2722
2723;Slovenski vrh;Slovenija;Posavsko hribovje in Dolenjska;1041;45,6655°N 14,8016°E;vrh;12790;46% (2061. mesto);2;3;0;1;https://www.hribi.net/gora/slovenski_vrh/25/2723
2724;Ledenik;Slovenija;Posavsko hribovje in Dolenjska;1072;45,6311°N 14,8211°E;vrh;11740;46% (2071. mesto);3;3;0;1;https://www.hribi.net/gora/ledenik/25/2724
2725;Velika Baba (Kanin);Italija, Slovenija;Julijske Alpe;2148;46,3329°N 13,4494°E;vrh;21310;47% (2014. mesto);16;5;0;;https://www.hribi.net/gora/velika_baba_kanin/1/2725
2726;Gradiški grič;Slovenija;Posavsko hribovje in Dolenjska;485;46,1686°N 14,7088°E;vrh, cerkev;2750;36% (2455. mesto);5;2;0;1;https://www.hribi.net/gora/gradiski_gric/25/2726
2727;Sveti Mohor na Mohorjevem hribu;Slovenija;Posavsko hribovje in Dolenjska;511;46,152°N 14,7325°E;vrh, cerkev;7810;44% (2134. mesto);5;3;0;2;https://www.hribi.net/gora/sveti_mohor_na_mohorjevem_hribu/25/2727
2728;Gradiško jezero;Slovenija;Posavsko hribovje in Dolenjska;340;46,1616°N 14,7103°E;jezero;14860;47% (2041. mesto);7;1;0;1;https://www.hribi.net/gora/gradisko_jezero/25/2728
2729;Blagajev grad (Polhograjska graščina);Slovenija;Polhograjsko hribovje in Ljubljana;377;46,0675°N 14,3138°E;Vremenska napoved:;3971;39% (2318. mesto);4;1;0;2;https://www.hribi.net/gora/blagajev_grad_polhograjska_grascina/5/2729
2730;Slavkovsky štit;Slovaška;Visoke Tatre;2452;49,1659°N 20,1846°E;vrh;4860;41% (2250. mesto);1;1;0;;https://www.hribi.net/gora/slavkovsky_stit/78/2730
2732;Izvir Krke;Slovenija;Posavsko hribovje in Dolenjska;272;45,8897°N 14,7714°E;Vremenska napoved:;12720;46% (2063. mesto);5;2;0;1;https://www.hribi.net/gora/izvir_krke/25/2732
2733;Petelinjek (nad Korenskim sedlom);Avstrija, Slovenija;Karavanke;1552;46,5184°N 13,7337°E;vrh;6300;43% (2183. mesto);2;2;0;;https://www.hribi.net/gora/petelinjek_nad_korenskim_sedlom/11/2733
2734;Kališje;Slovenija;Karavanke;1435;46,5067°N 13,7368°E;vrh;3570;38% (2359. mesto);2;1;0;;https://www.hribi.net/gora/kalisje/11/2734
2735;Kržišče (Pokovše);Slovenija;Kamniško Savinjske Alpe;1658;46,29044°N 14,54578°E;vrh;8390;45% (2120. mesto);3;2;0;;https://www.hribi.net/gora/krzisce_pokovse/3/2735
2736;Ojstri vrh (nad Prevalo);Slovenija;Kamniško Savinjske Alpe;1197;46,2553°N 14,7449°E;vrh;5770;42% (2204. mesto);1;2;0;;https://www.hribi.net/gora/ojstri_vrh_nad_prevalo/3/2736
2737;Sveti Socerb (Vipavska brda);Slovenija;Goriško, Notranjsko in Snežniško hribovje;555;45,7939°N 13,945°E;vrh, cerkev;7690;44% (2138. mesto);5;2;0;;https://www.hribi.net/gora/sveti_socerb_vipavska_brda/26/2737
2738;Sveta Ana (Razguri);Slovenija;Goriško, Notranjsko in Snežniško hribovje;560;45,7827°N 13,9443°E;vrh, jezero, cerkev;2451;35% (2506. mesto);3;1;0;;https://www.hribi.net/gora/sveta_ana_razguri/26/2738
2739;Tabor Cerovo;Slovenija;Posavsko hribovje in Dolenjska;493;45,9185°N 14,6387°E;vrh, cerkev;3780;39% (2338. mesto);12;3;0;4;https://www.hribi.net/gora/tabor_cerovo/25/2739
2740;Ostruščica;Slovenija;Pohorje, Dravinjske gorice in Haloze;1498;46,45852°N 15,3235°E;vrh;10050;45% (2090. mesto);2;5;0;43;https://www.hribi.net/gora/ostruscica/4/2740
2741;Lukov slap;Slovenija;Pohorje, Dravinjske gorice in Haloze;1240;46,4581°N 15,3091°E;slap;13670;46% (2051. mesto);2;1;0;;https://www.hribi.net/gora/lukov_slap/4/2741
2742;Pugled pri Starem Logu;Slovenija;Posavsko hribovje in Dolenjska;640;;Ogledov: 11;11;1% (3794. mesto);0;0;0;;https://www.hribi.net/gora/pugled_pri_starem_logu/25/2742
2743;Štivanski log;Slovenija;Goriško, Notranjsko in Snežniško hribovje;530;45,7434°N 14,1835°E;jezero;1932;32% (2595. mesto);17;1;0;;https://www.hribi.net/gora/stivanski_log/26/2743
2744;Žerjavov Praprotnik / Loibler Prapotnik;Avstrija;Karavanke;1500;46,4635°N 14,2788°E;vrh;2250;33% (2549. mesto);6;2;0;;https://www.hribi.net/gora/zerjavov_praprotnik___loibler_prapotnik/11/2744
2746;Hochfeilerhütte;Italija;Zillertalske Alpe;2710;46,96221°N 11,70882°E;koča;3830;39% (2332. mesto);12;1;0;;https://www.hribi.net/gora/hochfeilerhutte/54/2746
2747;Hochfeiler;Avstrija, Italija;Zillertalske Alpe;3510;46,97238°N 11,72796°E;vrh;15970;47% (2036. mesto);13;1;0;;https://www.hribi.net/gora/hochfeiler/54/2747
2748;Žagarski vrh;Slovenija;Posavsko hribovje in Dolenjska;627;46,0294°N 14,6541°E;vrh, koča;28230;48% (1993. mesto);5;1;0;5;https://www.hribi.net/gora/zagarski_vrh/25/2748
2749;Gradišče nad Žažarjem;Slovenija;Polhograjsko hribovje in Ljubljana;547;46,00531°N 14,26888°E;vrh;3422;38% (2381. mesto);7;2;0;1;https://www.hribi.net/gora/gradisce_nad_zazarjem/5/2749
2750;Vranje pečine (Rajna peč);Slovenija;Goriško, Notranjsko in Snežniško hribovje;642;45,99125°N 14,22193°E;vrh;3291;37% (2399. mesto);4;1;0;4;https://www.hribi.net/gora/vranje_pecine_rajna_pec/26/2750
2751;Corvo Alto;Italija;Dolomiti;2455;46,45986°N 12,08201°E;vrh;1190;28% (2745. mesto);15;2;0;;https://www.hribi.net/gora/corvo_alto/39/2751
2752;Leskovica (nad Stražiščem);Slovenija;Goriško, Notranjsko in Snežniško hribovje;947;45,8479°N 14,3929°E;vrh;1710;31% (2637. mesto);3;2;0;5;https://www.hribi.net/gora/leskovica_nad_straziscem/26/2752
2754;Lomek (Lom);Slovenija;Kamniško Savinjske Alpe;884;;vrh;5900;43% (2198. mesto);4;2;0;;https://www.hribi.net/gora/lomek_lom/3/2754
2755;Čisovec;Slovenija;Kamniško Savinjske Alpe;1419;46,40298°N 14,25054°E;vrh;7960;44% (2129. mesto);4;3;0;;https://www.hribi.net/gora/cisovec/3/2755
2756;Croda Negra;Italija;Dolomiti;2518;;vrh;1610;31% (2655. mesto);5;1;0;;https://www.hribi.net/gora/croda_negra/39/2756
2759;Croda Rossa / Rote Wand;Italija;Visoke Ture;2818;46,86463°N 12,17952°E;vrh;2332;34% (2528. mesto);5;1;0;;https://www.hribi.net/gora/croda_rossa___rote_wand/57/2759
2760;Slap Peračica;Slovenija;Kamniško Savinjske Alpe;430;46,3402°N 14,2255°E;slap, jezero;21470;47% (2012. mesto);18;5;0;;https://www.hribi.net/gora/slap_peracica/3/2760
2761;Miklavžev hrib (Razgledni stolp);Slovenija;Posavsko hribovje in Dolenjska;376;;vrh;2151;33% (2562. mesto);0;2;0;;https://www.hribi.net/gora/miklavzev_hrib_razgledni_stolp/25/2761
2762;Bazilika Marije Pomagaj na Brezjah;Slovenija;Kamniško Savinjske Alpe;486;46,329°N 14,2323°E;cerkev;4540;41% (2277. mesto);5;2;0;5;https://www.hribi.net/gora/bazilika_marije_pomagaj_na_brezjah/3/2762
2763;Hotunjski vrh;Slovenija;Julijske Alpe;1107;46,3652°N 14,0407°E;vrh;15710;47% (2037. mesto);2;6;0;;https://www.hribi.net/gora/hotunjski_vrh/1/2763
2764;Stradner Kogel;Avstrija;Hribovje vzhodno od Mure;609;46,84526°N 15,93184°E;vrh;804;25% (2874. mesto);6;3;0;;https://www.hribi.net/gora/stradner_kogel/138/2764
2765;Angerkogel;Avstrija;Severne apneniške Alpe;2114;;vrh;579;22% (2998. mesto);14;0;0;;https://www.hribi.net/gora/angerkogel/59/2765
2766;Gradišče pod Babjim zobom;Slovenija;Škofjeloško, Cerkljansko hribovje in Jelovica;824;46,3361°N 14,0767°E;vrh;2120;33% (2564. mesto);3;1;0;1;https://www.hribi.net/gora/gradisce_pod_babjim_zobom/21/2766
2767;Volinjak;Slovenija;Karavanke;886;46,5315°N 14,8756°E;vrh;6810;44% (2164. mesto);7;6;0;1;https://www.hribi.net/gora/volinjak/11/2767
2768;Leški cerkvi;Slovenija;Karavanke;674;46,5347°N 14,8887°E;cerkev;3270;37% (2400. mesto);7;2;0;1;https://www.hribi.net/gora/leski_cerkvi/11/2768
2770;Koseški hrib;Slovenija;Polhograjsko hribovje in Ljubljana;467;46,17574°N 14,52749°E;vrh;9020;45% (2106. mesto);3;5;0;1;https://www.hribi.net/gora/koseski_hrib/5/2770
2771;Mlinčki;Slovenija;Polhograjsko hribovje in Ljubljana;340;46,1787°N 14,5297°E;Vremenska napoved:;6680;43% (2170. mesto);8;2;0;1;https://www.hribi.net/gora/mlincki/5/2771
2772;Sveti Janez Krstnik (Ribčev Laz);Slovenija;Julijske Alpe;532;46,2786°N 13,8866°E;jezero, cerkev;6850;44% (2162. mesto);5;1;0;;https://www.hribi.net/gora/sveti_janez_krstnik_ribcev_laz/1/2772
2773;Koča pri Savici;Slovenija;Julijske Alpe;653;46,28979°N 13,8024°E;koča;18170;47% (2024. mesto);10;3;1;3;https://www.hribi.net/gora/koca_pri_savici/1/2773
2774;Zgornji Goreljek (Pokljuka);Slovenija;Julijske Alpe;1260;46,3358°N 13,9632°E;koča, planina, cerkev;10230;46% (2087. mesto);9;5;0;;https://www.hribi.net/gora/zgornji_goreljek_pokljuka/1/2774
2775;Spodnji Goreljek (Pokljuka);Slovenija;Julijske Alpe;1222;46,3304°N 13,9821°E;planina;5340;42% (2227. mesto);4;1;0;;https://www.hribi.net/gora/spodnji_goreljek_pokljuka/1/2775
2776;Zjavka;Slovenija;Škofjeloško, Cerkljansko hribovje in Jelovica;505;46,3174°N 14,1956°E;vrh;2394;34% (2515. mesto);4;6;0;;https://www.hribi.net/gora/zjavka/21/2776
2777;Ojstra peč;Slovenija;Škofjeloško, Cerkljansko hribovje in Jelovica;516;46,3184°N 14,2045°E;vrh;4430;40% (2283. mesto);5;10;0;;https://www.hribi.net/gora/ojstra_pec/21/2777
2778;Andrejev vrh;Slovenija;Karavanke;897;46,5205°N 14,8794°E;vrh;3430;38% (2380. mesto);5;8;0;;https://www.hribi.net/gora/andrejev_vrh/11/2778
2779;Bivak Suška bajta;Slovenija;Karavanke;1034;46,5001°N 14,9184°E;bivak;2094;33% (2568. mesto);7;3;0;;https://www.hribi.net/gora/bivak_suska_bajta/11/2779
2780;Pelister;Severna Makedonija;Baba planina;2601;41,00312°N 21,184°E;vrh, planina;6570;43% (2176. mesto);16;1;0;;https://www.hribi.net/gora/pelister/152/2780
2781;Debeli vrh (nad Topolami);Slovenija;Polhograjsko hribovje in Ljubljana;446;46,1762°N 14,5444°E;vrh;4410;40% (2284. mesto);4;3;0;1;https://www.hribi.net/gora/debeli_vrh_nad_topolami/5/2781
2782;Ojstra / Oistra;Avstrija;Karavanke;1577;46,5099°N 14,6433°E;vrh;4600;41% (2270. mesto);2;1;0;;https://www.hribi.net/gora/ojstra___oistra/11/2782
2783;Pogorevc;Slovenija;Karavanke;1076;46,49051°N 14,90013°E;vrh;8350;45% (2122. mesto);0;1;0;3;https://www.hribi.net/gora/pogorevc/11/2783
2784;Potočnikova planina;Slovenija;Karavanke;1410;46,4158°N 14,2525°E;planina;5510;42% (2218. mesto);6;1;0;;https://www.hribi.net/gora/potocnikova_planina/11/2784
2785;Turn (nad Bohinjsko Belo);Slovenija;Julijske Alpe;1249;46,3392°N 14,0366°E;vrh;4460;40% (2282. mesto);4;5;0;;https://www.hribi.net/gora/turn_nad_bohinjsko_belo/1/2785
2786;Belska planina;Slovenija;Julijske Alpe;1237;46,3367°N 14,0224°E;planina;8160;44% (2127. mesto);10;4;0;;https://www.hribi.net/gora/belska_planina/1/2786
2787;Planina Ilovec;Slovenija;Julijske Alpe;1170;46,3295°N 14,0333°E;planina;1490;30% (2683. mesto);6;1;0;;https://www.hribi.net/gora/planina_ilovec/1/2787
2789;Rifugio Alpino Buffaure;Italija;Dolomiti;2044;46,42853°N 11,7235°E;koča, planina;438;19% (3112. mesto);8;1;0;;https://www.hribi.net/gora/rifugio_alpino_buffaure/39/2789
2790;Rifugio Baita Cuz;Italija;Dolomiti;2213;46,42883°N 11,73164°E;koča, planina;591;22% (2992. mesto);12;2;0;;https://www.hribi.net/gora/rifugio_baita_cuz/39/2790
2791;Diga del Vajont;Italija;Karnijske Alpe;722;46,26787°N 12,32885°E;cerkev;3790;39% (2336. mesto);7;1;0;;https://www.hribi.net/gora/diga_del_vajont/27/2791
2792;Col de Valvacin;Italija;Dolomiti;2372;46,43419°N 11,7359°E;vrh, koča;861;26% (2853. mesto);11;1;0;;https://www.hribi.net/gora/col_de_valvacin/39/2792
2793;Planina Kladje / Quadiaalm;Slovenija;Karavanke;1271;46,5036°N 14,0479°E;planina;1580;30% (2665. mesto);5;3;0;;https://www.hribi.net/gora/planina_kladje___quadiaalm/11/2793
2795;Vrholanov vrh (Ravne pri Šoštanju);Slovenija;Kamniško Savinjske Alpe;710;;vrh;2830;36% (2446. mesto);13;1;0;;https://www.hribi.net/gora/vrholanov_vrh_ravne_pri_sostanju/3/2795
2796;Grad Riegersburg / Burg Riegersburg;Avstrija;Hribovje vzhodno od Mure;475;47,0049°N 15,9322°E;vrh, koča;1500;30% (2680. mesto);12;2;0;;https://www.hribi.net/gora/grad_riegersburg___burg_riegersburg/138/2796
2797;Florjanka / Monte Florianca;Italija;Julijske Alpe;1653;46,4853°N 13,5471°E;vrh, jezero;6620;43% (2174. mesto);5;2;0;;https://www.hribi.net/gora/florjanka___monte_florianca/1/2797
2799;Velika Montura;Slovenija;Julijske Alpe;1958;46,287°N 13,7116°E;vrh;10960;46% (2079. mesto);9;2;0;;https://www.hribi.net/gora/velika_montura/1/2799
2800;Lopa;Italija, Slovenija;Julijske Alpe;2406;46,3703°N 13,49434°E;vrh;14590;47% (2045. mesto);10;2;0;1;https://www.hribi.net/gora/lopa/1/2800
2801;Maja Jezercë;Albanija;Prokletije;2694;42,4425°N 19,8141°E;vrh;8640;45% (2114. mesto);4;1;0;;https://www.hribi.net/gora/maja_jezerce/153/2801
2802;Kušpergarjev turn (Kušpergarjevi turni);Slovenija;Karavanke;750;46,3839°N 14,3318°E;vrh;3041;37% (2421. mesto);3;1;0;;https://www.hribi.net/gora/kuspergarjev_turn_kuspergarjevi_turni/11/2802
2804;Forcella Marmarole;Italija;Dolomiti;2661;46,50503°N 12,34277°E;sedlo;1610;31% (2656. mesto);13;1;0;;https://www.hribi.net/gora/forcella_marmarole/39/2804
2806;Lastron dei Scarperi / Schusterplatte;Italija;Dolomiti;2957;46,65721°N 12,31665°E;vrh;2158;33% (2558. mesto);12;2;0;;https://www.hribi.net/gora/lastron_dei_scarperi___schusterplatte/39/2806
2807;Babičev mlin na Muri;Slovenija;Strojna, Košenjak, Kozjak in Slovenske gorice;182;46,5921°N 16,1668°E;Vremenska napoved:;1863;32% (2608. mesto);8;2;0;;https://www.hribi.net/gora/babicev_mlin_na_muri/162/2807
2809;RIS Dolina (Dovžanova soteska);Slovenija;Karavanke;720;46,3917°N 14,3308°E;Vremenska napoved:;18140;47% (2025. mesto);2;3;0;;https://www.hribi.net/gora/ris_dolina_dovzanova_soteska/11/2809
2811;Pic Chiadin;Italija;Karnijske Alpe;2302;46,59656°N 12,8912°E;vrh;3671;39% (2347. mesto);10;2;0;;https://www.hribi.net/gora/pic_chiadin/27/2811
2812;Pilastro del Coglians;Avstrija, Italija;Karnijske Alpe;2750;46,60712°N 12,88487°E;vrh;4144;40% (2303. mesto);9;2;0;;https://www.hribi.net/gora/pilastro_del_coglians/27/2812
2813;Cima di Mezzo / Keller Warte;Avstrija, Italija;Karnijske Alpe;2713;46,60679°N 12,88853°E;vrh;5450;42% (2223. mesto);13;3;0;;https://www.hribi.net/gora/cima_di_mezzo___keller_warte/27/2813
2814;Mačenski vrh / Matschacher Gupf;Avstrija;Karavanke;1691;46,48969°N 14,13771°E;vrh;2760;36% (2454. mesto);10;3;0;;https://www.hribi.net/gora/macenski_vrh___matschacher_gupf/11/2814
2815;Srednja peč;Slovenija;Karavanke;1920;46,43556°N 14,18973°E;vrh;9640;45% (2095. mesto);7;5;0;;https://www.hribi.net/gora/srednja_pec/11/2815
2816;Planina Zali potok;Slovenija;Karavanke;1032;46,4172°N 14,3655°E;planina;1710;31% (2638. mesto);7;1;0;;https://www.hribi.net/gora/planina_zali_potok/11/2816
2818;Podkanjski slap / Wildensteiner Wasserfall;Avstrija;Karavanke;640;46,5344°N 14,5089°E;slap;4350;40% (2290. mesto);5;1;0;;https://www.hribi.net/gora/podkanjski_slap___wildensteiner_wasserfall/11/2818
2819;Hofovška planina / Hoffmansalpe;Avstrija;Karavanke;1335;;planina;502;20% (3048. mesto);1;1;0;;https://www.hribi.net/gora/hofovska_planina___hoffmansalpe/11/2819
2820;Visoka Bela Špica / Cima Alta di Riobianco;Italija;Julijske Alpe;2257;46,423°N 13,5187°E;vrh, bivak;12690;46% (2064. mesto);2;1;0;;https://www.hribi.net/gora/visoka_bela_spica___cima_alta_di_riobianco/1/2820
2821;Stara gora / Altberg;Avstrija;Karavanke;1552;46,5248°N 14,5307°E;vrh;1790;31% (2625. mesto);8;2;0;;https://www.hribi.net/gora/stara_gora___altberg/11/2821
2822;Rokov vrh / Rochusberg;Avstrija;Karavanke;880;46,528°N 14,5715°E;vrh;745;24% (2906. mesto);8;2;0;;https://www.hribi.net/gora/rokov_vrh___rochusberg/11/2822
2823;Fürthermoaralm;Avstrija;Visoke Ture;1805;47,17885°N 12,71347°E;koča, planina, cerkev;471;20% (3080. mesto);12;1;0;;https://www.hribi.net/gora/furthermoaralm/57/2823
2824;Mooserboden;Avstrija;Visoke Ture;2036;47,16729°N 12,7156°E;koča, jezero;1820;32% (2613. mesto);16;2;0;;https://www.hribi.net/gora/mooserboden/57/2824
2825;Heinrich Schwaiger Haus;Avstrija;Visoke Ture;2802;47,16262°N 12,73893°E;koča, bivak;1100;28% (2768. mesto);16;1;0;;https://www.hribi.net/gora/heinrich_schwaiger_haus/57/2825
2826;Passauer Hütte;Avstrija;Severne apneniške Alpe;2051;47,47419°N 12,75037°E;koča, bivak;757;24% (2897. mesto);13;1;0;;https://www.hribi.net/gora/passauer_hutte/59/2826
2827;Šoštanj;Slovenija;Kamniško Savinjske Alpe;358;46,3774°N 15,0485°E;Vremenska napoved:;3410;38% (2383. mesto);26;1;0;;https://www.hribi.net/gora/sostanj/3/2827
2828;Westliche Mitterspitze;Avstrija;Severne apneniške Alpe;2160;47,47417°N 12,75499°E;vrh;585;22% (2994. mesto);8;2;0;;https://www.hribi.net/gora/westliche_mitterspitze/59/2828
2829;Sebenje;Slovenija;Kamniško Savinjske Alpe;500;46,3304°N 14,2993°E;Vremenska napoved:;1420;30% (2699. mesto);2;1;0;;https://www.hribi.net/gora/sebenje/3/2829
2830;Jezero Jasna;Slovenija;Julijske Alpe;830;46,4748°N 13,7833°E;koča, jezero;22320;48% (2008. mesto);15;1;0;7;https://www.hribi.net/gora/jezero_jasna/1/2830
2831;Großes Wiesbachhorn;Avstrija;Visoke Ture;3564;47,15669°N 12,7549°E;vrh;10160;45% (2088. mesto);16;1;0;;https://www.hribi.net/gora/grosses_wiesbachhorn/57/2831
2832;Vilice;Slovenija;Kamniško Savinjske Alpe;2341;;Ogledov: 15;15;1% (3790. mesto);0;0;0;;https://www.hribi.net/gora/vilice/3/2832
2833;Höhenburg;Avstrija;Visoke Ture;2108;47,1698°N 12,72295°E;vrh;696;24% (2929. mesto);16;1;0;;https://www.hribi.net/gora/hohenburg/57/2833
2834;Hajnžev Praprotnik / Zeller Prapotnik;Avstrija;Karavanke;1727;46,4475°N 14,3119°E;vrh;3820;39% (2333. mesto);10;5;0;;https://www.hribi.net/gora/hajnzev_praprotnik___zeller_prapotnik/11/2834
2835;Bivak Montanel;Italija;Karnijske Alpe;2048;46,43378°N 12,4545°E;bivak;1130;28% (2757. mesto);8;1;0;;https://www.hribi.net/gora/bivak_montanel/27/2835
2836;Cima Montanel;Italija;Karnijske Alpe;2461;46,43738°N 12,46291°E;vrh;2523;35% (2489. mesto);14;2;1;;https://www.hribi.net/gora/cima_montanel/27/2836
2837;Jelovice;Slovenija;Pohorje, Dravinjske gorice in Haloze;623;46,30691°N 15,7401°E;vrh;4990;41% (2243. mesto);2;3;1;;https://www.hribi.net/gora/jelovice/4/2837
2838;Crodon di Scodavacca;Italija;Karnijske Alpe;2389;46,42882°N 12,46128°E;vrh;1440;30% (2692. mesto);7;2;0;;https://www.hribi.net/gora/crodon_di_scodavacca/27/2838
2840;Ostri vrh;Slovenija;Posavsko hribovje in Dolenjska;675;;vrh;30;2% (3773. mesto);12;0;1;;https://www.hribi.net/gora/ostri_vrh/25/2840
2841;Mokrišče Blata;Slovenija;Kamniško Savinjske Alpe;505;46,3321°N 14,3067°E;Vremenska napoved:;2210;33% (2554. mesto);5;1;0;;https://www.hribi.net/gora/mokrisce_blata/3/2841
2843;Toubkal;Maroko;Atlas;4167;;vrh;3220;37% (2402. mesto);4;0;0;;https://www.hribi.net/gora/toubkal/155/2843
2845;Monte Cernera;Italija;Dolomiti;2665;46,46799°N 12,05824°E;vrh;2290;34% (2540. mesto);15;1;0;;https://www.hribi.net/gora/monte_cernera/39/2845
2846;Jermanca (Jermancov grič);Slovenija;Polhograjsko hribovje in Ljubljana;728;46,088°N 14,131°E;vrh;4830;41% (2254. mesto);5;1;0;;https://www.hribi.net/gora/jermanca_jermancov_gric/5/2846
2847;Fuscherkarkopf;Avstrija;Visoke Ture;3331;47,099°N 12,74499°E;vrh;6470;43% (2178. mesto);10;1;0;;https://www.hribi.net/gora/fuscherkarkopf/57/2847
2848;Prestreljeniško okno;Italija, Slovenija;Julijske Alpe;2391;46,36112°N 13,46989°E;Vremenska napoved:;31070;48% (1986. mesto);8;3;0;2;https://www.hribi.net/gora/prestreljenisko_okno/1/2848
2849;Scharnik;Avstrija;Visoke Ture;2655;46,7947°N 13,0417°E;vrh;1620;31% (2654. mesto);8;3;0;;https://www.hribi.net/gora/scharnik/57/2849
2850;Sveta Jedert (Lajše);Slovenija;Škofjeloško, Cerkljansko hribovje in Jelovica;850;46,2477°N 14,198°E;cerkev;2881;36% (2439. mesto);6;2;0;;https://www.hribi.net/gora/sveta_jedert_lajse/21/2850
2851;Sleme (Površnica);Slovenija;Škofjeloško, Cerkljansko hribovje in Jelovica;883;46,2436°N 14,1816°E;vrh;2654;36% (2468. mesto);5;4;0;;https://www.hribi.net/gora/sleme_povrsnica/21/2851
2852;Sveti Križ nad Selcami;Slovenija;Škofjeloško, Cerkljansko hribovje in Jelovica;860;46,2348°N 14,1845°E;vrh, cerkev;3850;39% (2328. mesto);7;4;0;;https://www.hribi.net/gora/sveti_kriz_nad_selcami/21/2852
2853;Šoparjev vrh;Slovenija;Karavanke;1524;46,48606°N 14,74105°E;vrh;1710;31% (2639. mesto);2;3;0;;https://www.hribi.net/gora/soparjev_vrh/11/2853
2854;Čofatijev vrh;Slovenija;Karavanke;1606;46,47523°N 14,74992°E;vrh;3510;38% (2365. mesto);2;3;0;;https://www.hribi.net/gora/cofatijev_vrh/11/2854
2855;Sveti Primož in Felicijan na Gabrški gori;Slovenija;Škofjeloško, Cerkljansko hribovje in Jelovica;830;46,1412°N 14,20018°E;cerkev;6990;44% (2155. mesto);4;1;0;1;https://www.hribi.net/gora/sveti_primoz_in_felicijan_na_gabrski_gori/21/2855
2856;Bergheimat;Avstrija;Visoke Ture;1581;46,7743°N 13,03416°E;koča;309;15% (3247. mesto);3;1;0;;https://www.hribi.net/gora/bergheimat/57/2856
2857;Ochsnerhütte;Avstrija;Visoke Ture;1810;46,78027°N 13,03416°E;koča;479;20% (3067. mesto);3;1;0;;https://www.hribi.net/gora/ochsnerhutte/57/2857
2858;Bela peč (Podbliška gora);Slovenija;Škofjeloško, Cerkljansko hribovje in Jelovica;1158;46,2587°N 14,1978°E;vrh;21880;48% (2010. mesto);5;12;1;;https://www.hribi.net/gora/bela_pec_podbliska_gora/21/2858
2859;Bičkova skala;Slovenija;Škofjeloško, Cerkljansko hribovje in Jelovica;1012;46,2507°N 14,1888°E;Vremenska napoved:;9920;45% (2093. mesto);5;1;0;;https://www.hribi.net/gora/bickova_skala/21/2859
2860;Unteralmhütte;Avstrija;Visoke Ture;1838;46,79075°N 13,02028°E;koča;290;15% (3269. mesto);1;1;0;;https://www.hribi.net/gora/unteralmhutte/57/2860
2861;Lamnitzsee;Avstrija;Visoke Ture;2293;46,79874°N 13,03458°E;jezero;533;21% (3033. mesto);3;4;0;;https://www.hribi.net/gora/lamnitzsee/57/2861
2863;Dachskofel;Avstrija;Visoke Ture;2373;46,79841°N 13,03226°E;vrh;822;25% (2868. mesto);4;4;0;;https://www.hribi.net/gora/dachskofel/57/2863
2864;Jamnigalm;Avstrija;Visoke Ture;1750;47,0021°N 13,10777°E;planina;690;23% (2931. mesto);1;2;0;;https://www.hribi.net/gora/jamnigalm/57/2864
2866;Mernik Alm;Avstrija;Visoke Ture;1492;46,85293°N 13,30058°E;planina;492;20% (3054. mesto);4;1;0;;https://www.hribi.net/gora/mernik_alm/57/2866
2867;Koppen;Avstrija;Visoke Ture;2158;46,84397°N 13,28652°E;vrh;480;20% (3066. mesto);6;1;0;;https://www.hribi.net/gora/koppen/57/2867
2868;Veliki vrh (Križentaver);Slovenija;Posavsko hribovje in Dolenjska;419;46,1275°N 14,6222°E;vrh;8680;45% (2112. mesto);6;2;0;35;https://www.hribi.net/gora/veliki_vrh_krizentaver/25/2868
2869;Sv. Kunigunda na Taboru nad Ihanom;Slovenija;Posavsko hribovje in Dolenjska;377;46,1245°N 14,6299°E;vrh, cerkev;3172;37% (2405. mesto);3;2;0;6;https://www.hribi.net/gora/sv_kunigunda_na_taboru_nad_ihanom/25/2869
2870;Sv. Miklavž na Goropečah;Slovenija;Posavsko hribovje in Dolenjska;401;46,1172°N 14,6454°E;cerkev;2080;33% (2576. mesto);4;2;0;1;https://www.hribi.net/gora/sv_miklavz_na_goropecah/25/2870
2871;Oklo nad Ihanom;Slovenija;Posavsko hribovje in Dolenjska;465;46,1199°N 14,6534°E;Vremenska napoved:;4610;41% (2268. mesto);8;4;0;3;https://www.hribi.net/gora/oklo_nad_ihanom/25/2871
2872;Sveta Trojica (nad Dobom);Slovenija;Posavsko hribovje in Dolenjska;527;46,1232°N 14,6757°E;vrh, koča, cerkev;8421;45% (2119. mesto);2;4;0;1;https://www.hribi.net/gora/sveta_trojica_nad_dobom/25/2872
2873;Hagener Hütte;Avstrija;Visoke Ture;2446;47,02751°N 13,0897°E;koča;1160;28% (2751. mesto);7;3;0;;https://www.hribi.net/gora/hagener_hutte/57/2873
2874;Grad Velenje;Slovenija;Kamniško Savinjske Alpe;442;46,3566°N 15,1099°E;vrh;3770;39% (2339. mesto);3;3;3;1;https://www.hribi.net/gora/grad_velenje/3/2874
2877;Oljska gora;Slovenija;Posavsko hribovje in Dolenjska;401;46,0987°N 14,5722°E;vrh;11390;46% (2076. mesto);5;3;0;2;https://www.hribi.net/gora/oljska_gora/25/2877
2878;Visoko;Slovenija;Karavanke;991;46,3761°N 15,1898°E;vrh;3110;37% (2413. mesto);4;2;2;;https://www.hribi.net/gora/visoko/11/2878
2880;Skalni vrh (Vodemla);Slovenija;Karavanke;780;46,3871°N 15,1359°E;vrh;13191;46% (2057. mesto);2;2;2;;https://www.hribi.net/gora/skalni_vrh_vodemla/11/2880
2881;Smodivnik;Slovenija;Karavanke;923;46,4018°N 15,1588°E;vrh;1490;30% (2684. mesto);1;1;1;;https://www.hribi.net/gora/smodivnik/11/2881
2884;Greilkopf;Avstrija;Visoke Ture;2581;47,02515°N 13,1005°E;vrh;972;27% (2809. mesto);8;3;0;;https://www.hribi.net/gora/greilkopf/57/2884
2885;Dražgoška gora;Slovenija;Škofjeloško, Cerkljansko hribovje in Jelovica;1140;46,2585°N 14,1707°E;vrh;13270;46% (2055. mesto);4;2;0;;https://www.hribi.net/gora/drazgoska_gora/21/2885
2886;Planina Kališnik;Slovenija;Škofjeloško, Cerkljansko hribovje in Jelovica;1180;46,2624°N 14,1709°E;planina;4490;40% (2281. mesto);7;2;0;;https://www.hribi.net/gora/planina_kalisnik/21/2886
2888;Kamnitnik (nad Škofjo Loko);Slovenija;Škofjeloško, Cerkljansko hribovje in Jelovica;426;46,1729°N 14,3093°E;vrh;3530;38% (2363. mesto);3;4;0;;https://www.hribi.net/gora/kamnitnik_nad_skofjo_loko/21/2888
2890;Kleiner Salzkofel;Avstrija;Visoke Ture;2222;46,84511°N 13,28067°E;vrh;594;22% (2989. mesto);5;1;0;;https://www.hribi.net/gora/kleiner_salzkofel/57/2890
2892;Plakopec (Brezejec);Slovenija;Karavanke;1005;46,3741°N 15,1877°E;vrh;2310;34% (2534. mesto);3;1;1;;https://www.hribi.net/gora/plakopec_brezejec/11/2892
2893;Štrukljev vrh;Slovenija;Karavanke;1227;46,3871°N 15,2268°E;vrh;4550;41% (2276. mesto);4;1;1;1;https://www.hribi.net/gora/strukljev_vrh/11/2893
2894;Koželj;Slovenija;Kamniško Savinjske Alpe;590;46,34785°N 15,12635°E;vrh;14740;47% (2043. mesto);4;2;2;1;https://www.hribi.net/gora/kozelj/3/2894
2895;Bivak Tarvisio;Italija, Slovenija;Julijske Alpe;2150;;bivak, sedlo;3939;39% (2324. mesto);3;0;0;;https://www.hribi.net/gora/bivak_tarvisio/1/2895
2896;Sveti Jošt na Paškem Kozjaku;Slovenija;Karavanke;1063;46,387°N 15,1928°E;cerkev;3070;37% (2416. mesto);4;1;1;2;https://www.hribi.net/gora/sveti_jost_na_paskem_kozjaku/11/2896
2897;Ostrica;Slovenija;Karavanke;1182;46,3889°N 15,2079°E;vrh;6900;44% (2157. mesto);5;1;1;1;https://www.hribi.net/gora/ostrica/11/2897
2899;Planinska koča Mrzl'k;Slovenija;Škofjeloško, Cerkljansko hribovje in Jelovica;971;46,0631°N 14,0547°E;vrh, koča;19160;47% (2019. mesto);8;7;0;2;https://www.hribi.net/gora/planinska_koca_mrzlk/21/2899
2900;Šteharski vrh (Šteharnikov vrh);Slovenija;Strojna, Košenjak, Kozjak in Slovenske gorice;1018;46,5723°N 14,9848°E;vrh;10580;46% (2082. mesto);8;5;0;;https://www.hribi.net/gora/steharski_vrh_steharnikov_vrh/162/2900
2901;Brinjeva gora (nad Prevaljami);Slovenija;Strojna, Košenjak, Kozjak in Slovenske gorice;723;46,5592°N 14,9389°E;vrh, cerkev;13920;47% (2049. mesto);9;3;0;;https://www.hribi.net/gora/brinjeva_gora_nad_prevaljami/162/2901
2902;Sveti Križ pri Dravogradu;Slovenija;Strojna, Košenjak, Kozjak in Slovenske gorice;528;46,5744°N 15,011°E;vrh, cerkev;2300;34% (2537. mesto);9;1;0;;https://www.hribi.net/gora/sveti_kriz_pri_dravogradu/162/2902
2903;Hom (nad Prevaljami);Slovenija;Karavanke;1193;46,5076°N 14,9401°E;vrh;2570;35% (2480. mesto);9;2;0;;https://www.hribi.net/gora/hom_nad_prevaljami/11/2903
2905;Grohot;Hrvaška;Gorjanci, Medvednica in Medžimurje;499;;Ogledov: 933;933;26% (2827. mesto);2;2;1;;https://www.hribi.net/gora/grohot/61/2905
2906;Sveta Barbara v Zagradu;Slovenija;Karavanke;435;46,5442°N 14,9307°E;vrh, cerkev;831;25% (2864. mesto);2;3;0;;https://www.hribi.net/gora/sveta_barbara_v_zagradu/11/2906
2907;Jurjev hrib;Slovenija;Goriško, Notranjsko in Snežniško hribovje;109;45,5888°N 13,7283°E;vrh;2980;37% (2425. mesto);4;1;0;;https://www.hribi.net/gora/jurjev_hrib/26/2907
2908;Slap potoka Struga;Slovenija;Goriško, Notranjsko in Snežniško hribovje;105;45,5528°N 13,8172°E;slap;3341;38% (2392. mesto);3;1;0;;https://www.hribi.net/gora/slap_potoka_struga/26/2908
2909;Goli hrib;Slovenija;Goriško, Notranjsko in Snežniško hribovje;217;45,552°N 13,8228°E;vrh;3190;37% (2403. mesto);2;2;0;;https://www.hribi.net/gora/goli_hrib/26/2909
2910;Lovsko zavetišče Kolombar;Slovenija;Goriško, Notranjsko in Snežniško hribovje;218;45,5543°N 13,8256°E;koča;2230;33% (2552. mesto);3;2;0;;https://www.hribi.net/gora/lovsko_zavetisce_kolombar/26/2910
2911;Kömosó hegy;Madžarska;Osrednja Madžarska;325;;Ogledov: 224;224;13% (3348. mesto);2;2;0;;https://www.hribi.net/gora/komoso_hegy/133/2911
2912;Marezige;Slovenija;Goriško, Notranjsko in Snežniško hribovje;284;45,5074°N 13,7987°E;vrh, koča, cerkev;9370;45% (2101. mesto);10;2;0;1;https://www.hribi.net/gora/marezige/26/2912
2913;Vanganelsko jezero;Slovenija;Goriško, Notranjsko in Snežniško hribovje;55;45,5101°N 13,7785°E;jezero;4380;40% (2285. mesto);7;1;0;;https://www.hribi.net/gora/vanganelsko_jezero/26/2913
2914;Cseszneki Var;Madžarska;Osrednja Madžarska;335;47,351°N 17,8812°E;Vremenska napoved:;371;17% (3176. mesto);2;1;0;;https://www.hribi.net/gora/cseszneki_var/133/2914
2915;Črni vrh (Iskra);Slovenija;Goriško, Notranjsko in Snežniško hribovje;119;45,5791°N 13,7466°E;vrh;3042;37% (2420. mesto);1;1;0;;https://www.hribi.net/gora/crni_vrh_iskra/26/2915
2916;Marija Snežna na Gradišcah;Slovenija;Goriško, Notranjsko in Snežniško hribovje;467;45,5396°N 13,9074°E;vrh, cerkev;4732;41% (2263. mesto);5;2;0;1;https://www.hribi.net/gora/marija_snezna_na_gradiscah/26/2916
2917;Davški slapovi;Slovenija;Škofjeloško, Cerkljansko hribovje in Jelovica;1000;;slap;15420;47% (2039. mesto);3;1;0;;https://www.hribi.net/gora/davski_slapovi/21/2917
2918;Jesenik (Jesenikov vrh);Slovenija;Karavanke;1199;46,5051°N 14,8316°E;vrh;2030;33% (2582. mesto);6;4;0;;https://www.hribi.net/gora/jesenik_jesenikov_vrh/11/2918
2919;Štalekarjev vrh;Slovenija;Karavanke;792;46,5116°N 14,8456°E;vrh;2270;34% (2544. mesto);4;1;0;;https://www.hribi.net/gora/stalekarjev_vrh/11/2919
2920;Pikov vrh;Slovenija;Karavanke;1149;46,4961°N 14,8419°E;vrh;5690;42% (2208. mesto);8;5;0;;https://www.hribi.net/gora/pikov_vrh/11/2920
2921;Veliki vrh (nad Mežiško dolino);Slovenija;Karavanke;1165;46,4947°N 14,8524°E;vrh;3440;38% (2379. mesto);5;5;0;;https://www.hribi.net/gora/veliki_vrh_nad_mezisko_dolino/11/2921
2922;Šumahov vrh;Slovenija;Karavanke;1155;46,4935°N 14,8613°E;vrh;3900;39% (2327. mesto);3;4;0;;https://www.hribi.net/gora/sumahov_vrh/11/2922
2923;Stražišće;Hrvaška;Biokovo in Dalmacija;701;42,597°N 18,2515°E;vrh;1090;28% (2774. mesto);4;2;2;;https://www.hribi.net/gora/strazisce/64/2923
2925;San Pietro;Francija;Korzika;1500;41,7588°N 8,9929°E;vrh;3643;39% (2348. mesto);19;0;0;;https://www.hribi.net/gora/san_pietro/151/2925
2926;Grad Gutenberk (Hudi grad);Slovenija;Kamniško Savinjske Alpe;663;46,362°N 14,2886°E;vrh;3921;39% (2322. mesto);9;2;0;3;https://www.hribi.net/gora/grad_gutenberk_hudi_grad/3/2926
2927;Veliki Kopinj / Kapinberg / Monte Capin di Ponente;Avstrija, Italija;Karnijske Alpe;1735;46,5397°N 13,5691°E;vrh;1820;32% (2614. mesto);2;2;0;;https://www.hribi.net/gora/veliki_kopinj___kapinberg___monte_capin_di_ponente/27/2927
2928;Gorjanski vrh / Göriacher Berg / Monte Goriane;Avstrija, Italija;Karnijske Alpe;1689;46,546°N 13,5929°E;vrh;1610;31% (2657. mesto);4;2;0;;https://www.hribi.net/gora/gorjanski_vrh___goriacher_berg___monte_goriane/27/2928
2929;Gorjanska planina / Göriacher Alm / Malga Goriane;Avstrija, Italija;Karnijske Alpe;1644;46,5457°N 13,5971°E;planina;1320;29% (2716. mesto);10;2;0;;https://www.hribi.net/gora/gorjanska_planina___goriacher_alm___malga_goriane/27/2929
2930;Okrepčevalnica Slap Voje;Slovenija;Julijske Alpe;745;46,3293°N 13,8782°E;koča;8690;45% (2111. mesto);3;1;0;;https://www.hribi.net/gora/okrepcevalnica_slap_voje/1/2930
2931;Slap Mostnice;Slovenija;Julijske Alpe;773;46,3305°N 13,8755°E;slap;20540;47% (2017. mesto);4;1;0;;https://www.hribi.net/gora/slap_mostnice/1/2931
2932;Planina Blatce;Slovenija;Julijske Alpe;888;46,2974°N 13,8991°E;planina;3225;37% (2401. mesto);5;2;1;;https://www.hribi.net/gora/planina_blatce/1/2932
2933;Kanjon Čikole;Hrvaška;Biokovo in Dalmacija;80;43,8398°N 16,0574°E;Vremenska napoved:;3370;38% (2388. mesto);1;1;0;;https://www.hribi.net/gora/kanjon_cikole/64/2933
2934;Sv. Mihael (Rute (Zavrh)) / St. Michael (Bärental);Avstrija;Karavanke;982;46,4739°N 14,155°E;cerkev;625;23% (2967. mesto);4;1;0;;https://www.hribi.net/gora/sv_mihael_rute_zavrh___st_michael_barental/11/2934
2935;Lago di Fanes;Italija;Dolomiti;1832;46,59644°N 12,05359°E;jezero;1530;30% (2673. mesto);6;1;0;;https://www.hribi.net/gora/lago_di_fanes/39/2935
2936;Lago di Limo;Italija;Dolomiti;2159;46,60673°N 12,01932°E;jezero, sedlo;2280;34% (2542. mesto);14;3;0;;https://www.hribi.net/gora/lago_di_limo/39/2936
2937;Col Bechei;Italija;Dolomiti;2794;46,60774°N 12,04446°E;vrh;1120;28% (2763. mesto);19;3;0;;https://www.hribi.net/gora/col_bechei/39/2937
2938;Cima Nove / Neunerspitze;Italija;Dolomiti;2968;46,63022°N 11,98085°E;vrh;1610;31% (2658. mesto);14;1;0;;https://www.hribi.net/gora/cima_nove___neunerspitze/39/2938
2939;Udornica Risnik;Slovenija;Goriško, Notranjsko in Snežniško hribovje;366;45,6773°N 13,9665°E;Vremenska napoved:;4356;40% (2289. mesto);5;1;0;;https://www.hribi.net/gora/udornica_risnik/26/2939
2940;Pomjan;Slovenija;Goriško, Notranjsko in Snežniško hribovje;360;45,499°N 13,7553°E;vrh, cerkev;12740;46% (2062. mesto);8;2;2;1;https://www.hribi.net/gora/pomjan/26/2940
2941;Strunjanski križ;Slovenija;Goriško, Notranjsko in Snežniško hribovje;53;45,5373°N 13,6063°E;vrh;27210;48% (1995. mesto);6;3;0;9;https://www.hribi.net/gora/strunjanski_kriz/26/2941
2942;Piz Sant Antone;Italija;Dolomiti;2655;46,6304°N 12,00445°E;vrh;1070;27% (2782. mesto);15;1;0;;https://www.hribi.net/gora/piz_sant_antone/39/2942
2943;Salzkofel;Avstrija;Visoke Ture;2498;46,8462°N 13,26124°E;vrh;1110;28% (2765. mesto);7;1;0;;https://www.hribi.net/gora/salzkofel/57/2943
2944;Lopar;Slovenija;Goriško, Notranjsko in Snežniško hribovje;303;45,5079°N 13,8242°E;vrh, cerkev;2250;33% (2550. mesto);7;1;0;;https://www.hribi.net/gora/lopar/26/2944
2945;Debeli rtič;Slovenija;Goriško, Notranjsko in Snežniško hribovje;28;45,5907°N 13,704°E;Vremenska napoved:;10340;46% (2085. mesto);3;1;1;;https://www.hribi.net/gora/debeli_rtic/26/2945
2946;Gura;Slovenija;Goriško, Notranjsko in Snežniško hribovje;510;45,6983°N 13,9183°E;vrh, cerkev;3131;37% (2409. mesto);5;1;0;1;https://www.hribi.net/gora/gura/26/2946
2947;Škrbina (Slaparjeva gora);Slovenija;Kamniško Savinjske Alpe;1142;46,3125°N 14,491°E;vrh;5540;42% (2213. mesto);1;1;0;;https://www.hribi.net/gora/skrbina_slaparjeva_gora/3/2947
2948;Planina v Prodih;Slovenija;Julijske Alpe;1070;46,2284°N 13,8315°E;planina;3590;39% (2356. mesto);4;1;0;;https://www.hribi.net/gora/planina_v_prodih/1/2948
2949;Rifugio Fonda Savio;Italija;Dolomiti;2367;46,58518°N 12,28737°E;koča, sedlo;1780;31% (2627. mesto);13;1;0;;https://www.hribi.net/gora/rifugio_fonda_savio/39/2949
2951;Rifugio Lago Boe;Italija;Dolomiti;2185;46,52651°N 11,86248°E;koča;886;26% (2844. mesto);9;1;0;;https://www.hribi.net/gora/rifugio_lago_boe/39/2951
2952;Lago Boe;Italija;Dolomiti;2252;46,52502°N 11,85771°E;jezero;2270;34% (2545. mesto);5;1;0;;https://www.hribi.net/gora/lago_boe/39/2952
2953;Ütia Franz Kostner;Italija;Dolomiti;2500;46,51862°N 11,84852°E;koča;1550;30% (2671. mesto);16;2;0;;https://www.hribi.net/gora/utia_franz_kostner/39/2953
2954;Cima Cadin Nord Est;Italija;Dolomiti;2788;46,57988°N 12,29033°E;vrh;2860;36% (2443. mesto);8;1;0;;https://www.hribi.net/gora/cima_cadin_nord_est/39/2954
2955;Izvir reke Meže;Slovenija;Karavanke;1230;46,4598°N 14,7022°E;Vremenska napoved:;3991;40% (2316. mesto);3;1;0;;https://www.hribi.net/gora/izvir_reke_meze/11/2955
2956;Boeseekofel / Piz da Lech;Italija;Dolomiti;2911;46,52793°N 11,84114°E;vrh;2470;35% (2499. mesto);14;2;0;;https://www.hribi.net/gora/boeseekofel___piz_da_lech/39/2956
2958;Orlek;Slovenija;Posavsko hribovje in Dolenjska;802;;vrh;5;1% (3810. mesto);0;0;0;;https://www.hribi.net/gora/orlek/25/2958
2959;Kozice;Slovenija;Posavsko hribovje in Dolenjska;730;;vrh;3;0% (3818. mesto);0;0;0;;https://www.hribi.net/gora/kozice/25/2959
2962;Lendavski grad (Dolnjelendavski grad);Slovenija;Prekmurje;205;46,5668°N 16,4529°E;vrh;2540;35% (2487. mesto);3;1;0;;https://www.hribi.net/gora/lendavski_grad_dolnjelendavski_grad/163/2962
2963;Sveta Trojica v Lendavskih goricah;Slovenija;Prekmurje;266;46,5599°N 16,4617°E;vrh, cerkev;2220;33% (2553. mesto);4;2;0;;https://www.hribi.net/gora/sveta_trojica_v_lendavskih_goricah/163/2963
2964;Razgledni stolp Vinarium Lendava;Slovenija;Prekmurje;302;46,5675°N 16,4682°E;vrh, koča;6650;43% (2172. mesto);12;4;0;;https://www.hribi.net/gora/razgledni_stolp_vinarium_lendava/163/2964
2965;Piramida (Lendavske gorice);Slovenija;Prekmurje;327;46,5658°N 16,4769°E;vrh;6780;43% (2167. mesto);8;4;0;;https://www.hribi.net/gora/piramida_lendavske_gorice/163/2965
2966;Dobra Kolata / Kollata e Mirë;Albanija, Črna gora;Prokletije;2528;42,4889°N 19,8998°E;vrh;2641;35% (2471. mesto);2;1;0;;https://www.hribi.net/gora/dobra_kolata___kollata_e_mire/153/2966
2968;Zla Kolata / Kollata e keqe;Črna gora;Prokletije;2534;42,4849°N 19,896°E;vrh, planina;4823;41% (2253. mesto);4;1;0;;https://www.hribi.net/gora/zla_kolata___kollata_e_keqe/153/2968
2969;Razgledišče nad Valbono;Albanija, Črna gora;Prokletije;1550;42,4608°N 19,8788°E;Ogledov: 1.810;1810;32% (2619. mesto);2;2;0;;https://www.hribi.net/gora/razgledisce_nad_valbono/153/2969
2970;Grad Negova;Slovenija;Strojna, Košenjak, Kozjak in Slovenske gorice;289;46,6108°N 15,9365°E;vrh, cerkev;1430;30% (2694. mesto);5;3;0;;https://www.hribi.net/gora/grad_negova/162/2970
2971;Kamnica (Komnica) / Ferlacher Spitze;Avstrija;Karavanke;1742;46,5214°N 13,9643°E;vrh;3310;37% (2397. mesto);5;3;0;;https://www.hribi.net/gora/kamnica_komnica___ferlacher_spitze/11/2971
2972;Koča Berta / Bertahütte;Avstrija;Karavanke;1527;46,5182°N 13,9604°E;koča;2840;36% (2445. mesto);4;4;0;;https://www.hribi.net/gora/koca_berta___bertahutte/11/2972
2973;Koča nad Arihovo pečjo / Rossalmhütte;Avstrija;Karavanke;1080;46,5306°N 13,9805°E;koča, planina;1820;32% (2615. mesto);7;1;0;;https://www.hribi.net/gora/koca_nad_arihovo_pecjo___rossalmhutte/11/2973
2974;Arihova peč / Arichwand;Avstrija;Karavanke;1090;46,5337°N 13,9832°E;vrh;2470;35% (2500. mesto);3;1;0;;https://www.hribi.net/gora/arihova_pec___arichwand/11/2974
2975;Gregorčičev slap;Slovenija;Julijske Alpe;390;;slap;14510;47% (2047. mesto);2;1;0;;https://www.hribi.net/gora/gregorcicev_slap/1/2975
2976;Monte Lastroni;Italija;Karnijske Alpe;2449;46,6022°N 12,7083°E;vrh;4940;41% (2246. mesto);4;1;0;;https://www.hribi.net/gora/monte_lastroni/27/2976
2978;Sveti Lenart / St. Leonhard;Avstrija;Karavanke;1334;46,446°N 14,64°E;cerkev;1440;30% (2693. mesto);7;1;0;;https://www.hribi.net/gora/sveti_lenart___st_leonhard/11/2978
2979;Obel kamen (Olševa);Avstrija, Slovenija;Karavanke;1911;46,4508°N 14,6747°E;vrh;22740;48% (2005. mesto);6;6;0;1;https://www.hribi.net/gora/obel_kamen_olseva/11/2979
2980;Bobotov kuk;Črna gora;Durmitor;2523;43,1285°N 19,0345°E;vrh;18730;47% (2020. mesto);7;2;0;1;https://www.hribi.net/gora/bobotov_kuk/128/2980
2981;Prutaš;Črna gora;Durmitor;2393;43,1264°N 19,0018°E;vrh;5440;42% (2224. mesto);8;1;0;;https://www.hribi.net/gora/prutas/128/2981
2982;Rifugio Scotter Palatini;Italija;Dolomiti;1580;46,47212°N 12,23569°E;koča;660;23% (2940. mesto);7;1;0;;https://www.hribi.net/gora/rifugio_scotter_palatini/39/2982
2983;Monte Antelao;Italija;Dolomiti;3264;46,45188°N 12,26177°E;vrh;14955;47% (2040. mesto);16;1;0;;https://www.hribi.net/gora/monte_antelao/39/2983
2984;Planina Zagreben;Slovenija;Julijske Alpe;1240;46,29848°N 13,65017°E;planina;2890;36% (2438. mesto);10;1;0;;https://www.hribi.net/gora/planina_zagreben/1/2984
2985;Glungezer Hütte;Avstrija;Tuxer Alpe;2610;47,20972°N 11,52705°E;koča;1690;31% (2641. mesto);6;1;0;;https://www.hribi.net/gora/glungezer_hutte/156/2985
2986;Vogel (nad Lepeno);Slovenija;Julijske Alpe;1980;46,28518°N 13,66587°E;vrh;7750;44% (2135. mesto);7;2;0;;https://www.hribi.net/gora/vogel_nad_lepeno/1/2986
2987;Planica (vzletišče Gozd);Slovenija;Kamniško Savinjske Alpe;926;46,3396°N 14,3314°E;vrh;5240;42% (2229. mesto);3;7;0;;https://www.hribi.net/gora/planica_vzletisce_gozd/3/2987
2988;Veliki Lemež;Slovenija;Julijske Alpe;2042;46,2882°N 13,6721°E;vrh;16820;47% (2030. mesto);13;2;0;;https://www.hribi.net/gora/veliki_lemez/1/2988
2989;Vordere Geislspitze / Vorderer Gesselkopf;Avstrija;Visoke Ture;2974;47,0135°N 13,07301°E;vrh;2010;32% (2588. mesto);19;5;0;;https://www.hribi.net/gora/vordere_geislspitze___vorderer_gesselkopf/57/2989
2990;Kredarica;Slovenija;Julijske Alpe;2541;46,3801°N 13,8524°E;vrh;63980;50% (1913. mesto);8;7;4;1;https://www.hribi.net/gora/kredarica/1/2990
2991;Pizes dl Valun;Italija;Dolomiti;2906;46,5174°N 11,83742°E;vrh;1100;28% (2769. mesto);15;4;0;;https://www.hribi.net/gora/pizes_dl_valun/39/2991
2992;Planja (nad Mangartsko planino);Slovenija;Julijske Alpe;1553;46,4263°N 13,6154°E;vrh;3760;39% (2340. mesto);4;1;0;;https://www.hribi.net/gora/planja_nad_mangartsko_planino/1/2992
2993;Moiazza Sud;Italija;Dolomiti;2878;46,3383°N 12,0581°E;vrh;1010;27% (2799. mesto);2;1;0;;https://www.hribi.net/gora/moiazza_sud/39/2993
2994;Zajmenove peči;Slovenija;Karavanke;1745;46,4239°N 14,2896°E;vrh;7290;44% (2147. mesto);4;2;1;;https://www.hribi.net/gora/zajmenove_peci/11/2994
2995;Monte Pore;Italija;Dolomiti;2405;46,4774°N 12,01281°E;vrh;878;26% (2847. mesto);14;1;0;;https://www.hribi.net/gora/monte_pore/39/2995
2996;Ožarjeni kamen;Slovenija;Julijske Alpe;960;46,28955°N 13,83164°E;Vremenska napoved:;6630;43% (2175. mesto);7;1;0;1;https://www.hribi.net/gora/ozarjeni_kamen/1/2996
2997;Sveti Duh (Labinje);Slovenija;Škofjeloško, Cerkljansko hribovje in Jelovica;665;46,1435°N 14,0031°E;cerkev;1090;28% (2775. mesto);4;2;0;;https://www.hribi.net/gora/sveti_duh_labinje/21/2997
2998;Srednji vrh (na Matajurju);Slovenija;Julijske Alpe;1320;46,2088°N 13,5655°E;vrh;1600;30% (2663. mesto);3;1;0;1;https://www.hribi.net/gora/srednji_vrh_na_matajurju/1/2998
2999;Visoka glava (na Matajurju);Italija, Slovenija;Julijske Alpe;1540;46,218°N 13,5255°E;vrh;2462;35% (2503. mesto);3;1;0;;https://www.hribi.net/gora/visoka_glava_na_matajurju/1/2999
3000;Piz Lech Dlace;Italija;Dolomiti;3009;46,51418°N 11,83259°E;vrh;2670;36% (2466. mesto);8;4;0;;https://www.hribi.net/gora/piz_lech_dlace/39/3000
3001;Sv. Peter in Pavel (Perati);Slovenija;Julijske Alpe;812;46,2028°N 13,5942°E;cerkev;1250;29% (2732. mesto);3;1;0;;https://www.hribi.net/gora/sv_peter_in_pavel_perati/1/3001
3002;Creta di Collina / Kollinkofel;Avstrija, Italija;Karnijske Alpe;2691;46,60826°N 12,90808°E;vrh;3724;39% (2343. mesto);14;2;0;;https://www.hribi.net/gora/creta_di_collina___kollinkofel/27/3002
3003;Cresta Verde / Grüne Schneid;Avstrija, Italija;Karnijske Alpe;2086;46,60896°N 12,92178°E;sedlo;1910;32% (2602. mesto);9;1;0;;https://www.hribi.net/gora/cresta_verde___grune_schneid/27/3003
3004;Cresta Strenta;Italija;Dolomiti;3124;46,51201°N 11,82808°E;vrh;3320;38% (2394. mesto);3;4;0;;https://www.hribi.net/gora/cresta_strenta/39/3004
3006;Ilijin vrh;Hrvaška;Biokovo in Dalmacija;1234;42,5737°N 18,3518°E;vrh;1450;30% (2695. mesto);4;1;1;;https://www.hribi.net/gora/ilijin_vrh/64/3006
3009;Srđ;Hrvaška;Biokovo in Dalmacija;415;42,65061°N 18,10945°E;vrh;2550;35% (2483. mesto);8;2;2;;https://www.hribi.net/gora/srd/64/3009
3010;Sveti Primož nad Muto;Slovenija;Strojna, Košenjak, Kozjak in Slovenske gorice;806;46,6306°N 15,1584°E;sedlo, cerkev;3490;38% (2370. mesto);6;5;0;;https://www.hribi.net/gora/sveti_primoz_nad_muto/162/3010
3011;Bricnik;Slovenija;Strojna, Košenjak, Kozjak in Slovenske gorice;1017;46,6358°N 15,1669°E;vrh;5850;43% (2201. mesto);7;8;3;;https://www.hribi.net/gora/bricnik/162/3011
3012;Sv. Lovrenc na Ivniku / St. Lorenzen ob Eibiswald;Avstrija;Labotniške Alpe;947;46,6618°N 15,1669°E;cerkev;625;23% (2968. mesto);3;3;0;;https://www.hribi.net/gora/sv_lovrenc_na_ivniku___st_lorenzen_ob_eibiswald/28/3012
3013;Rifugio San Marco;Italija;Dolomiti;1823;46,4767°N 12,22816°E;koča;881;26% (2846. mesto);12;1;0;;https://www.hribi.net/gora/rifugio_san_marco/39/3013
3014;Zavetišče Onuk - Glavar;Slovenija;Strojna, Košenjak, Kozjak in Slovenske gorice;790;46,6315°N 15,1681°E;koča;857;26% (2854. mesto);5;3;0;;https://www.hribi.net/gora/zavetisce_onuk_-_glavar/162/3014
3015;Sveti Jernej nad Muto;Slovenija;Strojna, Košenjak, Kozjak in Slovenske gorice;1038;46,6532°N 15,1421°E;vrh, planina, cerkev;4992;41% (2242. mesto);5;6;2;;https://www.hribi.net/gora/sveti_jernej_nad_muto/162/3015
3016;Westerfrölkekogel;Avstrija;Visoke Ture;2727;47,02277°N 13,07912°E;vrh;681;23% (2933. mesto);6;3;0;;https://www.hribi.net/gora/westerfrolkekogel/57/3016
3017;Sedelnikov slap;Slovenija;Strojna, Košenjak, Kozjak in Slovenske gorice;500;46,6439°N 15,1334°E;slap;4641;41% (2266. mesto);4;1;0;;https://www.hribi.net/gora/sedelnikov_slap/162/3017
3019;Punta dei Ross;Italija;Dolomiti;2460;46,49008°N 12,21977°E;vrh;539;21% (3029. mesto);7;1;0;;https://www.hribi.net/gora/punta_dei_ross/39/3019
3020;Sv. Simon in Juda Tadej (Pernice);Slovenija;Strojna, Košenjak, Kozjak in Slovenske gorice;1059;46,6399°N 15,105°E;cerkev;3510;38% (2366. mesto);13;3;0;;https://www.hribi.net/gora/sv_simon_in_juda_tadej_pernice/162/3020
3021;Bivak Piramida;Slovenija;Strojna, Košenjak, Kozjak in Slovenske gorice;1395;46,6459°N 15,0361°E;Vremenska napoved:;5680;42% (2209. mesto);7;7;0;1;https://www.hribi.net/gora/bivak_piramida/162/3021
3022;Kozji vrh (pri Košenjaku);Slovenija;Strojna, Košenjak, Kozjak in Slovenske gorice;1383;46,6439°N 15,0849°E;vrh;4570;41% (2274. mesto);2;4;0;;https://www.hribi.net/gora/kozji_vrh_pri_kosenjaku/162/3022
3023;Kosmatica / Kosmatitza;Avstrija;Karavanke;1659;46,4596°N 14,1981°E;vrh;7286;44% (2145. mesto);5;3;0;;https://www.hribi.net/gora/kosmatica___kosmatitza/11/3023
3024;Jezerska planina / Alpe del Lago;Italija;Julijske Alpe;1006;46,4671°N 13,6614°E;planina;2750;36% (2456. mesto);6;1;0;;https://www.hribi.net/gora/jezerska_planina___alpe_del_lago/1/3024
3025;Črni vrh / Colrotondo;Italija;Julijske Alpe;1486;46,475°N 13,6534°E;vrh;3559;38% (2360. mesto);7;2;0;;https://www.hribi.net/gora/crni_vrh___colrotondo/1/3025
3027;Malenski vrh;Slovenija;Škofjeloško, Cerkljansko hribovje in Jelovica;1051;46,15663°N 14,15278°E;vrh;8450;45% (2118. mesto);5;4;0;;https://www.hribi.net/gora/malenski_vrh/21/3027
3028;Gorišca;Slovenija;Posavsko hribovje in Dolenjska;698;46,1173°N 14,7652°E;vrh;1820;32% (2616. mesto);2;1;0;1;https://www.hribi.net/gora/gorisca/25/3028
3029;Sveti Florjan (Zgornja Gora);Slovenija;Posavsko hribovje in Dolenjska;698;46,1291°N 14,7958°E;cerkev;2700;36% (2463. mesto);6;3;0;3;https://www.hribi.net/gora/sveti_florjan_zgornja_gora/25/3029
3030;Tolsta gora;Slovenija;Posavsko hribovje in Dolenjska;734;46,2201°N 14,6387°E;vrh;10370;46% (2084. mesto);4;2;1;;https://www.hribi.net/gora/tolsta_gora/25/3030
3031;Vrtače;Slovenija;Posavsko hribovje in Dolenjska;758;46,2155°N 14,6497°E;vrh;2942;37% (2428. mesto);2;2;0;;https://www.hribi.net/gora/vrtace/25/3031
3032;Hinterer Geißlkopf;Avstrija;Visoke Ture;2888;47,01676°N 13,06281°E;vrh;632;23% (2960. mesto);6;5;0;;https://www.hribi.net/gora/hinterer_geisslkopf/57/3032
3033;Feldseekopf;Avstrija;Visoke Ture;2864;47,0007°N 13,07°E;vrh;1280;29% (2725. mesto);11;2;0;;https://www.hribi.net/gora/feldseekopf/57/3033
3034;Dr. Rudolf Weißgerber Biwak (bivouac);Avstrija;Visoke Ture;2712;47,00672°N 13,07024°E;bivak;424;18% (3127. mesto);4;2;0;;https://www.hribi.net/gora/dr_rudolf_weissgerber_biwak_bivouac/57/3034
3036;Fischeralm;Avstrija;Ziljske Alpe;1084;46,67381°N 13,41554°E;planina;350;16% (3199. mesto);7;1;0;;https://www.hribi.net/gora/fischeralm/31/3036
3037;Grintovec - Dolgi Hrbet - Skuta;Slovenija;Kamniško Savinjske Alpe;2558;;vrh, bivak;3;0% (3819. mesto);0;0;0;;https://www.hribi.net/gora/grintovec_-_dolgi_hrbet_-_skuta/3/3037
3039;Grünsee;Avstrija;Karnijske Alpe;1250;46,61492°N 12,96083°E;jezero;1090;28% (2776. mesto);6;1;0;;https://www.hribi.net/gora/grunsee/27/3039
3040;Bodenalm;Avstrija;Ziljske Alpe;1231;46,6821°N 13,37902°E;koča, planina;377;17% (3172. mesto);4;1;0;;https://www.hribi.net/gora/bodenalm/31/3040
3041;Radnigeralm;Avstrija;Ziljske Alpe;1558;46,67166°N 13,38055°E;planina, sedlo;296;15% (3258. mesto);3;1;0;;https://www.hribi.net/gora/radnigeralm/31/3041
3042;Gradišče (nad Dobrovo);Slovenija;Polhograjsko hribovje in Ljubljana;530;46,0411°N 14,414°E;vrh;8560;45% (2117. mesto);2;2;0;2;https://www.hribi.net/gora/gradisce_nad_dobrovo/5/3042
3044;Župank;Slovenija;Strojna, Košenjak, Kozjak in Slovenske gorice;508;46,6175°N 15,2377°E;Vremenska napoved:;1420;30% (2700. mesto);5;1;0;;https://www.hribi.net/gora/zupank/162/3044
3045;ančniko gradišče;Slovenija;Pohorje, Dravinjske gorice in Haloze;750;;vrh;7;1% (3806. mesto);32;0;0;;https://www.hribi.net/gora/ancniko_gradisce/4/3045
3046;Kapunerhütte;Avstrija;Labotniške Alpe;1003;46,6416°N 15,2414°E;koča;2450;35% (2507. mesto);6;9;0;;https://www.hribi.net/gora/kapunerhutte/28/3046
3047;Sveti Urban (Radelca);Slovenija;Strojna, Košenjak, Kozjak in Slovenske gorice;920;46,6414°N 15,2763°E;cerkev;2060;33% (2580. mesto);6;6;0;;https://www.hribi.net/gora/sveti_urban_radelca/162/3047
3048;Sveti Pankracij (Radelca);Avstrija, Slovenija;Strojna, Košenjak, Kozjak in Slovenske gorice;900;46,6529°N 15,2995°E;vrh, cerkev;3470;38% (2376. mesto);9;9;0;;https://www.hribi.net/gora/sveti_pankracij_radelca/162/3048
3050;Žamboh;Slovenija;Posavsko hribovje in Dolenjska;738;46,0827°N 14,9409°E;vrh, cerkev;2713;36% (2462. mesto);4;1;0;;https://www.hribi.net/gora/zamboh/25/3050
3051;Tolsti vrh (pri Poljški planini);Slovenija;Karavanke;1225;46,40627°N 14,2056°E;vrh;5152;42% (2236. mesto);3;2;0;;https://www.hribi.net/gora/tolsti_vrh_pri_poljski_planini/11/3051
3053;Untere Spielbodenalm;Avstrija;Karnijske Alpe;1621;46,6161°N 12,97607°E;planina;383;17% (3161. mesto);2;1;0;;https://www.hribi.net/gora/untere_spielbodenalm/27/3053
3054;Goropeški grič (Pikrej);Slovenija;Goriško, Notranjsko in Snežniško hribovje;672;46,0413°N 14,1202°E;vrh;1340;29% (2710. mesto);2;1;0;;https://www.hribi.net/gora/goropeski_gric_pikrej/26/3054
3055;Sveti Janez Krstnik (Goropeke);Slovenija;Goriško, Notranjsko in Snežniško hribovje;682;46,0371°N 14,1212°E;cerkev;1870;32% (2607. mesto);4;1;0;;https://www.hribi.net/gora/sveti_janez_krstnik_goropeke/26/3055
3056;Gora sv. Eme (Junska gora) / Hemmaberg;Avstrija;Karavanke;842;46,5533°N 14,6672°E;vrh, cerkev;2390;34% (2516. mesto);8;2;0;;https://www.hribi.net/gora/gora_sv_eme_junska_gora___hemmaberg/11/3056
3057;Spitzegel / Negal;Avstrija;Ziljske Alpe;2119;46,65505°N 13,41072°E;vrh;2330;34% (2529. mesto);11;2;0;;https://www.hribi.net/gora/spitzegel___negal/31/3057
3058;Obere Spielbodenalm;Avstrija;Karnijske Alpe;1832;46,61712°N 12,98422°E;planina;520;21% (3038. mesto);7;1;0;;https://www.hribi.net/gora/obere_spielbodenalm/27/3058
3059;Zgornja Belška planina / Obervellacheralm;Avstrija;Ziljske Alpe;1712;;planina;379;17% (3167. mesto);1;1;0;;https://www.hribi.net/gora/zgornja_belska_planina___obervellacheralm/31/3059
3060;Vinski vrh (Vimperk);Slovenija;Kamniško Savinjske Alpe;448;46,292°N 15,0653°E;vrh, cerkev;7750;44% (2136. mesto);8;3;0;37;https://www.hribi.net/gora/vinski_vrh_vimperk/3/3060
3061;Polinik;Avstrija;Karnijske Alpe;2332;46,62754°N 12,98223°E;vrh;5410;42% (2225. mesto);8;1;0;;https://www.hribi.net/gora/polinik/27/3061
3062;Črni vrh (nad Soriško planino);Slovenija;Škofjeloško, Cerkljansko hribovje in Jelovica;1486;46,2473°N 14,012°E;vrh;17740;47% (2027. mesto);3;2;0;;https://www.hribi.net/gora/crni_vrh_nad_sorisko_planino/21/3062
3063;Creta della Chianevate / Kellerspitzen;Avstrija, Italija;Karnijske Alpe;2769;46,60921°N 12,90026°E;vrh;4756;41% (2261. mesto);14;2;0;;https://www.hribi.net/gora/creta_della_chianevate___kellerspitzen/27/3063
3064;Pico;Portugalska;Azori;2351;38,46866°N -28,39926°E;vrh;3080;37% (2415. mesto);3;1;0;;https://www.hribi.net/gora/pico/157/3064
3065;Sv. Primož in Felicijan (Razbor pri Čemšeniku);Slovenija;Posavsko hribovje in Dolenjska;841;46,185°N 14,959°E;cerkev;3110;37% (2414. mesto);4;3;0;1;https://www.hribi.net/gora/sv_primoz_in_felicijan_razbor_pri_cemseniku/25/3065
3066;Gradišče (nad Slovenj Gradcem);Slovenija;Pohorje, Dravinjske gorice in Haloze;516;46,5159°N 15,092°E;vrh;3610;39% (2353. mesto);2;1;0;;https://www.hribi.net/gora/gradisce_nad_slovenj_gradcem/4/3066
3067;Sveti Rok (Sele);Slovenija;Karavanke;582;46,50029°N 15,02748°E;cerkev;1480;30% (2686. mesto);3;1;0;;https://www.hribi.net/gora/sveti_rok_sele/11/3067
3068;Sveti Pankracij (Grajski grič);Slovenija;Karavanke;530;46,508°N 15,0669°E;vrh, cerkev;1700;31% (2640. mesto);8;3;0;1;https://www.hribi.net/gora/sveti_pankracij_grajski_gric/11/3068
3069;Sveti Miklavž (Sele);Slovenija;Karavanke;435;46,5084°N 15,0359°E;cerkev;629;23% (2963. mesto);2;1;0;;https://www.hribi.net/gora/sveti_miklavz_sele/11/3069
3070;Sevčnik;Slovenija;Kamniško Savinjske Alpe;562;46,3158°N 15,1102°E;vrh;2950;37% (2427. mesto);3;1;0;;https://www.hribi.net/gora/sevcnik/3/3070
3071;Pokeržnikov vrh;Slovenija;Strojna, Košenjak, Kozjak in Slovenske gorice;1055;46,59715°N 14,9117°E;vrh;3855;39% (2330. mesto);6;3;0;;https://www.hribi.net/gora/pokerznikov_vrh/162/3071
3072;Sveti Urban (nad Gorenjo Dobravo);Slovenija;Polhograjsko hribovje in Ljubljana;570;46,08923°N 14,16223°E;vrh, cerkev;2200;33% (2555. mesto);4;2;0;;https://www.hribi.net/gora/sveti_urban_nad_gorenjo_dobravo/5/3072
3073;Gomila;Slovenija;Strojna, Košenjak, Kozjak in Slovenske gorice;352;46,5082°N 16,0081°E;vrh, koča;4500;40% (2280. mesto);8;9;2;;https://www.hribi.net/gora/gomila/162/3073
3074;Turistična kmetija Amur;Slovenija;Strojna, Košenjak, Kozjak in Slovenske gorice;260;46,4953°N 15,9983°E;koča, jezero;1690;31% (2642. mesto);8;2;0;;https://www.hribi.net/gora/turisticna_kmetija_amur/162/3074
3075;Sveti Urh (Strojna);Slovenija;Strojna, Košenjak, Kozjak in Slovenske gorice;998;46,5957°N 14,914°E;cerkev;2940;37% (2430. mesto);5;2;0;;https://www.hribi.net/gora/sveti_urh_strojna/162/3075
3076;Šteknetov vrh;Slovenija;Strojna, Košenjak, Kozjak in Slovenske gorice;1061;46,5849°N 14,9637°E;vrh;2330;34% (2530. mesto);2;1;0;;https://www.hribi.net/gora/steknetov_vrh/162/3076
3077;Jamna peč;Slovenija;Kamniško Savinjske Alpe;720;46,2963°N 14,4545°E;Vremenska napoved:;4225;40% (2299. mesto);2;3;0;3;https://www.hribi.net/gora/jamna_pec/3/3077
3078;Sveti Danijel (nad Trbonjami);Slovenija;Pohorje, Dravinjske gorice in Haloze;845;46,59011°N 15,07287°E;vrh, cerkev;1650;31% (2650. mesto);4;1;0;;https://www.hribi.net/gora/sveti_danijel_nad_trbonjami/4/3078
3079;Sveti Trije Kralji (nad Radljami ob Dravi);Slovenija;Strojna, Košenjak, Kozjak in Slovenske gorice;820;46,6368°N 15,1984°E;vrh, cerkev;3904;39% (2326. mesto);11;3;0;;https://www.hribi.net/gora/sveti_trije_kralji_nad_radljami_ob_dravi/162/3079
3080;Lovska koča Radlje ob Dravi;Slovenija;Strojna, Košenjak, Kozjak in Slovenske gorice;622;46,6338°N 15,2045°E;Vremenska napoved:;5470;42% (2221. mesto);4;1;0;;https://www.hribi.net/gora/lovska_koca_radlje_ob_dravi/162/3080
3081;Janški vrh;Slovenija;Pohorje, Dravinjske gorice in Haloze;417;46,3358°N 15,7935°E;vrh, cerkev;3530;38% (2364. mesto);8;3;0;;https://www.hribi.net/gora/janski_vrh/4/3081
3082;Janževski vrh;Slovenija;Pohorje, Dravinjske gorice in Haloze;915;46,5688°N 15,3042°E;vrh, koča, cerkev;4200;40% (2301. mesto);12;2;0;;https://www.hribi.net/gora/janzevski_vrh/4/3082
3083;Cerkev Device Marije na Kamnu;Slovenija;Pohorje, Dravinjske gorice in Haloze;381;46,6078°N 15,172°E;vrh, cerkev;1130;28% (2758. mesto);7;0;0;;https://www.hribi.net/gora/cerkev_device_marije_na_kamnu/4/3083
3084;Grosupeljska pot(krajša verzija;Slovenija;Posavsko hribovje in Dolenjska;749;;vrh, koča, planina, cerkev;10;1% (3797. mesto);0;0;0;;https://www.hribi.net/gora/grosupeljska_potkrajsa_verzija/25/3084
3085;Ribnica na Pohorju;Slovenija;Pohorje, Dravinjske gorice in Haloze;715;46,5354°N 15,2674°E;koča, cerkev;3970;39% (2319. mesto);13;1;0;;https://www.hribi.net/gora/ribnica_na_pohorju/4/3085
3086;Izvir Nadiže;Slovenija;Julijske Alpe;1232;46,4484°N 13,707°E;slap;22250;48% (2009. mesto);2;1;1;;https://www.hribi.net/gora/izvir_nadize/1/3086
3088;Plezališče in ferata Renke;Slovenija;Posavsko hribovje in Dolenjska;700;;Ogledov: 24.320;24320;48% (2001. mesto);6;1;0;;https://www.hribi.net/gora/plezalisce_in_ferata_renke/25/3088
3089;Prgozdnik;Slovenija;Kamniško Savinjske Alpe;1013;46,2695°N 14,5326°E;vrh;2780;36% (2452. mesto);3;2;0;;https://www.hribi.net/gora/prgozdnik/3/3089
3090;Vrh soteske (Križna gora);Slovenija;Škofjeloško, Cerkljansko hribovje in Jelovica;735;46,1857°N 14,2714°E;vrh;4180;40% (2302. mesto);2;2;0;;https://www.hribi.net/gora/vrh_soteske_krizna_gora/21/3090
3091;Sveti Brikcij (Četena Ravan);Slovenija;Škofjeloško, Cerkljansko hribovje in Jelovica;920;46,1678°N 14,1855°E;cerkev;2460;35% (2505. mesto);3;1;0;;https://www.hribi.net/gora/sveti_brikcij_cetena_ravan/21/3091
3092;Grmada (Bohor);Slovenija;Posavsko hribovje in Dolenjska;890;46,06356°N 15,43579°E;vrh;3910;39% (2325. mesto);3;1;0;;https://www.hribi.net/gora/grmada_bohor/25/3092
3093;Stari grad nad Radljami ob Dravi (Mahrenberg);Slovenija;Strojna, Košenjak, Kozjak in Slovenske gorice;576;46,6183°N 15,2209°E;vrh;2730;36% (2461. mesto);7;1;0;;https://www.hribi.net/gora/stari_grad_nad_radljami_ob_dravi_mahrenberg/162/3093
3094;Planinski dom Gorščica;Hrvaška;Gorjanci, Medvednica in Medžimurje;696;45,9289°N 16,0292°E;Vremenska napoved:;1210;28% (2740. mesto);5;3;0;;https://www.hribi.net/gora/planinski_dom_gorscica/61/3094
3095;Sv. Anton na MP Radelj / St. Anton am Radlpaß;Avstrija;Labotniške Alpe;720;46,6525°N 15,1994°E;vrh, cerkev;1750;31% (2631. mesto);5;2;0;;https://www.hribi.net/gora/sv_anton_na_mp_radelj___st_anton_am_radlpass/28/3095
3096;Lovski dom LD Gradišče;Slovenija;Pohorje, Dravinjske gorice in Haloze;880;46,5388°N 15,1165°E;koča;2400;34% (2514. mesto);4;1;0;;https://www.hribi.net/gora/lovski_dom_ld_gradisce/4/3096
3097;Skala (nad Dravogradom);Slovenija;Pohorje, Dravinjske gorice in Haloze;525;46,5867°N 15,0327°E;Vremenska napoved:;3681;39% (2346. mesto);4;1;0;;https://www.hribi.net/gora/skala_nad_dravogradom/4/3097
3098;Golarjev vrh;Slovenija;Pohorje, Dravinjske gorice in Haloze;843;46,5753°N 15,0704°E;vrh;1530;30% (2674. mesto);2;1;0;;https://www.hribi.net/gora/golarjev_vrh/4/3098
3099;Anski vrh (nad Pamečami);Slovenija;Pohorje, Dravinjske gorice in Haloze;756;46,55314°N 15,07503°E;vrh, cerkev;3920;39% (2323. mesto);6;1;0;;https://www.hribi.net/gora/anski_vrh_nad_pamecami/4/3099
3100;Ajdovščina nad Ihanom;Slovenija;Posavsko hribovje in Dolenjska;495;46,1017°N 14,6387°E;vrh;6847;44% (2163. mesto);1;1;0;78;https://www.hribi.net/gora/ajdovscina_nad_ihanom/25/3100
3101;Malga Cuarnan;Italija;Julijske Alpe;1070;46,2842°N 13,1788°E;koča;1070;27% (2783. mesto);1;1;0;;https://www.hribi.net/gora/malga_cuarnan/1/3101
3102;Izvir Lipnika;Slovenija;Julijske Alpe;660;46,3846°N 14,0266°E;Vremenska napoved:;1740;31% (2632. mesto);3;1;0;;https://www.hribi.net/gora/izvir_lipnika/1/3102
3103;Jezerce v dolini Radovne;Slovenija;Julijske Alpe;657;46,3905°N 14,0189°E;jezero;2470;35% (2501. mesto);2;1;0;;https://www.hribi.net/gora/jezerce_v_dolini_radovne/1/3103
3104;Jezero Kreda v dolini Radovne;Slovenija;Julijske Alpe;674;46,4166°N 13,9916°E;jezero;3120;37% (2411. mesto);6;1;0;;https://www.hribi.net/gora/jezero_kreda_v_dolini_radovne/1/3104
3105;Jezero Završnica;Slovenija;Karavanke;630;46,4069°N 14,1473°E;jezero;24940;48% (1998. mesto);7;1;0;1;https://www.hribi.net/gora/jezero_zavrsnica/11/3105
3106;Monte San Simeone;Italija;Karnijske Alpe;1505;46,3436°N 13,1066°E;vrh, cerkev;2820;36% (2447. mesto);4;1;0;;https://www.hribi.net/gora/monte_san_simeone/27/3106
3107;Razpok;Slovenija;Škofjeloško, Cerkljansko hribovje in Jelovica;1002;46,3117°N 14,1586°E;planina;2650;36% (2469. mesto);8;5;0;;https://www.hribi.net/gora/razpok/21/3107
3108;Ažmanov rovt;Slovenija;Škofjeloško, Cerkljansko hribovje in Jelovica;960;46,3136°N 14,1354°E;planina;1960;32% (2592. mesto);3;5;0;;https://www.hribi.net/gora/azmanov_rovt/21/3108
3110;Rucu Pichincha;Ekvador;Andi;4698;;vrh;2330;34% (2531. mesto);7;1;0;;https://www.hribi.net/gora/rucu_pichincha/158/3110
3111;Rifugio Brunner;Italija;Julijske Alpe;1432;46,42357°N 13,53081°E;koča;2650;36% (2470. mesto);9;1;1;;https://www.hribi.net/gora/rifugio_brunner/1/3111
3112;Kriva jelka;Slovenija;Kamniško Savinjske Alpe;528;46,30961°N 14,31246°E;bivak;4920;41% (2247. mesto);5;2;0;1;https://www.hribi.net/gora/kriva_jelka/3/3112
3113;Turistična kmetija Trnovc;Slovenija;Kamniško Savinjske Alpe;412;46,3035°N 14,2864°E;koča;1880;32% (2605. mesto);2;1;0;;https://www.hribi.net/gora/turisticna_kmetija_trnovc/3/3113
3114;Predigerstuhl;Avstrija;Krške Alpe;2170;46,8778°N 13,7408°E;vrh, koča, planina;557;21% (3016. mesto);6;1;0;;https://www.hribi.net/gora/predigerstuhl/29/3114
3115;Strunjanske soline;Slovenija;Goriško, Notranjsko in Snežniško hribovje;2;45,52779°N 13,60454°E;Vremenska napoved:;8760;45% (2110. mesto);4;2;0;1;https://www.hribi.net/gora/strunjanske_soline/26/3115
3117;Viševnik;Slovenija;Julijske Alpe;2050;;Ogledov: 8;8;1% (3801. mesto);17;0;6;;https://www.hribi.net/gora/visevnik/1/3117
3118;Monte Aiarnola;Italija;Dolomiti;2456;46,5803°N 12,4467°E;vrh;669;23% (2938. mesto);4;1;0;;https://www.hribi.net/gora/monte_aiarnola/39/3118
3119;Schwarzsee (pri Turracher Höhe);Avstrija;Krške Alpe;1841;46,9214°N 13,8836°E;jezero, planina;649;23% (2947. mesto);5;1;0;;https://www.hribi.net/gora/schwarzsee_pri_turracher_hohe/29/3119
3120;Gesgeralm;Avstrija;Krške Alpe;1813;46,9179°N 13,9024°E;planina;324;16% (3231. mesto);4;1;0;;https://www.hribi.net/gora/gesgeralm/29/3120
3121;Rifugio Grauzaria;Italija;Karnijske Alpe;1250;46,47679°N 13,15993°E;koča;1420;29% (2701. mesto);8;1;2;1;https://www.hribi.net/gora/rifugio_grauzaria/27/3121
3122;Monte Volaia / Wolayer Kopf;Avstrija, Italija;Karnijske Alpe;2470;46,61429°N 12,83457°E;vrh;2450;35% (2508. mesto);13;2;0;;https://www.hribi.net/gora/monte_volaia___wolayer_kopf/27/3122
3123;Gillendorferalm;Avstrija;Krške Alpe;1750;46,9244°N 13,9188°E;planina;355;17% (3196. mesto);6;1;0;;https://www.hribi.net/gora/gillendorferalm/29/3123
3124;Cima Ombladet;Italija;Karnijske Alpe;2255;46,60311°N 12,81904°E;vrh;1790;31% (2626. mesto);12;1;0;;https://www.hribi.net/gora/cima_ombladet/27/3124
3125;Eisenhut;Avstrija;Krške Alpe;2441;46,952°N 13,9281°E;vrh;3850;39% (2329. mesto);8;4;0;2;https://www.hribi.net/gora/eisenhut/29/3125
3126;Straßburger Spitz;Avstrija;Krške Alpe;2404;46,9406°N 13,9467°E;vrh;996;27% (2804. mesto);6;2;0;;https://www.hribi.net/gora/strassburger_spitz/29/3126
3127;Wintertalernock;Avstrija;Krške Alpe;2394;46,9423°N 13,9519°E;vrh;729;24% (2916. mesto);6;2;0;;https://www.hribi.net/gora/wintertalernock/29/3127
3128;Geißeckhütte;Avstrija;Krške Alpe;1664;46,937°N 13,9114°E;Vremenska napoved:;253;13% (3315. mesto);3;1;0;;https://www.hribi.net/gora/geisseckhutte/29/3128
3129;Črni vrh (pri Lokvah);Slovenija;Goriško, Notranjsko in Snežniško hribovje;1072;46,0159°N 13,7815°E;vrh;13466;46% (2053. mesto);2;1;0;;https://www.hribi.net/gora/crni_vrh_pri_lokvah/26/3129
3130;Sveti Jakob v Koprivni;Slovenija;Karavanke;1062;46,4544°N 14,747°E;vrh, cerkev;1210;28% (2741. mesto);10;1;0;;https://www.hribi.net/gora/sveti_jakob_v_koprivni/11/3130
3131;Babin Kuk;Hrvaška;Velebit;1435;;vrh;26;1% (3779. mesto);2;0;0;;https://www.hribi.net/gora/babin_kuk/30/3131
3132;Izletniška kmetija Bukovc (Bukovnik);Slovenija;Kamniško Savinjske Alpe;1327;46,43178°N 14,73474°E;koča, planina;9447;45% (2099. mesto);3;2;0;1;https://www.hribi.net/gora/izletniska_kmetija_bukovc_bukovnik/3/3132
3133;Ütia de Gran Fanes;Italija;Dolomiti;2102;46,59722°N 12,02252°E;koča, jezero, planina;1950;32% (2594. mesto);7;3;0;;https://www.hribi.net/gora/utia_de_gran_fanes/39/3133
3134;Vallon Bianco;Italija;Dolomiti;2688;46,58763°N 12,05492°E;vrh;973;27% (2808. mesto);9;3;0;;https://www.hribi.net/gora/vallon_bianco/39/3134
3135;Bivacco Baccon Barborka;Italija;Dolomiti;2620;46,58185°N 12,0443°E;vrh, bivak;1320;29% (2717. mesto);7;3;0;;https://www.hribi.net/gora/bivacco_baccon_barborka/39/3135
3136;Furcia Rossa III;Italija;Dolomiti;2791;46,57764°N 12,03541°E;vrh;709;24% (2923. mesto);13;3;0;;https://www.hribi.net/gora/furcia_rossa_iii/39/3136
3137;Stara koča na Kaninu;Slovenija;Julijske Alpe;1814;46,3436°N 13,47597°E;Vremenska napoved:;4707;41% (2264. mesto);6;1;0;;https://www.hribi.net/gora/stara_koca_na_kaninu/1/3137
3138;Bivacco della Pace;Italija;Dolomiti;2760;46,56837°N 12,02881°E;bivak;2750;36% (2457. mesto);11;2;0;;https://www.hribi.net/gora/bivacco_della_pace/39/3138
3139;Vrh Osojnic;Slovenija;Julijske Alpe;2371;46,3584°N 13,4651°E;vrh;6872;44% (2159. mesto);2;3;0;;https://www.hribi.net/gora/vrh_osojnic/1/3139
3140;Borovski vrh (Žehtar) / Sechter;Avstrija;Karavanke;1449;46,4996°N 14,3156°E;vrh;941;26% (2818. mesto);3;2;0;;https://www.hribi.net/gora/borovski_vrh_zehtar___sechter/11/3140
3141;Creta Grauzaria;Italija;Karnijske Alpe;2065;46,46758°N 13,16276°E;vrh;3700;39% (2344. mesto);10;1;1;;https://www.hribi.net/gora/creta_grauzaria/27/3141
3142;Osojščica / Gerlitzen;Avstrija;Krške Alpe;1909;46,695°N 13,9141°E;vrh, koča, planina;6100;43% (2190. mesto);8;2;0;1;https://www.hribi.net/gora/osojscica___gerlitzen/29/3142
3143;Huaba Hittn;Avstrija;Krške Alpe;1605;46,7067°N 13,9105°E;koča, jezero;315;15% (3239. mesto);3;1;0;1;https://www.hribi.net/gora/huaba_hittn/29/3143
3144;Neugarten Almseehütte;Avstrija;Krške Alpe;1620;46,7057°N 13,9052°E;koča, jezero, planina;422;18% (3133. mesto);7;1;0;2;https://www.hribi.net/gora/neugarten_almseehutte/29/3144
3145;Stifterboden;Avstrija;Krške Alpe;1665;46,6984°N 13,8954°E;planina, sedlo;312;15% (3242. mesto);3;1;0;;https://www.hribi.net/gora/stifterboden/29/3145
3146;Ojstrica;Slovenija;Kamniško Savinjske Alpe;2350;;Ogledov: 4;4;0% (3816. mesto);0;0;4;;https://www.hribi.net/gora/ojstrica/3/3146
3147;Jalovec;Slovenija;Julijske Alpe;2645;;Ogledov: 5;5;1% (3811. mesto);0;0;7;;https://www.hribi.net/gora/jalovec/1/3147
3148;Col Nudo;Italija;Karnijske Alpe;2471;46,22744°N 12,40334°E;vrh;2070;33% (2577. mesto);6;1;1;;https://www.hribi.net/gora/col_nudo/27/3148
3149;Suharna;Slovenija;Škofjeloško, Cerkljansko hribovje in Jelovica;952;;Ogledov: 4.290;4290;40% (2294. mesto);1;1;0;;https://www.hribi.net/gora/suharna/21/3149
3150;V Boštkú;Slovenija;Kamniško Savinjske Alpe;466;46,2897°N 14,2699°E;Vremenska napoved:;1080;27% (2781. mesto);3;2;0;;https://www.hribi.net/gora/v_bostku/3/3150
3151;Planinsko zavetišče Slatna;Slovenija;Julijske Alpe;1023;46,48802°N 13,71391°E;koča;3490;38% (2371. mesto);3;1;0;1;https://www.hribi.net/gora/planinsko_zavetisce_slatna/1/3151
3152;Zapečnikova planina;Slovenija;Kamniško Savinjske Alpe;840;46,29601°N 14,48403°E;planina;2620;35% (2473. mesto);3;2;0;;https://www.hribi.net/gora/zapecnikova_planina/3/3152
3153;Gartlsee;Avstrija;Visoke Ture;2571;46,93459°N 12,71098°E;jezero, sedlo;481;20% (3065. mesto);9;2;0;;https://www.hribi.net/gora/gartlsee/57/3153
3154;Ljubična gora;Slovenija;Karavanke;533;46,2899°N 15,5412°E;vrh, cerkev;4790;41% (2256. mesto);8;5;0;23;https://www.hribi.net/gora/ljubicna_gora/11/3154
3155;Brinjeva gora (nad Zrečami);Slovenija;Pohorje, Dravinjske gorice in Haloze;616;46,3764°N 15,4076°E;vrh, cerkev;17660;47% (2028. mesto);6;5;0;20;https://www.hribi.net/gora/brinjeva_gora_nad_zrecami/4/3155
3157;Sernio;Italija;Karnijske Alpe;2187;46,47497°N 13,13768°E;vrh;5600;42% (2211. mesto);17;2;0;1;https://www.hribi.net/gora/sernio/27/3157
3158;Kom;Hrvaška;Jadranski otoki;508;42,93703°N 16,85918°E;vrh;3970;39% (2320. mesto);2;1;0;;https://www.hribi.net/gora/kom/63/3158
3159;Pleče;Slovenija;Kamniško Savinjske Alpe;1131;46,393°N 14,1952°E;vrh;4011;40% (2313. mesto);2;6;0;;https://www.hribi.net/gora/plece/3/3159
3160;Veliki Rob / Großer Rain;Avstrija;Karavanke;1464;46,4717°N 14,2031°E;vrh;934;26% (2824. mesto);2;4;0;;https://www.hribi.net/gora/veliki_rob___grosser_rain/11/3160
3161;Veronjak / Hausberg;Avstrija;Karavanke;1348;46,4796°N 14,21194°E;vrh;676;23% (2934. mesto);4;2;0;;https://www.hribi.net/gora/veronjak___hausberg/11/3161
3162;Monte Gusella;Italija;Dolomiti;2595;46,49069°N 12,05075°E;vrh;1490;30% (2685. mesto);21;1;0;;https://www.hribi.net/gora/monte_gusella/39/3162
3163;Hajdučka vrata;Bosna in Hercegovina;Hercegovina;2000;43,63071°N 17,65498°E;Vremenska napoved:;2070;33% (2578. mesto);1;0;0;;https://www.hribi.net/gora/hajducka_vrata/65/3163
3164;Mali Kamnitnik;Slovenija;Škofjeloško, Cerkljansko hribovje in Jelovica;416;;vrh;579;22% (2999. mesto);2;2;0;;https://www.hribi.net/gora/mali_kamnitnik/21/3164
3165;Srednji Kamnitnik;Slovenija;Škofjeloško, Cerkljansko hribovje in Jelovica;421;;vrh;417;18% (3135. mesto);0;1;0;;https://www.hribi.net/gora/srednji_kamnitnik/21/3165
3166;Medvedja luknja;Slovenija;Škofjeloško, Cerkljansko hribovje in Jelovica;390;;Ogledov: 1.090;1090;28% (2777. mesto);0;1;0;;https://www.hribi.net/gora/medvedja_luknja/21/3166
3172;Javorov vrh;Slovenija;Kamniško Savinjske Alpe;1434;;Ogledov: 7;7;1% (3807. mesto);0;0;1;;https://www.hribi.net/gora/javorov_vrh/3/3172
3173;Sveti Andrej (nad Zmincem);Slovenija;Polhograjsko hribovje in Ljubljana;617;46,1357°N 14,3015°E;vrh, koča, cerkev;6901;44% (2158. mesto);5;2;0;;https://www.hribi.net/gora/sveti_andrej_nad_zmincem/5/3173
3174;Robič;Slovenija;Karavanke;1384;46,4083°N 14,3299°E;vrh;3630;39% (2349. mesto);3;5;0;;https://www.hribi.net/gora/robic/11/3174
3176;Sticklerhütte;Avstrija;Visoke Ture;1750;47,1484°N 13,3781°E;koča;653;23% (2944. mesto);2;1;0;;https://www.hribi.net/gora/sticklerhutte/57/3176
3177;Izvir Mure / Murusprung;Avstrija;Visoke Ture;1898;47,1299°N 13,3469°E;vrh;9500;45% (2098. mesto);5;1;0;;https://www.hribi.net/gora/izvir_mure___murusprung/57/3177
3178;Rakova Špica;Slovenija;Julijske Alpe;2545;46,43008°N 13,81379°E;vrh;14514;47% (2046. mesto);5;0;0;;https://www.hribi.net/gora/rakova_spica/1/3178
3181;Stubenberghaus;Avstrija;Hribovje vzhodno od Mure;1430;47,1977°N 15,4663°E;koča;710;24% (2922. mesto);2;1;1;;https://www.hribi.net/gora/stubenberghaus/138/3181
3182;Schöckl;Avstrija;Hribovje vzhodno od Mure;1445;47,1983°N 15,45987°E;vrh;4140;40% (2304. mesto);7;2;2;;https://www.hribi.net/gora/schockl/138/3182
3183;Pot med krošnjami Pohorje;Slovenija;Pohorje, Dravinjske gorice in Haloze;1460;46,45216°N 15,32753°E;Vremenska napoved:;18550;47% (2021. mesto);4;1;0;1;https://www.hribi.net/gora/pot_med_krosnjami_pohorje/4/3183
3188;Sveta Barbara (nad Hrastnico);Slovenija;Polhograjsko hribovje in Ljubljana;629;46,1255°N 14,3163°E;cerkev;3330;38% (2393. mesto);4;1;0;;https://www.hribi.net/gora/sveta_barbara_nad_hrastnico/5/3188
3190;Dobogó Kő;Madžarska;Osrednja Madžarska;699;;vrh, planina;542;21% (3026. mesto);4;2;0;;https://www.hribi.net/gora/dobogo_ko/133/3190
3191;Grünsee (pri Turracher Höhe);Avstrija;Krške Alpe;1765;46,9077°N 13,8827°E;jezero;793;25% (2880. mesto);3;1;1;;https://www.hribi.net/gora/grunsee_pri_turracher_hohe/29/3191
3192;Sv. Martin (Gradec) / St. Martin (Graz);Avstrija;Labotniške Alpe;411;47,0357°N 15,3892°E;cerkev;365;17% (3185. mesto);2;1;1;;https://www.hribi.net/gora/sv_martin_gradec___st_martin_graz/28/3192
3193;Gozdarska koča Mali Vokel;Slovenija;Julijske Alpe;1145;46,3525°N 14,0287°E;Vremenska napoved:;1180;28% (2747. mesto);4;3;0;;https://www.hribi.net/gora/gozdarska_koca_mali_vokel/1/3193
3194;Buchkogel (Rudolfswarte);Avstrija;Labotniške Alpe;659;47,0379°N 15,3748°E;vrh;467;20% (3083. mesto);3;1;1;;https://www.hribi.net/gora/buchkogel_rudolfswarte/28/3194
3195;Lovska koča Mali Vokel;Slovenija;Julijske Alpe;1193;46,353°N 14,0259°E;Vremenska napoved:;872;26% (2852. mesto);2;4;0;;https://www.hribi.net/gora/lovska_koca_mali_vokel/1/3195
3196;Berjanca;Slovenija;Julijske Alpe;1264;46,3546°N 14,0203°E;vrh;3629;39% (2350. mesto);5;5;0;;https://www.hribi.net/gora/berjanca/1/3196
3197;Rečiška planina;Slovenija;Julijske Alpe;1265;46,3498°N 14,0106°E;planina;1660;31% (2649. mesto);5;4;0;;https://www.hribi.net/gora/reciska_planina/1/3197
3198;Grajska planina (Ribšca);Slovenija;Julijske Alpe;1210;46,3428°N 13,9984°E;jezero, planina;2610;35% (2474. mesto);9;4;0;;https://www.hribi.net/gora/grajska_planina_ribsca/1/3198
3199;Mlina peč;Slovenija;Julijske Alpe;506;46,351°N 14,0657°E;vrh;1020;27% (2797. mesto);4;1;0;;https://www.hribi.net/gora/mlina_pec/1/3199
3200;Sv. Janez in Pavel / St. Johann und Paul;Avstrija;Labotniške Alpe;563;47,0507°N 15,3821°E;cerkev;180;11% (3402. mesto);1;1;1;;https://www.hribi.net/gora/sv_janez_in_pavel___st_johann_und_paul/28/3200
3201;Fürstenstand (Plabutsch);Avstrija;Labotniške Alpe;754;47,0904°N 15,3851°E;vrh;476;20% (3073. mesto);4;1;1;;https://www.hribi.net/gora/furstenstand_plabutsch/28/3201
3202;Sv. Tomaž nad Vojnikom;Slovenija;Karavanke;444;46,2917°N 15,3269°E;vrh, koča, cerkev;8981;45% (2107. mesto);3;2;0;5;https://www.hribi.net/gora/sv_tomaz_nad_vojnikom/11/3202
3203;Planina Zgornji Kozjek;Slovenija;Julijske Alpe;1230;46,4296°N 14,0017°E;planina;1160;28% (2752. mesto);6;1;0;;https://www.hribi.net/gora/planina_zgornji_kozjek/1/3203
3204;Rabenberg;Avstrija;Karavanke;1465;46,4999°N 14,2144°E;vrh;557;21% (3017. mesto);3;3;0;;https://www.hribi.net/gora/rabenberg/11/3204
3205;Sveti Lenart (Kandrše);Slovenija;Posavsko hribovje in Dolenjska;508;46,1376°N 14,8416°E;vrh, cerkev;761;24% (2896. mesto);4;1;0;1;https://www.hribi.net/gora/sveti_lenart_kandrse/25/3205
3206;Sveti Mihael (Križate);Slovenija;Posavsko hribovje in Dolenjska;491;46,1433°N 14,8401°E;cerkev;543;21% (3025. mesto);3;1;0;1;https://www.hribi.net/gora/sveti_mihael_krizate/25/3206
3207;Mühlbacher Hütte;Avstrija;Labotniške Alpe;996;47,175°N 15,2544°E;koča;216;12% (3357. mesto);4;2;2;;https://www.hribi.net/gora/muhlbacher_hutte/28/3207
3209;Mühlbacher Kogel;Avstrija;Labotniške Alpe;1050;47,1772°N 15,2535°E;vrh;315;15% (3240. mesto);5;2;2;;https://www.hribi.net/gora/muhlbacher_kogel/28/3209
3211;Lake Cootapatamba;Avstralija;Great Dividing Range;2047;-36,46581°N 148,26485°E;jezero;441;19% (3107. mesto);3;2;0;;https://www.hribi.net/gora/lake_cootapatamba/160/3211
3212;Mount Kosciuszko;Avstralija;Great Dividing Range;2228;-36,45585°N 148,26351°E;vrh;6790;43% (2165. mesto);4;3;0;;https://www.hribi.net/gora/mount_kosciuszko/160/3212
3213;Sydney - Bondi Beach;Avstralija;Obalna Avstralija;10;-33,89151°N 151,27665°E;Ogledov: 567;567;21% (3008. mesto);5;1;0;;https://www.hribi.net/gora/sydney_-_bondi_beach/161/3213
3214;Sydney - Coogee Beach;Avstralija;Obalna Avstralija;10;-33,92108°N 151,25768°E;Ogledov: 344;344;16% (3208. mesto);3;1;0;;https://www.hribi.net/gora/sydney_-_coogee_beach/161/3214
3215;Seaman's Hut;Avstralija;Great Dividing Range;2030;-36,45018°N 148,28278°E;bivak;293;15% (3263. mesto);3;1;0;;https://www.hribi.net/gora/seamans_hut/160/3215
3216;Lubela;Slovenija;Karavanke;778;46,3968°N 15,1232°E;vrh;6015;43% (2192. mesto);3;2;2;;https://www.hribi.net/gora/lubela/11/3216
3217;Eagles Nest;Avstralija;Great Dividing Range;1927;-36,49378°N 148,28764°E;koča, sedlo;439;19% (3109. mesto);5;1;0;;https://www.hribi.net/gora/eagles_nest/160/3217
3218;Kapela sv. Rozalije na Samotnem boru;Slovenija;Strojna, Košenjak, Kozjak in Slovenske gorice;370;46,5778°N 15,6388°E;Vremenska napoved:;729;24% (2913. mesto);4;1;0;1;https://www.hribi.net/gora/kapela_sv_rozalije_na_samotnem_boru/162/3218
3219;Črvov vrh;Slovenija;Škofjeloško, Cerkljansko hribovje in Jelovica;974;46,1429°N 13,8649°E;vrh;8293;45% (2124. mesto);10;8;1;1;https://www.hribi.net/gora/crvov_vrh/21/3219
3220;Bukovski vrh;Slovenija;Škofjeloško, Cerkljansko hribovje in Jelovica;918;46,1471°N 13,8794°E;vrh;2550;35% (2484. mesto);5;4;0;;https://www.hribi.net/gora/bukovski_vrh/21/3220
3221;Virnikova planina;Slovenija;Karavanke;1160;46,4144°N 14,4681°E;planina;2740;36% (2459. mesto);5;1;0;;https://www.hribi.net/gora/virnikova_planina/11/3221
3222;Robniške peči;Slovenija;Karavanke;1323;46,4122°N 14,46°E;vrh;1630;31% (2651. mesto);1;2;0;;https://www.hribi.net/gora/robniske_peci/11/3222
3223;Rifugio Monte Siera;Italija;Karnijske Alpe;1607;46,55597°N 12,71962°E;koča;998;27% (2802. mesto);5;1;0;;https://www.hribi.net/gora/rifugio_monte_siera/27/3223
3224;Vrh Slajke;Slovenija;Škofjeloško, Cerkljansko hribovje in Jelovica;790;46,1169°N 14,1015°E;vrh;2350;34% (2525. mesto);4;3;0;;https://www.hribi.net/gora/vrh_slajke/21/3224
3225;Vrhovski grič;Slovenija;Škofjeloško, Cerkljansko hribovje in Jelovica;958;46,0956°N 14,0702°E;vrh;1200;28% (2742. mesto);7;4;0;;https://www.hribi.net/gora/vrhovski_gric/21/3225
3226;Lovski vrh;Slovenija;Posavsko hribovje in Dolenjska;830;45,6181°N 14,9637°E;vrh;3540;38% (2362. mesto);4;2;0;1;https://www.hribi.net/gora/lovski_vrh/25/3226
3227;Rudniško jezero;Slovenija;Posavsko hribovje in Dolenjska;490;45,6481°N 14,8706°E;koča, jezero;7462;44% (2143. mesto);8;1;0;;https://www.hribi.net/gora/rudnisko_jezero/25/3227
3228;Plaz;Slovenija;Goriško, Notranjsko in Snežniško hribovje;528;45,84235°N 13,97218°E;vrh;5823;43% (2202. mesto);4;1;0;4;https://www.hribi.net/gora/plaz/26/3228
3229;Sveti Pavel (Straža);Slovenija;Škofjeloško, Cerkljansko hribovje in Jelovica;451;46,1033°N 13,9545°E;vrh, cerkev;1020;27% (2798. mesto);6;1;0;;https://www.hribi.net/gora/sveti_pavel_straza/21/3229
3230;Zaganjalka;Slovenija;Škofjeloško, Cerkljansko hribovje in Jelovica;661;46,1069°N 13,9861°E;Vremenska napoved:;1830;32% (2612. mesto);6;1;0;;https://www.hribi.net/gora/zaganjalka/21/3230
3231;Skrivski izvir;Slovenija;Goriško, Notranjsko in Snežniško hribovje;500;;Ogledov: 1.420;1420;29% (2702. mesto);3;1;0;;https://www.hribi.net/gora/skrivski_izvir/26/3231
3232;Krog (Ledinski grič);Slovenija;Škofjeloško, Cerkljansko hribovje in Jelovica;940;46,0594°N 14,0629°E;vrh;1690;31% (2643. mesto);9;6;0;;https://www.hribi.net/gora/krog_ledinski_gric/21/3232
3233;Sveta Ana (Ledinica);Slovenija;Škofjeloško, Cerkljansko hribovje in Jelovica;503;46,0573°N 14,0984°E;vrh, cerkev;1610;31% (2659. mesto);5;1;0;;https://www.hribi.net/gora/sveta_ana_ledinica/21/3233
3234;Lipnik (pri Velenju);Slovenija;Kamniško Savinjske Alpe;486;46,3252°N 15,1743°E;vrh;1460;30% (2689. mesto);3;1;0;;https://www.hribi.net/gora/lipnik_pri_velenju/3/3234
3235;Plešivec;Slovenija;Posavsko hribovje in Dolenjska;868;;vrh, bivak, planina;8;1% (3802. mesto);0;0;3;;https://www.hribi.net/gora/plesivec/25/3235
3236;Creton di Tul;Italija;Karnijske Alpe;2288;46,53898°N 12,7262°E;vrh;1190;28% (2746. mesto);5;1;0;;https://www.hribi.net/gora/creton_di_tul/27/3236
3237;Lepo brdo;Slovenija;Škofjeloško, Cerkljansko hribovje in Jelovica;778;46,2318°N 14,189°E;vrh;996;27% (2803. mesto);1;1;0;;https://www.hribi.net/gora/lepo_brdo/21/3237
3238;Gradišče (pri Grižah);Slovenija;Posavsko hribovje in Dolenjska;341;46,2288°N 15,16601°E;vrh, cerkev;2510;35% (2491. mesto);11;1;0;;https://www.hribi.net/gora/gradisce_pri_grizah/25/3238
3239;Sveta Neža (Liboje);Slovenija;Posavsko hribovje in Dolenjska;368;46,208°N 15,1905°E;vrh, cerkev;2340;34% (2526. mesto);8;1;0;;https://www.hribi.net/gora/sveta_neza_liboje/25/3239
3240;Maj;Slovenija;Goriško, Notranjsko in Snežniško hribovje;1142;45,7913°N 14,0804°E;vrh;7272;44% (2148. mesto);2;1;0;;https://www.hribi.net/gora/maj/26/3240
3241;Jama Pečinka;Slovenija;Goriško, Notranjsko in Snežniško hribovje;295;45,8613°N 13,6181°E;Vremenska napoved:;2090;33% (2571. mesto);4;1;0;;https://www.hribi.net/gora/jama_pecinka/26/3241
3242;Sveti Ambrož (Tabor);Slovenija;Goriško, Notranjsko in Snežniško hribovje;531;45,8535°N 13,6893°E;vrh;2150;33% (2560. mesto);3;2;0;1;https://www.hribi.net/gora/sveti_ambroz_tabor/26/3242
3243;Tuhobić;Hrvaška;Gorski Kotar in Istra;1109;;vrh;926;26% (2832. mesto);2;1;0;;https://www.hribi.net/gora/tuhobic/33/3243
3244;Cerkev Marijinega rojstva v Policah;Slovenija;Škofjeloško, Cerkljansko hribovje in Jelovica;526;46,1236°N 13,9047°E;cerkev;877;26% (2850. mesto);4;3;0;;https://www.hribi.net/gora/cerkev_marijinega_rojstva_v_policah/21/3244
3246;Jasovnik;Slovenija;Posavsko hribovje in Dolenjska;764;46,21208°N 14,9002°E;vrh;5070;42% (2239. mesto);4;1;0;;https://www.hribi.net/gora/jasovnik/25/3246
3247;Creta Forata;Italija;Karnijske Alpe;2462;46,54264°N 12,73644°E;vrh;2790;36% (2449. mesto);8;1;0;;https://www.hribi.net/gora/creta_forata/27/3247
3248;Stovc (Stolec);Slovenija;Škofjeloško, Cerkljansko hribovje in Jelovica;474;46,30283°N 14,24279°E;vrh;3390;38% (2386. mesto);5;4;0;;https://www.hribi.net/gora/stovc_stolec/21/3248
3249;Razgledišče Skroti;Slovenija;Kamniško Savinjske Alpe;787;46,258°N 14,6485°E;Vremenska napoved:;3360;38% (2389. mesto);4;1;0;;https://www.hribi.net/gora/razgledisce_skroti/3/3249
3250;Sveti Križ (Slemšek);Slovenija;Posavsko hribovje in Dolenjska;680;46,1239°N 14,844°E;koča, cerkev;1270;29% (2727. mesto);2;1;0;1;https://www.hribi.net/gora/sveti_kriz_slemsek/25/3250
3251;Penatca;Slovenija;Karavanke;1299;46,4148°N 14,3847°E;vrh;963;27% (2812. mesto);2;1;0;;https://www.hribi.net/gora/penatca/11/3251
3252;Črna peč;Slovenija;Karavanke;1447;46,4244°N 14,4133°E;vrh;3690;39% (2345. mesto);1;1;0;;https://www.hribi.net/gora/crna_pec/11/3252
3254;Primožkovi hribi;Slovenija;Karavanke;1326;46,40904°N 14,35241°E;vrh;1890;32% (2603. mesto);3;2;0;;https://www.hribi.net/gora/primozkovi_hribi/11/3254
3255;Kapelica Srca Jezusovega (Jelendol);Slovenija;Karavanke;807;46,3999°N 14,3445°E;cerkev;1430;30% (2696. mesto);3;1;0;;https://www.hribi.net/gora/kapelica_srca_jezusovega_jelendol/11/3255
3256;Mali Juhej;Slovenija;Karavanke;820;46,39929°N 14,34404°E;vrh;1130;28% (2759. mesto);3;1;0;;https://www.hribi.net/gora/mali_juhej/11/3256
3257;Barrenlesee;Avstrija;Visoke Ture;2727;46,91938°N 12,71633°E;jezero;360;17% (3187. mesto);8;1;0;;https://www.hribi.net/gora/barrenlesee/57/3257
3258;Stiška vas;Slovenija;Kamniško Savinjske Alpe;725;46,2768°N 14,5066°E;cerkev;2390;34% (2517. mesto);4;1;0;1;https://www.hribi.net/gora/stiska_vas/3/3258
3259;Veliki Juhej;Slovenija;Karavanke;865;46,3999°N 14,3428°E;vrh;2810;36% (2450. mesto);2;1;0;;https://www.hribi.net/gora/veliki_juhej/11/3259
3260;Goličica;Slovenija;Julijske Alpe;2395;;vrh;5;0% (3812. mesto);0;0;0;;https://www.hribi.net/gora/golicica/1/3260
3261;Grobnica barona Borna;Slovenija;Karavanke;800;46,3995°N 14,3476°E;Vremenska napoved:;2430;34% (2511. mesto);4;1;0;;https://www.hribi.net/gora/grobnica_barona_borna/11/3261
3262;Klada;Slovenija;Goriško, Notranjsko in Snežniško hribovje;475;45,92206°N 14,56073°E;Vremenska napoved:;1130;28% (2760. mesto);7;1;0;1;https://www.hribi.net/gora/klada/26/3262
3263;Škrjanščica;Slovenija;Posavsko hribovje in Dolenjska;772;;vrh;10;1% (3798. mesto);1;0;0;;https://www.hribi.net/gora/skrjanscica/25/3263
3264;Planina Brsnina;Slovenija;Karavanke;1357;46,4233°N 14,4301°E;planina;2340;34% (2527. mesto);3;2;1;;https://www.hribi.net/gora/planina_brsnina/11/3264
3265;Medvodnica;Slovenija;Karavanke;1202;46,4144°N 14,4023°E;vrh;795;25% (2879. mesto);2;2;0;;https://www.hribi.net/gora/medvodnica/11/3265
3266;Hvadnik;Slovenija;Karavanke;920;46,48859°N 13,8456°E;Vremenska napoved:;12170;46% (2066. mesto);6;1;0;;https://www.hribi.net/gora/hvadnik/11/3266
3267;Partizanska tehnika Meta;Slovenija;Škofjeloško, Cerkljansko hribovje in Jelovica;1100;46,2748°N 14,1984°E;Vremenska napoved:;3500;38% (2368. mesto);8;4;0;;https://www.hribi.net/gora/partizanska_tehnika_meta/21/3267
3268;Sveti Lambert (Lancovo);Slovenija;Škofjeloško, Cerkljansko hribovje in Jelovica;515;46,3356°N 14,1573°E;vrh, cerkev;1030;27% (2792. mesto);2;1;0;;https://www.hribi.net/gora/sveti_lambert_lancovo/21/3268
3270;Na Glavi;Slovenija;Julijske Alpe;1670;;vrh;18;1% (3787. mesto);1;0;0;;https://www.hribi.net/gora/na_glavi/1/3270
3271;Bela peč (nad Dovjem);Slovenija;Karavanke;1460;46,4757°N 13,9808°E;vrh;5130;42% (2237. mesto);1;4;0;;https://www.hribi.net/gora/bela_pec_nad_dovjem/11/3271
3272;Planina Goreljše;Slovenija;Karavanke;1125;46,4738°N 13,9735°E;planina;1290;29% (2721. mesto);4;1;0;;https://www.hribi.net/gora/planina_goreljse/11/3272
3273;Blažčeva skala;Slovenija;Karavanke;1091;46,46944°N 13,97333°E;vrh;4330;40% (2291. mesto);5;1;0;;https://www.hribi.net/gora/blazceva_skala/11/3273
3274;Škavnica;Slovenija;Goriško, Notranjsko in Snežniško hribovje;734;45,84967°N 13,98185°E;vrh;6870;44% (2160. mesto);6;1;0;1;https://www.hribi.net/gora/skavnica/26/3274
3275;Hafelekarspitze;Avstrija;Severne apneniške Alpe;2334;47,31285°N 11,38625°E;vrh;638;23% (2953. mesto);7;1;0;;https://www.hribi.net/gora/hafelekarspitze/59/3275
3276;Patscherkofel;Avstrija;Tuxer Alpe;2246;47,20883°N 11,4606°E;vrh;587;22% (2993. mesto);4;1;0;;https://www.hribi.net/gora/patscherkofel/156/3276
3277;Stražni stolp pod vrhom Kovčka;Slovenija;Polhograjsko hribovje in Ljubljana;770;46,0447°N 14,2013°E;Vremenska napoved:;4201;40% (2300. mesto);2;1;0;;https://www.hribi.net/gora/strazni_stolp_pod_vrhom_kovcka/5/3277
3278;Blaguško jezero;Slovenija;Strojna, Košenjak, Kozjak in Slovenske gorice;220;46,56667°N 16,00145°E;jezero;1930;32% (2597. mesto);14;2;0;;https://www.hribi.net/gora/blagusko_jezero/162/3278
3279;Sveti Duh (Stara Gora);Slovenija;Strojna, Košenjak, Kozjak in Slovenske gorice;262;46,5493°N 16,0314°E;vrh, koča, cerkev;626;23% (2969. mesto);4;2;0;;https://www.hribi.net/gora/sveti_duh_stara_gora/162/3279
3280;Hoher Burgstall;Avstrija;Stubajske Alpe;2611;47,13337°N 11,28101°E;vrh;340;16% (3213. mesto);6;1;0;;https://www.hribi.net/gora/hoher_burgstall/51/3280
3281;Veliko Kozje;Slovenija;Posavsko hribovje in Dolenjska;993;;vrh;2;0% (3822. mesto);0;0;5;;https://www.hribi.net/gora/veliko_kozje/25/3281
3282;Hoher Prijakt;Avstrija;Visoke Ture;3064;46,91573°N 12,71238°E;vrh;2320;34% (2532. mesto);8;1;0;;https://www.hribi.net/gora/hoher_prijakt/57/3282
3283;Breznik (Boben);Slovenija;Polhograjsko hribovje in Ljubljana;643;46,1306°N 14,3791°E;vrh;3500;38% (2369. mesto);4;2;0;4;https://www.hribi.net/gora/breznik_boben/5/3283
3284;Serles;Avstrija;Stubajske Alpe;2717;47,12397°N 11,3814°E;vrh;533;21% (3034. mesto);6;1;0;;https://www.hribi.net/gora/serles/51/3284
3285;Lämpermahdspitze;Avstrija;Stubajske Alpe;2595;47,11153°N 11,37714°E;vrh;292;15% (3264. mesto);4;1;0;;https://www.hribi.net/gora/lampermahdspitze/51/3285
3286;Marchreisenspitze;Avstrija;Stubajske Alpe;2620;47,17288°N 11,30855°E;vrh;309;15% (3248. mesto);6;1;0;;https://www.hribi.net/gora/marchreisenspitze/51/3286
3287;Herterhöhe;Avstrija;Labotniške Alpe;1800;47,05646°N 14,54273°E;Vremenska napoved:;145;10% (3465. mesto);4;2;0;;https://www.hribi.net/gora/herterhohe/28/3287
3288;Ampferstein;Avstrija;Stubajske Alpe;2556;47,17444°N 11,31329°E;vrh;423;18% (3130. mesto);5;1;0;;https://www.hribi.net/gora/ampferstein/51/3288
3289;Poldnik (Kopa) / Picco di Mezzodi;Italija;Julijske Alpe;2063;46,45951°N 13,63677°E;vrh;13160;46% (2058. mesto);3;1;0;;https://www.hribi.net/gora/poldnik_kopa___picco_di_mezzodi/1/3289
3290;Zir;Hrvaška;Dinara in Lika;850;44,43013°N 15,61437°E;Vremenska napoved:;4610;41% (2269. mesto);2;1;0;1;https://www.hribi.net/gora/zir/62/3290
3291;Kemacher;Avstrija;Severne apneniške Alpe;2480;47,31268°N 11,36658°E;vrh;459;19% (3092. mesto);5;1;0;;https://www.hribi.net/gora/kemacher/59/3291
3292;Ribenska planina;Slovenija;Škofjeloško, Cerkljansko hribovje in Jelovica;965;46,31337°N 14,11152°E;planina;4100;40% (2307. mesto);6;2;0;;https://www.hribi.net/gora/ribenska_planina/21/3292
3294;Sulzkogel;Avstrija;Stubajske Alpe;3016;47,18241°N 11,01146°E;vrh;1820;32% (2617. mesto);6;1;0;;https://www.hribi.net/gora/sulzkogel/51/3294
3295;Kraspesspitze;Avstrija;Stubajske Alpe;2954;47,18074°N 11,04302°E;vrh;357;17% (3192. mesto);5;1;0;;https://www.hribi.net/gora/kraspesspitze/51/3295
3296;Finsteltaler Schartenkopf;Avstrija;Stubajske Alpe;2855;47,1791°N 11,02987°E;vrh;256;14% (3307. mesto);6;1;0;;https://www.hribi.net/gora/finsteltaler_schartenkopf/51/3296
3297;Mali vrh (na Mežakli);Slovenija;Julijske Alpe;1389;46,4485°N 13,9511°E;vrh;2410;34% (2513. mesto);2;2;0;;https://www.hribi.net/gora/mali_vrh_na_mezakli/1/3297
3298;Rinnenspitze;Avstrija;Stubajske Alpe;3003;47,08571°N 11,14117°E;vrh;1030;27% (2793. mesto);5;1;0;;https://www.hribi.net/gora/rinnenspitze/51/3298
3299;Risnati rob (Polevec);Slovenija;Julijske Alpe;1438;46,44325°N 13,94608°E;vrh;1500;30% (2681. mesto);1;2;0;;https://www.hribi.net/gora/risnati_rob_polevec/1/3299
3300;Vordere Sommerwand;Avstrija;Stubajske Alpe;2715;47,07418°N 11,16428°E;vrh;269;14% (3288. mesto);8;1;0;;https://www.hribi.net/gora/vordere_sommerwand/51/3300
3301;Planinarski dom Sveti Gaudent;Hrvaška;Jadranski otoki;274;44,69505°N 14,34801°E;vrh, koča;2390;34% (2521. mesto);7;2;0;1;https://www.hribi.net/gora/planinarski_dom_sveti_gaudent/63/3301
3302;Innere Sommerwand;Avstrija;Stubajske Alpe;3122;47,05848°N 11,1509°E;vrh;779;25% (2886. mesto);7;1;0;;https://www.hribi.net/gora/innere_sommerwand/51/3302
3303;Sass de Stria;Italija;Dolomiti;2477;;vrh;13;1% (3791. mesto);19;0;0;;https://www.hribi.net/gora/sass_de_stria/39/3303
3304;Sveti Nikola;Hrvaška;Jadranski otoki;557;44,66164°N 14,37045°E;vrh, cerkev;5060;42% (2240. mesto);8;1;1;2;https://www.hribi.net/gora/sveti_nikola/63/3304
3305;Motokit;Hrvaška;Jadranski otoki;334;;vrh;7;1% (3808. mesto);7;0;0;;https://www.hribi.net/gora/motokit/63/3305
3306;Dikeos (Kos);Grčija;Grški otoki;846;36,8343°N 27,207°E;vrh, bivak, cerkev;923;26% (2834. mesto);14;1;0;;https://www.hribi.net/gora/dikeos_kos/150/3306
3307;Rifugio La Marmotta;Italija;Dolomiti;1938;46,52999°N 11,90159°E;koča, planina, sedlo;400;18% (3152. mesto);9;1;0;;https://www.hribi.net/gora/rifugio_la_marmotta/39/3307
3308;Rifugio Incisa;Italija;Dolomiti;1925;46,52828°N 11,90238°E;koča, planina;372;17% (3175. mesto);6;1;0;;https://www.hribi.net/gora/rifugio_incisa/39/3308
3309;Irrotkő / Geschriebenstein;Avstrija, Madžarska;Zahodna Madžarska;882;47,35272°N 16,43391°E;vrh;744;24% (2907. mesto);6;5;0;;https://www.hribi.net/gora/irrotko___geschriebenstein/132/3309
3310;Rifugio Punta Trieste;Italija;Dolomiti;2028;46,53485°N 11,9049°E;koča, planina;445;19% (3103. mesto);9;1;0;;https://www.hribi.net/gora/rifugio_punta_trieste/39/3310
3311;Geierkogel (Svinška planina / Saualpe);Avstrija;Labotniške Alpe;1917;46,91922°N 14,67493°E;vrh;550;21% (3019. mesto);6;1;0;;https://www.hribi.net/gora/geierkogel_svinska_planina___saualpe/28/3311
3312;Pralongia;Italija;Dolomiti;2109;46,53346°N 11,91629°E;vrh, koča, planina, cerkev;980;27% (2807. mesto);13;1;0;;https://www.hribi.net/gora/pralongia/39/3312
3313;Forstalpe (Svinška planina / Saualpe);Avstrija;Labotniške Alpe;2034;46,89772°N 14,66271°E;vrh;638;23% (2954. mesto);5;2;0;;https://www.hribi.net/gora/forstalpe_svinska_planina___saualpe/28/3313
3314;Kienberg (Svinška planina / Saualpe);Avstrija;Labotniške Alpe;2050;46,88492°N 14,64655°E;vrh;476;20% (3074. mesto);2;2;0;;https://www.hribi.net/gora/kienberg_svinska_planina___saualpe/28/3314
3315;Stores;Italija;Dolomiti;2185;46,53053°N 11,92315°E;vrh;415;18% (3138. mesto);9;1;0;;https://www.hribi.net/gora/stores/39/3315
3316;Gertrusk (Svinška planina / Saualpe);Avstrija;Labotniške Alpe;2044;46,86484°N 14,64234°E;vrh;813;25% (2871. mesto);5;2;0;;https://www.hribi.net/gora/gertrusk_svinska_planina___saualpe/28/3316
3317;Pico Setsas;Italija;Dolomiti;2429;46,51617°N 11,9592°E;vrh;486;20% (3060. mesto);17;2;0;;https://www.hribi.net/gora/pico_setsas/39/3317
3319;Sonntagshorn;Avstrija, Nemčija;Severne apneniške Alpe;1961;47,68222°N 12,6958°E;vrh;391;18% (3156. mesto);7;2;0;;https://www.hribi.net/gora/sonntagshorn/59/3319
3320;Sveta Trojica v Slovenskih goricah;Slovenija;Strojna, Košenjak, Kozjak in Slovenske gorice;291;46,57639°N 15,87523°E;vrh, cerkev;1670;31% (2648. mesto);9;2;0;1;https://www.hribi.net/gora/sveta_trojica_v_slovenskih_goricah/162/3320
3321;Trojiško jezero (Gradiško jezero);Slovenija;Strojna, Košenjak, Kozjak in Slovenske gorice;234;46,57372°N 15,87098°E;koča, jezero;2490;35% (2496. mesto);11;1;0;;https://www.hribi.net/gora/trojisko_jezero_gradisko_jezero/162/3321
3322;Griček;Slovenija;Goriško, Notranjsko in Snežniško hribovje;532;45,70797°N 14,74708°E;vrh;492;20% (3055. mesto);2;1;0;;https://www.hribi.net/gora/gricek/26/3322
3323;Col Margherita;Italija;Dolomiti;2514;46,36718°N 11,79186°E;vrh;729;24% (2917. mesto);1;1;0;;https://www.hribi.net/gora/col_margherita/39/3323
3324;Cima Juribrutto;Italija;Dolomiti;2697;46,35938°N 11,76512°E;vrh;595;22% (2988. mesto);2;1;0;;https://www.hribi.net/gora/cima_juribrutto/39/3324
3325;Kozice;Slovenija;Posavsko hribovje in Dolenjska;741;45,49861°N 15,03701°E;vrh;11430;46% (2074. mesto);7;3;0;;https://www.hribi.net/gora/kozice/25/3325
3326;Jelovička in Mihova jama;Slovenija;Posavsko hribovje in Dolenjska;240;45,5197°N 14,9098°E;Vremenska napoved:;2510;35% (2492. mesto);5;1;0;;https://www.hribi.net/gora/jelovicka_in_mihova_jama/25/3326
3327;Kameniti svati;Hrvaška;Gorjanci, Medvednica in Medžimurje;482;;vrh;337;16% (3216. mesto);4;2;0;;https://www.hribi.net/gora/kameniti_svati/61/3327
3328;Grad Kostel;Slovenija;Goriško, Notranjsko in Snežniško hribovje;406;45,50867°N 14,91031°E;vrh;3760;39% (2341. mesto);9;2;0;;https://www.hribi.net/gora/grad_kostel/26/3328
3329;Radenski kal;Slovenija;Posavsko hribovje in Dolenjska;360;45,47052°N 15,10412°E;koča, jezero;602;22% (2983. mesto);5;1;0;;https://www.hribi.net/gora/radenski_kal/25/3329
3330;Velika Radenska stena;Slovenija;Posavsko hribovje in Dolenjska;439;45,45816°N 15,1131°E;vrh;1690;31% (2644. mesto);2;1;0;;https://www.hribi.net/gora/velika_radenska_stena/25/3330
3331;Mala Radenska stena;Slovenija;Posavsko hribovje in Dolenjska;428;45,4622°N 15,10922°E;vrh;752;24% (2900. mesto);2;1;0;;https://www.hribi.net/gora/mala_radenska_stena/25/3331
3332;Križica;Hrvaška;Jadranski otoki;343;44,68812°N 14,35169°E;vrh;762;24% (2895. mesto);8;3;0;;https://www.hribi.net/gora/krizica/63/3332
3333;Slapovi v Kotu;Slovenija;Julijske Alpe;1050;46,40524°N 13,88722°E;slap;3600;39% (2354. mesto);5;1;0;;https://www.hribi.net/gora/slapovi_v_kotu/1/3333
3334;Kucelj (Julijske Alpe);Slovenija;Julijske Alpe;2372;46,4273°N 13,81923°E;vrh;6330;43% (2181. mesto);15;1;0;;https://www.hribi.net/gora/kucelj_julijske_alpe/1/3334
3335;Veliki Bojanski vrh;Slovenija;Posavsko hribovje in Dolenjska;627;46,20226°N 15,30642°E;vrh;1770;31% (2629. mesto);6;4;0;1;https://www.hribi.net/gora/veliki_bojanski_vrh/25/3335
3339;Razgledna točka Široko;Slovenija;Goriško, Notranjsko in Snežniško hribovje;755;46,13207°N 13,75932°E;vrh;8600;45% (2116. mesto);5;1;1;;https://www.hribi.net/gora/razgledna_tocka_siroko/26/3339
3340;Bavč;Slovenija;Posavsko hribovje in Dolenjska;692;46,2021°N 15,28429°E;vrh;4010;40% (2314. mesto);6;4;0;;https://www.hribi.net/gora/bavc/25/3340
3341;Veliki vrh (nad Lomom);Slovenija;Goriško, Notranjsko in Snežniško hribovje;1071;46,10641°N 13,7801°E;vrh;5290;42% (2228. mesto);4;4;1;;https://www.hribi.net/gora/veliki_vrh_nad_lomom/26/3341
3342;Javorče;Slovenija;Karavanke;1667;46,38255°N 14,38363°E;vrh;1880;32% (2606. mesto);2;2;0;;https://www.hribi.net/gora/javorce/11/3342
3343;Spodmol na Lubniku;Slovenija;Škofjeloško, Cerkljansko hribovje in Jelovica;835;;slap;11;1% (3795. mesto);0;0;0;;https://www.hribi.net/gora/spodmol_na_lubniku/21/3343
3345;Kozjek (nad Socko);Slovenija;Karavanke;748;46,35722°N 15,2815°E;vrh;2370;34% (2523. mesto);8;1;0;1;https://www.hribi.net/gora/kozjek_nad_socko/11/3345
3346;Panoramska pot;Slovenija;Kamniško Savinjske Alpe;1185;;koča;9;1% (3800. mesto);2;0;0;;https://www.hribi.net/gora/panoramska_pot/3/3346
3347;Mali Bojanski vrh;Slovenija;Posavsko hribovje in Dolenjska;600;46,20244°N 15,31099°E;vrh;954;27% (2815. mesto);5;5;0;;https://www.hribi.net/gora/mali_bojanski_vrh/25/3347
3348;Kršiše;Slovenija;Karavanke;790;46,40289°N 14,281°E;vrh;624;22% (2971. mesto);3;2;0;;https://www.hribi.net/gora/krsise/11/3348
3349;Sveta Neža (Brezje pri Tržiču);Slovenija;Kamniško Savinjske Alpe;677;46,35856°N 14,27741°E;cerkev;2020;32% (2586. mesto);3;1;0;3;https://www.hribi.net/gora/sveta_neza_brezje_pri_trzicu/3/3349
3350;Babni vrh;Slovenija;Posavsko hribovje in Dolenjska;753;46,19626°N 15,32263°E;vrh;2310;34% (2535. mesto);7;4;0;;https://www.hribi.net/gora/babni_vrh/25/3350
3351;Stara cerkev sv. Ožbolta (Jezersko);Slovenija;Karavanke;961;46,39491°N 14,49009°E;cerkev;3150;37% (2408. mesto);4;1;0;;https://www.hribi.net/gora/stara_cerkev_sv_ozbolta_jezersko/11/3351
3352;Sveti Pavel (nad Ročinjem);Slovenija;Goriško, Notranjsko in Snežniško hribovje;403;46,11353°N 13,66087°E;vrh, cerkev;2090;33% (2572. mesto);8;3;0;;https://www.hribi.net/gora/sveti_pavel_nad_rocinjem/26/3352
3353;Blejsko jezero;Slovenija;Julijske Alpe;475;46,36502°N 14,08872°E;jezero, cerkev;7840;44% (2132. mesto);24;1;0;;https://www.hribi.net/gora/blejsko_jezero/1/3353
3354;Špik (Vranškov grič);Slovenija;Škofjeloško, Cerkljansko hribovje in Jelovica;908;46,1132°N 14,09311°E;vrh;1580;30% (2666. mesto);2;3;0;;https://www.hribi.net/gora/spik_vranskov_gric/21/3354
3355;Kriváň;Slovaška;Visoke Tatre;2494;49,16285°N 20,00027°E;vrh;2790;36% (2451. mesto);3;1;0;;https://www.hribi.net/gora/krivan/78/3355
3356;Rudnica (nad Podčetrtkom);Slovenija;Pohorje, Dravinjske gorice in Haloze;548;;vrh, koča, jezero, bivak, planina, cerkev;25190;48% (1997. mesto);16;7;0;;https://www.hribi.net/gora/rudnica_nad_podcetrtkom/4/3356
3357;Sveti Pavel (Stara Oselica);Slovenija;Škofjeloško, Cerkljansko hribovje in Jelovica;728;46,10243°N 14,0786°E;cerkev;1350;29% (2708. mesto);5;1;0;;https://www.hribi.net/gora/sveti_pavel_stara_oselica/21/3357
3358;Kamčič;Slovenija;Posavsko hribovje in Dolenjska;525;46,19702°N 15,1986°E;vrh;2320;34% (2533. mesto);13;3;0;;https://www.hribi.net/gora/kamcic/25/3358
3359;Razgledna točka Kapela;Slovenija;Strojna, Košenjak, Kozjak in Slovenske gorice;312;46,61937°N 16,03469°E;vrh, cerkev;1380;29% (2705. mesto);6;3;0;;https://www.hribi.net/gora/razgledna_tocka_kapela/162/3359
3360;Cerkev Sv. Križa na Brezju nad Srednjo vasjo;Slovenija;Škofjeloško, Cerkljansko hribovje in Jelovica;511;46,11907°N 14,16389°E;vrh, cerkev;937;26% (2822. mesto);6;3;0;;https://www.hribi.net/gora/cerkev_sv_kriza_na_brezju_nad_srednjo_vasjo/21/3360
3361;Kucelj (nad Kopačnico);Slovenija;Škofjeloško, Cerkljansko hribovje in Jelovica;920;46,13084°N 14,08609°E;vrh;1810;32% (2620. mesto);3;2;0;;https://www.hribi.net/gora/kucelj_nad_kopacnico/21/3361
3362;Brunški vrh;Slovenija;Kamniško Savinjske Alpe;511;46,34542°N 15,07391°E;vrh;1030;27% (2794. mesto);7;1;0;;https://www.hribi.net/gora/brunski_vrh/3/3362
3363;Izvir slatine (pod Činčevim bregom);Slovenija;Prekmurje;280;46,83445°N 16,04097°E;Vremenska napoved:;939;26% (2821. mesto);2;1;0;;https://www.hribi.net/gora/izvir_slatine_pod_cincevim_bregom/163/3363
3364;Činčev breg;Slovenija;Prekmurje;375;46,83733°N 16,0423°E;vrh;934;26% (2825. mesto);2;2;0;;https://www.hribi.net/gora/cincev_breg/163/3364
3365;Bezgovica;Slovenija;Goriško, Notranjsko in Snežniško hribovje;738;;vrh;2;0% (3823. mesto);5;0;0;;https://www.hribi.net/gora/bezgovica/26/3365
3366;Gradišče nad Ilovo Goro;Slovenija;Posavsko hribovje in Dolenjska;601;45,89175°N 14,74263°E;vrh, cerkev;1050;27% (2785. mesto);8;1;0;;https://www.hribi.net/gora/gradisce_nad_ilovo_goro/25/3366
3367;Kripta;Slovenija;Prekmurje;331;46,79322°N 16,08885°E;vrh;624;22% (2972. mesto);6;4;0;;https://www.hribi.net/gora/kripta/163/3367
3368;Kuželjska stena;Slovenija;Goriško, Notranjsko in Snežniško hribovje;857;45,48424°N 14,82282°E;vrh;6350;43% (2180. mesto);3;1;0;;https://www.hribi.net/gora/kuzeljska_stena/26/3368
3369;Habicht;Avstrija;Stubajske Alpe;3277;47,04389°N 11,28964°E;vrh;1130;28% (2761. mesto);8;2;0;;https://www.hribi.net/gora/habicht/51/3369
3370;Kalkwand;Avstrija;Stubajske Alpe;2564;47,04667°N 11,31924°E;vrh;285;15% (3274. mesto);6;1;0;;https://www.hribi.net/gora/kalkwand/51/3370
3371;Hohe Geige;Avstrija;Otztalske Alpe;3394;47,0047°N 10,90875°E;vrh;1540;30% (2672. mesto);6;1;0;;https://www.hribi.net/gora/hohe_geige/42/3371
3372;Cerkev sv. Ane v Boreči;Slovenija;Prekmurje;395;46,82817°N 16,15796°E;vrh, cerkev;964;27% (2813. mesto);7;5;0;;https://www.hribi.net/gora/cerkev_sv_ane_v_boreci/163/3372
3373;Kleiner Solstein;Avstrija;Severne apneniške Alpe;2637;47,30247°N 11,32439°E;vrh;379;17% (3168. mesto);6;1;0;;https://www.hribi.net/gora/kleiner_solstein/59/3373
3374;Griški vrh;Slovenija;Prekmurje;322;46,73955°N 16,11552°E;vrh;463;19% (3088. mesto);2;2;0;;https://www.hribi.net/gora/griski_vrh/163/3374
3375;Srebrni breg;Slovenija;Prekmurje;404;46,85029°N 16,14388°E;vrh;2100;33% (2566. mesto);6;3;0;;https://www.hribi.net/gora/srebrni_breg/163/3375
3376;Planinska koča Rak;Slovenija;Prekmurje;290;46,81731°N 16,0591°E;koča;2530;35% (2488. mesto);7;6;0;;https://www.hribi.net/gora/planinska_koca_rak/163/3376
3377;Wilder Freiger;Avstrija, Italija;Stubajske Alpe;3418;46,97051°N 11,19001°E;vrh;1100;28% (2770. mesto);8;1;0;;https://www.hribi.net/gora/wilder_freiger/51/3377
3378;Hodoško jezero;Slovenija;Prekmurje;243;46,83658°N 16,30958°E;jezero;1050;27% (2786. mesto);8;2;0;;https://www.hribi.net/gora/hodosko_jezero/163/3378
3379;Kožljevec;Slovenija;Posavsko hribovje in Dolenjska;533;46,03404°N 14,90462°E;vrh;783;25% (2885. mesto);1;1;0;;https://www.hribi.net/gora/kozljevec/25/3379
3380;Norički vrh;Slovenija;Strojna, Košenjak, Kozjak in Slovenske gorice;303;46,6695°N 15,97833°E;vrh;840;25% (2860. mesto);3;1;0;;https://www.hribi.net/gora/noricki_vrh/162/3380
3381;Becherhaus;Italija;Stubajske Alpe;3195;46,96084°N 11,19231°E;koča;692;24% (2930. mesto);6;1;0;;https://www.hribi.net/gora/becherhaus/51/3381
3382;Wilder Pfaff;Avstrija, Italija;Stubajske Alpe;3456;46,96578°N 11,16433°E;vrh;1180;28% (2748. mesto);7;1;0;;https://www.hribi.net/gora/wilder_pfaff/51/3382
3383;Zuckerhütl;Avstrija;Stubajske Alpe;3507;46,9643°N 11,15395°E;vrh;3520;38% (2367. mesto);8;2;0;;https://www.hribi.net/gora/zuckerhutl/51/3383
3384;Wildspitze;Avstrija;Otztalske Alpe;3768;46,88525°N 10,86723°E;vrh;5790;42% (2203. mesto);7;1;0;;https://www.hribi.net/gora/wildspitze/42/3384
3388;test3;Slovenija;Julijske Alpe;2222;;koča, planina;29;1% (3775. mesto);0;0;0;;https://www.hribi.net/gora/test3/1/3388
3390;Gamsspitzl;Avstrija;Stubajske Alpe;3051;46,97888°N 11,20238°E;vrh;1000;27% (2801. mesto);6;1;0;;https://www.hribi.net/gora/gamsspitzl/51/3390
3391;Mejni kamen A 115;Madžarska, Slovenija;Prekmurje;353;46,87665°N 16,23322°E;Vremenska napoved:;1060;27% (2784. mesto);6;7;0;;https://www.hribi.net/gora/mejni_kamen_a_115/163/3391
3392;Špilnik;Slovenija;Goriško, Notranjsko in Snežniško hribovje;1018;45,84151°N 14,18875°E;vrh;4840;41% (2252. mesto);6;2;0;;https://www.hribi.net/gora/spilnik/26/3392
3393;Slatinski vrelec Nuskova;Slovenija;Prekmurje;239;46,81049°N 16,02524°E;slap;882;26% (2845. mesto);3;3;0;1;https://www.hribi.net/gora/slatinski_vrelec_nuskova/163/3393
3394;Beli breg;Slovenija;Prekmurje;346;46,81361°N 16,00783°E;vrh;480;20% (3070. mesto);4;4;0;;https://www.hribi.net/gora/beli_breg/163/3394
3395;Stankov vrh (Bilogora);Hrvaška;Gorjanci, Medvednica in Medžimurje;308;46,08143°N 16,8254°E;vrh;377;17% (3173. mesto);1;2;0;;https://www.hribi.net/gora/stankov_vrh_bilogora/61/3395
3396;Kačova mlaka;Slovenija;Prekmurje;265;46,80331°N 16,08821°E;jezero;446;19% (3100. mesto);2;2;0;;https://www.hribi.net/gora/kacova_mlaka/163/3396
3397;Kamnolom mlinskih kamnov;Slovenija;Posavsko hribovje in Dolenjska;390;46,05983°N 14,63421°E;Vremenska napoved:;1530;30% (2675. mesto);15;1;0;;https://www.hribi.net/gora/kamnolom_mlinskih_kamnov/25/3397
3398;Apneni breg;Slovenija;Prekmurje;352;46,82597°N 15,99472°E;vrh;457;19% (3093. mesto);2;2;0;;https://www.hribi.net/gora/apneni_breg/163/3398
3399;Murjevka;Slovenija;Posavsko hribovje in Dolenjska;443;46,06327°N 14,64083°E;vrh;703;24% (2926. mesto);3;1;0;;https://www.hribi.net/gora/murjevka/25/3399
3400;Grmadnik;Slovenija;Posavsko hribovje in Dolenjska;569;46,05423°N 14,64208°E;vrh;2590;35% (2477. mesto);7;1;0;;https://www.hribi.net/gora/grmadnik/25/3400
3401;Radgonski grad;Slovenija;Strojna, Košenjak, Kozjak in Slovenske gorice;267;46,68286°N 15,98259°E;vrh;475;20% (3076. mesto);4;3;0;;https://www.hribi.net/gora/radgonski_grad/162/3401
3402;Humka (Moslavačka gora);Hrvaška;Slavonsko gorje in Moslavačka gora;487;45,61406°N 16,75355°E;vrh;957;26% (2816. mesto);0;3;0;;https://www.hribi.net/gora/humka_moslavacka_gora/167/3402
3403;Gorički breg;Slovenija;Prekmurje;362;46,86701°N 16,21655°E;vrh;791;25% (2881. mesto);3;1;0;;https://www.hribi.net/gora/goricki_breg/163/3403
3404;Pepelšček;Slovenija;Prekmurje;386;46,80553°N 16,10241°E;vrh;453;19% (3096. mesto);5;2;0;;https://www.hribi.net/gora/pepelscek/163/3404
3405;Sveta Trojica (Gornji Petrovci);Slovenija;Prekmurje;355;46,81425°N 16,22001°E;vrh, cerkev;444;19% (3104. mesto);8;3;0;;https://www.hribi.net/gora/sveta_trojica_gornji_petrovci/163/3405
3406;Liparjev grič;Slovenija;Polhograjsko hribovje in Ljubljana;374;46,02146°N 14,38877°E;vrh;1300;29% (2718. mesto);6;3;0;;https://www.hribi.net/gora/liparjev_gric/5/3406
3407;Kapela v Stanjevcih;Slovenija;Prekmurje;357;46,81051°N 16,18727°E;vrh, cerkev;252;13% (3316. mesto);3;1;0;;https://www.hribi.net/gora/kapela_v_stanjevcih/163/3407
3408;Jezero Križevci;Slovenija;Prekmurje;272;46,79083°N 16,24537°E;jezero;701;24% (2928. mesto);5;1;0;;https://www.hribi.net/gora/jezero_krizevci/163/3408
3409;Kostelgrad;Hrvaška;Gorjanci, Medvednica in Medžimurje;427;46,18495°N 15,74435°E;vrh;388;18% (3158. mesto);4;2;0;;https://www.hribi.net/gora/kostelgrad/61/3409
3410;Piramida (nad Gornjo Radgono);Slovenija;Strojna, Košenjak, Kozjak in Slovenske gorice;310;46,67742°N 15,96981°E;vrh;1730;31% (2633. mesto);1;2;0;;https://www.hribi.net/gora/piramida_nad_gornjo_radgono/162/3410
3411;Jerman;Slovenija;Karavanke;890;46,48809°N 13,84212°E;Vremenska napoved:;3620;39% (2351. mesto);3;1;0;1;https://www.hribi.net/gora/jerman/11/3411
3413;Vrhovčev grič;Slovenija;Polhograjsko hribovje in Ljubljana;495;46,03054°N 14,37261°E;vrh;1160;28% (2753. mesto);4;5;0;;https://www.hribi.net/gora/vrhovcev_gric/5/3413
3414;Ledavsko jezero;Slovenija;Prekmurje;218;46,74843°N 16,04132°E;jezero;658;23% (2941. mesto);10;2;0;;https://www.hribi.net/gora/ledavsko_jezero/163/3414
3415;Sveti Martin (Stari breg);Slovenija;Prekmurje;307;46,78081°N 16,27739°E;vrh, cerkev;371;17% (3177. mesto);7;1;0;;https://www.hribi.net/gora/sveti_martin_stari_breg/163/3415
3416;Sveta Ana v Slovenskih goricah;Slovenija;Strojna, Košenjak, Kozjak in Slovenske gorice;358;46,64691°N 15,84372°E;vrh, koča, cerkev;925;26% (2833. mesto);3;2;0;;https://www.hribi.net/gora/sveta_ana_v_slovenskih_goricah/162/3416
3417;Similaun;Avstrija, Italija;Otztalske Alpe;3606;46,76378°N 10,88062°E;vrh;2710;36% (2464. mesto);7;1;0;;https://www.hribi.net/gora/similaun/42/3417
3418;Fineilspitze;Avstrija, Italija;Otztalske Alpe;3514;46,78031°N 10,83183°E;vrh;1800;32% (2624. mesto);7;1;0;;https://www.hribi.net/gora/fineilspitze/42/3418
3419;Obeležje v bližini najdišča Ötzija;Italija;Otztalske Alpe;3210;46,77899°N 10,83987°E;Vremenska napoved:;1680;31% (2645. mesto);5;1;0;;https://www.hribi.net/gora/obelezje_v_blizini_najdisca_otzija/42/3419
3420;Hohe Munde - zahodni vrh;Avstrija;Severne apneniške Alpe;2662;47,3473°N 11,07174°E;vrh;348;16% (3201. mesto);6;1;0;;https://www.hribi.net/gora/hohe_munde_-_zahodni_vrh/59/3420
3421;Kamenek;Slovenija;Prekmurje;392;46,77519°N 16,20289°E;vrh;826;25% (2866. mesto);6;2;0;;https://www.hribi.net/gora/kamenek/163/3421
3422;Trestenjak;Slovenija;Prekmurje;304;46,7395°N 16,21098°E;vrh, cerkev;295;15% (3260. mesto);4;2;0;;https://www.hribi.net/gora/trestenjak/163/3422
3423;Ograd;Slovenija;Prekmurje;282;46,73158°N 16,19243°E;vrh, cerkev;351;17% (3198. mesto);3;1;0;;https://www.hribi.net/gora/ograd/163/3423
3424;Soboško jezero;Slovenija;Prekmurje;188;46,63868°N 16,16889°E;koča, jezero;4070;40% (2310. mesto);13;1;0;;https://www.hribi.net/gora/sobosko_jezero/163/3424
3425;Kamin Široka polica;Slovenija;Julijske Alpe;780;46,27738°N 13,91286°E;Vremenska napoved:;4380;40% (2286. mesto);5;1;0;;https://www.hribi.net/gora/kamin_siroka_polica/1/3425
3426;Stavrota (Lefkada);Grčija;Grški otoki;1182;38,69903°N 20,6248°E;vrh;1220;29% (2738. mesto);11;1;0;;https://www.hribi.net/gora/stavrota_lefkada/150/3426
3427;Gramoznica Vučja jama;Slovenija;Prekmurje;179;46,63134°N 16,22075°E;jezero;584;22% (2995. mesto);4;3;0;;https://www.hribi.net/gora/gramoznica_vucja_jama/163/3427
3428;Gradiše (nad Štorami);Slovenija;Posavsko hribovje in Dolenjska;540;46,20164°N 15,31552°E;vrh;656;23% (2942. mesto);4;1;0;;https://www.hribi.net/gora/gradise_nad_storami/25/3428
3429;Slap Nidri (Lefkada);Grčija;Grški otoki;157;38,72528°N 20,68539°E;slap;1090;27% (2778. mesto);5;1;0;;https://www.hribi.net/gora/slap_nidri_lefkada/150/3429
3430;Lazarjev vrh;Slovenija;Posavsko hribovje in Dolenjska;452;46,07144°N 14,64678°E;vrh;729;24% (2914. mesto);4;1;1;;https://www.hribi.net/gora/lazarjev_vrh/25/3430
3431;Lisjakova struga;Slovenija;Strojna, Košenjak, Kozjak in Slovenske gorice;206;46,66915°N 16,00264°E;koča;457;19% (3094. mesto);10;1;0;;https://www.hribi.net/gora/lisjakova_struga/162/3431
3432;Celovška špica;Avstrija, Slovenija;Karavanke;2102;46,43812°N 14,18035°E;vrh;16380;47% (2032. mesto);6;2;0;;https://www.hribi.net/gora/celovska_spica/11/3432
3433;Bernardo Mountain;ZDA;Diegan Western Granitic Foothills;349;33,06417°N -117,08807°E;vrh;571;22% (3006. mesto);0;0;0;;https://www.hribi.net/gora/bernardo_mountain/168/3433
3434;Ribnik Taškal;Slovenija;Prekmurje;183;46,59677°N 16,18117°E;jezero;341;16% (3212. mesto);2;1;0;;https://www.hribi.net/gora/ribnik_taskal/163/3434
3435;Gramoznica Dokležovje;Slovenija;Prekmurje;182;46,59095°N 16,18144°E;jezero;545;21% (3024. mesto);5;1;0;;https://www.hribi.net/gora/gramoznica_doklezovje/163/3435
3436;Lovska koča LD Negova (Zeleni gaj);Slovenija;Strojna, Košenjak, Kozjak in Slovenske gorice;256;46,60307°N 15,94886°E;koča;301;15% (3253. mesto);1;1;0;;https://www.hribi.net/gora/lovska_koca_ld_negova_zeleni_gaj/162/3436
3437;Ribnik Gosijak;Slovenija;Strojna, Košenjak, Kozjak in Slovenske gorice;225;46,61024°N 15,94079°E;jezero;339;16% (3214. mesto);3;1;0;;https://www.hribi.net/gora/ribnik_gosijak/162/3437
3438;Wegkapelle Kölbereck;Avstrija;Hribovje vzhodno od Mure;355;46,86554°N 16,09344°E;cerkev;206;12% (3370. mesto);1;1;0;;https://www.hribi.net/gora/wegkapelle_kolbereck/138/3438
3439;Sveti Trije Kralji v Slovenskih goricah;Slovenija;Strojna, Košenjak, Kozjak in Slovenske gorice;296;46,60284°N 15,8961°E;vrh, cerkev;516;21% (3042. mesto);5;2;0;;https://www.hribi.net/gora/sveti_trije_kralji_v_slovenskih_goricah/162/3439
3440;Cerkvenjak;Slovenija;Strojna, Košenjak, Kozjak in Slovenske gorice;341;46,56567°N 15,94299°E;vrh, koča, cerkev;572;22% (3004. mesto);7;2;1;;https://www.hribi.net/gora/cerkvenjak/162/3440
3441;Veliki Vilinac;Bosna in Hercegovina;Hercegovina;2112;43,62719°N 17,6196°E;vrh;1820;32% (2618. mesto);3;2;0;;https://www.hribi.net/gora/veliki_vilinac/65/3441
3442;Kredarica;Slovenija;Julijske Alpe;2515;;Ogledov: 5;5;0% (3813. mesto);0;0;4;;https://www.hribi.net/gora/kredarica/1/3442
3443;Sveti Vid (nad Zgornjim Tuhinjem);Slovenija;Kamniško Savinjske Alpe;846;46,23085°N 14,77641°E;cerkev;2470;35% (2502. mesto);6;2;0;;https://www.hribi.net/gora/sveti_vid_nad_zgornjim_tuhinjem/3/3443
3444;Kalvarija (cerkev svete Barbare);Slovenija;Strojna, Košenjak, Kozjak in Slovenske gorice;375;46,56905°N 15,63974°E;vrh, cerkev;4280;40% (2295. mesto);14;1;0;1;https://www.hribi.net/gora/kalvarija_cerkev_svete_barbare/162/3444
3445;Evharistični križ v Trdkovi;Slovenija;Prekmurje;388;46,85784°N 16,12385°E;vrh;570;22% (3007. mesto);3;1;0;;https://www.hribi.net/gora/evharisticni_kriz_v_trdkovi/163/3445
3446;Planina Zapotok;Slovenija;Julijske Alpe;1385;46,38288°N 13,68511°E;planina;6270;43% (2185. mesto);8;1;0;;https://www.hribi.net/gora/planina_zapotok/1/3446
3447;Spominski park v Kamniški Bistrici;Slovenija;Kamniško Savinjske Alpe;680;46,32941°N 14,57756°E;Vremenska napoved:;2870;36% (2441. mesto);3;1;0;1;https://www.hribi.net/gora/spominski_park_v_kamniski_bistrici/3/3447
3448;Rimsko gomilno grobišče v Anželovem gozdu;Slovenija;Strojna, Košenjak, Kozjak in Slovenske gorice;260;46,57414°N 15,93522°E;Vremenska napoved:;389;18% (3157. mesto);3;1;0;;https://www.hribi.net/gora/rimsko_gomilno_grobisce_v_anzelovem_gozdu/162/3448
3449;Cerkev sv. Petra nad Črno pri Kamniku;Slovenija;Kamniško Savinjske Alpe;845;46,2694°N 14,63363°E;cerkev;6330;43% (2182. mesto);4;1;0;1;https://www.hribi.net/gora/cerkev_sv_petra_nad_crno_pri_kamniku/3/3449
3450;Otok ljubezni;Slovenija;Prekmurje;179;46,58016°N 16,20646°E;koča;1120;28% (2764. mesto);3;4;0;;https://www.hribi.net/gora/otok_ljubezni/163/3450
3451;Strmec (nad Dragomerom);Slovenija;Polhograjsko hribovje in Ljubljana;446;46,01603°N 14,36772°E;vrh;1030;27% (2795. mesto);4;2;0;;https://www.hribi.net/gora/strmec_nad_dragomerom/5/3451
3452;Zalka;Slovenija;Prekmurje;362;46,84995°N 16,11214°E;vrh;426;18% (3124. mesto);1;2;0;;https://www.hribi.net/gora/zalka/163/3452
3453;Bogin breg;Slovenija;Prekmurje;371;46,84689°N 16,11312°E;vrh;479;20% (3068. mesto);3;2;0;;https://www.hribi.net/gora/bogin_breg/163/3453
3454;Koča v naši grabi;Slovenija;Strojna, Košenjak, Kozjak in Slovenske gorice;283;46,55496°N 15,97359°E;koča;363;17% (3186. mesto);6;1;0;;https://www.hribi.net/gora/koca_v_nasi_grabi/162/3454
3455;Možičev vrh;Slovenija;Strojna, Košenjak, Kozjak in Slovenske gorice;926;46,60118°N 15,51533°E;vrh;1250;29% (2733. mesto);2;6;0;;https://www.hribi.net/gora/mozicev_vrh/162/3455
3456;Fuks graba;Slovenija;Prekmurje;305;46,74624°N 16,00742°E;Vremenska napoved:;641;23% (2949. mesto);2;1;0;;https://www.hribi.net/gora/fuks_graba/163/3456
3457;Klosterwappen (Schneeberg);Avstrija;Severne apneniške Alpe;2076;47,76706°N 15,80448°E;vrh;913;26% (2837. mesto);12;2;0;;https://www.hribi.net/gora/klosterwappen_schneeberg/59/3457
3458;Grad Podsreda;Slovenija;Posavsko hribovje in Dolenjska;475;46,02805°N 15,58994°E;Vremenska napoved:;2240;33% (2551. mesto);8;6;1;;https://www.hribi.net/gora/grad_podsreda/25/3458
3459;Stara sveta gora;Slovenija;Posavsko hribovje in Dolenjska;386;46,04326°N 15,59599°E;vrh, cerkev;1260;29% (2729. mesto);8;3;0;1;https://www.hribi.net/gora/stara_sveta_gora/25/3459
3460;Gruska jama;Slovenija;Posavsko hribovje in Dolenjska;320;46,09253°N 15,57027°E;slap;972;27% (2810. mesto);4;1;0;;https://www.hribi.net/gora/gruska_jama/25/3460
3461;Grad Kozje (Drachenburg);Slovenija;Posavsko hribovje in Dolenjska;360;46,07131°N 15,55392°E;vrh;955;27% (2814. mesto);4;2;0;;https://www.hribi.net/gora/grad_kozje_drachenburg/25/3461
3462;Sveti Križ (Kumen);Slovenija;Pohorje, Dravinjske gorice in Haloze;928;46,51664°N 15,42816°E;cerkev;484;20% (3063. mesto);2;1;0;;https://www.hribi.net/gora/sveti_kriz_kumen/4/3462
3463;Mirnock;Avstrija;Krške Alpe;2110;46,75909°N 13,71504°E;vrh;2090;33% (2573. mesto);6;1;1;2;https://www.hribi.net/gora/mirnock/29/3463
3464;Lamprehtov vrh;Slovenija;Pohorje, Dravinjske gorice in Haloze;1230;46,50998°N 15,40916°E;vrh;928;26% (2831. mesto);2;2;0;;https://www.hribi.net/gora/lamprehtov_vrh/4/3464
3465;Zagorelec;Slovenija;Julijske Alpe;2090;46,3791°N 13,67051°E;vrh;6730;43% (2169. mesto);14;2;0;;https://www.hribi.net/gora/zagorelec/1/3465
3466;Mali Petrovac (Petrova gora);Hrvaška;Gorjanci, Medvednica in Medžimurje;517;45,31227°N 15,80678°E;vrh;773;25% (2891. mesto);3;2;0;;https://www.hribi.net/gora/mali_petrovac_petrova_gora/61/3466
3467;Lasina;Slovenija;Pohorje, Dravinjske gorice in Haloze;1412;46,48128°N 15,34364°E;vrh;1250;29% (2734. mesto);1;3;0;1;https://www.hribi.net/gora/lasina/4/3467
3468;Pesek;Slovenija;Pohorje, Dravinjske gorice in Haloze;1423;46,46848°N 15,34165°E;vrh;3070;37% (2417. mesto);2;3;1;1;https://www.hribi.net/gora/pesek/4/3468
3469;Veliki Petrovac (Petrova gora);Hrvaška;Gorjanci, Medvednica in Medžimurje;512;45,31225°N 15,80679°E;vrh;567;21% (3009. mesto);2;1;0;;https://www.hribi.net/gora/veliki_petrovac_petrova_gora/61/3469
3471;Mali Velebit (Petrova gora);Hrvaška;Gorjanci, Medvednica in Medžimurje;420;45,30569°N 15,78135°E;vrh;384;18% (3160. mesto);1;1;0;;https://www.hribi.net/gora/mali_velebit_petrova_gora/61/3471
3473;Schmalzscharte;Avstrija;Visoke Ture;2444;47,11548°N 13,35246°E;sedlo;415;18% (3136. mesto);0;1;0;;https://www.hribi.net/gora/schmalzscharte/57/3473
3474;Plešivec;Slovenija;Julijske Alpe;1962;46,36113°N 13,51611°E;vrh;4370;40% (2287. mesto);1;1;3;;https://www.hribi.net/gora/plesivec/1/3474
3476;Velika Glava;Slovenija;Julijske Alpe;1883;46,36286°N 13,77096°E;vrh;1960;32% (2593. mesto);2;2;0;;https://www.hribi.net/gora/velika_glava/1/3476
3477;Planjava - zahodni vrh;Slovenija;Kamniško Savinjske Alpe;2394;46,35655°N 14,60981°E;vrh;7430;44% (2144. mesto);0;0;0;;https://www.hribi.net/gora/planjava_-_zahodni_vrh/3/3477
3478;Vratni vrh;Slovenija;Julijske Alpe;1983;46,36069°N 13,51135°E;vrh;2570;35% (2481. mesto);6;1;0;;https://www.hribi.net/gora/vratni_vrh/1/3478
3479;Jelenk;Slovenija;Julijske Alpe;2049;46,36421°N 13,51103°E;vrh;1340;29% (2711. mesto);3;0;2;1;https://www.hribi.net/gora/jelenk/1/3479
3480;Turn (pri Klopnem vrhu);Slovenija;Pohorje, Dravinjske gorice in Haloze;1261;46,50814°N 15,39682°E;vrh;636;23% (2957. mesto);2;2;0;;https://www.hribi.net/gora/turn_pri_klopnem_vrhu/4/3480
3481;Jezerce Drtičnikovo;Slovenija;Pohorje, Dravinjske gorice in Haloze;960;46,51738°N 15,3918°E;jezero;796;25% (2878. mesto);3;2;0;;https://www.hribi.net/gora/jezerce_drticnikovo/4/3481
3482;Sveti Vid (pri Bukovniškem jezeru);Slovenija;Prekmurje;205;46,67095°N 16,33328°E;cerkev;430;19% (3119. mesto);4;2;0;;https://www.hribi.net/gora/sveti_vid_pri_bukovniskem_jezeru/163/3482
3483;Plečnikova cerkev (Bogojina);Slovenija;Prekmurje;198;46,67875°N 16,27763°E;cerkev;446;19% (3101. mesto);4;2;0;;https://www.hribi.net/gora/plecnikova_cerkev_bogojina/163/3483
3484;Kadunec;Slovenija;Kamniško Savinjske Alpe;426;46,28666°N 15,11924°E;vrh;422;18% (3131. mesto);4;0;2;;https://www.hribi.net/gora/kadunec/3/3484
3485;Trentski Pelc;Slovenija;Julijske Alpe;2116;46,38609°N 13,70958°E;vrh;8620;45% (2115. mesto);1;1;0;;https://www.hribi.net/gora/trentski_pelc/1/3485
3486;Markova glava (razgledna stena);Slovenija;Posavsko hribovje in Dolenjska;722;45,66347°N 15,11946°E;vrh;11780;46% (2070. mesto);1;1;0;;https://www.hribi.net/gora/markova_glava_razgledna_stena/25/3486
3487;Vzletišče Peter (Straška gora);Slovenija;Posavsko hribovje in Dolenjska;464;45,7774°N 15,0492°E;Vremenska napoved:;1860;32% (2609. mesto);2;1;0;;https://www.hribi.net/gora/vzletisce_peter_straska_gora/25/3487
3488;Ljuben (Sv. Vid);Slovenija;Posavsko hribovje in Dolenjska;528;45,74346°N 15,11151°E;Vremenska napoved:;619;22% (2974. mesto);0;0;0;;https://www.hribi.net/gora/ljuben_sv_vid/25/3488
3489;Ptujska Gora;Slovenija;Pohorje, Dravinjske gorice in Haloze;342;46,35455°N 15,76152°E;vrh, koča, cerkev;4910;41% (2248. mesto);3;4;0;2;https://www.hribi.net/gora/ptujska_gora/4/3489
3490;Kapela Presvetega Srca Jezusovega in Brezmadežnega Srca Marijinega v Martinju;Slovenija;Prekmurje;375;46,84668°N 16,14858°E;cerkev;403;18% (3145. mesto);9;1;0;;https://www.hribi.net/gora/kapela_presvetega_srca_jezusovega_in_brezmadeznega_srca_marijinega_v_martinju/163/3490
3491;Močvara (Lončarovci);Slovenija;Prekmurje;257;46,76538°N 16,27298°E;Vremenska napoved:;878;26% (2848. mesto);15;2;0;;https://www.hribi.net/gora/mocvara_loncarovci/163/3491
3492;Molnik;Slovenija;Polhograjsko hribovje in Ljubljana;582;46,00819°N 14,59909°E;vrh;3030;37% (2423. mesto);2;0;0;10;https://www.hribi.net/gora/molnik/5/3492
3493;Šmihelovec;Slovenija;Julijske Alpe;2118;46,37561°N 13,66734°E;vrh;5000;41% (2244. mesto);14;2;0;;https://www.hribi.net/gora/smihelovec/1/3493
3494;Sveti Ignacij (Rdeči Breg);Slovenija;Pohorje, Dravinjske gorice in Haloze;885;46,56762°N 15,33665°E;cerkev;745;24% (2904. mesto);5;8;0;;https://www.hribi.net/gora/sveti_ignacij_rdeci_breg/4/3494
3495;Vidrin center Aqualutra;Slovenija;Prekmurje;275;46,78592°N 16,25609°E;Vremenska napoved:;331;16% (3223. mesto);3;1;0;;https://www.hribi.net/gora/vidrin_center_aqualutra/163/3495
3496;Šetorov mlin;Slovenija;Pohorje, Dravinjske gorice in Haloze;745;46,45828°N 15,51736°E;Vremenska napoved:;804;25% (2875. mesto);6;2;0;;https://www.hribi.net/gora/setorov_mlin/4/3496
3497;Izvir Polskave;Slovenija;Pohorje, Dravinjske gorice in Haloze;1180;46,49026°N 15,50453°E;Vremenska napoved:;1560;30% (2670. mesto);2;4;0;;https://www.hribi.net/gora/izvir_polskave/4/3497
3498;Sveta Uršula (Bojtina);Slovenija;Pohorje, Dravinjske gorice in Haloze;1006;46,47198°N 15,50267°E;cerkev;1470;30% (2688. mesto);5;2;0;;https://www.hribi.net/gora/sveta_ursula_bojtina/4/3498
3499;Majalova kapelica;Slovenija;Pohorje, Dravinjske gorice in Haloze;823;46,45968°N 15,50746°E;Vremenska napoved:;349;16% (3200. mesto);2;2;0;;https://www.hribi.net/gora/majalova_kapelica/4/3499
3500;Sršenov vrh;Slovenija;Strojna, Košenjak, Kozjak in Slovenske gorice;963;46,61943°N 15,37211°E;vrh;2390;34% (2518. mesto);5;4;2;;https://www.hribi.net/gora/srsenov_vrh/162/3500
3501;Sveta Katarina (Zgornja Kapla);Slovenija;Strojna, Košenjak, Kozjak in Slovenske gorice;777;46,6367°N 15,37533°E;cerkev;742;24% (2908. mesto);8;3;0;;https://www.hribi.net/gora/sveta_katarina_zgornja_kapla/162/3501
3502;Jezero Komarnik;Slovenija;Strojna, Košenjak, Kozjak in Slovenske gorice;236;46,57074°N 15,80579°E;jezero;460;19% (3091. mesto);8;4;0;;https://www.hribi.net/gora/jezero_komarnik/162/3502
3504;Sv. Marjeta (Ritoznoj);Slovenija;Pohorje, Dravinjske gorice in Haloze;407;46,4192°N 15,58653°E;cerkev;876;26% (2851. mesto);2;1;0;;https://www.hribi.net/gora/sv_marjeta_ritoznoj/4/3504
3505;Veliki vrh (na Pohorju);Slovenija;Pohorje, Dravinjske gorice in Haloze;1344;46,4433°N 15,44821°E;vrh;4280;40% (2296. mesto);4;10;0;;https://www.hribi.net/gora/veliki_vrh_na_pohorju/4/3505
3506;Sveti Urh (Urh);Slovenija;Pohorje, Dravinjske gorice in Haloze;895;46,42898°N 15,5069°E;cerkev;1610;31% (2660. mesto);6;4;0;1;https://www.hribi.net/gora/sveti_urh_urh/4/3506
3507;Repnikov vrh;Slovenija;Pohorje, Dravinjske gorice in Haloze;988;46,43198°N 15,49173°E;vrh;855;25% (2855. mesto);1;3;0;;https://www.hribi.net/gora/repnikov_vrh/4/3507
3508;Kapela v Zgornjih Moravcih;Slovenija;Prekmurje;315;46,71749°N 16,2519°E;vrh, cerkev;294;15% (3261. mesto);2;3;0;;https://www.hribi.net/gora/kapela_v_zgornjih_moravcih/163/3508
3509;Makotrov breg;Slovenija;Prekmurje;319;46,74565°N 16,28552°E;vrh;479;20% (3069. mesto);3;2;0;;https://www.hribi.net/gora/makotrov_breg/163/3509
3510;Sveti Jakob (Jakec);Slovenija;Kamniško Savinjske Alpe;528;46,35785°N 15,09313°E;cerkev;2200;33% (2557. mesto);3;1;1;1;https://www.hribi.net/gora/sveti_jakob_jakec/3/3510
3511;Malo Gradišče;Slovenija;Kamniško Savinjske Alpe;536;46,35625°N 15,09857°E;vrh;489;20% (3057. mesto);3;1;1;;https://www.hribi.net/gora/malo_gradisce/3/3511
3512;Veliko Gradišče;Slovenija;Kamniško Savinjske Alpe;587;46,35684°N 15,08825°E;vrh;941;26% (2820. mesto);4;1;1;1;https://www.hribi.net/gora/veliko_gradisce/3/3512
3513;Luknje;Slovenija;Posavsko hribovje in Dolenjska;438;46,04248°N 14,53463°E;vrh;878;26% (2849. mesto);7;1;0;4;https://www.hribi.net/gora/luknje/25/3513
3514;Koglerjev vrh;Slovenija;Pohorje, Dravinjske gorice in Haloze;698;46,53074°N 15,36268°E;vrh;618;22% (2976. mesto);2;2;0;;https://www.hribi.net/gora/koglerjev_vrh/4/3514
3515;Hožičev vrh;Slovenija;Pohorje, Dravinjske gorice in Haloze;595;46,53547°N 15,36992°E;vrh;436;19% (3114. mesto);2;1;0;;https://www.hribi.net/gora/hozicev_vrh/4/3515
3516;Klančnik (Glančnik);Slovenija;Pohorje, Dravinjske gorice in Haloze;877;46,56827°N 15,36074°E;vrh;670;23% (2937. mesto);4;7;0;;https://www.hribi.net/gora/klancnik_glancnik/4/3516
3517;Lovska koča Klančnik;Slovenija;Pohorje, Dravinjske gorice in Haloze;865;46,56729°N 15,35877°E;koča;936;26% (2823. mesto);5;7;2;;https://www.hribi.net/gora/lovska_koca_klancnik/4/3517
3518;Kapela sv. Ane v Puščavi;Slovenija;Pohorje, Dravinjske gorice in Haloze;330;46,55285°N 15,42214°E;vrh, cerkev;546;21% (3022. mesto);4;2;0;;https://www.hribi.net/gora/kapela_sv_ane_v_puscavi/4/3518
3519;Štefanov hrib;Slovenija;Goriško, Notranjsko in Snežniško hribovje;1113;45,83746°N 14,04923°E;vrh;81;4% (3669. mesto);0;0;0;;https://www.hribi.net/gora/stefanov_hrib/26/3519
3520;Lisc (Lisec);Slovenija;Julijske Alpe;1653;46,24028°N 13,92782°E;vrh;8050;44% (2128. mesto);7;1;0;;https://www.hribi.net/gora/lisc_lisec/1/3520
3521;Razkriški kot (sotočje Mure in Ščavnice);Slovenija;Strojna, Košenjak, Kozjak in Slovenske gorice;169;46,52349°N 16,30346°E;Vremenska napoved:;623;22% (2973. mesto);5;2;0;;https://www.hribi.net/gora/razkriski_kot_sotocje_mure_in_scavnice/162/3521
3522;Lovski dom Bohor;Slovenija;Posavsko hribovje in Dolenjska;842;46,07378°N 15,4144°E;koča;1680;31% (2646. mesto);2;1;0;;https://www.hribi.net/gora/lovski_dom_bohor/25/3522
3523;Plešivec (Bohor);Slovenija;Posavsko hribovje in Dolenjska;915;46,06455°N 15,45445°E;vrh;1850;32% (2611. mesto);2;5;0;;https://www.hribi.net/gora/plesivec_bohor/25/3523
3524;Petrova skala na Bohorju;Slovenija;Posavsko hribovje in Dolenjska;913;46,06657°N 15,45116°E;Vremenska napoved:;1920;32% (2600. mesto);1;5;0;;https://www.hribi.net/gora/petrova_skala_na_bohorju/25/3524
3525;Naravno bohorsko okno;Slovenija;Posavsko hribovje in Dolenjska;883;46,06629°N 15,45055°E;Vremenska napoved:;2020;32% (2587. mesto);3;5;0;;https://www.hribi.net/gora/naravno_bohorsko_okno/25/3525
3526;Mali Mošenik;Slovenija;Goriško, Notranjsko in Snežniško hribovje;700;;vrh;320;16% (3232. mesto);0;1;0;;https://www.hribi.net/gora/mali_mosenik/26/3526
3527;Grad Jablje;Slovenija;Polhograjsko hribovje in Ljubljana;310;46,14168°N 14,55343°E;Vremenska napoved:;2030;33% (2583. mesto);0;1;1;;https://www.hribi.net/gora/grad_jablje/5/3527
3528;Vodni izvir Zlati studenec;Slovenija;Pohorje, Dravinjske gorice in Haloze;375;46,45596°N 15,62235°E;Vremenska napoved:;629;23% (2964. mesto);5;1;0;;https://www.hribi.net/gora/vodni_izvir_zlati_studenec/4/3528
3529;Lovski dom - LD Fram;Slovenija;Pohorje, Dravinjske gorice in Haloze;668;46,46819°N 15,57914°E;koča;701;24% (2927. mesto);2;1;0;;https://www.hribi.net/gora/lovski_dom_-_ld_fram/4/3529
3530;Sveti Križ (Planica);Slovenija;Pohorje, Dravinjske gorice in Haloze;692;46,46934°N 15,56702°E;cerkev;745;24% (2905. mesto);7;1;0;;https://www.hribi.net/gora/sveti_kriz_planica/4/3530
3531;Potnikova smreka;Slovenija;Pohorje, Dravinjske gorice in Haloze;651;46,46954°N 15,56315°E;Vremenska napoved:;538;21% (3030. mesto);3;2;0;;https://www.hribi.net/gora/potnikova_smreka/4/3531
3532;Španov vrh (Besnica);Slovenija;Posavsko hribovje in Dolenjska;559;46,05094°N 14,6482°E;vrh;1280;29% (2726. mesto);2;1;0;;https://www.hribi.net/gora/spanov_vrh_besnica/25/3532
3533;Sveti Križ (nad Planino pri Sevnici);Slovenija;Posavsko hribovje in Dolenjska;730;46,09935°N 15,4193°E;vrh, cerkev;2270;34% (2546. mesto);7;2;0;1;https://www.hribi.net/gora/sveti_kriz_nad_planino_pri_sevnici/25/3533
3534;Planinski dom Zarja (Hotel Zarja);Slovenija;Pohorje, Dravinjske gorice in Haloze;1113;46,49214°N 15,535°E;koča;2030;33% (2584. mesto);2;2;0;;https://www.hribi.net/gora/planinski_dom_zarja_hotel_zarja/4/3534
3536;Grmada (pri Vurberku);Slovenija;Strojna, Košenjak, Kozjak in Slovenske gorice;460;46,49517°N 15,79499°E;vrh;821;25% (2869. mesto);3;2;0;1;https://www.hribi.net/gora/grmada_pri_vurberku/162/3536
3537;Grmada (pri Vurberku) - jugovzhodni vrh;Slovenija;Strojna, Košenjak, Kozjak in Slovenske gorice;457;46,49302°N 15,79882°E;vrh;546;21% (3023. mesto);2;2;0;;https://www.hribi.net/gora/grmada_pri_vurberku_-_jugovzhodni_vrh/162/3537
3538;Grad Vurberk;Slovenija;Strojna, Košenjak, Kozjak in Slovenske gorice;427;46,48648°N 15,79619°E;vrh, cerkev;1110;28% (2766. mesto);6;3;0;;https://www.hribi.net/gora/grad_vurberk/162/3538
3539;Marija Snežna (Fikšinci);Slovenija;Prekmurje;332;46,78652°N 16,00159°E;cerkev;406;18% (3142. mesto);2;2;0;;https://www.hribi.net/gora/marija_snezna_fiksinci/163/3539
3540;Sveta Helena (Pertoča);Slovenija;Prekmurje;298;46,77803°N 16,0282°E;vrh, cerkev;346;16% (3202. mesto);5;1;0;;https://www.hribi.net/gora/sveta_helena_pertoca/163/3540
3541;Ostragova;Slovenija;Strojna, Košenjak, Kozjak in Slovenske gorice;309;46,54024°N 15,92471°E;vrh;404;18% (3143. mesto);3;1;0;;https://www.hribi.net/gora/ostragova/162/3541
3542;Sveti Andraž (Vitomarci);Slovenija;Strojna, Košenjak, Kozjak in Slovenske gorice;296;46,5281°N 15,93284°E;Vremenska napoved:;378;17% (3170. mesto);9;2;0;;https://www.hribi.net/gora/sveti_andraz_vitomarci/162/3542
3543;Mont Blanc;Francija, Italija;Savojske Alpe;4810;45,83263°N 6,86525°E;vrh;4020;40% (2312. mesto);0;0;0;;https://www.hribi.net/gora/mont_blanc/45/3543
3545;Aiguille Verte;Francija;Savojske Alpe;4122;45,93451°N 6,96995°E;vrh;73;3% (3701. mesto);0;0;0;;https://www.hribi.net/gora/aiguille_verte/45/3545
3546;Matterhorn;Italija, Švica;Peninske Alpe;4478;45,97646°N 7,65856°E;vrh;2910;36% (2435. mesto);0;0;0;;https://www.hribi.net/gora/matterhorn/44/3546
3547;Mount McKinley (Denali);ZDA;Alaska Range;6191;63,06883°N -151,00716°E;vrh;612;22% (2979. mesto);0;0;0;;https://www.hribi.net/gora/mount_mckinley_denali/170/3547
3548;Monte Argentera;Italija;Primorske Alpe;3297;44,17766°N 7,30535°E;vrh;125;8% (3523. mesto);0;0;0;;https://www.hribi.net/gora/monte_argentera/48/3548
3549;Sveti Bolfenk (Jelovice);Slovenija;Pohorje, Dravinjske gorice in Haloze;537;46,31468°N 15,75149°E;vrh, cerkev;778;25% (2887. mesto);3;2;0;;https://www.hribi.net/gora/sveti_bolfenk_jelovice/4/3549
3550;Kerješetov vrh;Slovenija;Pohorje, Dravinjske gorice in Haloze;590;46,30995°N 15,74912°E;vrh;335;16% (3219. mesto);1;2;0;;https://www.hribi.net/gora/kerjesetov_vrh/4/3550
3551;Cerkev Marije Tolažnice (Brezje nad Žetalami);Slovenija;Karavanke;382;46,27183°N 15,7852°E;vrh, cerkev;339;16% (3215. mesto);4;1;0;;https://www.hribi.net/gora/cerkev_marije_tolaznice_brezje_nad_zetalami/11/3551
3552;Donačka gora (vzhodni vrh);Slovenija;Karavanke;883;46,26341°N 15,74759°E;vrh;3320;37% (2395. mesto);2;10;0;3;https://www.hribi.net/gora/donacka_gora_vzhodni_vrh/11/3552
3553;Joški vrh;Slovenija;Karavanke;595;46,26699°N 15,73973°E;vrh;753;24% (2899. mesto);2;6;0;;https://www.hribi.net/gora/joski_vrh/11/3553
3554;Grlo;Slovenija;Julijske Alpe;2429;46,43917°N 13,83615°E;sedlo;410;18% (3139. mesto);0;0;0;;https://www.hribi.net/gora/grlo/1/3554
3555;Sveti Mohor (Lačna Gora);Slovenija;Pohorje, Dravinjske gorice in Haloze;602;46,39652°N 15,45256°E;vrh, cerkev;638;23% (2958. mesto);3;1;0;1;https://www.hribi.net/gora/sveti_mohor_lacna_gora/4/3555
3556;Kebeljski grad (Zajčev grad);Slovenija;Pohorje, Dravinjske gorice in Haloze;813;46,41351°N 15,45139°E;vrh;1360;29% (2707. mesto);5;3;0;;https://www.hribi.net/gora/kebeljski_grad_zajcev_grad/4/3556
3557;Sveti Jurij (Remšnik);Slovenija;Strojna, Košenjak, Kozjak in Slovenske gorice;685;46,62559°N 15,3009°E;vrh, cerkev;1050;27% (2787. mesto);7;4;0;;https://www.hribi.net/gora/sveti_jurij_remsnik/162/3557
3558;Zapotoški slapovi;Slovenija;Julijske Alpe;1140;46,38651°N 13,6926°E;slap;5930;43% (2196. mesto);8;1;0;;https://www.hribi.net/gora/zapotoski_slapovi/1/3558
3559;Križarka (Kamlik);Slovenija;Prekmurje;413;46,82852°N 16,13244°E;vrh;919;26% (2835. mesto);1;4;0;;https://www.hribi.net/gora/krizarka_kamlik/163/3559
3560;Vukova kapela (Vidonci);Slovenija;Prekmurje;401;46,81603°N 16,13171°E;vrh, cerkev;472;20% (3078. mesto);2;1;0;;https://www.hribi.net/gora/vukova_kapela_vidonci/163/3560
3561;Grčarevec;Slovenija;Goriško, Notranjsko in Snežniško hribovje;476;45,8727°N 14,2132°E;jezero;899;26% (2842. mesto);4;1;0;;https://www.hribi.net/gora/grcarevec/26/3561
3562;Hubertus vadászház;Madžarska;Zahodna Madžarska;285;46,56089°N 17,01679°E;koča;221;13% (3349. mesto);2;2;0;;https://www.hribi.net/gora/hubertus_vadaszhaz/132/3562
3563;Planina Berebica;Slovenija;Julijske Alpe;1248;46,37589°N 13,71676°E;planina;2900;36% (2436. mesto);9;1;0;;https://www.hribi.net/gora/planina_berebica/1/3563
3564;Lovska koča Berebica;Slovenija;Julijske Alpe;1590;46,38603°N 13,72203°E;planina, sedlo;3060;37% (2419. mesto);7;1;0;;https://www.hribi.net/gora/lovska_koca_berebica/1/3564
3565;Laghetto di Somdogna;Italija;Julijske Alpe;1447;46,45933°N 13,44731°E;jezero;1040;27% (2790. mesto);7;1;0;;https://www.hribi.net/gora/laghetto_di_somdogna/1/3565
3566;Krniška glavica / Jof di Sompdogna;Italija;Julijske Alpe;1889;46,45313°N 13,43918°E;vrh, bivak;13230;46% (2056. mesto);12;2;0;2;https://www.hribi.net/gora/krniska_glavica___jof_di_sompdogna/1/3566
3567;Dedni vrh (Šuštarica);Slovenija;Karavanke;653;46,28589°N 15,65327°E;vrh;630;23% (2962. mesto);2;1;1;;https://www.hribi.net/gora/dedni_vrh_sustarica/11/3567
3568;Brinova glava;Slovenija;Julijske Alpe;1586;46,42819°N 13,85417°E;vrh;2940;37% (2431. mesto);5;1;0;;https://www.hribi.net/gora/brinova_glava/1/3568
3569;Županova jama;Slovenija;Posavsko hribovje in Dolenjska;430;45,91276°N 14,6394°E;Vremenska napoved:;751;24% (2902. mesto);4;2;0;;https://www.hribi.net/gora/zupanova_jama/25/3569
3570;Na Glavi;Slovenija;Julijske Alpe;1666;46,38446°N 13,72422°E;vrh;2480;35% (2497. mesto);5;1;0;;https://www.hribi.net/gora/na_glavi/1/3570
3572;Smrekov vrh;Slovenija;Goriško, Notranjsko in Snežniško hribovje;1449;45,9856°N 13,8557°E;vrh;4750;41% (2262. mesto);0;1;0;;https://www.hribi.net/gora/smrekov_vrh/26/3572
3574;Laze;Slovenija;Goriško, Notranjsko in Snežniško hribovje;450;45,86218°N 14,26532°E;jezero, planina;599;22% (2986. mesto);0;1;2;;https://www.hribi.net/gora/laze/26/3574
3575;Malga Granuda;Italija;Julijske Alpe;1501;46,48092°N 13,40444°E;planina;729;24% (2915. mesto);15;2;0;;https://www.hribi.net/gora/malga_granuda/1/3575
3577;Chiansaveit;Italija;Karnijske Alpe;1698;46,45227°N 12,62759°E;koča, planina;461;19% (3090. mesto);4;1;0;;https://www.hribi.net/gora/chiansaveit/27/3577
3578;Golek;Slovenija;Pohorje, Dravinjske gorice in Haloze;769;46,38111°N 15,36192°E;vrh;3960;39% (2321. mesto);6;7;0;20;https://www.hribi.net/gora/golek/4/3578
3579;Lorbekov vrh;Slovenija;Pohorje, Dravinjske gorice in Haloze;578;46,53259°N 15,5271°E;vrh;466;19% (3086. mesto);1;1;0;;https://www.hribi.net/gora/lorbekov_vrh/4/3579
3580;Monte Gosadon;Italija;Julijske Alpe;1968;46,47276°N 13,41588°E;vrh;1920;32% (2601. mesto);10;4;0;;https://www.hribi.net/gora/monte_gosadon/1/3580
3581;Clapsavon;Italija;Karnijske Alpe;2462;46,43791°N 12,6318°E;vrh;1260;29% (2730. mesto);9;2;2;;https://www.hribi.net/gora/clapsavon/27/3581
3582;Bivera;Italija;Karnijske Alpe;2474;46,4414°N 12,642°E;vrh;2360;34% (2524. mesto);12;2;1;;https://www.hribi.net/gora/bivera/27/3582
3583;Rob Velike Dnine;Slovenija;Julijske Alpe;2234;46,42632°N 13,70443°E;vrh;238;13% (3332. mesto);0;0;0;;https://www.hribi.net/gora/rob_velike_dnine/1/3583
3584;Izletniška kmetija Ančka;Slovenija;Pohorje, Dravinjske gorice in Haloze;460;46,37554°N 15,37375°E;koča;505;20% (3047. mesto);2;2;0;3;https://www.hribi.net/gora/izletniska_kmetija_ancka/4/3584
3585;Cima Vildiver (Dve špici);Italija;Julijske Alpe;2008;46,47694°N 13,423°E;vrh;2150;33% (2561. mesto);11;2;0;;https://www.hribi.net/gora/cima_vildiver_dve_spici/1/3585
3586;Rote Wand;Avstrija;Hribovje vzhodno od Mure;1505;47,33333°N 15,40664°E;vrh;2130;33% (2563. mesto);11;3;1;;https://www.hribi.net/gora/rote_wand/138/3586
3587;Kanjon Mostarske Bijele;Bosna in Hercegovina;Hercegovina;500;43,54329°N 17,79281°E;slap;832;25% (2863. mesto);4;1;0;;https://www.hribi.net/gora/kanjon_mostarske_bijele/65/3587
3588;Sveti Ivan (otok Lošinj);Hrvaška;Jadranski otoki;231;44,51134°N 14,49727°E;vrh;3470;38% (2377. mesto);3;1;1;;https://www.hribi.net/gora/sveti_ivan_otok_losinj/63/3588
3589;Vršac (nad Zadnjo Trento);Slovenija;Julijske Alpe;2113;46,40038°N 13,68168°E;vrh;2640;35% (2472. mesto);14;2;0;;https://www.hribi.net/gora/vrsac_nad_zadnjo_trento/1/3589
3590;Hochstein;Avstrija;Labotniške Alpe;925;47,15797°N 15,26704°E;vrh;190;12% (3388. mesto);2;1;1;;https://www.hribi.net/gora/hochstein/28/3590
3591;Buchkogel (Wildoner Berg);Avstrija;Labotniške Alpe;550;46,87066°N 15,50337°E;vrh;170;11% (3421. mesto);3;1;1;;https://www.hribi.net/gora/buchkogel_wildoner_berg/28/3591
3592;Gamskogel;Avstrija;Labotniške Alpe;859;47,18593°N 15,30336°E;vrh;251;13% (3318. mesto);2;1;1;;https://www.hribi.net/gora/gamskogel/28/3592
3593;Schartnerkogel;Avstrija;Labotniške Alpe;931;47,19784°N 15,30482°E;vrh;109;7% (3570. mesto);4;2;2;;https://www.hribi.net/gora/schartnerkogel/28/3593
3594;Gschwendt (Gschwendtberg);Avstrija;Hribovje vzhodno od Mure;1000;47,28507°N 15,34576°E;vrh;145;10% (3466. mesto);6;1;1;;https://www.hribi.net/gora/gschwendt_gschwendtberg/138/3594
3595;Heulantsch;Avstrija;Hribovje vzhodno od Mure;1473;47,35805°N 15,48137°E;vrh;291;15% (3265. mesto);6;5;1;;https://www.hribi.net/gora/heulantsch/138/3595
3597;Vrh Laške Planje;Italija, Slovenija;Julijske Alpe;2448;46,3441°N 13,44424°E;vrh;5510;42% (2219. mesto);15;2;2;;https://www.hribi.net/gora/vrh_laske_planje/1/3597
3598;Obzidje nad Mátalo (Kreta);Grčija;Grški otoki;55;34,99068°N 24,74768°E;vrh;638;23% (2955. mesto);7;1;0;;https://www.hribi.net/gora/obzidje_nad_matalo_kreta/150/3598
3599;Kókkini ámmos / Red beach (Crete) / Rdeča plaža (Kreta);Grčija;Grški otoki;5;34,98619°N 24,74946°E;Ogledov: 266;266;14% (3290. mesto);7;1;0;;https://www.hribi.net/gora/kokkini_ammos___red_beach_crete___rdeca_plaza_kreta/150/3599
3600;Idaion Andro (Kreta);Grčija;Grški otoki;1525;35,20836°N 24,82914°E;Ogledov: 266;266;14% (3291. mesto);6;1;0;;https://www.hribi.net/gora/idaion_andro_kreta/150/3600
3601;Agathias (Kreta);Grčija;Grški otoki;2424;35,2202°N 24,78346°E;vrh;447;19% (3099. mesto);4;2;0;;https://www.hribi.net/gora/agathias_kreta/150/3601
3602;Bivak v Veliki Dnini;Slovenija;Julijske Alpe;2180;46,43836°N 13,81932°E;bivak;6690;43% (2171. mesto);15;1;0;;https://www.hribi.net/gora/bivak_v_veliki_dnini/1/3602
3603;Zelena glava;Bosna in Hercegovina;Hercegovina;2115;43,54965°N 17,90381°E;vrh;3490;38% (2375. mesto);3;1;0;;https://www.hribi.net/gora/zelena_glava/65/3603
3604;Timios Stavros / Psiloritis (Kreta);Grčija;Grški otoki;2456;35,22634°N 24,77087°E;vrh, cerkev;2500;35% (2493. mesto);14;2;0;;https://www.hribi.net/gora/timios_stavros___psiloritis_kreta/150/3604
3605;Kapelica Marijina roka (Stenica);Slovenija;Karavanke;1055;46,36827°N 15,31481°E;cerkev;989;27% (2805. mesto);6;2;0;;https://www.hribi.net/gora/kapelica_marijina_roka_stenica/11/3605
3606;Cerkev Marijinega vnebovzetja (Vitanje);Slovenija;Karavanke;472;46,38212°N 15,29745°E;cerkev;384;17% (3163. mesto);3;1;0;2;https://www.hribi.net/gora/cerkev_marijinega_vnebovzetja_vitanje/11/3606
3607;Razgledna točka na Stenici;Slovenija;Karavanke;630;46,37824°N 15,30418°E;Vremenska napoved:;651;23% (2945. mesto);2;1;0;;https://www.hribi.net/gora/razgledna_tocka_na_stenici/11/3607
3608;Agia Roumeli (Kreta);Grčija;Grški otoki;10;35,23009°N 23,96373°E;Ogledov: 368;368;17% (3179. mesto);8;1;0;;https://www.hribi.net/gora/agia_roumeli_kreta/150/3608
3609;Pahnes (Kreta);Grčija;Grški otoki;2453;35,29204°N 24,03194°E;vrh;615;22% (2978. mesto);6;1;0;;https://www.hribi.net/gora/pahnes_kreta/150/3609
3610;Goležev grad;Slovenija;Karavanke;505;46,37654°N 15,29305°E;vrh;612;22% (2982. mesto);2;2;0;2;https://www.hribi.net/gora/golezev_grad/11/3610
3611;Sv. Peter in Pavel (Veliko Tinje);Slovenija;Pohorje, Dravinjske gorice in Haloze;655;46,41564°N 15,50135°E;cerkev;364;17% (3184. mesto);1;1;0;3;https://www.hribi.net/gora/sv_peter_in_pavel_veliko_tinje/4/3611
3612;Slap Šum (Bistriški vintgar);Slovenija;Pohorje, Dravinjske gorice in Haloze;590;46,42904°N 15,52628°E;slap;4590;41% (2272. mesto);1;1;0;1;https://www.hribi.net/gora/slap_sum_bistriski_vintgar/4/3612
3613;Maroltova jelka (Bistriški vintgar);Slovenija;Pohorje, Dravinjske gorice in Haloze;800;46,44066°N 15,5025°E;Vremenska napoved:;1150;28% (2756. mesto);3;1;0;;https://www.hribi.net/gora/maroltova_jelka_bistriski_vintgar/4/3613
3614;Čajžič;Slovenija;Strojna, Košenjak, Kozjak in Slovenske gorice;421;46,65386°N 15,59109°E;vrh;334;16% (3220. mesto);1;2;0;;https://www.hribi.net/gora/cajzic/162/3614
3615;Soteska Mučevo;Slovenija;Karavanke;690;46,48956°N 14,87471°E;Vremenska napoved:;2440;35% (2509. mesto);8;2;0;;https://www.hribi.net/gora/soteska_mucevo/11/3615
3616;Razgledna ploščad pri Ančnikovem gradišču;Slovenija;Pohorje, Dravinjske gorice in Haloze;760;46,42604°N 15,52178°E;vrh;892;26% (2843. mesto);5;1;0;2;https://www.hribi.net/gora/razgledna_ploscad_pri_ancnikovem_gradiscu/4/3616
3617;Rojstna hiša Stanka Vraza;Slovenija;Strojna, Košenjak, Kozjak in Slovenske gorice;293;46,48249°N 16,16574°E;Vremenska napoved:;477;20% (3071. mesto);5;2;0;;https://www.hribi.net/gora/rojstna_hisa_stanka_vraza/162/3617
3618;Sveti Martin (Zlakova);Slovenija;Pohorje, Dravinjske gorice in Haloze;589;46,38305°N 15,39551°E;vrh, cerkev;550;21% (3020. mesto);7;2;0;;https://www.hribi.net/gora/sveti_martin_zlakova/4/3618
3619;Golika;Slovenija;Pohorje, Dravinjske gorice in Haloze;609;46,37534°N 15,4112°E;vrh, cerkev;482;20% (3064. mesto);4;1;0;10;https://www.hribi.net/gora/golika/4/3619
3620;Zachenkreuz;Avstrija;Hribovje vzhodno od Mure;1601;47,36539°N 15,44484°E;vrh;254;14% (3313. mesto);4;2;0;;https://www.hribi.net/gora/zachenkreuz/138/3620
3621;Zum Guten Hirten;Avstrija;Hribovje vzhodno od Mure;1209;;koča;175;11% (3412. mesto);2;1;0;;https://www.hribi.net/gora/zum_guten_hirten/138/3621
3622;Obrovnik;Slovenija;Goriško, Notranjsko in Snežniško hribovje;700;45,64428°N 13,91903°E;vrh;1450;30% (2691. mesto);2;1;0;;https://www.hribi.net/gora/obrovnik/26/3622
3623;Sekolje (Strahinjčica);Hrvaška;Gorjanci, Medvednica in Medžimurje;739;46,18663°N 15,92134°E;vrh;771;24% (2893. mesto);2;2;0;;https://www.hribi.net/gora/sekolje_strahinjcica/61/3623
3624;Gasthaus Steirischer Jockl;Avstrija;Hribovje vzhodno od Mure;1398;47,36103°N 15,41222°E;koča;260;14% (3302. mesto);3;1;0;;https://www.hribi.net/gora/gasthaus_steirischer_jockl/138/3624
3625;Schüsserlbrunn;Avstrija;Hribovje vzhodno od Mure;1358;47,36122°N 15,41341°E;cerkev;181;11% (3400. mesto);2;1;0;;https://www.hribi.net/gora/schusserlbrunn/138/3625
3626;Teichalmsee;Avstrija;Hribovje vzhodno od Mure;1168;47,34992°N 15,4619°E;koča, jezero, planina;538;21% (3031. mesto);9;1;0;;https://www.hribi.net/gora/teichalmsee/138/3626
3627;Tersadia;Italija;Karnijske Alpe;1960;46,50298°N 13,10047°E;vrh;2110;33% (2565. mesto);15;1;0;;https://www.hribi.net/gora/tersadia/27/3627
3628;Svetinje;Slovenija;Strojna, Košenjak, Kozjak in Slovenske gorice;310;46,46234°N 16,16985°E;vrh, cerkev;625;22% (2970. mesto);5;1;0;;https://www.hribi.net/gora/svetinje/162/3628
3629;Kostanj;Slovenija;Strojna, Košenjak, Kozjak in Slovenske gorice;325;46,47934°N 16,08374°E;vrh;264;14% (3294. mesto);4;2;0;;https://www.hribi.net/gora/kostanj/162/3629
3630;Vrelenk;Slovenija;Pohorje, Dravinjske gorice in Haloze;1170;46,51547°N 15,32774°E;Vremenska napoved:;708;24% (2925. mesto);6;1;0;;https://www.hribi.net/gora/vrelenk/4/3630
3631;Ferjanka;Slovenija;Polhograjsko hribovje in Ljubljana;399;46,01748°N 14,36472°E;Vremenska napoved:;3600;38% (2357. mesto);0;2;0;;https://www.hribi.net/gora/ferjanka/5/3631
3632;Kleiner Speikkogel (Golica / Koralpe);Avstrija;Labotniške Alpe;2117;46,78352°N 14,97887°E;vrh;597;22% (2987. mesto);6;10;0;;https://www.hribi.net/gora/kleiner_speikkogel_golica___koralpe/28/3632
3633;Krakaberg (Golica / Koralpe);Avstrija;Labotniške Alpe;2070;46,77987°N 14,96992°E;vrh;526;21% (3035. mesto);5;8;0;;https://www.hribi.net/gora/krakaberg_golica___koralpe/28/3633
3634;Bärentalhütte (Golica / Koralpe);Avstrija;Labotniške Alpe;1630;46,81692°N 14,99724°E;koča;168;11% (3423. mesto);3;1;0;;https://www.hribi.net/gora/barentalhutte_golica___koralpe/28/3634
3635;Grünangerhütte (Golica / Koralpe);Avstrija;Labotniške Alpe;1575;46,81247°N 15,0117°E;koča;134;9% (3493. mesto);4;2;0;;https://www.hribi.net/gora/grunangerhutte_golica___koralpe/28/3635
3636;Loskogel (Golica / Koralpe);Avstrija;Labotniške Alpe;1790;46,80651°N 15,00877°E;vrh;245;13% (3321. mesto);5;2;0;;https://www.hribi.net/gora/loskogel_golica___koralpe/28/3636
3637;Steinmandl (Golica / Koralpe);Avstrija;Labotniške Alpe;1835;46,80894°N 14,99808°E;vrh;217;12% (3355. mesto);4;2;0;;https://www.hribi.net/gora/steinmandl_golica___koralpe/28/3637
3638;Berggasthof Mönichkirchner-Schwaig;Avstrija;Hribovje vzhodno od Mure;1185;47,51858°N 16,00859°E;koča, jezero, planina, sedlo;136;9% (3491. mesto);3;2;0;;https://www.hribi.net/gora/berggasthof_monichkirchner-schwaig/138/3638
3639;Veliki Medvejk / Monte Orsario;Italija, Slovenija;Goriško, Notranjsko in Snežniško hribovje;472;45,71465°N 13,82635°E;vrh;2100;33% (2567. mesto);9;1;1;;https://www.hribi.net/gora/veliki_medvejk___monte_orsario/26/3639
3640;Hallerhaus am Wechsel;Avstrija;Hribovje vzhodno od Mure;1350;47,51648°N 15,99238°E;koča;117;7% (3547. mesto);3;2;0;;https://www.hribi.net/gora/hallerhaus_am_wechsel/138/3640
3641;Kulinarik zur Stoa Alm;Avstrija;Hribovje vzhodno od Mure;1423;47,51753°N 15,98689°E;koča;162;10% (3434. mesto);3;2;0;;https://www.hribi.net/gora/kulinarik_zur_stoa_alm/138/3641
3642;Orleška draga;Italija, Slovenija;Goriško, Notranjsko in Snežniško hribovje;265;45,69189°N 13,83276°E;Vremenska napoved:;655;23% (2943. mesto);2;1;0;;https://www.hribi.net/gora/orleska_draga/26/3642
3643;Steinerne Stiege;Avstrija;Hribovje vzhodno od Mure;1505;47,51772°N 15,98147°E;vrh;175;11% (3413. mesto);2;2;0;;https://www.hribi.net/gora/steinerne_stiege/138/3643
3644;Niederwechsel;Avstrija;Hribovje vzhodno od Mure;1669;47,5181°N 15,95207°E;vrh;318;16% (3236. mesto);11;2;0;;https://www.hribi.net/gora/niederwechsel/138/3644
3645;Hochwechsel;Avstrija;Hribovje vzhodno od Mure;1743;47,53031°N 15,91384°E;vrh, koča, planina, cerkev;934;26% (2826. mesto);20;10;0;;https://www.hribi.net/gora/hochwechsel/138/3645
3646;Vorauer Schwaig;Avstrija;Hribovje vzhodno od Mure;1509;47,51143°N 15,95674°E;koča, planina;132;9% (3496. mesto);2;1;0;;https://www.hribi.net/gora/vorauer_schwaig/138/3646
3647;Gomba;Slovenija;Prekmurje;290;46,70466°N 16,27448°E;vrh;284;15% (3275. mesto);4;2;0;;https://www.hribi.net/gora/gomba/163/3647
3648;Gramoznica Ivanci;Slovenija;Prekmurje;177;46,65843°N 16,26433°E;jezero;594;22% (2990. mesto);5;4;0;;https://www.hribi.net/gora/gramoznica_ivanci/163/3648
3649;Ledinekov kogel;Slovenija;Pohorje, Dravinjske gorice in Haloze;1182;46,50661°N 15,55489°E;vrh;2290;34% (2541. mesto);3;11;0;;https://www.hribi.net/gora/ledinekov_kogel/4/3649
3650;Sveti Bolfenk (Mariborsko Pohorje);Slovenija;Pohorje, Dravinjske gorice in Haloze;1040;46,51605°N 15,5768°E;cerkev;5170;42% (2235. mesto);3;7;0;1;https://www.hribi.net/gora/sveti_bolfenk_mariborsko_pohorje/4/3650
3651;Badesee (Rechnitz);Avstrija;Hribovje vzhodno od Mure;363;47,31771°N 16,43708°E;jezero;279;14% (3283. mesto);4;1;0;;https://www.hribi.net/gora/badesee_rechnitz/138/3651
3652;Donatikappele (nad krajem Rechnitz);Avstrija;Hribovje vzhodno od Mure;497;47,31684°N 16,4288°E;vrh, cerkev;102;6% (3599. mesto);5;2;0;;https://www.hribi.net/gora/donatikappele_nad_krajem_rechnitz/138/3652
3653;Adijev bivak na Reški planini;Slovenija;Posavsko hribovje in Dolenjska;910;46,2108°N 15,0616°E;bivak;1610;31% (2661. mesto);9;6;0;;https://www.hribi.net/gora/adijev_bivak_na_reski_planini/25/3653
3654;Kulmkögerl (Kulmgipfel);Avstrija;Hribovje vzhodno od Mure;866;47,23601°N 15,76989°E;vrh;113;7% (3558. mesto);3;1;0;;https://www.hribi.net/gora/kulmkogerl_kulmgipfel/138/3654
3655;Kulm;Avstrija;Hribovje vzhodno od Mure;975;47,22494°N 15,75873°E;vrh;424;18% (3128. mesto);7;1;0;;https://www.hribi.net/gora/kulm/138/3655
3656;Mariabrunn;Avstrija;Hribovje vzhodno od Mure;940;47,22553°N 15,75776°E;cerkev;116;7% (3551. mesto);2;1;0;;https://www.hribi.net/gora/mariabrunn/138/3656
3657;Hahót hegy;Madžarska;Zahodna Madžarska;333;46,62286°N 16,87063°E;vrh;114;7% (3554. mesto);1;1;0;;https://www.hribi.net/gora/hahot_hegy/132/3657
3658;Stubenbergsee;Avstrija;Hribovje vzhodno od Mure;380;47,23201°N 15,79858°E;jezero;234;13% (3336. mesto);9;1;0;;https://www.hribi.net/gora/stubenbergsee/138/3658
3659;Königsberg;Avstrija;Hribovje vzhodno od Mure;462;46,78309°N 15,95952°E;vrh;227;13% (3343. mesto);4;2;0;;https://www.hribi.net/gora/konigsberg/138/3659
3660;Puhov muzej (Sakušak);Slovenija;Strojna, Košenjak, Kozjak in Slovenske gorice;334;46,49884°N 15,98385°E;Vremenska napoved:;230;13% (3340. mesto);9;1;0;;https://www.hribi.net/gora/puhov_muzej_sakusak/162/3660
3661;Zengő (Mecsek);Madžarska;Južna Madžarska;682;46,1799°N 18,37759°E;vrh;477;20% (3072. mesto);3;2;0;;https://www.hribi.net/gora/zengo_mecsek/135/3661
3662;Kamno čelo (Mandrija);Slovenija;Goriško, Notranjsko in Snežniško hribovje;193;45,90095°N 13,73002°E;vrh, koča;601;22% (2984. mesto);0;1;0;6;https://www.hribi.net/gora/kamno_celo_mandrija/26/3662
3663;Schloss Kapelle;Avstrija;Hribovje vzhodno od Mure;461;46,89409°N 15,97524°E;cerkev;132;9% (3497. mesto);5;8;0;;https://www.hribi.net/gora/schloss_kapelle/138/3663
3664;Kapfensteiner Kogel;Avstrija;Hribovje vzhodno od Mure;473;46,89194°N 15,97543°E;vrh;153;10% (3447. mesto);8;8;0;;https://www.hribi.net/gora/kapfensteiner_kogel/138/3664
3665;Mühlsteinbruch;Avstrija;Hribovje vzhodno od Mure;491;46,88818°N 15,9148°E;vrh;138;9% (3482. mesto);5;1;0;;https://www.hribi.net/gora/muhlsteinbruch/138/3665
3666;Gleichenberger Kogel;Avstrija;Hribovje vzhodno od Mure;598;46,89212°N 15,90824°E;vrh;256;14% (3308. mesto);6;4;0;;https://www.hribi.net/gora/gleichenberger_kogel/138/3666
3667;Beli vrh;Slovenija;Strojna, Košenjak, Kozjak in Slovenske gorice;355;46,69582°N 15,70247°E;vrh;398;18% (3153. mesto);3;1;0;;https://www.hribi.net/gora/beli_vrh/162/3667
3668;Gradišče Novine;Slovenija;Strojna, Košenjak, Kozjak in Slovenske gorice;346;46,70204°N 15,6521°E;vrh;281;14% (3281. mesto);2;3;0;;https://www.hribi.net/gora/gradisce_novine/162/3668
3669;Veliki Školj;Slovenija;Goriško, Notranjsko in Snežniško hribovje;418;45,85335°N 13,84992°E;vrh;257;14% (3305. mesto);2;0;0;;https://www.hribi.net/gora/veliki_skolj/26/3669
3670;Cerkev Marije rožnovenske (Črešnjice);Slovenija;Karavanke;512;46,32711°N 15,34967°E;cerkev;359;17% (3190. mesto);3;1;0;1;https://www.hribi.net/gora/cerkev_marije_roznovenske_cresnjice/11/3670
3671;Kamniški vrh;Slovenija;Kamniško Savinjske Alpe;1259;;vrh, bivak, planina;5;0% (3814. mesto);0;0;2;;https://www.hribi.net/gora/kamniski_vrh/3/3671
3672;Ravnocerje;Slovenija;Karavanke;679;46,27415°N 15,66432°E;vrh;284;14% (3276. mesto);1;3;2;;https://www.hribi.net/gora/ravnocerje/11/3672
3673;Kamniti lovec;Italija;Julijske Alpe;2071;;vrh;8;1% (3803. mesto);5;0;0;;https://www.hribi.net/gora/kamniti_lovec/1/3673
3674;Maceljska gora;Hrvaška, Slovenija;Karavanke;718;46,26026°N 15,79765°E;vrh;1730;31% (2634. mesto);2;4;0;;https://www.hribi.net/gora/maceljska_gora/11/3674
3675;Mejni kamen Marije Terezije (Tromejnik);Avstrija, Slovenija;Prekmurje;343;46,83516°N 15,99655°E;Vremenska napoved:;477;20% (3077. mesto);2;6;0;;https://www.hribi.net/gora/mejni_kamen_marije_terezije_tromejnik/163/3675
3676;Sveta Ana pri Igu / Sankt Anna am Aigen;Avstrija;Hribovje vzhodno od Mure;403;46,83021°N 15,97386°E;vrh, koča, cerkev;402;18% (3146. mesto);10;7;0;;https://www.hribi.net/gora/sveta_ana_pri_igu___sankt_anna_am_aigen/138/3676
3677;Zveličarjeva kapela (Velika Varnica);Slovenija;Pohorje, Dravinjske gorice in Haloze;370;46,29937°N 15,92208°E;cerkev;402;18% (3147. mesto);2;1;0;;https://www.hribi.net/gora/zvelicarjeva_kapela_velika_varnica/4/3677
3678;Bschaidkogel;Avstrija;Hribovje vzhodno od Mure;563;46,89389°N 15,9168°E;vrh;118;8% (3542. mesto);2;2;0;;https://www.hribi.net/gora/bschaidkogel/138/3678
3680;Katarina;Slovenija;Polhograjsko hribovje in Ljubljana;685;;Ogledov: 6;6;1% (3809. mesto);0;0;0;;https://www.hribi.net/gora/katarina/5/3680
3681;Weißgrubenkopf;Avstrija;Nizke Ture;2369;47,18626°N 13,33262°E;vrh;287;15% (3272. mesto);7;1;0;;https://www.hribi.net/gora/weissgrubenkopf/58/3681
3682;Jezero Radehova;Slovenija;Strojna, Košenjak, Kozjak in Slovenske gorice;233;46,56312°N 15,83846°E;jezero;491;20% (3056. mesto);2;1;0;;https://www.hribi.net/gora/jezero_radehova/162/3682
3683;Kapela sv. Marije (Radehova);Slovenija;Strojna, Košenjak, Kozjak in Slovenske gorice;251;46,56728°N 15,83837°E;Vremenska napoved:;202;12% (3374. mesto);4;1;0;;https://www.hribi.net/gora/kapela_sv_marije_radehova/162/3683
3684;Budinci;Slovenija;Prekmurje;285;46,8671°N 16,2596°E;Vremenska napoved:;467;19% (3084. mesto);2;2;0;;https://www.hribi.net/gora/budinci/163/3684
3685;Katin breg / Katalin-hegy;Madžarska;Zahodna Madžarska;367;46,87753°N 16,22761°E;vrh;261;14% (3301. mesto);5;4;0;;https://www.hribi.net/gora/katin_breg___katalin-hegy/132/3685
3686;Haneggkogel;Avstrija;Labotniške Alpe;1089;47,25443°N 15,27762°E;vrh;100;6% (3605. mesto);3;1;1;;https://www.hribi.net/gora/haneggkogel/28/3686
3687;Sveti Nikola;Hrvaška;Biokovo in Dalmacija;572;43,39339°N 16,93352°E;cerkev;560;21% (3015. mesto);2;1;1;;https://www.hribi.net/gora/sveti_nikola/64/3687
3688;Planinska koča Bukovac;Hrvaška;Biokovo in Dalmacija;1030;43,38244°N 16,9522°E;koča;373;17% (3174. mesto);4;1;1;;https://www.hribi.net/gora/planinska_koca_bukovac/64/3688
3689;Stražni stolp nad Eisenbergom;Avstrija, Madžarska;Hribovje vzhodno od Mure;376;46,88529°N 16,13877°E;vrh;193;12% (3384. mesto);5;2;0;;https://www.hribi.net/gora/strazni_stolp_nad_eisenbergom/138/3689
3690;Holzmannkogel;Avstrija;Hribovje vzhodno od Mure;393;46,8749°N 16,11537°E;vrh;159;10% (3438. mesto);2;6;0;;https://www.hribi.net/gora/holzmannkogel/138/3690
3691;Biokovsko oko (Šuplja stina);Hrvaška;Biokovo in Dalmacija;655;43,38101°N 16,93778°E;vrh;1100;28% (2771. mesto);3;1;1;;https://www.hribi.net/gora/biokovsko_oko_suplja_stina/64/3691
3692;Glava za Bajto;Slovenija;Julijske Alpe;2131;46,32571°N 13,74176°E;vrh;2090;33% (2574. mesto);1;4;0;;https://www.hribi.net/gora/glava_za_bajto/1/3692
3693;Bukovac;Hrvaška;Biokovo in Dalmacija;1262;43,37605°N 16,95934°E;vrh;585;22% (2996. mesto);3;1;1;;https://www.hribi.net/gora/bukovac/64/3693
3694;Planinsko zavetišče Pakline;Hrvaška;Biokovo in Dalmacija;852;43,37643°N 16,94763°E;bivak;620;22% (2975. mesto);4;1;1;;https://www.hribi.net/gora/planinsko_zavetisce_pakline/64/3694
3695;Harterberg (Hoaterberg);Avstrija;Hribovje vzhodno od Mure;1036;47,28665°N 15,38952°E;vrh;102;6% (3600. mesto);3;1;1;;https://www.hribi.net/gora/harterberg_hoaterberg/138/3695
3696;Skrivališče konjev;Slovenija;Strojna, Košenjak, Kozjak in Slovenske gorice;278;46,47032°N 16,12828°E;Vremenska napoved:;243;13% (3322. mesto);3;1;0;;https://www.hribi.net/gora/skrivalisce_konjev/162/3696
3697;Kapela sv. Družine (Runeč);Slovenija;Strojna, Košenjak, Kozjak in Slovenske gorice;311;46,46367°N 16,12936°E;cerkev;181;11% (3401. mesto);3;2;0;;https://www.hribi.net/gora/kapela_sv_druzine_runec/162/3697
3698;Hochtrötsch (Trötsch);Avstrija;Hribovje vzhodno od Mure;1239;47,26021°N 15,36945°E;vrh;139;9% (3480. mesto);7;1;1;;https://www.hribi.net/gora/hochtrotsch_trotsch/138/3698
3699;Schiffall;Avstrija;Labotniške Alpe;1221;47,31222°N 15,33972°E;vrh;113;7% (3559. mesto);4;1;1;;https://www.hribi.net/gora/schiffall/28/3699
3700;Stropnik;Slovenija;Karavanke;862;46,38934°N 15,15458°E;vrh;629;23% (2965. mesto);1;1;1;;https://www.hribi.net/gora/stropnik/11/3700
3702;Sveti Peter (Nad Ajbo);Slovenija;Goriško, Notranjsko in Snežniško hribovje;260;46,10565°N 13,65186°E;vrh, cerkev;736;24% (2911. mesto);1;1;0;;https://www.hribi.net/gora/sveti_peter_nad_ajbo/26/3702
3703;Sveti Štefan (Turje);Slovenija;Posavsko hribovje in Dolenjska;598;46,12889°N 15,15193°E;cerkev;671;23% (2936. mesto);4;1;0;;https://www.hribi.net/gora/sveti_stefan_turje/25/3703
3704;Vrhe (pri Gorah);Slovenija;Posavsko hribovje in Dolenjska;781;46,11712°N 15,13272°E;vrh;740;24% (2909. mesto);3;3;0;;https://www.hribi.net/gora/vrhe_pri_gorah/25/3704
3705;Kuhriegel (Dobrač);Avstrija;Ziljske Alpe;2166;;vrh;4;0% (3817. mesto);0;0;0;;https://www.hribi.net/gora/_kuhriegel_dobrac_/31/3705
3706;Cerkev Lurške Matere Božje (Lurd);Slovenija;Posavsko hribovje in Dolenjska;300;46,12721°N 15,18883°E;cerkev;520;21% (3040. mesto);1;1;0;1;https://www.hribi.net/gora/cerkev_lurske_matere_bozje_lurd/25/3706
3707;Stražnik;Slovenija;Posavsko hribovje in Dolenjska;648;46,11011°N 15,20031°E;vrh;3820;39% (2334. mesto);8;1;0;;https://www.hribi.net/gora/straznik/25/3707
3708;Kogel (Litmerk);Slovenija;Strojna, Košenjak, Kozjak in Slovenske gorice;330;46,44082°N 16,153°E;vrh;243;13% (3323. mesto);4;2;0;;https://www.hribi.net/gora/kogel_litmerk/162/3708
3709;Kreuzkogel;Avstrija;Labotniške Alpe;1181;47,31428°N 15,34457°E;vrh;187;11% (3393. mesto);4;2;2;;https://www.hribi.net/gora/kreuzkogel/28/3709
3710;Severjev grič;Slovenija;Polhograjsko hribovje in Ljubljana;401;46,06601°N 14,31655°E;vrh;429;19% (3120. mesto);8;1;0;;https://www.hribi.net/gora/severjev_gric/5/3710
3711;Tolsti vrh (na Kozjaku);Avstrija, Slovenija;Strojna, Košenjak, Kozjak in Slovenske gorice;756;46,65185°N 15,3759°E;vrh;553;21% (3018. mesto);3;4;0;;https://www.hribi.net/gora/tolsti_vrh_na_kozjaku/162/3711
3712;Veliko Kozje;Slovenija;Posavsko hribovje in Dolenjska;993;;vrh, koča;10;1% (3799. mesto);4;0;5;;https://www.hribi.net/gora/veliko_kozje/25/3712
3713;Odomovo jezero;Slovenija;Strojna, Košenjak, Kozjak in Slovenske gorice;661;46,64439°N 15,36701°E;jezero;1430;30% (2697. mesto);8;1;0;;https://www.hribi.net/gora/odomovo_jezero/162/3713
3714;Stropnica;Slovenija;Karavanke;880;46,39223°N 15,15122°E;vrh;641;23% (2950. mesto);2;2;3;;https://www.hribi.net/gora/stropnica/11/3714
3715;Olperer;Avstrija;Zillertalske Alpe;3476;47,0531°N 11,65857°E;vrh;752;24% (2901. mesto);0;0;0;;https://www.hribi.net/gora/olperer/54/3715
3716;Grilov vrh;Slovenija;Strojna, Košenjak, Kozjak in Slovenske gorice;835;46,58362°N 15,42143°E;vrh;2390;34% (2519. mesto);5;2;0;;https://www.hribi.net/gora/grilov_vrh/162/3716
3717;Turška peč;Slovenija;Strojna, Košenjak, Kozjak in Slovenske gorice;612;46,58464°N 15,41073°E;vrh;561;21% (3012. mesto);2;2;0;;https://www.hribi.net/gora/turska_pec/162/3717
3718;Cerkev sv. Mihaela na Šmihelu;Slovenija;Posavsko hribovje in Dolenjska;442;46,15727°N 15,22368°E;vrh, cerkev;967;27% (2811. mesto);4;2;0;;https://www.hribi.net/gora/cerkev_sv_mihaela_na_smihelu/25/3718
3719;Predigtstuhl;Avstrija;Labotniške Alpe;853;47,3542°N 15,32372°E;vrh;111;7% (3563. mesto);5;1;1;;https://www.hribi.net/gora/predigtstuhl/28/3719
3720;Sveta Katarina (Kuretno);Slovenija;Posavsko hribovje in Dolenjska;419;46,15522°N 15,20935°E;cerkev;381;17% (3169. mesto);4;1;0;;https://www.hribi.net/gora/sveta_katarina_kuretno/25/3720
3721;Lovski dom na Govcah;Slovenija;Posavsko hribovje in Dolenjska;565;46,15678°N 15,17389°E;koča;470;20% (3082. mesto);2;4;0;;https://www.hribi.net/gora/lovski_dom_na_govcah/25/3721
3722;Pfaffenkogel;Avstrija;Labotniške Alpe;734;47,16551°N 15,30956°E;vrh;100;6% (3606. mesto);7;1;1;;https://www.hribi.net/gora/pfaffenkogel/28/3722
3725;Tupla jama;Slovenija;Goriško, Notranjsko in Snežniško hribovje;450;45,68005°N 13,91111°E;Vremenska napoved:;541;21% (3027. mesto);4;1;0;;https://www.hribi.net/gora/tupla_jama/26/3725
3726;Pastirska kapelica;Slovenija;Posavsko hribovje in Dolenjska;640;46,15801°N 15,17265°E;cerkev;291;15% (3266. mesto);2;2;0;;https://www.hribi.net/gora/pastirska_kapelica/25/3726
3727;Tabor (nad Črnučami);Slovenija;Polhograjsko hribovje in Ljubljana;370;46,10287°N 14,52052°E;vrh;778;25% (2888. mesto);2;1;0;;https://www.hribi.net/gora/tabor_nad_crnucami/5/3727
3728;Cerkev sv. Krištofa na Gramnu;Slovenija;Posavsko hribovje in Dolenjska;324;46,14996°N 15,22994°E;vrh, cerkev;300;15% (3254. mesto);3;1;0;;https://www.hribi.net/gora/cerkev_sv_kristofa_na_gramnu/25/3728
3730;Crnopac;Hrvaška;Velebit;1404;44,25202°N 15,83622°E;vrh;1380;29% (2706. mesto);14;1;0;;https://www.hribi.net/gora/crnopac/30/3730
3733;Sveti Rok (otok Iž);Hrvaška;Jadranski otoki;50;44,05722°N 15,10266°E;vrh, cerkev;428;19% (3122. mesto);4;1;0;;https://www.hribi.net/gora/sveti_rok_otok_iz/63/3733
3734;Lovsko zavetišče LD Mala Nedelja;Slovenija;Strojna, Košenjak, Kozjak in Slovenske gorice;215;46,52068°N 16,10702°E;koča;175;11% (3414. mesto);1;1;0;;https://www.hribi.net/gora/lovsko_zavetisce_ld_mala_nedelja/162/3734
3737;Korinjak;Hrvaška;Jadranski otoki;168;44,05859°N 15,09496°E;vrh;799;25% (2876. mesto);6;1;0;1;https://www.hribi.net/gora/korinjak/63/3737
3738;Planinsko zavetišče Crnopac;Hrvaška;Velebit;1137;44,26379°N 15,83215°E;bivak;640;23% (2952. mesto);5;2;0;;https://www.hribi.net/gora/planinsko_zavetisce_crnopac_/30/3738
3739;Sveta Trojica (Mala Nedelja);Slovenija;Strojna, Košenjak, Kozjak in Slovenske gorice;280;46,52324°N 16,0552°E;vrh, cerkev;426;18% (3125. mesto);5;1;0;;https://www.hribi.net/gora/sveta_trojica_mala_nedelja/162/3739
3740;Zeleno okno;Slovenija;Strojna, Košenjak, Kozjak in Slovenske gorice;325;46,51997°N 16,02422°E;vrh;344;16% (3209. mesto);4;3;0;;https://www.hribi.net/gora/zeleno_okno/162/3740
3742;Krčmar;Hrvaška;Dinara in Lika;773;44,57069°N 15,2929°E;vrh;318;16% (3237. mesto);7;2;0;;https://www.hribi.net/gora/krcmar/62/3742
3743;Ledenik pod Skuto;Slovenija;Kamniško Savinjske Alpe;2120;46,36467°N 14,55978°E;vrh;1490;30% (2687. mesto);0;0;0;;https://www.hribi.net/gora/ledenik_pod_skuto/3/3743
3744;Vražji Stolček;Hrvaška;Gorjanci, Medvednica in Medžimurje;280;46,22101°N 16,2086°E;vrh;394;18% (3155. mesto);1;2;0;;https://www.hribi.net/gora/vrazji_stolcek/61/3744
3747;Bili kuk;Hrvaška;Velebit;1171;44,2625°N 15,83979°E;vrh;1220;29% (2739. mesto);5;4;0;;https://www.hribi.net/gora/bili_kuk/30/3747
3748;Großer Hirschenstein;Avstrija;Hribovje vzhodno od Mure;862;47,34542°N 16,37901°E;vrh;117;7% (3548. mesto);3;3;0;;https://www.hribi.net/gora/grosser_hirschenstein/138/3748
3749;Ribnika Devin v Ošelju;Slovenija;Pohorje, Dravinjske gorice in Haloze;812;46,44593°N 15,51313°E;jezero;327;16% (3226. mesto);6;2;0;;https://www.hribi.net/gora/ribnika_devin_v_oselju/4/3749
3750;Ribnik zahodno od Ošelja;Slovenija;Pohorje, Dravinjske gorice in Haloze;824;46,4446°N 15,50367°E;jezero;378;17% (3171. mesto);4;2;0;;https://www.hribi.net/gora/ribnik_zahodno_od_oselja/4/3750
3751;Partizanska bolnišnica Jesen;Slovenija;Pohorje, Dravinjske gorice in Haloze;1035;46,4572°N 15,46245°E;Vremenska napoved:;1290;29% (2722. mesto);8;3;0;;https://www.hribi.net/gora/partizanska_bolnisnica_jesen/4/3751
3752;Kita Gaćešina;Hrvaška;Velebit;1227;44,27142°N 15,83934°E;vrh;728;24% (2918. mesto);10;6;0;;https://www.hribi.net/gora/kita_gacesina/30/3752
3755;Stuhleck;Avstrija;Hribovje vzhodno od Mure;1782;47,57415°N 15,78995°E;vrh, koča, planina;1310;29% (2719. mesto);9;4;0;;https://www.hribi.net/gora/stuhleck/138/3755
3756;Grazer Stuhleck;Avstrija;Hribovje vzhodno od Mure;1635;47,55844°N 15,76369°E;vrh;298;15% (3255. mesto);2;4;0;;https://www.hribi.net/gora/grazer_stuhleck/138/3756
3757;Geiereck;Avstrija;Hribovje vzhodno od Mure;1644;47,55435°N 15,75082°E;vrh;212;12% (3365. mesto);2;4;0;;https://www.hribi.net/gora/geiereck/138/3757
3758;Peter-Bergner-Warte (Pretul);Avstrija;Hribovje vzhodno od Mure;1656;47,54975°N 15,74382°E;vrh;218;12% (3354. mesto);7;4;0;;https://www.hribi.net/gora/peter-bergner-warte_pretul/138/3758
3759;Roseggerhaus;Avstrija;Hribovje vzhodno od Mure;1586;47,54577°N 15,73958°E;koča, planina;210;12% (3369. mesto);7;5;0;;https://www.hribi.net/gora/roseggerhaus/138/3759
3760;Amundsenhöhe;Avstrija;Hribovje vzhodno od Mure;1666;47,55163°N 15,73162°E;vrh;240;13% (3328. mesto);6;4;0;;https://www.hribi.net/gora/amundsenhohe/138/3760
3761;Moschkogelhütte;Avstrija;Hribovje vzhodno od Mure;1582;47,55904°N 15,74554°E;koča, planina;142;9% (3473. mesto);1;4;0;;https://www.hribi.net/gora/moschkogelhutte/138/3761
3762;Grabmayr-Kogel;Avstrija;Hribovje vzhodno od Mure;1495;47,56761°N 15,82144°E;vrh;120;8% (3539. mesto);2;2;0;;https://www.hribi.net/gora/grabmayr-kogel/138/3762
3763;Großer Pfaff;Avstrija;Hribovje vzhodno od Mure;1555;47,56201°N 15,82618°E;vrh;165;11% (3426. mesto);5;3;0;;https://www.hribi.net/gora/grosser_pfaff/138/3763
3764;Kleiner Pfaff;Avstrija;Hribovje vzhodno od Mure;1539;47,56568°N 15,82131°E;vrh;115;7% (3553. mesto);6;2;0;;https://www.hribi.net/gora/kleiner_pfaff/138/3764
3765;Jezero Haršaš / Hársas tó;Madžarska;Zahodna Madžarska;233;46,93388°N 16,31287°E;koča, jezero;266;14% (3292. mesto);10;3;0;;https://www.hribi.net/gora/jezero_harsas___harsas_to/132/3765
3766;Kapela Brenner / Brenner Kápolna;Madžarska;Zahodna Madžarska;264;46,9432°N 16,28806°E;cerkev;98;6% (3611. mesto);8;2;0;;https://www.hribi.net/gora/kapela_brenner___brenner_kapolna/132/3766
3767;Mrzli vrh;Slovenija;Kamniško Savinjske Alpe;2094;46,37565°N 14,56918°E;vrh;1570;30% (2667. mesto);2;0;1;;https://www.hribi.net/gora/mrzli_vrh/3/3767
3768;Ainos (Kefalonija);Grčija;Grški otoki;1628;38,13658°N 20,671°E;vrh;641;23% (2961. mesto);4;1;0;;https://www.hribi.net/gora/ainos_kefalonija/150/3768
3769;Kluže;Slovenija;Pohorje, Dravinjske gorice in Haloze;496;46,5295°N 15,48838°E;vrh;423;18% (3134. mesto);2;1;0;;https://www.hribi.net/gora/kluze/4/3769
3770;Globokarjev vrh;Slovenija;Pohorje, Dravinjske gorice in Haloze;616;46,52814°N 15,46586°E;vrh;343;16% (3211. mesto);2;1;0;;https://www.hribi.net/gora/globokarjev_vrh/4/3770
3771;Sveta Marija (Smolnik);Slovenija;Pohorje, Dravinjske gorice in Haloze;860;46,51014°N 15,4464°E;cerkev;309;15% (3249. mesto);1;2;0;;https://www.hribi.net/gora/sveta_marija_smolnik/4/3771
3772;Sveti Janez Krstnik (Šentjanž nad Dravčami);Slovenija;Pohorje, Dravinjske gorice in Haloze;655;46,57975°N 15,13175°E;vrh, cerkev;324;16% (3230. mesto);3;1;0;;https://www.hribi.net/gora/sveti_janez_krstnik_sentjanz_nad_dravcami/4/3772
3773;Koča Planinc;Slovenija;Pohorje, Dravinjske gorice in Haloze;1010;46,53174°N 15,17228°E;koča;2750;36% (2460. mesto);11;3;3;;https://www.hribi.net/gora/koca_planinc/4/3773
3774;Sveti Primož (Sveti Primož na Pohorju);Slovenija;Pohorje, Dravinjske gorice in Haloze;667;46,55803°N 15,16469°E;vrh, cerkev;651;23% (2946. mesto);5;1;0;;https://www.hribi.net/gora/sveti_primoz_sveti_primoz_na_pohorju/4/3774
3775;Sedovnikov vrh;Slovenija;Pohorje, Dravinjske gorice in Haloze;942;46,53603°N 15,16158°E;vrh;476;20% (3075. mesto);1;1;0;;https://www.hribi.net/gora/sedovnikov_vrh/4/3775
3776;Jausenstation Charly's Hütte;Avstrija;Labotniške Alpe;1094;46,68781°N 15,02893°E;koča, jezero;315;15% (3241. mesto);1;1;0;;https://www.hribi.net/gora/jausenstation_charlys_hutte/28/3776
3777;St. Vinzenz (St. Vinzenz);Avstrija;Labotniške Alpe;1083;46,69617°N 15,01377°E;jezero, cerkev;241;13% (3326. mesto);3;1;0;;https://www.hribi.net/gora/st_vinzenz_st_vinzenz/28/3777
3778;Dreieckhütte;Avstrija;Labotniške Alpe;1452;46,71668°N 15,04482°E;koča, planina, sedlo, cerkev;283;14% (3278. mesto);10;1;0;;https://www.hribi.net/gora/dreieckhutte/28/3778
3779;Dreieckkogel;Avstrija;Labotniške Alpe;1528;46,72155°N 15,04165°E;vrh;441;19% (3108. mesto);4;1;0;;https://www.hribi.net/gora/dreieckkogel/28/3779
3780;Kleinalpl;Avstrija;Labotniške Alpe;1759;46,7412°N 14,98684°E;vrh;163;10% (3430. mesto);3;2;0;;https://www.hribi.net/gora/kleinalpl/28/3780
3781;Planinsko zavetišče Martinova Košara;Hrvaška;Dinara in Lika;1287;44,03961°N 16,40609°E;bivak;216;12% (3358. mesto);9;1;0;;https://www.hribi.net/gora/planinsko_zavetisce_martinova_kosara/62/3781
3783;Planinsko zavetišče Glavaš;Hrvaška;Dinara in Lika;550;44,01136°N 16,41923°E;bivak;205;12% (3371. mesto);3;1;0;;https://www.hribi.net/gora/planinsko_zavetisce_glavas/62/3783
3784;Gundisch Hütte;Avstrija;Labotniške Alpe;1435;46,72461°N 15,00276°E;koča, planina;124;8% (3525. mesto);4;0;0;;https://www.hribi.net/gora/gundisch_hutte/28/3784
3785;Steinberger Hütte;Avstrija;Labotniške Alpe;1550;46,73098°N 14,99612°E;koča, planina;117;7% (3549. mesto);5;0;0;;https://www.hribi.net/gora/steinberger_hutte/28/3785
3786;Weinhofen;Avstrija;Labotniške Alpe;1726;46,83528°N 15,01459°E;vrh;137;9% (3485. mesto);3;1;0;;https://www.hribi.net/gora/weinhofen/28/3786
3787;Brandhöhe;Avstrija;Labotniške Alpe;1886;46,82748°N 14,99548°E;vrh;142;9% (3474. mesto);3;1;0;;https://www.hribi.net/gora/brandhohe/28/3787
3788;Moschkogel;Avstrija;Labotniške Alpe;1916;46,82321°N 14,9926°E;vrh;332;16% (3222. mesto);7;2;0;;https://www.hribi.net/gora/moschkogel/28/3788
3789;Bernsteinhütte;Avstrija;Labotniške Alpe;1559;46,99871°N 14,9164°E;koča, planina;158;10% (3439. mesto);2;3;0;;https://www.hribi.net/gora/bernsteinhutte/28/3789
3790;Hirschegger Alm (južni vrh);Avstrija;Labotniške Alpe;1767;47,00794°N 14,89391°E;vrh;146;10% (3462. mesto);4;4;0;;https://www.hribi.net/gora/hirschegger_alm_juzni_vrh/28/3790
3794;Orlov kuk (Orlov kamen);Hrvaška;Velebit;1218;44,26542°N 15,82698°E;vrh;767;24% (2894. mesto);6;2;0;;https://www.hribi.net/gora/orlov_kuk_orlov_kamen/30/3794
3795;Hirschegger Alm (severni vrh);Avstrija;Labotniške Alpe;1871;47,01956°N 14,87649°E;vrh;137;9% (3486. mesto);1;4;0;;https://www.hribi.net/gora/hirschegger_alm_severni_vrh/28/3795
3796;Peterer Riegel;Avstrija;Labotniške Alpe;1967;47,03833°N 14,8404°E;vrh;238;13% (3333. mesto);13;9;0;;https://www.hribi.net/gora/peterer_riegel/28/3796
3797;Saureishütte;Avstrija;Labotniške Alpe;1620;47,02508°N 14,885°E;koča;90;5% (3636. mesto);3;2;0;;https://www.hribi.net/gora/saureishutte/28/3797
3798;Seinerkreuz;Avstrija;Labotniške Alpe;1779;47,02898°N 14,88134°E;vrh;119;8% (3540. mesto);7;2;0;;https://www.hribi.net/gora/seinerkreuz/28/3798
3799;Unterauerlinger Hütte;Avstrija;Labotniške Alpe;1438;46,99871°N 14,9164°E;koča, planina, cerkev;83;5% (3658. mesto);3;1;0;;https://www.hribi.net/gora/unterauerlinger_hutte/28/3799
3800;Knödelhütte;Avstrija;Labotniške Alpe;1407;46,99082°N 14,94195°E;koča, planina;84;5% (3651. mesto);3;1;0;;https://www.hribi.net/gora/knodelhutte/28/3800
3801;Rosseben;Avstrija;Labotniške Alpe;1710;47,05625°N 14,86523°E;vrh, planina;109;7% (3571. mesto);4;1;0;;https://www.hribi.net/gora/rosseben/28/3801
3802;Hofhütte;Avstrija;Labotniške Alpe;1746;47,04971°N 14,81652°E;planina;131;9% (3499. mesto);2;3;0;;https://www.hribi.net/gora/hofhutte/28/3802
3803;Häuslalmhütte;Avstrija;Severne apneniške Alpe;1526;47,58931°N 15,07555°E;koča, sedlo;109;7% (3575. mesto);6;1;0;;https://www.hribi.net/gora/hauslalmhutte/59/3803
3804;Buchbergkogel;Avstrija;Severne apneniške Alpe;1700;47,58451°N 15,0803°E;vrh;135;9% (3492. mesto);5;1;0;;https://www.hribi.net/gora/buchbergkogel/59/3804
3805;Sackwiesenalm;Avstrija;Severne apneniške Alpe;1458;47,5888°N 15,06868°E;koča, planina;131;8% (3518. mesto);8;1;0;;https://www.hribi.net/gora/sackwiesenalm/59/3805
3806;Sackwiesensee;Avstrija;Severne apneniške Alpe;1414;47,59118°N 15,06227°E;jezero, planina;147;10% (3459. mesto);8;1;0;;https://www.hribi.net/gora/sackwiesensee/59/3806
3807;Steinschneider;Avstrija;Labotniške Alpe;2070;46,79432°N 14,95827°E;vrh;298;15% (3256. mesto);2;6;0;;https://www.hribi.net/gora/steinschneider/28/3807
3809;Planinsko zavetišče Drago Grubać;Hrvaška;Dinara in Lika;1645;44,04366°N 16,38703°E;bivak;432;19% (3116. mesto);9;1;0;;https://www.hribi.net/gora/planinsko_zavetisce_drago_grubac/62/3809
3810;Planinski dom Orlove stine;Hrvaška;Biokovo in Dalmacija;1065;43,76981°N 16,52414°E;koča, bivak, sedlo;241;13% (3329. mesto);5;1;0;;https://www.hribi.net/gora/planinski_dom_orlove_stine_/64/3810
3811;Orlove stine;Hrvaška;Biokovo in Dalmacija;1139;43,77269°N 16,52534°E;vrh;396;18% (3154. mesto);7;4;0;;https://www.hribi.net/gora/orlove_stine/64/3811
3812;Umac (pri Svilaji);Hrvaška;Biokovo in Dalmacija;1117;43,77951°N 16,5128°E;vrh;198;12% (3380. mesto);9;2;0;;https://www.hribi.net/gora/umac_pri_svilaji/64/3812
3814;Svilaja;Hrvaška;Biokovo in Dalmacija;1509;43,79064°N 16,48499°E;vrh;1170;28% (2750. mesto);7;2;0;;https://www.hribi.net/gora/svilaja/64/3814
3815;Brunarica Krmiše;Slovenija;Karavanke;960;46,48902°N 13,84529°E;koča;1770;31% (2630. mesto);3;1;0;1;https://www.hribi.net/gora/brunarica_krmise/11/3815
3816;Planinska koča Promina;Hrvaška;Biokovo in Dalmacija;850;43,90909°N 16,17169°E;koča;190;12% (3390. mesto);5;1;0;;https://www.hribi.net/gora/planinska_koca_promina/64/3816
3817;Hegyesd;Madžarska;Zahodna Madžarska;281;46,91388°N 17,51151°E;vrh;118;8% (3543. mesto);4;2;0;;https://www.hribi.net/gora/hegyesd/132/3817
3818;Čavnovka (Promina);Hrvaška;Biokovo in Dalmacija;1148;43,92461°N 16,16985°E;vrh;401;18% (3149. mesto);16;4;0;;https://www.hribi.net/gora/cavnovka_promina/64/3818
3819;Csobánc;Madžarska;Zahodna Madžarska;376;46,87116°N 17,50395°E;vrh;186;11% (3394. mesto);2;1;0;;https://www.hribi.net/gora/csobanc/132/3819
3820;Osobac;Bosna in Hercegovina;Hercegovina;2024;43,54923°N 17,94034°E;vrh;521;21% (3039. mesto);3;1;0;;https://www.hribi.net/gora/osobac/65/3820
3821;Škrbinjek;Slovenija;Julijske Alpe;1341;46,46621°N 13,77279°E;vrh;2380;34% (2522. mesto);3;1;0;;https://www.hribi.net/gora/skrbinjek/1/3821
3822;Messnerin;Avstrija;Severne apneniške Alpe;1835;47,55968°N 15,08527°E;vrh;436;19% (3115. mesto);6;2;0;;https://www.hribi.net/gora/messnerin/59/3822
3823;Kamplriedel (Blick zum grünen See);Avstrija;Severne apneniške Alpe;1030;47,54576°N 15,07128°E;Vremenska napoved:;130;9% (3503. mesto);3;2;0;;https://www.hribi.net/gora/kamplriedel_blick_zum_grunen_see/59/3823
3824;Zeleno jezero / Grüner See;Avstrija;Severne apneniške Alpe;776;47,54107°N 15,05577°E;jezero;452;19% (3097. mesto);12;1;0;;https://www.hribi.net/gora/zeleno_jezero___gruner_see/59/3824
3826;Čardak (Tremzina);Hrvaška;Velebit;1173;44,24298°N 15,95159°E;vrh;239;13% (3330. mesto);7;1;0;;https://www.hribi.net/gora/cardak_tremzina/30/3826
3830;Oklinak;Hrvaška;Velebit;1186;44,23923°N 15,96158°E;vrh;291;15% (3267. mesto);10;1;0;;https://www.hribi.net/gora/oklinak/30/3830
3831;Florhütte;Avstrija;Severne apneniške Alpe;1284;47,61527°N 15,21026°E;koča;110;7% (3566. mesto);6;1;0;;https://www.hribi.net/gora/florhutte/59/3831
3832;Voisthalerhütte;Avstrija;Severne apneniške Alpe;1654;47,61218°N 15,18061°E;vrh, koča;144;9% (3470. mesto);3;1;0;;https://www.hribi.net/gora/voisthalerhutte/59/3832
3833;Schiestelhaus;Avstrija;Severne apneniške Alpe;2156;47,62209°N 15,14915°E;koča;176;11% (3410. mesto);5;3;0;;https://www.hribi.net/gora/schiestelhaus/59/3833
3834;Planinski dom Klek;Hrvaška;Gorski Kotar in Istra;1000;45,25728°N 15,14431°E;koča;930;26% (2829. mesto);5;1;0;;https://www.hribi.net/gora/planinski_dom_klek/33/3834
3835;Klečica;Hrvaška;Gorski Kotar in Istra;1058;45,26761°N 15,14122°E;vrh;580;22% (3000. mesto);7;1;0;;https://www.hribi.net/gora/klecica/33/3835
3838;Stožac;Hrvaška;Gorski Kotar in Istra;809;45,23786°N 15,18427°E;vrh, bivak;304;15% (3250. mesto);8;1;0;;https://www.hribi.net/gora/stozac/33/3838
3839;Kleiner Hochschwab;Avstrija;Severne apneniške Alpe;2248;47,61825°N 15,14633°E;vrh;205;12% (3372. mesto);5;1;0;;https://www.hribi.net/gora/kleiner_hochschwab/59/3839
3840;Hochschwab;Avstrija;Severne apneniške Alpe;2277;47,61821°N 15,14244°E;vrh;1270;29% (2728. mesto);11;4;0;;https://www.hribi.net/gora/hochschwab/59/3840
3841;Edelweißhütte am Schneeberg;Avstrija;Severne apneniške Alpe;1235;47,79178°N 15,81498°E;koča, planina;108;7% (3581. mesto);3;1;0;;https://www.hribi.net/gora/edelweisshutte_am_schneeberg/59/3841
3842;Almreserlhaus;Avstrija;Severne apneniške Alpe;1222;47,79497°N 15,81652°E;koča, planina, sedlo;81;4% (3670. mesto);5;1;0;;https://www.hribi.net/gora/almreserlhaus/59/3842
3843;Sparbacherhütte;Avstrija;Severne apneniške Alpe;1248;47,79217°N 15,81363°E;koča, planina;84;4% (3659. mesto);2;1;0;;https://www.hribi.net/gora/sparbacherhutte/59/3843
3844;Heinrich-Krempel-Hütte;Avstrija;Severne apneniške Alpe;1561;47,7748°N 15,7893°E;koča;95;5% (3624. mesto);1;1;0;;https://www.hribi.net/gora/heinrich-krempel-hutte/59/3844
3845;Fischerhütte (Schneeberg);Avstrija;Severne apneniške Alpe;2049;47,77245°N 15,80984°E;koča;134;9% (3494. mesto);2;1;0;;https://www.hribi.net/gora/fischerhutte_schneeberg/59/3845
3846;Kaiserstein (Schneeberg);Avstrija;Severne apneniške Alpe;2061;47,77338°N 15,80986°E;vrh;217;12% (3359. mesto);3;1;0;;https://www.hribi.net/gora/kaiserstein_schneeberg/59/3846
3848;Sveti Miklavž (Koritno);Slovenija;Pohorje, Dravinjske gorice in Haloze;678;46,4024°N 15,43488°E;cerkev;264;14% (3295. mesto);2;1;0;;https://www.hribi.net/gora/sveti_miklavz_koritno/4/3848
3849;Sveti Lenart (Koritno);Slovenija;Pohorje, Dravinjske gorice in Haloze;745;46,40786°N 15,42786°E;cerkev;251;13% (3319. mesto);3;1;0;;https://www.hribi.net/gora/sveti_lenart_koritno/4/3849
3850;Koča na Jurgovem;Slovenija;Pohorje, Dravinjske gorice in Haloze;1430;46,45305°N 15,35542°E;koča;1810;32% (2621. mesto);2;3;0;;https://www.hribi.net/gora/koca_na_jurgovem/4/3850
3851;Izvir Dravinje;Slovenija;Pohorje, Dravinjske gorice in Haloze;1460;46,45241°N 15,33528°E;Vremenska napoved:;2440;34% (2510. mesto);2;3;0;;https://www.hribi.net/gora/izvir_dravinje/4/3851
3852;Cerkev Jezusove spremenitve na gori (Rogla);Slovenija;Pohorje, Dravinjske gorice in Haloze;1474;46,45366°N 15,33546°E;cerkev;1630;31% (2652. mesto);4;3;0;1;https://www.hribi.net/gora/cerkev_jezusove_spremenitve_na_gori_rogla/4/3852
3853;Hotel Tisa (Poštarski dom);Slovenija;Pohorje, Dravinjske gorice in Haloze;912;46,49876°N 15,56664°E;koča;1680;31% (2647. mesto);2;3;0;;https://www.hribi.net/gora/hotel_tisa_postarski_dom/4/3853
3854;Kranichberger Schwaig;Avstrija;Hribovje vzhodno od Mure;1530;47,56379°N 15,90456°E;koča, planina;79;4% (3680. mesto);2;1;0;;https://www.hribi.net/gora/kranichberger_schwaig/138/3854
3855;Arabichl;Avstrija;Hribovje vzhodno od Mure;1595;47,56366°N 15,91392°E;vrh;163;10% (3431. mesto);4;3;0;;https://www.hribi.net/gora/arabichl/138/3855
3856;Schöberlriegel;Avstrija;Hribovje vzhodno od Mure;1704;47,55418°N 15,90259°E;vrh;215;12% (3361. mesto);1;3;0;;https://www.hribi.net/gora/schoberlriegel/138/3856
3857;Umschussriegel;Avstrija;Hribovje vzhodno od Mure;1720;47,54619°N 15,90178°E;vrh;184;11% (3398. mesto);4;3;0;;https://www.hribi.net/gora/umschussriegel/138/3857
3858;Visoki Pipar;Italija;Julijske Alpe;2069;46,4732°N 13,43532°E;vrh;5960;43% (2195. mesto);10;2;0;;https://www.hribi.net/gora/visoki_pipar/1/3858
3859;Harterkogel;Avstrija;Hribovje vzhodno od Mure;1523;47,56359°N 15,84097°E;vrh;107;6% (3582. mesto);3;2;0;;https://www.hribi.net/gora/harterkogel/138/3859
3860;Alpengasthof Scheikl;Avstrija;Severne apneniške Alpe;1154;47,63232°N 15,42492°E;koča, planina;76;4% (3691. mesto);4;1;0;;https://www.hribi.net/gora/alpengasthof_scheikl/59/3860
3861;Graf-Meran-Haus;Avstrija;Severne apneniške Alpe;1836;47,64467°N 15,4093°E;koča;123;8% (3529. mesto);7;3;0;;https://www.hribi.net/gora/graf-meran-haus/59/3861
3862;Hohe Veitsch;Avstrija;Severne apneniške Alpe;1981;47,64862°N 15,40572°E;vrh;467;19% (3085. mesto);12;4;0;;https://www.hribi.net/gora/hohe_veitsch/59/3862
3863;Schalleralm;Avstrija;Severne apneniške Alpe;1332;47,63521°N 15,41185°E;koča, planina;79;4% (3681. mesto);7;2;0;;https://www.hribi.net/gora/schalleralm/59/3863
3864;Sv. Lenart (pri Soboti) / St. Leonhard (bei Soboth);Avstrija;Labotniške Alpe;1155;46,67997°N 15,04415°E;sedlo, cerkev;438;19% (3113. mesto);8;2;0;;https://www.hribi.net/gora/sv_lenart_pri_soboti___st_leonhard_bei_soboth/28/3864
3865;Untere Holdahütte;Avstrija;Hribovje vzhodno od Mure;1282;47,46837°N 15,64317°E;planina;103;6% (3598. mesto);7;3;0;;https://www.hribi.net/gora/untere_holdahutte/138/3865
3866;Teufelsteinalm;Avstrija;Hribovje vzhodno od Mure;1390;47,45997°N 15,62107°E;planina;87;5% (3645. mesto);2;4;0;;https://www.hribi.net/gora/teufelsteinalm/138/3866
3867;Teufelstein;Avstrija;Hribovje vzhodno od Mure;1498;47,46544°N 15,62034°E;vrh;180;11% (3403. mesto);9;4;0;;https://www.hribi.net/gora/teufelstein/138/3867
3868;Edelweißhütte auf der Waldtonialm;Avstrija;Hribovje vzhodno od Mure;1189;47,47635°N 15,66245°E;koča, planina;114;7% (3555. mesto);9;2;0;;https://www.hribi.net/gora/edelweisshutte_auf_der_waldtonialm/138/3868
3870;Tyrnauer Almhütte;Avstrija;Hribovje vzhodno od Mure;1318;47,34091°N 15,42789°E;koča, planina;129;8% (3509. mesto);6;2;0;;https://www.hribi.net/gora/tyrnauer_almhutte/138/3870
3871;Sveti večer;Slovenija;Posavsko hribovje in Dolenjska;516;46,02708°N 14,81168°E;vrh;211;12% (3366. mesto);0;0;2;;https://www.hribi.net/gora/sveti_vecer_/25/3871
3872;Gerlerkogel;Avstrija;Hribovje vzhodno od Mure;1324;47,33324°N 15,46536°E;vrh;129;8% (3510. mesto);5;4;1;;https://www.hribi.net/gora/gerlerkogel/138/3872
3873;Plankogel;Avstrija;Hribovje vzhodno od Mure;1531;47,35498°N 15,55815°E;vrh;312;15% (3245. mesto);7;7;0;;https://www.hribi.net/gora/plankogel/138/3873
3874;Sommeralm;Avstrija;Hribovje vzhodno od Mure;1404;47,34473°N 15,55236°E;planina, sedlo, cerkev;203;12% (3373. mesto);3;7;0;;https://www.hribi.net/gora/sommeralm/138/3874
3875;Bründlkogel;Avstrija;Hribovje vzhodno od Mure;1436;47,33377°N 15,5545°E;vrh;138;9% (3483. mesto);4;3;0;;https://www.hribi.net/gora/brundlkogel/138/3875
3876;Osser;Avstrija;Hribovje vzhodno od Mure;1548;47,34422°N 15,50106°E;vrh;178;11% (3406. mesto);6;4;0;;https://www.hribi.net/gora/osser/138/3876
3877;Haberlstall Alm;Avstrija;Hribovje vzhodno od Mure;1348;47,36521°N 15,53357°E;koča, planina, sedlo;122;8% (3531. mesto);4;5;0;;https://www.hribi.net/gora/haberlstall_alm/138/3877
3878;Zechnerschlag (Rohregg);Avstrija;Hribovje vzhodno od Mure;1434;47,36954°N 15,53571°E;vrh;97;6% (3616. mesto);4;5;0;;https://www.hribi.net/gora/zechnerschlag_rohregg/138/3878
3879;Generalkogel;Avstrija;Labotniške Alpe;713;47,09817°N 15,32459°E;vrh;129;8% (3511. mesto);5;1;1;;https://www.hribi.net/gora/generalkogel/28/3879
3881;Frauenkogel;Avstrija;Labotniške Alpe;683;47,10687°N 15,34928°E;vrh;171;11% (3419. mesto);4;2;2;;https://www.hribi.net/gora/frauenkogel/28/3881
3882;Mitterbachkogel;Avstrija;Hribovje vzhodno od Mure;1401;47,37979°N 15,54033°E;vrh;100;6% (3607. mesto);3;1;0;;https://www.hribi.net/gora/mitterbachkogel/138/3882
3883;Hochschlag;Avstrija;Hribovje vzhodno od Mure;1580;47,40289°N 15,50482°E;vrh;107;6% (3583. mesto);6;1;0;;https://www.hribi.net/gora/hochschlag/138/3883
3884;Ljubljan;Hrvaška;Biokovo in Dalmacija;1262;43,54238°N 16,61075°E;vrh;286;15% (3273. mesto);10;1;0;;https://www.hribi.net/gora/ljubljan/64/3884
3885;Schankkogel;Avstrija;Labotniške Alpe;1049;47,23499°N 15,25382°E;vrh;90;5% (3637. mesto);3;2;2;;https://www.hribi.net/gora/schankkogel/28/3885
3886;Peseke;Slovenija;Posavsko hribovje in Dolenjska;428;46,1821°N 15,44104°E;vrh;263;14% (3298. mesto);2;1;0;;https://www.hribi.net/gora/peseke/25/3886
3887;Hochanger;Avstrija;Labotniške Alpe;1308;47,36571°N 15,26616°E;vrh;180;11% (3404. mesto);7;2;2;;https://www.hribi.net/gora/hochanger/28/3887
3892;Planinsko zavetišče Ljubljan;Hrvaška;Biokovo in Dalmacija;1080;43,54558°N 16,61116°E;bivak;188;11% (3391. mesto);7;1;0;;https://www.hribi.net/gora/planinsko_zavetisce_ljubljan/64/3892
3896;Javorska;Hrvaška;Biokovo in Dalmacija;1270;43,53568°N 16,61609°E;vrh;186;11% (3395. mesto);4;1;0;;https://www.hribi.net/gora/javorska/64/3896
3897;Rannerwandkreuz;Avstrija;Hribovje vzhodno od Mure;1085;47,35099°N 15,38322°E;vrh;97;6% (3617. mesto);3;1;1;;https://www.hribi.net/gora/rannerwandkreuz/138/3897
3898;Cerkev sv. Helene na Javorju;Slovenija;Posavsko hribovje in Dolenjska;528;46,17276°N 15,45016°E;vrh, cerkev;290;15% (3270. mesto);3;2;0;;https://www.hribi.net/gora/cerkev_sv_helene_na_javorju/25/3898
3899;Turistična kmetija Žurej;Slovenija;Posavsko hribovje in Dolenjska;313;46,16727°N 15,46849°E;koča;272;14% (3286. mesto);2;1;0;1;https://www.hribi.net/gora/turisticna_kmetija_zurej/25/3899
3900;Ranerwand;Avstrija;Hribovje vzhodno od Mure;1308;47,35572°N 15,39288°E;vrh;80;4% (3675. mesto);3;1;1;;https://www.hribi.net/gora/ranerwand/138/3900
3901;Slivniško jezero;Slovenija;Posavsko hribovje in Dolenjska;295;46,1879°N 15,44344°E;koča, jezero;932;26% (2830. mesto);9;1;0;;https://www.hribi.net/gora/slivnisko_jezero/25/3901
3902;Barofen;Avstrija;Labotniške Alpe;1720;46,88952°N 14,99305°E;vrh;145;10% (3467. mesto);6;4;0;;https://www.hribi.net/gora/barofen/28/3902
3903;Renneiskogel;Avstrija;Labotniške Alpe;1689;46,87817°N 15,00744°E;vrh;119;8% (3541. mesto);3;5;0;;https://www.hribi.net/gora/renneiskogel/28/3903
3905;Gradišče (nad Slivniškim jezerom);Slovenija;Posavsko hribovje in Dolenjska;433;46,19253°N 15,43309°E;vrh;359;17% (3193. mesto);6;2;0;;https://www.hribi.net/gora/gradisce_nad_slivniskim_jezerom/25/3905
3906;Vickov stup;Hrvaška;Biokovo in Dalmacija;1325;43,53231°N 16,62614°E;vrh, bivak;466;19% (3087. mesto);9;2;0;;https://www.hribi.net/gora/vickov_stup_/64/3906
3907;Ljubirna;Hrvaška;Biokovo in Dalmacija;1330;43,53169°N 16,62796°E;vrh;255;14% (3310. mesto);9;2;0;;https://www.hribi.net/gora/ljubirna/64/3907
3908;Gaj;Slovenija;Posavsko hribovje in Dolenjska;419;46,19147°N 15,42351°E;vrh;255;13% (3314. mesto);4;2;0;;https://www.hribi.net/gora/gaj/25/3908
3909;Sveti Urban (Gorica pri Slivnici);Slovenija;Posavsko hribovje in Dolenjska;310;46,18874°N 15,42599°E;cerkev;367;17% (3180. mesto);4;1;0;;https://www.hribi.net/gora/sveti_urban_gorica_pri_slivnici/25/3909
3910;Grad Rifnik (Raicheneck);Slovenija;Posavsko hribovje in Dolenjska;450;46,2015°N 15,40303°E;vrh;494;20% (3052. mesto);3;1;0;1;https://www.hribi.net/gora/grad_rifnik_raicheneck/25/3910
3911;Hum pri Ormožu;Slovenija;Strojna, Košenjak, Kozjak in Slovenske gorice;300;46,41512°N 16,1997°E;vrh, cerkev;541;21% (3028. mesto);2;1;0;;https://www.hribi.net/gora/hum_pri_ormozu/162/3911
3912;Kog;Slovenija;Strojna, Košenjak, Kozjak in Slovenske gorice;316;46,45586°N 16,25429°E;vrh, cerkev;430;19% (3121. mesto);4;2;1;;https://www.hribi.net/gora/kog/162/3912
3914;Planinski dom Umberto Girometta;Hrvaška;Biokovo in Dalmacija;868;43,52221°N 16,61978°E;koča;320;16% (3234. mesto);3;1;0;;https://www.hribi.net/gora/planinski_dom_umberto_girometta/64/3914
3916;Veliki Kabal;Hrvaška;Biokovo in Dalmacija;1339;43,5271°N 16,63752°E;vrh;839;25% (2861. mesto);9;1;1;;https://www.hribi.net/gora/veliki_kabal/64/3916
3917;Sveti Miklavž (Miklavž pri Ormožu);Slovenija;Strojna, Košenjak, Kozjak in Slovenske gorice;232;46,4592°N 16,21363°E;cerkev;327;16% (3227. mesto);3;1;0;;https://www.hribi.net/gora/sveti_miklavz_miklavz_pri_ormozu/162/3917
3918;Grad Podčetrtek;Slovenija;Posavsko hribovje in Dolenjska;355;46,15929°N 15,59258°E;vrh;1740;31% (2635. mesto);4;3;0;1;https://www.hribi.net/gora/grad_podcetrtek/25/3918
3919;Zavetišče Šmarnica na Mali Rudnici;Slovenija;Posavsko hribovje in Dolenjska;577;46,17089°N 15,57644°E;vrh, koča;1010;27% (2800. mesto);3;5;0;1;https://www.hribi.net/gora/zavetisce_smarnica_na_mali_rudnici/25/3919
3920;Silavec (Stolp zdravja in veselja na Rudnici);Slovenija;Posavsko hribovje in Dolenjska;622;46,16678°N 15,57177°E;vrh;2670;36% (2467. mesto);11;10;0;1;https://www.hribi.net/gora/silavec_stolp_zdravja_in_veselja_na_rudnici/25/3920
3921;Sveti Lovrenc (Podčetrtek);Slovenija;Posavsko hribovje in Dolenjska;228;46,1577°N 15,59405°E;cerkev;810;25% (2872. mesto);3;1;0;;https://www.hribi.net/gora/sveti_lovrenc_podcetrtek/25/3921
3922;Wolfstein am Wildbachsattel;Avstrija;Labotniške Alpe;1611;46,8698°N 15,00949°E;Vremenska napoved:;99;6% (3610. mesto);3;4;0;;https://www.hribi.net/gora/wolfstein_am_wildbachsattel/28/3922
3923;Jagdhaus Straßerhalt;Avstrija;Labotniške Alpe;1522;46,85595°N 14,99171°E;planina;125;8% (3526. mesto);6;3;0;;https://www.hribi.net/gora/jagdhaus_strasserhalt/28/3923
3924;Mađerkin Breg;Hrvaška;Gorjanci, Medvednica in Medžimurje;341;46,49128°N 16,26087°E;vrh;1810;32% (2622. mesto);5;1;0;;https://www.hribi.net/gora/maderkin_breg/61/3924
3925;Evangeličanska cerkev (Bodonci);Slovenija;Prekmurje;287;46,74063°N 16,08956°E;cerkev;200;12% (3376. mesto);10;2;0;;https://www.hribi.net/gora/evangelicanska_cerkev_bodonci/163/3925
3926;Sv. Marjeta na Golem;Slovenija;Goriško, Notranjsko in Snežniško hribovje;654;45,9143°N 14,55445°E;vrh, cerkev;431;19% (3118. mesto);8;1;1;2;https://www.hribi.net/gora/sv_marjeta_na_golem/26/3926
3927;Gschaidberg;Avstrija;Hribovje vzhodno od Mure;1239;47,30517°N 15,43736°E;vrh;118;7% (3544. mesto);8;4;1;;https://www.hribi.net/gora/gschaidberg/138/3927
3928;Gerlerkogelhütte;Avstrija;Hribovje vzhodno od Mure;1234;47,33172°N 15,46752°E;koča;138;9% (3484. mesto);10;4;1;;https://www.hribi.net/gora/gerlerkogelhutte/138/3928
3931;Mali vrh (Kamnik);Slovenija;Posavsko hribovje in Dolenjska;710;46,20746°N 15,13765°E;vrh;905;26% (2840. mesto);1;1;0;;https://www.hribi.net/gora/mali_vrh_kamnik/25/3931
3932;Schutzhütte Wieseralm;Avstrija;Labotniške Alpe;1024;47,33932°N 15,28055°E;koča;62;3% (3733. mesto);1;1;1;;https://www.hribi.net/gora/schutzhutte_wieseralm/28/3932
3933;Bei den drei Pfarren;Avstrija;Labotniške Alpe;1428;47,34304°N 15,24255°E;vrh;71;3% (3707. mesto);4;1;1;;https://www.hribi.net/gora/bei_den_drei_pfarren/28/3933
3934;Bruchen;Avstrija;Hribovje vzhodno od Mure;372;46,84344°N 16,05198°E;vrh;130;9% (3504. mesto);2;1;0;;https://www.hribi.net/gora/bruchen/138/3934
3935;Stadelberg;Avstrija;Hribovje vzhodno od Mure;418;46,8384°N 16,03446°E;vrh;167;11% (3424. mesto);6;2;0;;https://www.hribi.net/gora/stadelberg/138/3935
3936;Rennfeld;Avstrija;Hribovje vzhodno od Mure;1629;47,40453°N 15,3597°E;vrh;218;12% (3360. mesto);8;1;1;;https://www.hribi.net/gora/rennfeld/138/3936
3937;Mugel;Avstrija;Labotniške Alpe;1630;47,35832°N 15,18822°E;vrh;145;9% (3468. mesto);5;1;1;;https://www.hribi.net/gora/mugel/28/3937
3938;Rosseck;Avstrija;Labotniške Alpe;1664;47,35853°N 15,20506°E;vrh;128;8% (3515. mesto);6;1;1;;https://www.hribi.net/gora/rosseck/28/3938
3939;Gleinalm Schutzhaus;Avstrija;Labotniške Alpe;1586;47,21576°N 15,05265°E;koča;137;9% (3487. mesto);5;1;1;;https://www.hribi.net/gora/gleinalm_schutzhaus/28/3939
3940;Speikkogel (Glinska planina / Gleinalpe);Avstrija;Labotniške Alpe;1988;47,22708°N 15,04852°E;vrh;219;13% (3351. mesto);7;2;0;;https://www.hribi.net/gora/speikkogel_glinska_planina___gleinalpe/28/3940
3941;Lenzmoarkogel (Glinska planina / Gleinalpe);Avstrija;Labotniške Alpe;1991;47,23154°N 15,03789°E;vrh;185;11% (3397. mesto);8;2;0;;https://www.hribi.net/gora/lenzmoarkogel_glinska_planina___gleinalpe/28/3941
3942;Grad Dobra / Burgruine Neuhaus am Klausenbach;Avstrija;Hribovje vzhodno od Mure;355;46,86896°N 16,02768°E;vrh;123;8% (3530. mesto);15;1;0;;https://www.hribi.net/gora/grad_dobra___burgruine_neuhaus_am_klausenbach/138/3942
3943;Grad Tabor pri Dobri / Schloss Tabor in Neuhaus am Klausenbach;Avstrija;Hribovje vzhodno od Mure;380;46,88262°N 16,02944°E;vrh;109;7% (3572. mesto);6;3;0;;https://www.hribi.net/gora/grad_tabor_pri_dobri___schloss_tabor_in_neuhaus_am_klausenbach/138/3943
3944;Galgenkreuz;Avstrija;Hribovje vzhodno od Mure;361;46,88451°N 16,01382°E;Vremenska napoved:;126;8% (3519. mesto);7;6;0;;https://www.hribi.net/gora/galgenkreuz/138/3944
3945;Grenzgasthaus Mertschnigg;Avstrija;Hribovje vzhodno od Mure;373;46,84996°N 16,06548°E;koča, sedlo;161;10% (3436. mesto);3;2;0;;https://www.hribi.net/gora/grenzgasthaus_mertschnigg/138/3945
3946;Rauscherriegel;Avstrija;Hribovje vzhodno od Mure;380;46,85432°N 16,0623°E;vrh;107;6% (3584. mesto);1;2;0;;https://www.hribi.net/gora/rauscherriegel/138/3946
3947;Wolfsriegel;Avstrija;Hribovje vzhodno od Mure;381;46,87408°N 16,04482°E;vrh;63;3% (3727. mesto);3;1;0;;https://www.hribi.net/gora/wolfsriegel/138/3947
3948;Mali Triglav (Andovci) / Kis Triglav (Orfalu);Madžarska;Zahodna Madžarska;318;46,88165°N 16,26263°E;Vremenska napoved:;359;17% (3191. mesto);5;2;0;;https://www.hribi.net/gora/mali_triglav_andovci___kis_triglav_orfalu/132/3948
3949;Grad Gromberg;Slovenija;Pohorje, Dravinjske gorice in Haloze;587;46,44513°N 15,58371°E;Vremenska napoved:;721;24% (2919. mesto);3;1;0;;https://www.hribi.net/gora/grad_gromberg/4/3949
3950;Kugelberg;Avstrija;Labotniške Alpe;633;47,21081°N 15,3317°E;vrh;84;5% (3652. mesto);4;1;1;;https://www.hribi.net/gora/kugelberg/28/3950
3951;Parmaseggkogel;Avstrija;Labotniške Alpe;785;47,22495°N 15,31383°E;vrh;62;3% (3734. mesto);6;1;0;;https://www.hribi.net/gora/parmaseggkogel/28/3951
3952;Ljubelj;Hrvaška;Gorjanci, Medvednica in Medžimurje;556;46,16625°N 16,43408°E;vrh;610;22% (2981. mesto);4;1;3;;https://www.hribi.net/gora/ljubelj/61/3952
3953;Turistična kmetija Dreisiebner (Srce med vinogradi);Slovenija;Strojna, Košenjak, Kozjak in Slovenske gorice;450;46,67083°N 15,55112°E;koča;502;20% (3049. mesto);4;3;0;;https://www.hribi.net/gora/turisticna_kmetija_dreisiebner_srce_med_vinogradi/162/3953
3954;Divja koza;Slovenija;Julijske Alpe;2507;46,43031°N 13,50306°E;vrh;5920;43% (2197. mesto);2;1;0;;https://www.hribi.net/gora/divja_koza/1/3954
3955;Schloss Kapfenstein;Avstrija;Hribovje vzhodno od Mure;442;46,88987°N 15,97709°E;koča;140;9% (3476. mesto);6;6;0;;https://www.hribi.net/gora/schloss_kapfenstein/138/3955
3956;Sv. Miklavž / St. Nikolaus (Kapfenstein);Avstrija;Hribovje vzhodno od Mure;411;46,88903°N 15,97677°E;cerkev;115;7% (3556. mesto);3;6;0;;https://www.hribi.net/gora/sv_miklavz___st_nikolaus_kapfenstein/138/3956
3957;Planina nad Borovnico;Slovenija;Goriško, Notranjsko in Snežniško hribovje;729;45,92109°N 14,38079°E;vrh;1090;27% (2779. mesto);7;1;0;;https://www.hribi.net/gora/planina_nad_borovnico/26/3957
3958;Sveti Duh (Hum);Hrvaška;Jadranski otoki;560;43,03559°N 16,11536°E;vrh, cerkev;956;26% (2817. mesto);15;3;0;;https://www.hribi.net/gora/sveti_duh_hum/63/3958
3962;Orlovica;Hrvaška;Jadranski otoki;567;43,03982°N 16,11596°E;vrh;642;23% (2951. mesto);7;3;0;;https://www.hribi.net/gora/orlovica/63/3962
3963;Špik nad Zadnjo Polico (Pleče);Italija;Julijske Alpe;2680;46,43769°N 13,43301°E;vrh;255;14% (3311. mesto);0;0;0;;https://www.hribi.net/gora/spik_nad_zadnjo_polico_plece/1/3963
3964;Határkőpark;Madžarska, Slovenija;Prekmurje;305;46,85672°N 16,31681°E;Vremenska napoved:;239;13% (3331. mesto);23;4;0;;https://www.hribi.net/gora/hatarkopark/163/3964
3966;Titova špilja;Hrvaška;Jadranski otoki;450;43,03686°N 16,12102°E;Vremenska napoved:;933;26% (2828. mesto);15;2;0;;https://www.hribi.net/gora/titova_spilja/63/3966
3967;Cerkev sv. Nikolaja (Dolenci);Slovenija;Prekmurje;309;46,85101°N 16,28697°E;vrh, cerkev;153;10% (3448. mesto);7;1;0;;https://www.hribi.net/gora/cerkev_sv_nikolaja_dolenci/163/3967
3968;Panoramaschenke Tertinek;Avstrija;Labotniške Alpe;710;46,6558°N 15,32849°E;koča, planina;136;9% (3490. mesto);5;3;0;;https://www.hribi.net/gora/panoramaschenke_tertinek/28/3968
3969;Wildkogel;Avstrija;Hribovje vzhodno od Mure;1288;47,325°N 15,45658°E;vrh;100;6% (3608. mesto);1;3;0;;https://www.hribi.net/gora/wildkogel/138/3969
3970;Sv. Janez Krstnik (Janževa Gora);Slovenija;Strojna, Košenjak, Kozjak in Slovenske gorice;404;46,55341°N 15,48192°E;vrh, cerkev;291;15% (3268. mesto);2;2;0;;https://www.hribi.net/gora/sv_janez_krstnik_janzeva_gora/162/3970
3971;Janžev vrh;Slovenija;Strojna, Košenjak, Kozjak in Slovenske gorice;821;46,57051°N 15,47086°E;vrh;426;18% (3126. mesto);2;2;1;;https://www.hribi.net/gora/janzev_vrh/162/3971
3972;Kranjčeva pečina;Slovenija;Strojna, Košenjak, Kozjak in Slovenske gorice;960;46,59054°N 15,4674°E;vrh;401;18% (3150. mesto);3;2;0;;https://www.hribi.net/gora/kranjceva_pecina/162/3972
3973;Slap Šum (Polskavski vintgar);Slovenija;Pohorje, Dravinjske gorice in Haloze;465;46,45484°N 15,57035°E;slap;643;23% (2948. mesto);4;1;0;;https://www.hribi.net/gora/slap_sum_polskavski_vintgar/4/3973
3974;Sveti Martin (Šmartno na Pohorju);Slovenija;Pohorje, Dravinjske gorice in Haloze;780;46,44534°N 15,53975°E;cerkev;258;14% (3304. mesto);5;2;0;;https://www.hribi.net/gora/sveti_martin_smartno_na_pohorju/4/3974
3975;Škrbatnica;Slovenija;Karavanke;473;46,29462°N 15,69955°E;vrh;149;10% (3456. mesto);2;1;0;;https://www.hribi.net/gora/skrbatnica/11/3975
3976;Sveta Ana nad Stopercami;Slovenija;Karavanke;460;46,29254°N 15,69753°E;vrh, cerkev;257;14% (3306. mesto);6;1;0;;https://www.hribi.net/gora/sveta_ana_nad_stopercami/11/3976
3977;Okrepčevalnica Zelena dolina;Slovenija;Karavanke;360;46,27421°N 15,69196°E;koča;176;11% (3411. mesto);7;1;0;;https://www.hribi.net/gora/okrepcevalnica_zelena_dolina/11/3977
3978;Cerkev Marije Loretske na Ložnem;Slovenija;Karavanke;481;46,2633°N 15,69062°E;vrh, cerkev;213;12% (3364. mesto);5;2;0;;https://www.hribi.net/gora/cerkev_marije_loretske_na_loznem/11/3978
3979;Rančka;Slovenija;Karavanke;615;46,28375°N 15,56023°E;vrh;366;17% (3181. mesto);2;3;0;1;https://www.hribi.net/gora/rancka/11/3979
3980;Turistična kmetija Debelak;Slovenija;Karavanke;405;46,28286°N 15,5524°E;koča, sedlo;329;16% (3225. mesto);1;1;0;;https://www.hribi.net/gora/turisticna_kmetija_debelak/11/3980
3985;Mali Hum;Hrvaška;Jadranski otoki;515;43,05592°N 16,10393°E;vrh;312;15% (3243. mesto);4;1;0;;https://www.hribi.net/gora/mali_hum/63/3985
3986;Planinski dom Sveti Andrija;Hrvaška;Jadranski otoki;270;43,05377°N 16,18379°E;vrh, koča;439;19% (3110. mesto);10;1;0;;https://www.hribi.net/gora/planinski_dom_sveti_andrija/63/3986
3987;Jama Jespa;Slovenija;Kamniško Savinjske Alpe;1413;46,26384°N 14,81198°E;Vremenska napoved:;1180;28% (2749. mesto);3;3;0;;https://www.hribi.net/gora/jama_jespa/3/3987
3988;Stoahandhütte;Avstrija;Hribovje vzhodno od Mure;1317;47,35985°N 15,51021°E;koča, planina, sedlo;98;6% (3612. mesto);2;5;0;;https://www.hribi.net/gora/stoahandhutte/138/3988
3989;Kopa;Slovenija;Julijske Alpe;1439;;vrh;2;0% (3824. mesto);4;0;0;;https://www.hribi.net/gora/kopa/1/3989
3991;Planinska koča Omiška Dinara;Hrvaška;Biokovo in Dalmacija;650;43,43045°N 16,72491°E;koča;428;18% (3123. mesto);5;1;0;;https://www.hribi.net/gora/planinska_koca_omiska_dinara_/64/3991
3992;Kula (Omiška Dinara);Hrvaška;Biokovo in Dalmacija;863;43,43098°N 16,73082°E;vrh;1200;28% (2743. mesto);6;1;0;;https://www.hribi.net/gora/kula_omiska_dinara/64/3992
3994;Palagruža;Hrvaška;Jadranski otoki;103;42,39284°N 16,25503°E;vrh;568;21% (3010. mesto);23;1;0;;https://www.hribi.net/gora/palagruza/63/3994
3995;Vela Straža (otok Šolta);Hrvaška;Jadranski otoki;237;43,35788°N 16,35196°E;vrh;736;24% (2912. mesto);7;2;0;;https://www.hribi.net/gora/vela_straza_otok_solta/63/3995
3996;Stoakoglhütte;Avstrija;Hribovje vzhodno od Mure;1372;47,35535°N 15,56824°E;koča, planina, sedlo;104;6% (3596. mesto);3;5;0;;https://www.hribi.net/gora/stoakoglhutte/138/3996
3998;Almán-Tető;Madžarska;Osrednja Madžarska;317;46,77212°N 17,88113°E;vrh;94;5% (3629. mesto);1;2;0;;https://www.hribi.net/gora/alman-teto/133/3998
3999;Brdo;Slovenija;Posavsko hribovje in Dolenjska;763;46,19319°N 15,12262°E;vrh;234;13% (3337. mesto);0;0;1;;https://www.hribi.net/gora/brdo/25/3999
4000;Plešivec (Rudnica);Slovenija;Posavsko hribovje in Dolenjska;686;46,15797°N 15,54099°E;vrh;788;25% (2884. mesto);7;8;0;;https://www.hribi.net/gora/plesivec_rudnica/25/4000
4001;Lendrše;Slovenija;Posavsko hribovje in Dolenjska;617;46,16153°N 15,54344°E;vrh;171;11% (3422. mesto);1;5;0;;https://www.hribi.net/gora/lendrse/25/4001
4002;Koča pri čarovnici;Slovenija;Posavsko hribovje in Dolenjska;410;46,15745°N 15,55441°E;koča;457;19% (3095. mesto);8;1;0;;https://www.hribi.net/gora/koca_pri_carovnici/25/4002
4003;Zmajevo jezero na Olimski gori;Slovenija;Posavsko hribovje in Dolenjska;550;46,15129°N 15,55377°E;jezero;566;21% (3011. mesto);3;1;0;;https://www.hribi.net/gora/zmajevo_jezero_na_olimski_gori/25/4003
4004;Lovski bivak na Olimski gori;Slovenija;Posavsko hribovje in Dolenjska;580;46,1496°N 15,55035°E;koča;219;13% (3352. mesto);4;1;0;;https://www.hribi.net/gora/lovski_bivak_na_olimski_gori/25/4004
4005;Olimska gora;Slovenija;Posavsko hribovje in Dolenjska;631;46,15132°N 15,5517°E;vrh;511;21% (3045. mesto);1;1;0;;https://www.hribi.net/gora/olimska_gora/25/4005
4006;Vetrnik;Slovenija;Posavsko hribovje in Dolenjska;709;46,05889°N 15,55174°E;vrh;7500;44% (2142. mesto);3;1;1;1;https://www.hribi.net/gora/vetrnik/25/4006
4007;Sveti Rok (Skadanščina);Slovenija;Goriško, Notranjsko in Snežniško hribovje;581;45,54829°N 14,01087°E;cerkev;317;15% (3238. mesto);5;2;0;;https://www.hribi.net/gora/sveti_rok_skadanscina/26/4007
4008;Velinac;Hrvaška;Velebit;965;44,55971°N 15,07215°E;vrh;357;17% (3194. mesto);8;1;0;;https://www.hribi.net/gora/velinac/30/4008
4010;Razgledišče pod Srnjakom nad Logatcem;Slovenija;Goriško, Notranjsko in Snežniško hribovje;800;45,8836°N 14,17073°E;bivak;2500;35% (2494. mesto);12;3;0;;https://www.hribi.net/gora/razgledisce_pod_srnjakom_nad_logatcem/26/4010
4011;Darinkino zavetišče na Ivcah;Slovenija;Posavsko hribovje in Dolenjska;735;46,0732°N 15,33461°E;koča, bivak;516;21% (3043. mesto);5;2;0;;https://www.hribi.net/gora/darinkino_zavetisce_na_ivcah/25/4011
4012;Ješivec;Slovenija;Posavsko hribovje in Dolenjska;934;46,07427°N 15,3079°E;vrh;1260;29% (2731. mesto);3;4;1;;https://www.hribi.net/gora/jesivec/25/4012
4013;Mala Lisca;Slovenija;Posavsko hribovje in Dolenjska;934;46,06824°N 15,29235°E;vrh;1030;27% (2796. mesto);1;2;0;;https://www.hribi.net/gora/mala_lisca/25/4013
4014;Stari grad Radeče (Ratschach);Slovenija;Posavsko hribovje in Dolenjska;272;46,06822°N 15,18132°E;vrh;298;15% (3257. mesto);4;1;0;;https://www.hribi.net/gora/stari_grad_radece_ratschach/25/4014
4015;Svinjski rt;Slovenija;Posavsko hribovje in Dolenjska;497;46,07179°N 15,17516°E;vrh;900;26% (2841. mesto);5;1;0;;https://www.hribi.net/gora/svinjski_rt/25/4015
4016;Sveta Katarina (Zavrate);Slovenija;Posavsko hribovje in Dolenjska;518;46,07845°N 15,16258°E;cerkev;227;13% (3346. mesto);2;1;0;;https://www.hribi.net/gora/sveta_katarina_zavrate/25/4016
4017;Sveta Trojica (Čimerno);Slovenija;Posavsko hribovje in Dolenjska;825;46,08285°N 15,11913°E;cerkev;424;18% (3129. mesto);1;3;0;;https://www.hribi.net/gora/sveta_trojica_cimerno/25/4017
4018;Grad Kunšperk;Slovenija;Posavsko hribovje in Dolenjska;426;46,05686°N 15,69379°E;Vremenska napoved:;800;25% (2877. mesto);3;2;0;;https://www.hribi.net/gora/grad_kunsperk/25/4018
4019;Previja;Hrvaška;Dinara in Lika;841;44,43529°N 15,92326°E;vrh;96;6% (3619. mesto);7;1;0;;https://www.hribi.net/gora/previja_/62/4019
4020;Kremen;Hrvaška;Dinara in Lika;1591;44,46414°N 15,88656°E;vrh;282;14% (3279. mesto);9;1;0;;https://www.hribi.net/gora/kremen/62/4020
4022;Spathi (Kreta);Grčija;Grški otoki;2148;35,11804°N 25,49723°E;vrh;225;13% (3347. mesto);5;1;0;;https://www.hribi.net/gora/spathi_kreta/150/4022
4023;Slap Curk;Slovenija;Julijske Alpe;1115;46,27176°N 13,63693°E;slap;912;26% (2836. mesto);6;1;0;;https://www.hribi.net/gora/slap_curk/1/4023
4024;Vigla (Kerkis) (Samos);Grčija;Grški otoki;1443;37,72634°N 26,62205°E;vrh;347;16% (3203. mesto);6;2;0;;https://www.hribi.net/gora/vigla_kerkis_samos/150/4024
4025;Ledenica na Golteh;Slovenija;Kamniško Savinjske Alpe;1405;46,37597°N 14,90357°E;Vremenska napoved:;837;25% (2862. mesto);2;3;0;;https://www.hribi.net/gora/ledenica_na_golteh/3/4025
4026;Črno jezero (Končnikova mlakuža);Slovenija;Kamniško Savinjske Alpe;1430;46,42173°N 14,85611°E;jezero;1200;28% (2744. mesto);6;2;0;;https://www.hribi.net/gora/crno_jezero_koncnikova_mlakuza/3/4026
4027;Stanglalm;Avstrija;Hribovje vzhodno od Mure;1470;47,49032°N 15,54611°E;koča, planina, sedlo, cerkev;77;4% (3686. mesto);3;2;0;;https://www.hribi.net/gora/stanglalm/138/4027
4028;Stanglalpe;Avstrija;Hribovje vzhodno od Mure;1490;47,49422°N 15,53461°E;vrh;84;5% (3653. mesto);2;2;0;;https://www.hribi.net/gora/stanglalpe/138/4028
4029;Leopold-Wittmaier-Hütte;Avstrija;Hribovje vzhodno od Mure;1464;47,49538°N 15,5323°E;koča, planina;93;5% (3631. mesto);3;2;0;;https://www.hribi.net/gora/leopold-wittmaier-hutte/138/4029
4030;Zastano (Samos);Grčija;Grški otoki;1206;37,74586°N 26,63356°E;vrh;104;6% (3597. mesto);4;1;0;;https://www.hribi.net/gora/zastano_samos/150/4030
4031;Schwanberger Brendlhütte;Avstrija;Labotniške Alpe;1566;46,76684°N 15,0738°E;koča, planina, cerkev;107;6% (3585. mesto);3;1;0;;https://www.hribi.net/gora/schwanberger_brendlhutte/28/4031
4032;Die Kramerin;Avstrija;Labotniške Alpe;1634;46,76893°N 15,05172°E;sedlo, cerkev;101;6% (3603. mesto);6;1;0;;https://www.hribi.net/gora/die_kramerin/28/4032
4033;Glitzhütte (Glitzalm);Avstrija;Labotniške Alpe;1592;46,7738°N 15,03074°E;koča, planina;64;3% (3724. mesto);3;1;0;;https://www.hribi.net/gora/glitzhutte_glitzalm/28/4033
4034;Bürgerhalt (Golica /Koralpe);Avstrija;Labotniške Alpe;1943;46,77881°N 14,99753°E;vrh;130;9% (3505. mesto);2;1;0;;https://www.hribi.net/gora/burgerhalt_golica__koralpe/28/4034
4035;Ochsenstein (Golica / Koralpe);Avstrija;Labotniške Alpe;1987;46,78127°N 14,99023°E;vrh;89;5% (3640. mesto);3;2;0;;https://www.hribi.net/gora/ochsenstein_golica___koralpe/28/4035
4036;Glitzfelsen (Golica / Koralpe);Avstrija;Labotniške Alpe;1828;46,78073°N 15,02391°E;vrh;81;4% (3671. mesto);1;1;0;;https://www.hribi.net/gora/glitzfelsen_golica___koralpe/28/4036
4037;Kleiner Frauenkogel (Golica / Koralpe);Avstrija;Labotniške Alpe;1861;46,78196°N 15,01156°E;vrh;86;5% (3648. mesto);1;1;0;;https://www.hribi.net/gora/kleiner_frauenkogel_golica___koralpe/28/4037
4038;Großer Frauenkogel;Avstrija;Labotniške Alpe;1967;46,78226°N 14,99987°E;vrh;163;10% (3432. mesto);4;1;0;;https://www.hribi.net/gora/grosser_frauenkogel/28/4038
4039;Kab-hegy;Madžarska;Zahodna Madžarska;599;47,04604°N 17,65659°E;vrh;113;7% (3560. mesto);1;1;0;;https://www.hribi.net/gora/kab-hegy/132/4039
4040;Sveti Danijel (Zgornji Razbor);Slovenija;Karavanke;882;46,44933°N 15,008°E;koča, cerkev;360;17% (3188. mesto);1;0;0;;https://www.hribi.net/gora/sveti_danijel_zgornji_razbor/11/4040
4041;Planina Zapleč;Slovenija;Julijske Alpe;1201;46,28413°N 13,62875°E;planina;627;23% (2966. mesto);5;1;0;;https://www.hribi.net/gora/planina_zaplec/1/4041
4042;Srednji vrh (pri Krnu);Slovenija;Julijske Alpe;2134;46,27524°N 13,65428°E;vrh;1040;27% (2791. mesto);11;1;0;;https://www.hribi.net/gora/srednji_vrh_pri_krnu/1/4042
4043;Javornik / Auernig;Avstrija, Italija;Karnijske Alpe;1864;46,55823°N 13,28669°E;vrh;582;22% (2997. mesto);7;2;0;;https://www.hribi.net/gora/javornik___auernig/27/4043
4044;Planina Javornik / Auernig Alm;Italija;Karnijske Alpe;1609;46,55445°N 13,28582°E;planina;284;14% (3277. mesto);5;1;0;;https://www.hribi.net/gora/planina_javornik___auernig_alm/27/4044
4045;Emmis Mosthütte;Avstrija;Karavanke;815;46,53313°N 14,7847°E;koča;140;9% (3477. mesto);1;1;0;;https://www.hribi.net/gora/emmis_mosthutte/11/4045
4046;Alte Zollhütte;Avstrija;Karavanke;1665;46,51747°N 14,7738°E;koča, planina;345;16% (3204. mesto);2;1;0;;https://www.hribi.net/gora/alte_zollhutte/11/4046
4047;Berggasthaus Siebenhütten;Avstrija;Karavanke;1700;46,51825°N 14,7732°E;koča, planina;259;14% (3303. mesto);2;1;0;;https://www.hribi.net/gora/berggasthaus_siebenhutten/11/4047
4048;Planina Kanin / Casera Canin;Italija;Julijske Alpe;1450;46,34855°N 13,41924°E;bivak, planina;594;22% (2991. mesto);13;1;0;;https://www.hribi.net/gora/planina_kanin___casera_canin/1/4048
4049;Ezzo's Hütte;Avstrija;Karavanke;1700;46,51867°N 14,7728°E;koča, planina;380;17% (3166. mesto);1;1;0;;https://www.hribi.net/gora/ezzos_hutte/11/4049
4050;Črni Vogel;Italija, Slovenija;Julijske Alpe;2422;46,34819°N 13,44256°E;vrh;1810;32% (2623. mesto);7;1;0;;https://www.hribi.net/gora/crni_vogel/1/4050
4051;Alte Bleiburger Hütte;Avstrija;Karavanke;2000;46,50593°N 14,76656°E;koča;1630;31% (2653. mesto);4;1;0;1;https://www.hribi.net/gora/alte_bleiburger_hutte/11/4051
4052;Arheološko najdišče Poštela;Slovenija;Pohorje, Dravinjske gorice in Haloze;525;46,52392°N 15,61784°E;vrh;485;20% (3061. mesto);6;1;0;;https://www.hribi.net/gora/arheolosko_najdisce_postela/4/4052
4054;Waxriegelhaus (Rax);Avstrija;Severne apneniške Alpe;1361;47,68714°N 15,71808°E;koča, planina;95;5% (3625. mesto);4;2;0;;https://www.hribi.net/gora/waxriegelhaus_rax/59/4054
4055;Karl-Ludwig-Haus (Rax);Avstrija;Severne apneniške Alpe;1804;47,68847°N 15,70419°E;koča, planina;121;8% (3534. mesto);10;3;0;;https://www.hribi.net/gora/karl-ludwig-haus_rax/59/4055
4056;Heukuppe (Rax);Avstrija;Severne apneniške Alpe;2007;47,68897°N 15,68951°E;vrh;326;16% (3228. mesto);7;3;0;;https://www.hribi.net/gora/heukuppe_rax/59/4056
4057;Raxkircherl (Rax);Avstrija;Severne apneniške Alpe;1807;47,6864°N 15,70485°E;planina, cerkev;131;9% (3500. mesto);4;3;0;;https://www.hribi.net/gora/raxkircherl_rax/59/4057
4058;Hauereckhütte;Avstrija;Hribovje vzhodno od Mure;1301;47,51893°N 15,69317°E;koča, jezero, planina, sedlo, cerkev;108;7% (3576. mesto);6;2;0;;https://www.hribi.net/gora/hauereckhutte/138/4058
4059;Holta-Hütte (Rattner Alm);Avstrija;Hribovje vzhodno od Mure;1439;47,52704°N 15,70759°E;koča, planina;106;6% (3588. mesto);2;2;0;;https://www.hribi.net/gora/holta-hutte_rattner_alm/138/4059
4060;Steinriegel;Avstrija;Hribovje vzhodno od Mure;1577;47,53551°N 15,71968°E;vrh;126;8% (3520. mesto);7;3;0;;https://www.hribi.net/gora/steinriegel/138/4060
4062;Velika Golija (Veliki vrh);Bosna in Hercegovina;Hercegovina;1896;43,95832°N 16,85332°E;vrh;383;17% (3162. mesto);12;1;0;;https://www.hribi.net/gora/velika_golija_veliki_vrh/65/4062
4063;Ricovero Igor Crasso;Italija;Julijske Alpe;1665;46,38669°N 13,36709°E;bivak;495;20% (3053. mesto);8;1;0;;https://www.hribi.net/gora/ricovero_igor_crasso/1/4063
4064;Sveti Vid (Šentviška gora);Slovenija;Posavsko hribovje in Dolenjska;385;45,88486°N 15,59778°E;vrh, cerkev;4020;40% (2315. mesto);7;3;0;;https://www.hribi.net/gora/sveti_vid_sentviska_gora/25/4064
4065;Astraka;Grčija;Pindsko gorovje;2432;39,97103°N 20,77071°E;vrh;178;11% (3407. mesto);3;1;0;;https://www.hribi.net/gora/astraka/172/4065
4066;Tátika vár;Madžarska;Zahodna Madžarska;413;46,90608°N 17,25969°E;vrh;98;6% (3613. mesto);3;1;0;;https://www.hribi.net/gora/tatika_var/132/4066
4069;Schneewinkelspitze;Avstrija;Visoke Ture;3016;47,0039°N 13,30155°E;vrh;739;24% (2910. mesto);7;1;0;;https://www.hribi.net/gora/schneewinkelspitze/57/4069
4070;Zinken;Avstrija;Severne apneniške Alpe;1926;47,59668°N 15,09607°E;vrh;199;12% (3377. mesto);9;1;0;;https://www.hribi.net/gora/zinken/59/4070
4071;Krniška gora / Garnitzenberg;Avstrija, Italija;Karnijske Alpe;1950;46,55988°N 13,29827°E;vrh;843;25% (2859. mesto);14;2;0;;https://www.hribi.net/gora/krniska_gora___garnitzenberg/27/4071
4072;Heldenkapelle Alpl;Avstrija;Hribovje vzhodno od Mure;985;47,50265°N 15,63421°E;cerkev;57;2% (3749. mesto);2;1;0;;https://www.hribi.net/gora/heldenkapelle_alpl/138/4072
4073;Prenj;Bosna in Hercegovina;Hercegovina;2000;;planina;1;0% (3827. mesto);0;0;0;;https://www.hribi.net/gora/prenj/65/4073
4074;Gajševsko jezero;Slovenija;Strojna, Košenjak, Kozjak in Slovenske gorice;186;46,53203°N 16,1237°E;jezero;186;11% (3396. mesto);10;1;0;;https://www.hribi.net/gora/gajsevsko_jezero/162/4074
4076;Veliki Gradac;Hrvaška;Jadranski otoki;157;42,77647°N 17,37328°E;vrh;145;9% (3469. mesto);4;2;0;;https://www.hribi.net/gora/veliki_gradac/63/4076
4077;Grad Branek (Mallegg);Slovenija;Strojna, Košenjak, Kozjak in Slovenske gorice;225;46,51932°N 16,1317°E;Vremenska napoved:;143;9% (3472. mesto);2;1;0;;https://www.hribi.net/gora/grad_branek_mallegg/162/4077
4078;Gorenje pri Zrečah;Slovenija;Pohorje, Dravinjske gorice in Haloze;760;46,40303°N 15,39186°E;koča, planina, sedlo, cerkev;462;19% (3089. mesto);3;2;0;;https://www.hribi.net/gora/gorenje_pri_zrecah/4/4078
4079;Leskovški hrib;Slovenija;Posavsko hribovje in Dolenjska;721;46,03586°N 15,15741°E;vrh;403;18% (3144. mesto);0;1;0;;https://www.hribi.net/gora/leskovski_hrib/25/4079
4080;V Pečeh / Casera For;Italija;Karnijske Alpe;1614;46,54895°N 13,31582°E;planina;276;14% (3285. mesto);9;1;0;;https://www.hribi.net/gora/v_peceh___casera_for/27/4080
4082;Nagyvilágos mérőtorony;Madžarska;Zahodna Madžarska;376;47,20148°N 16,42267°E;vrh;107;6% (3586. mesto);1;2;0;;https://www.hribi.net/gora/nagyvilagos_merotorony/132/4082
4083;Sveta Radegunda (Radegunda);Slovenija;Kamniško Savinjske Alpe;824;46,36462°N 14,92509°E;vrh, cerkev;847;25% (2857. mesto);4;1;0;;https://www.hribi.net/gora/sveta_radegunda_radegunda/3/4083
4084;Gran Paradiso;Italija;Grajiške Alpe;4061;45,51782°N 7,26709°E;Ogledov: 3.500;3500;38% (2372. mesto);14;0;0;;https://www.hribi.net/gora/gran_paradiso/46/4084
4085;Britmanca;Slovenija;Škofjeloško, Cerkljansko hribovje in Jelovica;1231;46,25662°N 14,18324°E;vrh;1290;29% (2723. mesto);3;3;0;;https://www.hribi.net/gora/britmanca/21/4085
4086;Planjak;Hrvaška;Jadranski otoki;361;42,70599°N 17,71264°E;vrh;189;12% (3389. mesto);7;1;0;;https://www.hribi.net/gora/planjak/63/4086
4087;Wirtshaus Pierergut;Avstrija;Severne apneniške Alpe;950;47,54753°N 15,23202°E;koča, planina;77;4% (3687. mesto);3;2;0;;https://www.hribi.net/gora/wirtshaus_pierergut/59/4087
4088;Bürgeralm;Avstrija;Severne apneniške Alpe;1550;47,57174°N 15,22987°E;koča, planina, sedlo;96;6% (3620. mesto);4;2;0;;https://www.hribi.net/gora/burgeralm/59/4088
4089;Hochstein (pri Mitteralm);Avstrija;Severne apneniške Alpe;1741;47,59696°N 15,23486°E;vrh;152;10% (3451. mesto);8;6;0;;https://www.hribi.net/gora/hochstein_pri_mitteralm/59/4089
4090;Schönleitenhaus (Windgrube);Avstrija;Severne apneniške Alpe;1809;47,58073°N 15,22612°E;vrh, koča;128;8% (3516. mesto);3;3;0;;https://www.hribi.net/gora/schonleitenhaus_windgrube/59/4090
4093;Sveti Ilija (Korita);Hrvaška;Jadranski otoki;220;42,71288°N 17,70505°E;cerkev;87;5% (3646. mesto);7;1;0;;https://www.hribi.net/gora/sveti_ilija_korita/63/4093
4095;Veliki grad (otok Mljet);Hrvaška;Jadranski otoki;514;42,73921°N 17,55386°E;vrh;498;20% (3051. mesto);9;1;0;;https://www.hribi.net/gora/veliki_grad_otok_mljet/63/4095
4096;Orljak (Čičarija);Hrvaška;Gorski Kotar in Istra;1106;45,41946°N 14,12646°E;vrh;1160;28% (2754. mesto);9;1;0;;https://www.hribi.net/gora/orljak_cicarija/33/4096
4097;Gamila;Grčija;Pindsko gorovje;2497;;vrh;161;10% (3437. mesto);0;1;0;;https://www.hribi.net/gora/gamila/172/4097
4098;Lärchkogel (Glinska planina / Gleinalpe);Avstrija;Labotniške Alpe;1894;47,2411°N 15,06594°E;vrh, bivak;118;7% (3550. mesto);8;2;0;;https://www.hribi.net/gora/larchkogel_glinska_planina___gleinalpe/28/4098
4099;Gomila (Čičarija);Hrvaška;Gorski Kotar in Istra;1027;45,45351°N 14,08703°E;vrh;524;21% (3036. mesto);7;1;0;;https://www.hribi.net/gora/gomila_cicarija/33/4099
4100;Mocvil;Hrvaška;Gorski Kotar in Istra;1060;45,44128°N 14,11165°E;vrh;227;13% (3344. mesto);4;2;0;;https://www.hribi.net/gora/mocvil/33/4100
4101;Jassing Almhütt´n;Avstrija;Severne apneniške Alpe;894;47,56229°N 15,02932°E;koča;68;3% (3711. mesto);3;2;0;;https://www.hribi.net/gora/jassing_almhutt_n/59/4101
4102;Lamingalm;Avstrija;Severne apneniške Alpe;1263;47,54601°N 15,00222°E;planina;63;3% (3728. mesto);5;1;0;;https://www.hribi.net/gora/lamingalm/59/4102
4103;Leobner Mauer;Avstrija;Severne apneniške Alpe;1870;47,52938°N 14,98773°E;vrh;146;10% (3463. mesto);4;1;0;;https://www.hribi.net/gora/leobner_mauer/59/4103
4104;Gradina Rašpor;Hrvaška;Gorski Kotar in Istra;823;45,44364°N 14,08105°E;vrh;137;9% (3488. mesto);12;1;0;;https://www.hribi.net/gora/gradina_raspor_/33/4104
4105;Vidonj vrh;Hrvaška;Gorski Kotar in Istra;891;45,43115°N 14,11773°E;vrh;132;9% (3498. mesto);6;1;0;;https://www.hribi.net/gora/vidonj_vrh_/33/4105
4106;Gaberlhaus;Avstrija;Labotniške Alpe;1547;47,10765°N 14,9169°E;koča, sedlo;80;4% (3676. mesto);1;3;0;;https://www.hribi.net/gora/gaberlhaus/28/4106
4107;Altes Almhaus;Avstrija;Labotniške Alpe;1649;47,08299°N 14,92509°E;koča, planina;121;8% (3535. mesto);3;4;0;;https://www.hribi.net/gora/altes_almhaus/28/4107
4108;Marećica;Hrvaška;Gorski Kotar in Istra;790;45,42992°N 14,07845°E;vrh;131;9% (3501. mesto);5;2;0;;https://www.hribi.net/gora/marecica/33/4108
4109;Salzstiegelhaus;Avstrija;Labotniške Alpe;1543;47,06854°N 14,87152°E;koča, sedlo;75;4% (3696. mesto);3;2;0;;https://www.hribi.net/gora/salzstiegelhaus/28/4109
4110;Wölkerkogel;Avstrija;Labotniške Alpe;1706;47,08032°N 14,92468°E;vrh;106;6% (3589. mesto);11;2;0;;https://www.hribi.net/gora/wolkerkogel/28/4110
4111;Brandkogel;Avstrija;Labotniške Alpe;1648;47,08561°N 14,93467°E;vrh;114;7% (3557. mesto);6;1;0;;https://www.hribi.net/gora/brandkogel/28/4111
4112;Soteska Ziljice / Orrido dello Slizza;Italija;Karavanke;675;46,50878°N 13,60353°E;Vremenska napoved:;16190;47% (2035. mesto);24;1;0;;https://www.hribi.net/gora/soteska_ziljice___orrido_dello_slizza/11/4112
4113;Kosmatica;Hrvaška;Gorski Kotar in Istra;714;45,43923°N 14,06465°E;Vremenska napoved:;147;10% (3460. mesto);4;1;0;;https://www.hribi.net/gora/kosmatica/33/4113
4114;Hochwart;Avstrija;Severne apneniške Alpe;2210;47,6146°N 15,11122°E;vrh;188;11% (3392. mesto);12;2;0;;https://www.hribi.net/gora/hochwart/59/4114
4116;Kutatsch-Hütte;Avstrija;Severne apneniške Alpe;1700;47,68419°N 15,60164°E;bivak;72;3% (3703. mesto);3;2;0;;https://www.hribi.net/gora/kutatsch-hutte/59/4116
4117;Vrtelj;Hrvaška;Gorski Kotar in Istra;767;45,43476°N 14,0685°E;vrh;108;7% (3577. mesto);3;1;0;;https://www.hribi.net/gora/vrtelj_/33/4117
4120;Schneealpenhaus;Avstrija;Severne apneniške Alpe;1784;;vrh, koča, planina, cerkev;78;4% (3684. mesto);6;2;0;;https://www.hribi.net/gora/schneealpenhaus/59/4120
4121;Michlbauerhütte;Avstrija;Severne apneniške Alpe;1745;47,69893°N 15,60087°E;Vremenska napoved:;87;5% (3647. mesto);3;2;0;;https://www.hribi.net/gora/michlbauerhutte/59/4121
4122;Rjavec;Slovenija;Julijske Alpe;2571;46,37179°N 13,83921°E;vrh;2770;36% (2458. mesto);5;1;0;;https://www.hribi.net/gora/rjavec/1/4122
4123;Windberg;Avstrija;Severne apneniške Alpe;1903;47,70316°N 15,59464°E;vrh;177;11% (3409. mesto);8;4;0;;https://www.hribi.net/gora/windberg/59/4123
4124;Hoher Klapf;Avstrija;Severne apneniške Alpe;1865;47,70025°N 15,59544°E;vrh;81;4% (3672. mesto);2;2;0;;https://www.hribi.net/gora/hoher_klapf/59/4124
4125;Vrh Zelenic;Slovenija;Julijske Alpe;2478;46,37798°N 13,82222°E;vrh;1580;30% (2668. mesto);5;1;0;;https://www.hribi.net/gora/vrh_zelenic/1/4125
4126;Petrov vrh (nad Daruvarjem);Hrvaška;Slavonsko gorje in Moslavačka gora;614;45,5854°N 17,3127°E;vrh;580;22% (3001. mesto);1;2;0;;https://www.hribi.net/gora/petrov_vrh_nad_daruvarjem/167/4126
4127;Vidikovac Prapoće;Hrvaška;Gorski Kotar in Istra;764;45,43347°N 14,07143°E;Vremenska napoved:;155;10% (3443. mesto);5;1;0;;https://www.hribi.net/gora/vidikovac_prapoce/33/4127
4128;Planinsko zavetišče Bitorajka;Hrvaška;Gorski Kotar in Istra;1303;45,29393°N 14,7879°E;bivak;242;13% (3324. mesto);7;1;0;;https://www.hribi.net/gora/planinsko_zavetisce_bitorajka_/33/4128
4130;Bitoraj;Hrvaška;Gorski Kotar in Istra;1386;45,29279°N 14,79073°E;vrh;518;21% (3041. mesto);6;1;0;;https://www.hribi.net/gora/bitoraj/33/4130
4131;Črni križ pri Hrastovcu;Slovenija;Strojna, Košenjak, Kozjak in Slovenske gorice;280;46,57406°N 15,81188°E;Vremenska napoved:;175;11% (3415. mesto);5;2;0;;https://www.hribi.net/gora/crni_kriz_pri_hrastovcu/162/4131
4133;Kozji vrh (nad Prezidom);Hrvaška;Gorski Kotar in Istra;916;45,62978°N 14,59068°E;vrh;232;13% (3339. mesto);7;1;0;;https://www.hribi.net/gora/kozji_vrh_nad_prezidom/33/4133
4134;Velika Slavica;Hrvaška;Gorski Kotar in Istra;1120;45,32535°N 14,7705°E;vrh;166;11% (3425. mesto);5;1;0;;https://www.hribi.net/gora/velika_slavica_/33/4134
4135;Ptujsko jezero;Slovenija;Strojna, Košenjak, Kozjak in Slovenske gorice;218;46,40074°N 15,89554°E;jezero;473;20% (3079. mesto);21;1;0;;https://www.hribi.net/gora/ptujsko_jezero/162/4135
4136;Arlov bor;Slovenija;Strojna, Košenjak, Kozjak in Slovenske gorice;1075;46,63115°N 15,10545°E;Vremenska napoved:;489;20% (3058. mesto);6;3;0;;https://www.hribi.net/gora/arlov_bor/162/4136
4137;Sovinjski vrh;Slovenija;Kamniško Savinjske Alpe;1004;;Ogledov: 1;1;0% (3828. mesto);0;0;0;;https://www.hribi.net/gora/sovinjski_vrh_/3/4137
4138;Napečnikov vrh;Slovenija;Strojna, Košenjak, Kozjak in Slovenske gorice;969;46,62208°N 15,10944°E;vrh;131;9% (3502. mesto);2;1;0;;https://www.hribi.net/gora/napecnikov_vrh/162/4138
4139;Sprungkogel (Golica / Koralpe);Avstrija;Labotniške Alpe;1868;46,81452°N 14,97022°E;vrh;98;6% (3614. mesto);4;3;0;;https://www.hribi.net/gora/sprungkogel_golica___koralpe/28/4139
4140;Kolovratske stijene;Hrvaška;Gorski Kotar in Istra;1091;45,12609°N 14,94117°E;vrh;241;13% (3327. mesto);10;2;0;;https://www.hribi.net/gora/kolovratske_stijene/33/4140
4141;Sv. Janez Nepomuk (Šent Janž pri Radljah);Slovenija;Strojna, Košenjak, Kozjak in Slovenske gorice;550;46,62276°N 15,25338°E;cerkev;227;13% (3345. mesto);4;2;0;;https://www.hribi.net/gora/sv_janez_nepomuk_sent_janz_pri_radljah/162/4141
4143;Črni vrh (nad Klenovico);Hrvaška;Gorski Kotar in Istra;1169;45,13048°N 14,91521°E;vrh;164;11% (3427. mesto);10;1;0;;https://www.hribi.net/gora/crni_vrh_nad_klenovico/33/4143
4144;Kolevrat;Hrvaška;Gorski Kotar in Istra;1035;45,11955°N 14,91519°E;vrh;118;7% (3545. mesto);7;1;0;;https://www.hribi.net/gora/kolevrat/33/4144
4146;Velika Sviba;Hrvaška;Gorski Kotar in Istra;848;45,11762°N 14,89547°E;vrh;124;8% (3527. mesto);6;1;0;;https://www.hribi.net/gora/velika_sviba/33/4146
4147;Muzari;Hrvaška;Gorski Kotar in Istra;985;45,46568°N 14,00698°E;vrh;356;17% (3195. mesto);9;4;0;;https://www.hribi.net/gora/muzari/33/4147
4148;Poharčeva smreka;Slovenija;Karavanke;505;46,31597°N 15,37306°E;Vremenska napoved:;193;12% (3385. mesto);3;1;0;;https://www.hribi.net/gora/poharceva_smreka/11/4148
4149;Gradišna peč;Slovenija;Karavanke;636;46,31989°N 15,3731°E;vrh;196;12% (3381. mesto);2;1;0;;https://www.hribi.net/gora/gradisna_pec/11/4149
4150;Freiländerhütte;Avstrija;Labotniške Alpe;1420;46,91324°N 15,05054°E;koča, planina;88;5% (3644. mesto);2;2;0;;https://www.hribi.net/gora/freilanderhutte/28/4150
4151;Schrogentor;Avstrija;Labotniške Alpe;1255;46,92052°N 15,09641°E;planina, sedlo;77;4% (3688. mesto);3;2;0;;https://www.hribi.net/gora/schrogentor/28/4151
4152;Albrecht Kapelle (pri Schrogentor);Avstrija;Labotniške Alpe;1278;46,92198°N 15,10148°E;cerkev;81;4% (3673. mesto);3;2;0;;https://www.hribi.net/gora/albrecht_kapelle_pri_schrogentor/28/4152
4153;Reinischkogel-Kapelle;Avstrija;Labotniške Alpe;1440;46,92571°N 15,11687°E;planina, cerkev;106;6% (3590. mesto);5;2;0;;https://www.hribi.net/gora/reinischkogel-kapelle/28/4153
4154;Nagy-Csikóvár;Madžarska;Osrednja Madžarska;556;47,67896°N 18,98237°E;vrh;90;5% (3638. mesto);3;2;0;;https://www.hribi.net/gora/nagy-csikovar/133/4154
4157;Kuk (nad Buzetom);Hrvaška;Gorski Kotar in Istra;531;45,42759°N 13,98678°E;vrh;262;14% (3299. mesto);3;1;0;;https://www.hribi.net/gora/kuk_nad_buzetom/33/4157
4158;Pilj (nad Buzetom);Hrvaška;Gorski Kotar in Istra;556;45,42347°N 14,0001°E;vrh;269;14% (3289. mesto);5;1;0;;https://www.hribi.net/gora/pilj_nad_buzetom/33/4158
4159;Sveti Matej (Slum);Hrvaška;Gorski Kotar in Istra;505;45,43914°N 14,00124°E;cerkev;164;11% (3428. mesto);6;1;0;;https://www.hribi.net/gora/sveti_matej_slum/33/4159
4162;Crkva Presvetog Trojstva (Brest);Hrvaška;Gorski Kotar in Istra;690;45,45494°N 14,00645°E;cerkev;149;10% (3457. mesto);3;1;0;;https://www.hribi.net/gora/crkva_presvetog_trojstva_brest/33/4162
4163;Gasthaus Zur Rehbockhütte;Avstrija;Labotniške Alpe;1385;46,9093°N 15,03659°E;koča;74;3% (3699. mesto);3;1;0;;https://www.hribi.net/gora/gasthaus_zur_rehbockhutte/28/4163
4164;Selovec (Gruberjev vrh);Slovenija;Karavanke;885;46,55216°N 15,01509°E;vrh, cerkev;665;23% (2939. mesto);7;3;0;;https://www.hribi.net/gora/selovec_gruberjev_vrh/11/4164
4165;TC Rahtel;Slovenija;Karavanke;615;46,52045°N 15,07596°E;koča;1100;28% (2772. mesto);4;2;0;;https://www.hribi.net/gora/tc_rahtel/11/4165
4166;Rahtelov vrh;Slovenija;Karavanke;667;46,52102°N 15,07233°E;vrh;790;25% (2883. mesto);2;2;0;;https://www.hribi.net/gora/rahtelov_vrh/11/4166
4167;Galke;Slovenija;Karavanke;684;46,28459°N 15,58146°E;Vremenska napoved:;346;16% (3205. mesto);3;4;0;;https://www.hribi.net/gora/galke/11/4167
4168;Baba (pri Boču);Slovenija;Karavanke;594;46,29082°N 15,58628°E;vrh;353;17% (3197. mesto);2;2;0;;https://www.hribi.net/gora/baba_pri_bocu/11/4168
4169;Grad Gamberk;Slovenija;Posavsko hribovje in Dolenjska;567;46,16189°N 14,96783°E;vrh;446;19% (3102. mesto);11;2;0;;https://www.hribi.net/gora/grad_gamberk/25/4169
4170;Lovski dom na Klančišah;Slovenija;Posavsko hribovje in Dolenjska;510;46,155°N 14,97028°E;koča;1340;29% (2712. mesto);3;2;0;;https://www.hribi.net/gora/lovski_dom_na_klancisah/25/4170
4171;Sv. Janez Krstnik (Vine);Slovenija;Posavsko hribovje in Dolenjska;392;46,14302°N 14,98667°E;cerkev;157;10% (3440. mesto);5;1;0;;https://www.hribi.net/gora/sv_janez_krstnik_vine/25/4171
4172;Vinski vrh;Slovenija;Posavsko hribovje in Dolenjska;616;46,14768°N 14,98304°E;vrh;365;17% (3183. mesto);3;1;0;2;https://www.hribi.net/gora/vinski_vrh/25/4172
4173;Margarethenwarte;Avstrija;Hribovje vzhodno od Mure;504;47,39734°N 16,42341°E;Vremenska napoved:;57;2% (3750. mesto);4;1;0;;https://www.hribi.net/gora/margarethenwarte/138/4173
4174;Grad Žusem;Slovenija;Posavsko hribovje in Dolenjska;509;46,16019°N 15,487°E;vrh;230;13% (3341. mesto);2;1;0;;https://www.hribi.net/gora/grad_zusem/25/4174
4175;Sv. Valentin in sv. Jakob (Dobrina);Slovenija;Posavsko hribovje in Dolenjska;585;46,15296°N 15,48373°E;sedlo, cerkev;154;10% (3446. mesto);3;1;0;;https://www.hribi.net/gora/sv_valentin_in_sv_jakob_dobrina/25/4175
4176;Ormoško jezero;Hrvaška, Slovenija;Strojna, Košenjak, Kozjak in Slovenske gorice;186;46,39518°N 16,17211°E;jezero;345;16% (3206. mesto);7;1;0;;https://www.hribi.net/gora/ormosko_jezero/162/4176
4177;Ormoške lagune;Slovenija;Strojna, Košenjak, Kozjak in Slovenske gorice;188;46,38615°N 16,19114°E;jezero;345;16% (3210. mesto);27;2;0;;https://www.hribi.net/gora/ormoske_lagune/162/4177
4178;Žvajga (severni vrh);Slovenija;Posavsko hribovje in Dolenjska;620;46,22373°N 15,0863°E;vrh;772;25% (2892. mesto);2;2;0;;https://www.hribi.net/gora/zvajga_severni_vrh/25/4178
4179;Tolsti vrh (nad Preboldom);Slovenija;Posavsko hribovje in Dolenjska;756;46,22484°N 15,06657°E;vrh;638;23% (2956. mesto);2;1;0;;https://www.hribi.net/gora/tolsti_vrh_nad_preboldom/25/4179
4180;Dežnikarjeva lipa;Slovenija;Posavsko hribovje in Dolenjska;431;46,22799°N 15,07628°E;Vremenska napoved:;221;13% (3350. mesto);6;1;0;;https://www.hribi.net/gora/deznikarjeva_lipa/25/4180
4181;Strtnik (Strnik);Slovenija;Posavsko hribovje in Dolenjska;845;46,21775°N 15,05954°E;vrh;414;18% (3137. mesto);4;1;0;;https://www.hribi.net/gora/strtnik_strnik/25/4181
4183;Krekovše;Slovenija;Goriško, Notranjsko in Snežniško hribovje;675;45,98004°N 13,93788°E;koča, sedlo;294;15% (3262. mesto);6;1;0;;https://www.hribi.net/gora/krekovse/26/4183
4184;Brusove klavže;Slovenija;Goriško, Notranjsko in Snežniško hribovje;491;45,9702°N 13,94793°E;Vremenska napoved:;280;14% (3282. mesto);22;1;0;;https://www.hribi.net/gora/brusove_klavze/26/4184
4185;Putrihove klavže;Slovenija;Goriško, Notranjsko in Snežniško hribovje;570;45,97568°N 13,92806°E;Vremenska napoved:;230;13% (3342. mesto);25;1;0;;https://www.hribi.net/gora/putrihove_klavze/26/4185
4186;Planinski dom Kamenitovac;Hrvaška;Gorjanci, Medvednica in Medžimurje;242;45,9114°N 16,94273°E;koča;121;8% (3536. mesto);1;1;0;;https://www.hribi.net/gora/planinski_dom_kamenitovac/61/4186
4187;Grad Cmurek;Slovenija;Strojna, Košenjak, Kozjak in Slovenske gorice;290;46,70541°N 15,78661°E;vrh;277;14% (3284. mesto);2;2;0;;https://www.hribi.net/gora/grad_cmurek/162/4187
4188;Turistično izletniška kmetija Sirk;Slovenija;Strojna, Košenjak, Kozjak in Slovenske gorice;298;46,69333°N 15,76209°E;koča, planina;164;10% (3429. mesto);5;2;0;;https://www.hribi.net/gora/turisticno_izletniska_kmetija_sirk/162/4188
4189;Koren / Monte Corona;Avstrija, Italija;Karnijske Alpe;1832;46,55208°N 13,32193°E;vrh;551;21% (3021. mesto);12;2;0;;https://www.hribi.net/gora/koren___monte_corona/27/4189
4190;Marija Snežna (Zgornja Velka);Slovenija;Strojna, Košenjak, Kozjak in Slovenske gorice;407;46,67608°N 15,77017°E;vrh, koča, cerkev;262;14% (3300. mesto);2;1;0;;https://www.hribi.net/gora/marija_snezna_zgornja_velka/162/4190
4191;Sv. Lenart (Zabukovje nad Sevnico);Slovenija;Posavsko hribovje in Dolenjska;555;46,05433°N 15,36773°E;cerkev;148;10% (3458. mesto);6;1;0;;https://www.hribi.net/gora/sv_lenart_zabukovje_nad_sevnico/25/4191
4192;Zaloška gora;Slovenija;Posavsko hribovje in Dolenjska;930;46,06493°N 15,40818°E;vrh;366;17% (3182. mesto);2;1;1;;https://www.hribi.net/gora/zaloska_gora/25/4192
4193;Aussichtswarte Vulkanland;Avstrija;Hribovje vzhodno od Mure;479;46,82516°N 15,92266°E;vrh, koča;154;10% (3449. mesto);5;4;0;;https://www.hribi.net/gora/aussichtswarte_vulkanland/138/4193
4195;Markovac;Hrvaška;Gorski Kotar in Istra;162;45,45797°N 13,61948°E;vrh;330;16% (3224. mesto);10;2;0;;https://www.hribi.net/gora/markovac/33/4195
4196;Cepeliš;Hrvaška;Gorjanci, Medvednica in Medžimurje;415;45,39619°N 16,27133°E;vrh, koča;153;10% (3450. mesto);2;2;0;;https://www.hribi.net/gora/cepelis/61/4196
4197;Lovska koča pod Gozdnikom;Slovenija;Posavsko hribovje in Dolenjska;651;46,19318°N 15,14104°E;koča;413;18% (3140. mesto);1;1;0;1;https://www.hribi.net/gora/lovska_koca_pod_gozdnikom/25/4197
4198;Slap Skalca;Slovenija;Pohorje, Dravinjske gorice in Haloze;920;46,49807°N 15,55291°E;slap;198;12% (3379. mesto);3;0;2;;https://www.hribi.net/gora/slap_skalca/4/4198
4199;Lovski dom pod Golavo;Slovenija;Posavsko hribovje in Dolenjska;556;46,21568°N 15,10845°E;koča;424;18% (3132. mesto);2;1;0;;https://www.hribi.net/gora/lovski_dom_pod_golavo/25/4199
4200;Homič;Slovenija;Posavsko hribovje in Dolenjska;1082;46,19091°N 15,09856°E;vrh;1610;31% (2662. mesto);3;8;0;;https://www.hribi.net/gora/homic/25/4200
4202;Orjak (nad Opatijo);Hrvaška;Gorski Kotar in Istra;712;45,35599°N 14,28479°E;vrh;252;13% (3317. mesto);4;1;0;;https://www.hribi.net/gora/orjak_nad_opatijo_/33/4202
4203;Knezgrad;Hrvaška;Gorski Kotar in Istra;612;45,28368°N 14,24893°E;vrh;140;9% (3478. mesto);5;1;0;;https://www.hribi.net/gora/knezgrad/33/4203
4204;Lužinski breg;Hrvaška;Gorski Kotar in Istra;626;45,29282°N 14,24669°E;vrh;116;7% (3552. mesto);4;1;0;;https://www.hribi.net/gora/luzinski_breg/33/4204
4206;Gorica (nad Lovranom);Hrvaška;Gorski Kotar in Istra;711;45,29572°N 14,23531°E;vrh;255;14% (3312. mesto);4;1;0;;https://www.hribi.net/gora/gorica_nad_lovranom/33/4206
4207;Pivola (Botanični vrt Univerze v Mariboru);Slovenija;Pohorje, Dravinjske gorice in Haloze;270;46,50726°N 15,63852°E;Vremenska napoved:;185;11% (3399. mesto);1;1;0;;https://www.hribi.net/gora/pivola_botanicni_vrt_univerze_v_mariboru/4/4207
4208;Žlejžn;Slovenija;Julijske Alpe;710;46,23312°N 13,73001°E;Vremenska napoved:;442;19% (3106. mesto);7;4;0;;https://www.hribi.net/gora/zlejzn/1/4208
4209;Planina Prode;Slovenija;Julijske Alpe;555;46,25169°N 13,73245°E;planina;402;18% (3151. mesto);10;1;0;;https://www.hribi.net/gora/planina_prode/1/4209
4212;Planinska koča Dragutin Hirc;Hrvaška;Gorski Kotar in Istra;1280;45,21877°N 14,97769°E;koča, bivak;256;14% (3309. mesto);4;1;0;;https://www.hribi.net/gora/planinska_koca_dragutin_hirc/33/4212
4213;Sv. Janez Krstnik (Razbor);Slovenija;Posavsko hribovje in Dolenjska;479;46,0589°N 15,2563°E;cerkev;297;15% (3259. mesto);4;1;0;;https://www.hribi.net/gora/sv_janez_krstnik_razbor/25/4213
4214;Sv. Jošt (pod vrhom Lisce);Slovenija;Posavsko hribovje in Dolenjska;787;46,0664°N 15,2784°E;cerkev;561;21% (3013. mesto);2;6;0;1;https://www.hribi.net/gora/sv_jost_pod_vrhom_lisce/25/4214
4216;Velika Javornica;Hrvaška;Gorski Kotar in Istra;1375;45,20534°N 14,99073°E;vrh;302;15% (3252. mesto);5;1;0;;https://www.hribi.net/gora/velika_javornica/33/4216
4217;Stoaniwelt Turm;Avstrija;Hribovje vzhodno od Mure;1125;47,37114°N 15,56326°E;sedlo;80;4% (3677. mesto);2;1;0;;https://www.hribi.net/gora/stoaniwelt_turm/138/4217
4218;Weberhofer Alm;Avstrija;Hribovje vzhodno od Mure;1220;47,36491°N 15,55917°E;planina;66;3% (3719. mesto);4;1;0;;https://www.hribi.net/gora/weberhofer_alm/138/4218
4219;Hochalmhütte (Golica / Koralpe);Avstrija;Labotniške Alpe;1693;46,8038°N 15,00698°E;koča, planina;83;4% (3660. mesto);4;2;0;;https://www.hribi.net/gora/hochalmhutte_golica___koralpe/28/4219
4221;Veli vrh (nad Škalnico);Hrvaška;Gorski Kotar in Istra;708;45,45283°N 14,33574°E;vrh;112;7% (3562. mesto);4;1;0;;https://www.hribi.net/gora/veli_vrh_nad_skalnico/33/4221
4222;Pliševica;Hrvaška;Gorski Kotar in Istra;771;45,46123°N 14,32281°E;vrh;126;8% (3521. mesto);6;1;0;;https://www.hribi.net/gora/plisevica/33/4222
4223;Breitalm;Avstrija;Hribovje vzhodno od Mure;1245;47,35966°N 15,46358°E;planina, sedlo;60;2% (3739. mesto);4;1;0;;https://www.hribi.net/gora/breitalm/138/4223
4224;Tonneggerkogel;Avstrija;Hribovje vzhodno od Mure;1343;47,35802°N 15,46204°E;vrh, planina;83;4% (3661. mesto);3;2;0;;https://www.hribi.net/gora/tonneggerkogel/138/4224
4226;Tuščak (Žumberačka gora);Hrvaška;Gorjanci, Medvednica in Medžimurje;602;45,82578°N 15,56741°E;vrh;144;9% (3471. mesto);3;1;0;;https://www.hribi.net/gora/tuscak_zumberacka_gora/61/4226
4228;Gradina Tuščak;Hrvaška;Gorjanci, Medvednica in Medžimurje;585;45,82364°N 15,56243°E;vrh;118;7% (3546. mesto);8;1;0;;https://www.hribi.net/gora/gradina_tuscak_/61/4228
4229;Dolina Radoljne (Pruh);Slovenija;Pohorje, Dravinjske gorice in Haloze;814;46,51225°N 15,33848°E;Vremenska napoved:;155;10% (3444. mesto);3;1;0;;https://www.hribi.net/gora/dolina_radoljne_pruh/4/4229
4230;Hudičev slap;Slovenija;Pohorje, Dravinjske gorice in Haloze;1140;46,50327°N 15,32341°E;slap;613;22% (2980. mesto);3;2;0;;https://www.hribi.net/gora/hudicev_slap/4/4230
4231;Neue Seehütte (Rax);Avstrija;Severne apneniške Alpe;1643;47,70315°N 15,72756°E;koča, sedlo;82;4% (3665. mesto);2;3;0;;https://www.hribi.net/gora/neue_seehutte_rax/59/4231
4232;Preiner Wand (Rax);Avstrija;Severne apneniške Alpe;1783;47,7006°N 15,73789°E;vrh;113;7% (3561. mesto);6;2;0;;https://www.hribi.net/gora/preiner_wand_rax/59/4232
4233;Bivak Dino Brollo;Italija;Julijske Alpe;1621;46,32193°N 13,29229°E;vrh, bivak;535;21% (3032. mesto);15;1;0;;https://www.hribi.net/gora/bivak_dino_brollo/1/4233
4234;Jakobskogel (Rax);Avstrija;Severne apneniške Alpe;1737;47,71223°N 15,7588°E;vrh;67;3% (3716. mesto);6;2;0;;https://www.hribi.net/gora/jakobskogel_rax/59/4234
4235;Ottohaus (Rax);Avstrija;Severne apneniške Alpe;1642;47,71328°N 15,76213°E;koča;100;6% (3609. mesto);5;3;0;;https://www.hribi.net/gora/ottohaus_rax/59/4235
4236;Raxalm-Berggasthof (Rax);Avstrija;Severne apneniške Alpe;1547;47,71699°N 15,77844°E;koča, planina;48;2% (3762. mesto);3;0;0;;https://www.hribi.net/gora/raxalm-berggasthof_rax/59/4236
4243;Noršićka Plešivica;Hrvaška;Gorjanci, Medvednica in Medžimurje;721;45,79818°N 15,56423°E;vrh;107;6% (3591. mesto);4;1;0;;https://www.hribi.net/gora/norsicka_plesivica/61/4243
4244;Raxgmoahütte (Rax);Avstrija;Severne apneniške Alpe;1854;47,70355°N 15,71782°E;vrh, koča;82;4% (3666. mesto);4;2;0;;https://www.hribi.net/gora/raxgmoahutte_rax/59/4244
4245;Najevska lipa;Slovenija;Kamniško Savinjske Alpe;1056;46,4474°N 14,8554°E;Vremenska napoved:;470;20% (3081. mesto);9;2;1;;https://www.hribi.net/gora/najevska_lipa/3/4245
4248;Pljovica;Hrvaška;Gorjanci, Medvednica in Medžimurje;760;45,7608°N 15,58689°E;vrh;111;7% (3564. mesto);4;1;0;;https://www.hribi.net/gora/pljovica/61/4248
4249;Zečak;Hrvaška;Gorjanci, Medvednica in Medžimurje;795;45,75346°N 15,5482°E;vrh;108;7% (3578. mesto);5;1;0;;https://www.hribi.net/gora/zecak/61/4249
4251;Planinski dom Žitnica;Hrvaška;Gorjanci, Medvednica in Medžimurje;815;45,74129°N 15,60352°E;koča;236;13% (3334. mesto);6;1;0;;https://www.hribi.net/gora/planinski_dom_zitnica_/61/4251
4252;Fleischer-Biwak;Avstrija;Severne apneniške Alpe;2145;47,61472°N 15,13548°E;bivak, sedlo;140;9% (3479. mesto);5;2;0;;https://www.hribi.net/gora/fleischer-biwak/59/4252
4253;Muzsla;Madžarska;Severovzhodna Madžarska;805;47,88767°N 19,75925°E;vrh;83;4% (3662. mesto);2;2;0;;https://www.hribi.net/gora/muzsla/134/4253
4254;Gradiška Tura;Slovenija;Goriško, Notranjsko in Snežniško hribovje;793;45,82929°N 45,82929°E;vrh;8;1% (3804. mesto);0;0;1;;https://www.hribi.net/gora/gradiska_tura/26/4254
4255;Okrešelj;Slovenija;Kamniško Savinjske Alpe;1396;46,36951°N 46,36951°E;koča;489;20% (3062. mesto);0;0;0;;https://www.hribi.net/gora/okreselj/3/4255
4256;Triglav;Slovenija;Julijske Alpe;2864;46,37832°N 46,37832°E;vrh;16;1% (3789. mesto);0;0;20;;https://www.hribi.net/gora/triglav/1/4256
4257;Zagelkogel;Avstrija;Severne apneniške Alpe;2255;47,61062°N 15,12352°E;vrh;128;8% (3513. mesto);5;2;0;;https://www.hribi.net/gora/zagelkogel/59/4257
4258;Gramoznica pri nasipu Petanjci;Slovenija;Prekmurje;200;46,65431°N 16,04653°E;jezero;152;10% (3453. mesto);2;2;0;;https://www.hribi.net/gora/gramoznica_pri_nasipu_petanjci/163/4258
4259;Močvirje Zaton;Slovenija;Prekmurje;201;46,65606°N 16,05643°E;jezero;147;10% (3461. mesto);5;1;0;;https://www.hribi.net/gora/mocvirje_zaton/163/4259
4260;Vrt spominov in tovarištva na Petanjcih;Slovenija;Prekmurje;200;46,6499°N 16,07764°E;Vremenska napoved:;84;5% (3654. mesto);7;1;0;;https://www.hribi.net/gora/vrt_spominov_in_tovaristva_na_petanjcih/163/4260
4261;Vrh Muzcev (zahodni vrh);Italija;Julijske Alpe;1864;46,32665°N 13,29437°E;vrh;508;20% (3046. mesto);7;2;0;;https://www.hribi.net/gora/vrh_muzcev_zahodni_vrh/1/4261
4262;Vrh Muzcev (vzhodni vrh);Italija;Julijske Alpe;1873;46,32598°N 13,30097°E;vrh;320;16% (3235. mesto);9;1;0;;https://www.hribi.net/gora/vrh_muzcev_vzhodni_vrh/1/4262
4263;Za vrhom (Križke planine);Slovenija;Posavsko hribovje in Dolenjska;1034;46,18872°N 15,09349°E;vrh;82;4% (3667. mesto);0;0;0;;https://www.hribi.net/gora/za_vrhom_krizke_planine/25/4263
4264;Cerkev Marijinega rojstva (Tišina);Slovenija;Prekmurje;204;46,65357°N 16,09386°E;koča, cerkev;69;3% (3709. mesto);3;1;0;;https://www.hribi.net/gora/cerkev_marijinega_rojstva_tisina/163/4264
4265;Križnik (Peca);Avstrija;Karavanke;2109;46,50547°N 14,75766°E;vrh;811;25% (2873. mesto);4;6;0;;https://www.hribi.net/gora/kriznik_peca/11/4265
4266;Feuersberger Spitze (Peca / Petzen);Avstrija;Karavanke;1704;46,51957°N 14,72584°E;vrh;233;13% (3338. mesto);4;2;0;;https://www.hribi.net/gora/feuersberger_spitze_peca___petzen/11/4266
4267;Božičev slap;Slovenija;Kamniško Savinjske Alpe;810;46,46039°N 14,85177°E;slap;381;17% (3164. mesto);2;1;0;;https://www.hribi.net/gora/bozicev_slap/3/4267
4268;Gostinjac Sv. Bernard;Hrvaška;Gorjanci, Medvednica in Medžimurje;700;45,77444°N 15,59447°E;koča;111;7% (3565. mesto);4;2;0;;https://www.hribi.net/gora/gostinjac_sv_bernard/61/4268
4269;Veliki Lovnik;Hrvaška;Gorjanci, Medvednica in Medžimurje;737;45,77745°N 15,59205°E;vrh;155;10% (3445. mesto);5;2;0;;https://www.hribi.net/gora/veliki_lovnik/61/4269
4270;Dunajska bajta;Slovenija;Kamniško Savinjske Alpe;1286;46,42564°N 14,85604°E;bivak;274;14% (3287. mesto);4;1;0;;https://www.hribi.net/gora/dunajska_bajta/3/4270
4271;Planina Slapnik;Slovenija;Julijske Alpe;1250;46,25036°N 13,65817°E;planina;325;16% (3229. mesto);4;2;0;;https://www.hribi.net/gora/planina_slapnik/1/4271
4272;Planina Zaslap;Slovenija;Julijske Alpe;1357;46,252°N 13,65248°E;planina;634;23% (2959. mesto);4;2;0;;https://www.hribi.net/gora/planina_zaslap/1/4272
4273;Koča Edmunda Čibeja v Tihi dolini;Slovenija;Goriško, Notranjsko in Snežniško hribovje;950;45,95303°N 13,87984°E;koča;709;24% (2924. mesto);4;1;0;;https://www.hribi.net/gora/koca_edmunda_cibeja_v_tihi_dolini/26/4273
4274;Bloudkova skakalnica (Predmeja);Slovenija;Goriško, Notranjsko in Snežniško hribovje;960;45,95448°N 13,87753°E;Vremenska napoved:;381;17% (3165. mesto);4;2;0;;https://www.hribi.net/gora/bloudkova_skakalnica_predmeja/26/4274
4275;Kamnolom bazaltnega tufa;Slovenija;Prekmurje;305;46,81176°N 16,08986°E;Vremenska napoved:;141;9% (3475. mesto);7;0;0;;https://www.hribi.net/gora/kamnolom_bazaltnega_tufa/163/4275
4277;Sveti Petar (nad Crvenim Vrhom);Hrvaška;Gorski Kotar in Istra;74;45,48854°N 13,5542°E;vrh, cerkev;246;13% (3320. mesto);4;1;0;;https://www.hribi.net/gora/sveti_petar_nad_crvenim_vrhom/33/4277
4278;Sveti Anton (Sveti Anton na Pohorju);Slovenija;Pohorje, Dravinjske gorice in Haloze;854;46,56077°N 15,20342°E;vrh, cerkev;363;17% (3189. mesto);7;1;0;;https://www.hribi.net/gora/sveti_anton_sveti_anton_na_pohorju/4/4278
4279;Kopnikov vrh;Slovenija;Pohorje, Dravinjske gorice in Haloze;1220;46,52621°N 15,18563°E;vrh;215;12% (3362. mesto);1;1;0;;https://www.hribi.net/gora/kopnikov_vrh/4/4279
4280;Planina Kot / Malga Coot;Italija;Julijske Alpe;1180;46,32972°N 13,42778°E;koča, planina;312;15% (3244. mesto);12;1;0;;https://www.hribi.net/gora/planina_kot___malga_coot/1/4280
4281;Partizanski dom Kope;Slovenija;Pohorje, Dravinjske gorice in Haloze;1445;46,51402°N 15,18224°E;koča;1470;30% (2690. mesto);4;3;0;;https://www.hribi.net/gora/partizanski_dom_kope/4/4281
4282;Bivak Costantini;Italija;Julijske Alpe;1650;46,33352°N 13,44315°E;bivak;311;15% (3246. mesto);11;2;0;;https://www.hribi.net/gora/bivak_costantini/1/4282
4283;Orlove stijene;Hrvaška;Gorski Kotar in Istra;572;45,48273°N 15,04101°E;vrh;235;13% (3335. mesto);5;1;0;;https://www.hribi.net/gora/orlove_stijene/33/4283
4284;Okrugljak;Hrvaška;Gorski Kotar in Istra;885;45,46062°N 15,03002°E;vrh;130;8% (3506. mesto);9;2;0;;https://www.hribi.net/gora/okrugljak/33/4284
4286;Sokolske stijene;Hrvaška;Gorski Kotar in Istra;961;45,54959°N 14,61954°E;vrh;130;8% (3507. mesto);7;1;0;;https://www.hribi.net/gora/sokolske_stijene/33/4286
4287;Rudnik;Hrvaška;Gorski Kotar in Istra;1052;45,56465°N 14,60959°E;vrh;121;8% (3537. mesto);7;1;1;;https://www.hribi.net/gora/rudnik/33/4287
4288;Mala Kopa;Slovenija;Pohorje, Dravinjske gorice in Haloze;1524;46,51358°N 15,18843°E;vrh;451;19% (3098. mesto);2;5;0;;https://www.hribi.net/gora/mala_kopa/4/4288
4289;Grajski izvir pri gradu Grad na Goričkem;Slovenija;Prekmurje;330;46,79933°N 16,09856°E;Vremenska napoved:;95;5% (3630. mesto);3;1;0;;https://www.hribi.net/gora/grajski_izvir_pri_gradu_grad_na_gorickem/163/4289
4290;Planina Baban;Slovenija;Julijske Alpe;1401;46,32421°N 13,46847°E;planina;289;15% (3271. mesto);6;2;0;;https://www.hribi.net/gora/planina_baban/1/4290
4291;Grad Murska Sobota;Slovenija;Prekmurje;192;46,66241°N 16,16058°E;koča;243;13% (3325. mesto);6;2;0;;https://www.hribi.net/gora/grad_murska_sobota/163/4291
4292;Sohlenalm;Avstrija;Severne apneniške Alpe;1352;47,67264°N 15,38653°E;planina, sedlo;65;3% (3720. mesto);6;1;0;;https://www.hribi.net/gora/sohlenalm/59/4292
4293;Gulj;Slovenija;Julijske Alpe;954;46,31668°N 13,46243°E;vrh;151;10% (3454. mesto);3;1;0;;https://www.hribi.net/gora/gulj/1/4293
4294;Planina Ognjenik;Slovenija;Julijske Alpe;1060;46,31833°N 13,46302°E;planina;179;11% (3408. mesto);5;1;0;;https://www.hribi.net/gora/planina_ognjenik/1/4294
4295;Divaška jama;Slovenija;Goriško, Notranjsko in Snežniško hribovje;419;45,67517°N 13,95073°E;Vremenska napoved:;191;12% (3386. mesto);11;0;0;;https://www.hribi.net/gora/divaska_jama/26/4295
4296;Seeleiten;Avstrija;Severne apneniške Alpe;1734;47,63439°N 15,27135°E;vrh;68;3% (3712. mesto);1;1;0;;https://www.hribi.net/gora/seeleiten/59/4296
4297;Mieserkogel;Avstrija;Severne apneniške Alpe;1855;47,63817°N 15,25599°E;vrh;76;4% (3692. mesto);6;2;0;;https://www.hribi.net/gora/mieserkogel/59/4297
4298;Krautgartenkogel;Avstrija;Severne apneniške Alpe;1988;47,63319°N 15,23866°E;vrh;71;3% (3705. mesto);3;2;0;;https://www.hribi.net/gora/krautgartenkogel/59/4298
4299;Hochweichsel;Avstrija;Severne apneniške Alpe;2006;47,63801°N 15,22668°E;vrh;91;5% (3633. mesto);8;2;0;;https://www.hribi.net/gora/hochweichsel/59/4299
4300;Leitenalm;Avstrija;Severne apneniške Alpe;1520;47,65051°N 15,28035°E;planina;56;2% (3753. mesto);1;1;0;;https://www.hribi.net/gora/leitenalm/59/4300
4301;Graualm;Avstrija;Severne apneniške Alpe;1502;47,65193°N 15,26971°E;planina;69;3% (3710. mesto);2;1;0;;https://www.hribi.net/gora/graualm/59/4301
4302;Mačkova špilja;Hrvaška;Gorjanci, Medvednica in Medžimurje;428;46,28467°N 16,03232°E;Vremenska napoved:;95;5% (3626. mesto);2;1;0;;https://www.hribi.net/gora/mackova_spilja/61/4302
4303;Vidikovac Tri Žaklji;Hrvaška;Gorjanci, Medvednica in Medžimurje;430;46,28983°N 16,03234°E;vrh;106;6% (3592. mesto);2;1;0;;https://www.hribi.net/gora/vidikovac_tri_zaklji/61/4303
4304;Kukelj;Hrvaška;Gorjanci, Medvednica in Medžimurje;521;46,2925°N 16,03381°E;vrh;96;5% (3621. mesto);1;2;0;;https://www.hribi.net/gora/kukelj/61/4304
4305;Perniško jezero;Slovenija;Strojna, Košenjak, Kozjak in Slovenske gorice;246;46,59069°N 15,72381°E;jezero;267;14% (3293. mesto);5;1;0;;https://www.hribi.net/gora/pernisko_jezero/162/4305
4306;G'hacktkogel;Avstrija;Severne apneniške Alpe;2213;47,61414°N 15,1314°E;vrh;81;4% (3674. mesto);2;1;0;;https://www.hribi.net/gora/ghacktkogel/59/4306
4307;Velika Kuhinja;Slovenija;Julijske Alpe;1878;46,32835°N 13,45096°E;vrh;338;16% (3217. mesto);9;3;0;;https://www.hribi.net/gora/velika_kuhinja/1/4307
4309;Šatorina;Hrvaška;Velebit;1624;44,64763°N 15,04831°E;vrh;212;12% (3367. mesto);9;1;0;;https://www.hribi.net/gora/satorina/30/4309
4310;Laktin vrh;Hrvaška;Velebit;1504;44,62114°N 15,09275°E;vrh;139;9% (3481. mesto);7;1;0;;https://www.hribi.net/gora/laktin_vrh/30/4310
4312;Lisac;Hrvaška;Velebit;1449;44,62046°N 15,05885°E;vrh;173;11% (3418. mesto);4;1;0;;https://www.hribi.net/gora/lisac/30/4312
4313;Kal (greben Krnčice);Slovenija;Julijske Alpe;1699;46,30316°N 13,61883°E;vrh;264;14% (3297. mesto);11;1;0;;https://www.hribi.net/gora/kal_greben_krncice/1/4313
4314;Pongratzwirt;Avstrija;Labotniške Alpe;1177;47,0202°N 14,93672°E;koča, planina;60;2% (3740. mesto);2;1;0;;https://www.hribi.net/gora/pongratzwirt/28/4314
4315;St. Bartholomä (Hirschegg Rein);Avstrija;Labotniške Alpe;1585;47,03049°N 14,89681°E;planina, cerkev;63;3% (3729. mesto);3;1;0;;https://www.hribi.net/gora/st_bartholoma_hirschegg_rein/28/4315
4316;Peterer Hütte;Avstrija;Labotniške Alpe;1590;47,02608°N 14,81936°E;koča, planina;61;2% (3737. mesto);3;1;0;;https://www.hribi.net/gora/peterer_hutte/28/4316
4317;Peterer Kogel;Avstrija;Labotniške Alpe;1843;47,03266°N 14,82619°E;vrh;56;2% (3754. mesto);4;1;0;;https://www.hribi.net/gora/peterer_kogel/28/4317
4318;Gramoznica Kupšinci;Slovenija;Prekmurje;194;46,65921°N 16,10917°E;jezero;76;4% (3693. mesto);3;1;0;;https://www.hribi.net/gora/gramoznica_kupsinci/163/4318
4319;Waldheimhütte;Avstrija;Labotniške Alpe;1614;47,05677°N 14,63027°E;koča, planina;59;2% (3743. mesto);1;1;0;;https://www.hribi.net/gora/waldheimhutte/28/4319
4320;Somló;Madžarska;Osrednja Madžarska;432;47,14643°N 17,37193°E;vrh;98;6% (3615. mesto);3;1;0;;https://www.hribi.net/gora/somlo/133/4320
4321;Zajavor;Italija;Julijske Alpe;1815;46,32049°N 13,32632°E;vrh;911;26% (2839. mesto);15;2;0;;https://www.hribi.net/gora/zajavor/1/4321
4322;Planina Nizki vrh;Italija;Julijske Alpe;1182;46,31883°N 13,37053°E;bivak, planina;152;10% (3452. mesto);12;2;0;;https://www.hribi.net/gora/planina_nizki_vrh/1/4322
4323;Nizki vrh (Monte Nischiuarch);Italija;Julijske Alpe;1260;46,31715°N 13,37713°E;vrh;133;9% (3495. mesto);8;2;0;;https://www.hribi.net/gora/nizki_vrh_monte_nischiuarch/1/4323
4324;Vrh Žlebi;Italija, Slovenija;Julijske Alpe;2339;46,3402°N 13,44461°E;vrh;320;16% (3233. mesto);15;1;0;;https://www.hribi.net/gora/vrh_zlebi/1/4324
4325;Lavantsee;Avstrija;Labotniške Alpe;2053;47,05941°N 14,57749°E;jezero;108;7% (3579. mesto);8;1;0;;https://www.hribi.net/gora/lavantsee/28/4325
4326;Angerlkogel;Avstrija;Labotniške Alpe;1774;46,97582°N 14,6409°E;vrh;108;7% (3580. mesto);1;2;0;;https://www.hribi.net/gora/angerlkogel/28/4326
4327;Podjelak;Hrvaška;Gorjanci, Medvednica in Medžimurje;644;45,76683°N 15,62514°E;Vremenska napoved:;84;5% (3655. mesto);4;1;0;;https://www.hribi.net/gora/podjelak/61/4327
4328;Pressner Alpe;Avstrija;Labotniške Alpe;1836;46,99241°N 14,62181°E;vrh;59;2% (3744. mesto);2;2;0;;https://www.hribi.net/gora/pressner_alpe/28/4328
4329;Zöhrerkogel;Avstrija;Labotniške Alpe;1874;46,99795°N 14,61526°E;vrh;59;2% (3745. mesto);3;2;0;;https://www.hribi.net/gora/zohrerkogel/28/4329
4330;Feldalmhütte;Avstrija;Labotniške Alpe;1751;46,99542°N 14,62432°E;koča, planina;73;3% (3702. mesto);2;2;0;;https://www.hribi.net/gora/feldalmhutte/28/4330
4331;St. Martiner Hütte;Avstrija;Labotniške Alpe;1710;47,00093°N 14,58877°E;koča, planina;84;4% (3663. mesto);1;2;0;;https://www.hribi.net/gora/st_martiner_hutte/28/4331
4332;Stoanahütte;Avstrija;Labotniške Alpe;1748;47,01743°N 14,58749°E;koča, planina, sedlo;53;2% (3756. mesto);3;2;0;;https://www.hribi.net/gora/stoanahutte/28/4332
4333;Sv. Louronac / San Lorenzo;Italija;Julijske Alpe;850;46,1992°N 13,48522°E;cerkev;111;7% (3567. mesto);9;1;0;;https://www.hribi.net/gora/sv_louronac___san_lorenzo/1/4333
4334;Neprobić;Hrvaška;Biokovo in Dalmacija;966;42,80737°N 17,91298°E;vrh;132;8% (3508. mesto);14;1;0;;https://www.hribi.net/gora/neprobic/64/4334
4335;Sveti Ivan (Pelješac);Hrvaška;Biokovo in Dalmacija;469;42,87395°N 17,45742°E;vrh;215;12% (3363. mesto);7;1;0;;https://www.hribi.net/gora/sveti_ivan_peljesac/64/4335
4336;Alpengasthof Fernblick;Avstrija;Hribovje vzhodno od Mure;1140;47,52355°N 15,99283°E;koča, planina;82;4% (3668. mesto);2;2;0;;https://www.hribi.net/gora/alpengasthof_fernblick/138/4336
4337;Marienseer Schwaig;Avstrija;Hribovje vzhodno od Mure;1478;47,53773°N 15,92966°E;koča, planina;65;3% (3721. mesto);3;2;0;;https://www.hribi.net/gora/marienseer_schwaig/138/4337
4342;Pločno;Bosna in Hercegovina;Hercegovina;2228;43,59956°N 17,56447°E;vrh;334;16% (3221. mesto);15;1;0;;https://www.hribi.net/gora/plocno/65/4342
4343;Aljažev stolp v Završah;Slovenija;Karavanke;803;46,42891°N 15,14185°E;Vremenska napoved:;201;12% (3375. mesto);1;1;0;;https://www.hribi.net/gora/aljazev_stolp_v_zavrsah/11/4343
4344;Poloje;Slovenija;Julijske Alpe;981;46,19171°N 13,76214°E;vrh;211;12% (3368. mesto);1;1;1;;https://www.hribi.net/gora/poloje/1/4344
4345;Planina Mija;Italija;Julijske Alpe;970;46,22044°N 13,46249°E;bivak, planina;180;11% (3405. mesto);15;3;0;;https://www.hribi.net/gora/planina_mija/1/4345
4346;Mija / Monte Mia;Italija;Julijske Alpe;1237;46,2217°N 13,4785°E;vrh;575;22% (3003. mesto);19;3;0;;https://www.hribi.net/gora/mija___monte_mia/1/4346
4347;Offnerhütte;Avstrija;Labotniške Alpe;1668;46,84166°N 14,67615°E;koča, planina;90;5% (3639. mesto);5;2;0;;https://www.hribi.net/gora/offnerhutte/28/4347
4348;Sandkogel;Avstrija;Labotniške Alpe;2011;46,85386°N 14,66227°E;vrh;109;7% (3573. mesto);3;2;0;;https://www.hribi.net/gora/sandkogel/28/4348
4349;Marsinska planina;Italija;Julijske Alpe;1401;46,20678°N 13,52027°E;bivak, planina;124;8% (3528. mesto);6;1;0;;https://www.hribi.net/gora/marsinska_planina/1/4349
4350;Zechhütte;Avstrija;Labotniške Alpe;1512;46,8389°N 14,69305°E;koča, planina;63;3% (3730. mesto);2;1;0;;https://www.hribi.net/gora/zechhutte/28/4350
4351;Naturfreundehaus (Klippitztörl);Avstrija;Labotniške Alpe;1635;46,93628°N 14,67507°E;koča, sedlo;92;5% (3634. mesto);2;1;0;;https://www.hribi.net/gora/naturfreundehaus_klippitztorl/28/4351
4352;Hohenwart;Avstrija;Labotniške Alpe;1818;46,95414°N 14,68547°E;vrh, jezero, planina;106;6% (3593. mesto);3;2;0;;https://www.hribi.net/gora/hohenwart/28/4352
4353;Hohenwarthütte;Avstrija;Labotniške Alpe;1720;46,95048°N 14,68746°E;koča, planina;94;5% (3632. mesto);3;2;0;;https://www.hribi.net/gora/hohenwarthutte/28/4353
4354;Grünhütte;Avstrija;Labotniške Alpe;1617;46,96353°N 14,67987°E;koča, planina;89;5% (3641. mesto);4;4;0;;https://www.hribi.net/gora/grunhutte/28/4354
4355;Schwarzkogelhütte;Avstrija;Labotniške Alpe;1558;46,94554°N 14,6984°E;koča, planina;57;2% (3751. mesto);0;0;0;;https://www.hribi.net/gora/schwarzkogelhutte/28/4355
4356;Planinski dom Vilinac;Bosna in Hercegovina;Hercegovina;1881;43,62211°N 17,63294°E;koča;151;10% (3455. mesto);5;1;0;;https://www.hribi.net/gora/planinski_dom_vilinac/65/4356
4357;Razgledišče Na Prodih;Slovenija;Kamniško Savinjske Alpe;1123;;Ogledov: 13;13;1% (3792. mesto);7;0;0;;https://www.hribi.net/gora/razgledisce_na_prodih/3/4357
4358;Razgledišče Šumberk;Slovenija;Posavsko hribovje in Dolenjska;355;;Ogledov: 3;3;0% (3820. mesto);2;0;0;;https://www.hribi.net/gora/razgledisce_sumberk/25/4358
4359;Herrgottschnitzerhütte am Wechsel;Avstrija;Hribovje vzhodno od Mure;1318;47,55982°N 15,99914°E;koča;78;4% (3685. mesto);3;1;0;;https://www.hribi.net/gora/herrgottschnitzerhutte_am_wechsel/138/4359
4360;Kampstein;Avstrija;Hribovje vzhodno od Mure;1467;47,5611°N 15,98659°E;vrh;75;3% (3697. mesto);3;2;0;;https://www.hribi.net/gora/kampstein/138/4360
4361;Kampsteiner Schwaig;Avstrija;Hribovje vzhodno od Mure;1400;47,56134°N 15,97512°E;koča, planina, sedlo;80;4% (3678. mesto);3;2;0;;https://www.hribi.net/gora/kampsteiner_schwaig/138/4361
4362;Feistritzer Schwaig;Avstrija;Hribovje vzhodno od Mure;1438;47,55868°N 15,93438°E;Vremenska napoved:;60;2% (3741. mesto);4;2;0;;https://www.hribi.net/gora/feistritzer_schwaig/138/4362
4363;Radovci (gasilski dom);Slovenija;Prekmurje;352;46,78126°N 16,09782°E;koča;65;3% (3722. mesto);3;1;0;;https://www.hribi.net/gora/radovci_gasilski_dom/163/4363
4364;Vavtošek;Slovenija;Strojna, Košenjak, Kozjak in Slovenske gorice;418;46,56038°N 15,72275°E;vrh;86;5% (3649. mesto);2;1;0;;https://www.hribi.net/gora/vavtosek/162/4364
4365;Izvir Rebra;Slovenija;Strojna, Košenjak, Kozjak in Slovenske gorice;390;46,54598°N 15,74627°E;Vremenska napoved:;84;5% (3656. mesto);2;1;0;;https://www.hribi.net/gora/izvir_rebra/162/4365
4368;Martinščak;Hrvaška;Gorjanci, Medvednica in Medžimurje;345;45,4075°N 15,57952°E;vrh, cerkev;103;6% (3601. mesto);9;2;0;;https://www.hribi.net/gora/martinscak/61/4368
4370;Vinica;Hrvaška;Gorjanci, Medvednica in Medžimurje;321;45,44481°N 15,52522°E;vrh;110;7% (3568. mesto);4;1;0;;https://www.hribi.net/gora/vinica/61/4370
4371;Planinska koča Mladen Polović;Hrvaška;Gorjanci, Medvednica in Medžimurje;309;45,44641°N 15,52221°E;koča;68;3% (3713. mesto);5;1;0;;https://www.hribi.net/gora/planinska_koca_mladen_polovic/61/4371
4372;Sveti Rupert (Spodnja Voličina);Slovenija;Strojna, Košenjak, Kozjak in Slovenske gorice;286;46,54501°N 15,81567°E;cerkev;62;3% (3735. mesto);1;2;0;;https://www.hribi.net/gora/sveti_rupert_spodnja_volicina/162/4372
4374;Vodenica;Hrvaška;Gorjanci, Medvednica in Medžimurje;538;45,59251°N 15,409°E;vrh;111;7% (3574. mesto);7;1;0;;https://www.hribi.net/gora/vodenica/61/4374
4377;Planinska koča Vodice;Hrvaška;Gorjanci, Medvednica in Medžimurje;850;45,76475°N 15,38012°E;koča;146;10% (3464. mesto);7;1;0;;https://www.hribi.net/gora/planinska_koca_vodice_/61/4377
4378;Rosenberg;Avstrija;Hribovje vzhodno od Mure;458;46,81523°N 15,92364°E;vrh;59;2% (3746. mesto);3;2;0;;https://www.hribi.net/gora/rosenberg/138/4378
4379;Cesar;Slovenija;Julijske Alpe;2098;46,36605°N 13,85905°E;Vremenska napoved:;762;24% (2903. mesto);0;0;0;;https://www.hribi.net/gora/cesar/1/4379
4382;Pliješ;Hrvaška;Gorjanci, Medvednica in Medžimurje;977;45,76894°N 15,38325°E;vrh;156;10% (3442. mesto);5;1;0;;https://www.hribi.net/gora/plijes/61/4382
4383;Ječmište;Hrvaška;Gorjanci, Medvednica in Medžimurje;976;45,78082°N 15,42169°E;vrh;128;8% (3514. mesto);6;2;0;;https://www.hribi.net/gora/jecmiste/61/4383
4384;Gramoznica Krapje;Slovenija;Strojna, Košenjak, Kozjak in Slovenske gorice;180;46,56733°N 16,20906°E;jezero;78;4% (3689. mesto);2;1;0;;https://www.hribi.net/gora/gramoznica_krapje/162/4384
4385;Trstelj;Slovenija;TRSTELJ;620;;koča;3;0% (3821. mesto);5;0;4;;https://www.hribi.net/gora/trstelj/176/4385
4386;Sveta Ema;Slovenija;Posavsko hribovje in Dolenjska;344;46,18131°N 15,61114°E;vrh, cerkev;126;8% (3524. mesto);4;3;3;1;https://www.hribi.net/gora/sveta_ema/25/4386
4387;Na Nizkem;Slovenija;Julijske Alpe;2275;46,35591°N 13,8321°E;vrh;285;14% (3280. mesto);3;1;0;;https://www.hribi.net/gora/na_nizkem/1/4387
4388;Vršič (Ursic di Raibl);Italija, Slovenija;Julijske Alpe;1918;46,43868°N 13,60029°E;vrh;57;2% (3752. mesto);2;0;0;;https://www.hribi.net/gora/vrsic_ursic_di_raibl/1/4388
4389;Špičasti vrh (pri Žbevnici);Hrvaška;Gorski Kotar in Istra;957;45,47004°N 14,00077°E;vrh;190;12% (3387. mesto);8;4;0;;https://www.hribi.net/gora/spicasti_vrh_pri_zbevnici/33/4389
4394;Sveti Križ na Kalvariji;Hrvaška;Gorski Kotar in Istra;225;45,22599°N 14,24507°E;cerkev;89;5% (3642. mesto);2;1;0;;https://www.hribi.net/gora/sveti_kriz_na_kalvariji/33/4394
4395;Kremenjak;Hrvaška;Gorski Kotar in Istra;827;45,21614°N 14,2112°E;vrh;387;18% (3159. mesto);7;2;0;;https://www.hribi.net/gora/kremenjak/33/4395
4396;Planinsko zavetišče Kremenjak;Hrvaška;Gorski Kotar in Istra;844;45,22466°N 14,20666°E;vrh, bivak;163;10% (3433. mesto);9;2;0;;https://www.hribi.net/gora/planinsko_zavetisce_kremenjak/33/4396
4397;Brgud;Hrvaška;Gorski Kotar in Istra;907;45,23398°N 14,2018°E;vrh;217;12% (3356. mesto);9;4;0;;https://www.hribi.net/gora/brgud/33/4397
4398;Balin;Hrvaška;Gorski Kotar in Istra;887;45,24465°N 14,20584°E;vrh;123;8% (3532. mesto);9;4;0;;https://www.hribi.net/gora/balin/33/4398
4399;Vidikovac Vukovoj;Hrvaška;Gorjanci, Medvednica in Medžimurje;491;46,2981°N 16,04924°E;vrh, cerkev;137;9% (3489. mesto);2;1;0;;https://www.hribi.net/gora/vidikovac_vukovoj/61/4399
4400;Voglerjeva koča;Slovenija;Prekmurje;257;46,68859°N 16,34859°E;koča;127;8% (3517. mesto);3;4;0;;https://www.hribi.net/gora/voglerjeva_koca/163/4400
4401;Haláp hegy;Madžarska;Zahodna Madžarska;358;46,9252°N 17,458°E;vrh;60;2% (3742. mesto);2;1;0;;https://www.hribi.net/gora/halap_hegy/132/4401
4402;Kis-somlyó hegy;Madžarska;Zahodna Madžarska;220;47,1516°N 17,0988°E;vrh;84;5% (3657. mesto);3;1;0;;https://www.hribi.net/gora/kis-somlyo_hegy/132/4402
4403;Ság hegy;Madžarska;Zahodna Madžarska;279;47,2322°N 17,1175°E;vrh;64;3% (3725. mesto);4;1;0;;https://www.hribi.net/gora/sag_hegy/132/4403
4404;Žusem, stolp ljubezni;Slovenija;Kozjansko;669;46,15892°N 15,48147°E;vrh;524;21% (3037. mesto);17;0;0;1;https://www.hribi.net/gora/zusem_stolp_ljubezni/177/4404
4405;Plesišče (Vrbanove špice);Slovenija;Julijske Alpe;2248;46,396°N 13,8682°E;Vremenska napoved:;447;19% (3105. mesto);1;1;0;;https://www.hribi.net/gora/plesisce_vrbanove_spice/1/4405
4406;Gramoznica Kobilje;Slovenija;Prekmurje;195;46,6936°N 16,3706°E;jezero;75;3% (3698. mesto);2;2;0;;https://www.hribi.net/gora/gramoznica_kobilje/163/4406
4407;Lipnica;Slovenija;Julijske Alpe;2418;46,4464°N 13,8122°E;vrh;687;23% (2932. mesto);2;2;0;;https://www.hribi.net/gora/lipnica/1/4407
4408;Črni kamen;Slovenija;Prekmurje;300;46,82712°N 15,98564°E;Vremenska napoved:;65;3% (3723. mesto);2;1;0;;https://www.hribi.net/gora/crni_kamen/163/4408
4409;Slatinski vrelec Ocinje;Slovenija;Prekmurje;299;46,82901°N 15,99848°E;Vremenska napoved:;64;3% (3731. mesto);3;1;0;;https://www.hribi.net/gora/slatinski_vrelec_ocinje/163/4409
4410;Malo Apno;Slovenija;Kamniško Savinjske Alpe;499;46,3096°N 15,134°E;vrh, bivak;86;5% (3650. mesto);1;1;0;;https://www.hribi.net/gora/malo_apno/3/4410
4411;Apno;Slovenija;Kamniško Savinjske Alpe;525;46,3078°N 15,1313°E;vrh;162;10% (3435. mesto);2;3;2;;https://www.hribi.net/gora/apno/3/4411
4412;Velika Mojstrovka (zahodni vrh);Slovenija;Julijske Alpe;2369;46,4341°N 13,7235°E;vrh;762;24% (2898. mesto);1;2;0;;https://www.hribi.net/gora/velika_mojstrovka_zahodni_vrh/1/4412
4413;Izvir Ponikvice;Slovenija;Kamniško Savinjske Alpe;378;46,3072°N 15,1397°E;bivak;128;8% (3522. mesto);5;3;0;;https://www.hribi.net/gora/izvir_ponikvice/3/4413
4414;Požiralnik Ponikvice;Slovenija;Kamniško Savinjske Alpe;350;46,2951°N 15,1388°E;slap;106;6% (3594. mesto);5;3;0;;https://www.hribi.net/gora/poziralnik_ponikvice/3/4414
4415;Izvir Ločanke;Slovenija;Kamniško Savinjske Alpe;356;46,2944°N 15,1379°E;Vremenska napoved:;96;5% (3622. mesto);3;3;0;;https://www.hribi.net/gora/izvir_locanke/3/4415
4416;Pogorišče;Slovenija;Kamniško Savinjske Alpe;412;46,2908°N 15,1355°E;vrh;122;8% (3533. mesto);5;3;0;;https://www.hribi.net/gora/pogorisce/3/4416
4417;Jama Pekel;Slovenija;Kamniško Savinjske Alpe;300;46,29°N 15,133°E;Vremenska napoved:;346;16% (3207. mesto);2;2;0;;https://www.hribi.net/gora/jama_pekel/3/4417
4418;Planina Gozdec;Slovenija;Julijske Alpe;1305;46,3395°N 13,4861°E;planina;79;4% (3682. mesto);1;1;0;;https://www.hribi.net/gora/planina_gozdec/1/4418
4419;Pod Kaninom;Italija, Slovenija;Julijske Alpe;2429;46,3543°N 13,4369°E;vrh;199;12% (3378. mesto);1;1;0;;https://www.hribi.net/gora/pod_kaninom/1/4419
4420;Prnek;Slovenija;Posavsko hribovje in Dolenjska;341;46,2276°N 15,6321°E;vrh;83;4% (3664. mesto);3;1;0;;https://www.hribi.net/gora/prnek/25/4420
4421;Sveta Trojica (Prnek);Slovenija;Posavsko hribovje in Dolenjska;317;46,22148°N 15,63185°E;cerkev;76;4% (3694. mesto);2;1;0;;https://www.hribi.net/gora/sveta_trojica_prnek/25/4421
4422;Okno v Stegovniku;Slovenija;Karavanke;1476;46,391°N 14,4149°E;Vremenska napoved:;196;12% (3382. mesto);7;3;0;;https://www.hribi.net/gora/okno_v_stegovniku/11/4422
4423;Sv. Vid (Vonarje);Slovenija;Posavsko hribovje in Dolenjska;310;46,18491°N 15,6222°E;vrh, cerkev;62;2% (3736. mesto);3;1;0;;https://www.hribi.net/gora/sv_vid_vonarje/25/4423
4424;Sv. Areh (Vonarje);Slovenija;Posavsko hribovje in Dolenjska;322;46,18101°N 15,62773°E;cerkev;96;5% (3627. mesto);2;1;0;;https://www.hribi.net/gora/sv_areh_vonarje/25/4424
4425;Bobrov center;Slovenija;Posavsko hribovje in Dolenjska;205;46,1901°N 15,64438°E;Vremenska napoved:;89;5% (3643. mesto);3;1;0;;https://www.hribi.net/gora/bobrov_center/25/4425
4426;Ribnik Vonarje;Slovenija;Posavsko hribovje in Dolenjska;205;46,17746°N 15,61869°E;jezero;68;3% (3714. mesto);2;1;0;;https://www.hribi.net/gora/ribnik_vonarje/25/4426
4427;Šćah;Hrvaška;Jadranski otoki;286;44,0853°N 15,144°E;vrh;173;11% (3420. mesto);1;1;0;1;https://www.hribi.net/gora/scah/63/4427
4428;Veliki Bokolj;Hrvaška;Jadranski otoki;274;43,9554°N 15,34°E;vrh;265;14% (3296. mesto);2;1;0;;https://www.hribi.net/gora/veliki_bokolj/63/4428
4429;Levstikov mlin;Slovenija;Posavsko hribovje in Dolenjska;240;46,03692°N 15,5906°E;Vremenska napoved:;81;4% (3679. mesto);3;1;0;;https://www.hribi.net/gora/levstikov_mlin/25/4429
4430;Rigelj;Slovenija;Posavsko hribovje in Dolenjska;626;46,02369°N 15,60718°E;vrh;78;4% (3690. mesto);3;2;0;;https://www.hribi.net/gora/rigelj/25/4430
4431;Veliki vrh (Orlica);Slovenija;Posavsko hribovje in Dolenjska;701;46,0177°N 15,6167°E;vrh;175;11% (3416. mesto);2;5;0;;https://www.hribi.net/gora/veliki_vrh_orlica/25/4431
4432;Kerinov spomenik;Slovenija;Posavsko hribovje in Dolenjska;614;46,0153°N 15,6247°E;Vremenska napoved:;110;7% (3569. mesto);3;5;0;;https://www.hribi.net/gora/kerinov_spomenik/25/4432
4433;Sazianiberg;Avstrija;Hribovje vzhodno od Mure;382;46,81143°N 15,86747°E;vrh;43;2% (3767. mesto);6;1;0;;https://www.hribi.net/gora/sazianiberg/138/4433
4434;Straden;Avstrija;Hribovje vzhodno od Mure;376;46,80601°N 15,87066°E;vrh, koča, cerkev;52;2% (3757. mesto);9;1;0;;https://www.hribi.net/gora/straden/138/4434
4435;Intermedija;Slovenija;Posavsko hribovje in Dolenjska;662;46,0221°N 15,6395°E;vrh;102;6% (3602. mesto);2;5;0;;https://www.hribi.net/gora/intermedija/25/4435
4436;Bivak Lovske družine Pišece;Slovenija;Posavsko hribovje in Dolenjska;594;46,0224°N 15,6436°E;bivak, sedlo;101;6% (3604. mesto);4;5;0;;https://www.hribi.net/gora/bivak_lovske_druzine_pisece/25/4436
4437;Velika Vagla;Slovenija;Posavsko hribovje in Dolenjska;667;46,0187°N 15,6472°E;vrh;61;2% (3738. mesto);1;1;0;;https://www.hribi.net/gora/velika_vagla/25/4437
4438;Veliki vrh (nad Pišecami);Slovenija;Posavsko hribovje in Dolenjska;698;46,0231°N 15,6471°E;vrh;97;6% (3618. mesto);1;1;0;;https://www.hribi.net/gora/veliki_vrh_nad_pisecami/25/4438
4439;Grad Pišece;Slovenija;Posavsko hribovje in Dolenjska;343;46,0066°N 15,6368°E;vrh;80;4% (3683. mesto);3;1;0;;https://www.hribi.net/gora/grad_pisece/25/4439
4440;Škrbinica (Sinji dol);Italija, Slovenija;Julijske Alpe;1838;46,43857°N 13,59917°E;sedlo;195;12% (3383. mesto);3;1;0;;https://www.hribi.net/gora/skrbinica_sinji_dol/1/4440
4441;Cerkev sv. Treh kraljev v Ješovcu;Slovenija;Pohorje, Dravinjske gorice in Haloze;320;46,3275°N 15,6351°E;vrh, cerkev;52;2% (3758. mesto);2;2;0;;https://www.hribi.net/gora/cerkev_sv_treh_kraljev_v_jesovcu/4/4441
4442;Vouloumenou (Kreta / Crete);Grčija;Grški otoki;2267;35,2225°N 24,79708°E;vrh;96;5% (3623. mesto);11;2;0;;https://www.hribi.net/gora/vouloumenou_kreta___crete/150/4442
4443;Dvorec Štatenberg;Slovenija;Pohorje, Dravinjske gorice in Haloze;289;46,32547°N 15,67291°E;Vremenska napoved:;72;3% (3704. mesto);4;1;0;;https://www.hribi.net/gora/dvorec_statenberg/4/4443
4444;Veliki Cirnik;Slovenija;Posavsko hribovje in Dolenjska;623;45,8542°N 15,6009°E;vrh, bivak;175;11% (3417. mesto);7;2;0;;https://www.hribi.net/gora/veliki_cirnik/25/4444
4445;Lovska koča na Malem Cirniku;Slovenija;Posavsko hribovje in Dolenjska;416;45,8558°N 15,5854°E;koča;63;2% (3747. mesto);5;1;0;;https://www.hribi.net/gora/lovska_koca_na_malem_cirniku/25/4445
4446;Lemovje;Slovenija;Julijske Alpe;856;46,3476°N 13,6726°E;planina;306;15% (3251. mesto);2;1;0;;https://www.hribi.net/gora/lemovje/1/4446
4447;Hermanova utrdba;Slovenija;Julijske Alpe;650;46,3598°N 13,5881°E;Vremenska napoved:;219;12% (3353. mesto);1;1;0;;https://www.hribi.net/gora/hermanova_utrdba/1/4447
4448;Krog (Učka);Hrvaška;Gorski Kotar in Istra;996;45,30728°N 14,20339°E;vrh;76;4% (3695. mesto);5;1;0;;https://www.hribi.net/gora/krog_ucka/33/4448
4450;Maj (Učka);Hrvaška;Gorski Kotar in Istra;969;45,2653°N 14,19156°E;vrh;46;2% (3764. mesto);4;1;0;;https://www.hribi.net/gora/maj_ucka/33/4450
4452;Suhi vrh (Učka);Hrvaška;Gorski Kotar in Istra;1335;45,27841°N 14,20958°E;vrh;158;10% (3441. mesto);7;1;0;;https://www.hribi.net/gora/suhi_vrh_ucka/33/4452
4453;Janezov breg / János-hegy;Madžarska;Zahodna Madžarska;382;46,88858°N 16,16165°E;vrh;37;2% (3772. mesto);3;2;0;;https://www.hribi.net/gora/janezov_breg___janos-hegy/132/4453
4455;Bredič;Slovenija;Posavsko hribovje in Dolenjska;692;46,08119°N 15,53062°E;vrh;121;8% (3538. mesto);2;3;0;;https://www.hribi.net/gora/bredic/25/4455
4456;Sveti Mihael (Pilštanj);Slovenija;Posavsko hribovje in Dolenjska;375;46,09828°N 15,52455°E;cerkev;59;2% (3748. mesto);5;3;0;;https://www.hribi.net/gora/sveti_mihael_pilstanj/25/4456
4457;Na gradu (Grad Pilštanj);Slovenija;Posavsko hribovje in Dolenjska;403;46,09714°N 15,52447°E;vrh;44;2% (3766. mesto);3;3;0;;https://www.hribi.net/gora/na_gradu_grad_pilstanj/25/4457
4460;Planinska koča Visočica;Hrvaška;Velebit;1430;44,43253°N 15,35993°E;bivak;48;2% (3763. mesto);6;1;0;;https://www.hribi.net/gora/planinska_koca_visocica/30/4460
4462;Visočica;Hrvaška;Velebit;1619;44,42951°N 15,37168°E;vrh;106;6% (3595. mesto);15;1;0;;https://www.hribi.net/gora/visocica/30/4462
4463;Vina gora;Slovenija;Posavsko hribovje in Dolenjska;519;46,09743°N 15,53894°E;vrh;75;3% (3700. mesto);9;5;0;;https://www.hribi.net/gora/vina_gora/25/4463
4464;Weinebene;Avstrija;Labotniške Alpe;1668;46,83979°N 15,01604°E;koča, sedlo, cerkev;68;3% (3715. mesto);2;1;0;;https://www.hribi.net/gora/weinebene/28/4464
4465;Kocbekovo zavetišče pod Ojstrico;Slovenija;Kamniško Savinjske Alpe;1770;;koča;70;3% (3708. mesto);5;0;0;;https://www.hribi.net/gora/kocbekovo_zavetisce_pod_ojstrico/3/4465
4466;Grad Lušperk;Slovenija;Pohorje, Dravinjske gorice in Haloze;571;46,39175°N 15,36923°E;vrh;63;3% (3732. mesto);3;2;0;;https://www.hribi.net/gora/grad_lusperk/4/4466
4467;Lipnik (nad Lepeno);Slovenija;Julijske Alpe;1870;46,30446°N 13,63147°E;vrh;95;5% (3628. mesto);9;1;0;;https://www.hribi.net/gora/lipnik_nad_lepeno/1/4467
4469;Panos;Hrvaška;Velebit;1258;44,42661°N 15,28209°E;vrh;71;3% (3706. mesto);7;1;0;;https://www.hribi.net/gora/panos/30/4469
4472;Brdašce;Hrvaška;Velebit;1243;44,44336°N 15,26502°E;vrh;49;2% (3761. mesto);4;1;0;;https://www.hribi.net/gora/brdasce/30/4472
4473;Sabathy-Hütte im Zirbenland;Avstrija;Labotniške Alpe;1620;47,08721°N 14,59999°E;koča, planina, cerkev;40;2% (3770. mesto);1;1;0;;https://www.hribi.net/gora/sabathy-hutte_im_zirbenland/28/4473
4474;Almrauschhütte (pod Zirbitzkoglom);Avstrija;Labotniške Alpe;1650;47,08552°N 14,59768°E;koča, planina;28;1% (3777. mesto);3;1;0;;https://www.hribi.net/gora/almrauschhutte_pod_zirbitzkoglom/28/4474
4476;Planinsko zavetišče Šugarska duliba;Hrvaška;Velebit;1210;44,45239°N 15,24744°E;bivak;51;2% (3760. mesto);7;1;0;;https://www.hribi.net/gora/planinsko_zavetisce_sugarska_duliba_/30/4476
4477;Veliki Stolac;Hrvaška;Velebit;1406;44,45098°N 15,2553°E;vrh;66;3% (3717. mesto);10;1;0;;https://www.hribi.net/gora/veliki_stolac/30/4477
4478;Lindersee;Avstrija;Labotniške Alpe;2051;47,07176°N 14,56978°E;jezero;37;2% (3771. mesto);4;1;0;;https://www.hribi.net/gora/lindersee/28/4478
4479;Linderhütte (pod Zirbitzkoglom);Avstrija;Labotniške Alpe;1730;47,07986°N 14,58836°E;koča, planina;24;1% (3784. mesto);2;1;0;;https://www.hribi.net/gora/linderhutte_pod_zirbitzkoglom/28/4479
4480;Zavetišče Viškoroša / Rifugio A.N.A. Monteaperta;Italija;Julijske Alpe;1465;46,29002°N 13,3536°E;koča;64;3% (3726. mesto);15;1;0;;https://www.hribi.net/gora/zavetisce_viskorosa___rifugio_ana_monteaperta/1/4480
4481;Lanževica / Punta Lausciovizza;Italija;Julijske Alpe;1625;46,28718°N 13,35473°E;vrh;66;3% (3718. mesto);5;1;0;;https://www.hribi.net/gora/lanzevica___punta_lausciovizza/1/4481
4482;Marienseer Wasserfall;Avstrija;Hribovje vzhodno od Mure;1236;47,54794°N 15,92302°E;slap, bivak;40;2% (3769. mesto);6;1;0;;https://www.hribi.net/gora/marienseer_wasserfall/138/4482
4483;Jezerski vrh nad Sedmerimi Rilskimi jezeri;Bolgarija;Rilsko gorovje;2550;;Ogledov: 1;1;0% (3829. mesto);3;0;0;;https://www.hribi.net/gora/jezerski_vrh_nad_sedmerimi_rilskimi_jezeri/88/4483
4484;Vitoša in Črni vrh;Bolgarija;Rilsko gorovje;2292;;Ogledov: 1;1;0% (3830. mesto);2;0;0;;https://www.hribi.net/gora/vitosa_in_crni_vrh/88/4484
4485;Musala;Bolgarija;Rilsko gorovje;2925;;Ogledov: 2;2;0% (3825. mesto);3;0;0;;https://www.hribi.net/gora/musala/88/4485
4486;Vihren;Bolgarija;Rodopi;2914;;Ogledov: 1;1;0% (3831. mesto);3;0;0;;https://www.hribi.net/gora/vihren/178/4486
4487;Sonnschienhütte;Avstrija;Severne apneniške Alpe;1523;47,58651°N 15,03905°E;koča, planina;18;1% (3788. mesto);2;1;0;;https://www.hribi.net/gora/sonnschienhutte/59/4487
4488;Kleiner Ebenstein;Avstrija;Severne apneniške Alpe;1943;47,59974°N 15,02335°E;vrh;30;1% (3774. mesto);4;1;0;;https://www.hribi.net/gora/kleiner_ebenstein/59/4488
4489;Ebenstein (jugovzhodni vrh);Avstrija;Severne apneniške Alpe;2115;47,60467°N 15,03023°E;vrh;26;1% (3780. mesto);3;1;0;;https://www.hribi.net/gora/ebenstein_jugovzhodni_vrh/59/4489
4490;Ebenstein (severozahodni vrh);Avstrija;Severne apneniške Alpe;2123;47,606°N 15,02817°E;vrh;26;1% (3781. mesto);2;1;0;;https://www.hribi.net/gora/ebenstein_severozahodni_vrh/59/4490
4491;Cirkovnica;Slovenija;Kamniško Savinjske Alpe;1245;46,39994°N 14,76889°E;vrh;52;2% (3759. mesto);4;1;0;;https://www.hribi.net/gora/cirkovnica/3/4491
4492;Planina Bukovec;Slovenija;Julijske Alpe;1346;46,37424°N 13,65449°E;planina;57;2% (3755. mesto);8;1;0;;https://www.hribi.net/gora/planina_bukovec/1/4492
4493;Vrh Ruš;Slovenija;Julijske Alpe;1995;46,36204°N 13,6546°E;vrh;26;1% (3782. mesto);10;1;0;;https://www.hribi.net/gora/vrh_rus/1/4493
4494;Sv. Lenart / sv. Leonard (Pregradski Vrh);Hrvaška;Gorjanci, Medvednica in Medžimurje;298;46,16334°N 15,74485°E;cerkev;41;2% (3768. mesto);2;1;0;;https://www.hribi.net/gora/sv_lenart___sv_leonard_pregradski_vrh/61/4494
4495;Vrh Brda;Slovenija;Julijske Alpe;2152;46,36286°N 13,65923°E;vrh;108;6% (3587. mesto);9;2;0;;https://www.hribi.net/gora/vrh_brda/1/4495
4496;Mali Grintavec;Slovenija;Julijske Alpe;2294;46,36654°N 13,66624°E;vrh;134;8% (3512. mesto);8;1;0;;https://www.hribi.net/gora/mali_grintavec/1/4496
4497;Oštra;Hrvaška;Dinara in Lika;796;44,53057°N 15,32646°E;vrh;21;1% (3786. mesto);10;1;0;;https://www.hribi.net/gora/ostra/62/4497
4498;Sveti Jakob (Resnik);Slovenija;Pohorje, Dravinjske gorice in Haloze;941;46,42513°N 15,35327°E;cerkev;29;1% (3776. mesto);4;1;0;;https://www.hribi.net/gora/sveti_jakob_resnik/4/4498
4499;Kanja;Slovenija;Julijske Alpe;1848;46,37161°N 13,66291°E;vrh;27;1% (3783. mesto);14;1;0;;https://www.hribi.net/gora/kanja/1/4499
4500;Planinsko zavetišče Tatekova koliba;Hrvaška;Velebit;860;44,40832°N 15,319°E;bivak;46;2% (3765. mesto);4;1;0;;https://www.hribi.net/gora/planinsko_zavetisce_tatekova_koliba/30/4500
4501;Debeli Kuk;Hrvaška;Velebit;1269;44,4177°N 15,31058°E;vrh;29;1% (3778. mesto);8;1;0;;https://www.hribi.net/gora/debeli_kuk/30/4501
4502;Stapina;Hrvaška;Velebit;1125;44,40627°N 15,32763°E;vrh;8;1% (3805. mesto);7;0;0;;https://www.hribi.net/gora/stapina/30/4502
4503;Peca (Kalnik);Hrvaška;Gorjanci, Medvednica in Medžimurje;624;;Ogledov: 5;5;0% (3815. mesto);3;0;0;;https://www.hribi.net/gora/peca_kalnik/61/4503
4505;Straža (otok Ist);Hrvaška;Jadranski otoki;174;44,27842°N 14,77053°E;vrh, cerkev;2;0% (3826. mesto);7;0;0;;https://www.hribi.net/gora/straza_otok_ist/63/4505
4506;Jama Vilenica;Slovenija;Goriško, Notranjsko in Snežniško hribovje;415;45,6744°N 13,91188°E;Vremenska napoved:;3;0% (0. mesto);12;0;0;;https://www.hribi.net/gora/jama_vilenica/26/4506
